0,0,0
0,0,0.05
0,0,0.1
0,0,0.15
0,0,0.2
0,0,0.25
0,0,0.3
0,0,0.35
0,0,0.4
0,0,0.45
0,0,0.5
0,0,0.55
0,0,0.6
0,0,0.65
0,0,0.7
0,0,0.75
0,0,0.8
0,0,0.85
0,0,0.9
0,0,0.95
0,0,1
0,0,1.05
0,0,1.1
0,0,1.15
0,0,1.2
0,0,1.25
0,0,1.3
0,0,1.35
0,0,1.4
0,0,1.45
0,0,1.5
0,0,1.55
0,0,1.6
0,0,1.65
0,0,1.7
0,0,1.75
0,0,1.8
0,0,1.85
0,0,1.9
0,0,1.95
0,0,2
0,0,2.05
0,0,2.1
0,0,2.15
0,0,2.2
0,0,2.25
0,0,2.3
0,0,2.35
0,0,2.4
0,0,2.45
0,0,2.5
0,0,2.55
0,0,2.6
0,0,2.65
0,0,2.7
0,0,2.75
0,0,2.8
0,0,2.85
0,0,2.9
0,0,2.95
0,0,3
0,0,3.05
0,0,3.1
0,0,3.15
0,0,3.2
0,0,3.25
0,0,3.3
0,0,3.35
0,0,3.4
0,0,3.45
0,0,3.5
0,0,3.55
0,0,3.6
0,0,3.65
0,0,3.7
0,0,3.75
0,0,3.8
0,0,3.85
0,0,3.9
0,0,3.95
0,0,4
0,0,4.05
0,0,4.1
0,0,4.15
0,0,4.2
0,0,4.25
0,0,4.3
0,0,4.35
0,0,4.4
0,0,4.45
0,0,4.5
0,0,4.55
0,0,4.6
0,0,4.65
0,0,4.7
0,0,4.75
0,0,4.8
0,0,4.85
0,0,4.9
0,0,4.95
0,0,5
0,0.5,0
0,0.5,0.05
0,0.5,0.1
0,0.5,0.15
0,0.5,0.2
0,0.5,0.25
0,0.5,0.3
0,0.5,0.35
0,0.5,0.4
0,0.5,0.45
0,0.5,0.5
0,0.5,0.55
0,0.5,0.6
0,0.5,0.65
0,0.5,0.7
0,0.5,0.75
0,0.5,0.8
0,0.5,0.85
0,0.5,0.9
0,0.5,0.95
0,0.5,1
0,0.5,1.05
0,0.5,1.1
0,0.5,1.15
0,0.5,1.2
0,0.5,1.25
0,0.5,1.3
0,0.5,1.35
0,0.5,1.4
0,0.5,1.45
0,0.5,1.5
0,0.5,1.55
0,0.5,1.6
0,0.5,1.65
0,0.5,1.7
0,0.5,1.75
0,0.5,1.8
0,0.5,1.85
0,0.5,1.9
0,0.5,1.95
0,0.5,2
0,0.5,2.05
0,0.5,2.1
0,0.5,2.15
0,0.5,2.2
0,0.5,2.25
0,0.5,2.3
0,0.5,2.35
0,0.5,2.4
0,0.5,2.45
0,0.5,2.5
0,0.5,2.55
0,0.5,2.6
0,0.5,2.65
0,0.5,2.7
0,0.5,2.75
0,0.5,2.8
0,0.5,2.85
0,0.5,2.9
0,0.5,2.95
0,0.5,3
0,0.5,3.05
0,0.5,3.1
0,0.5,3.15
0,0.5,3.2
0,0.5,3.25
0,0.5,3.3
0,0.5,3.35
0,0.5,3.4
0,0.5,3.45
0,0.5,3.5
0,0.5,3.55
0,0.5,3.6
0,0.5,3.65
0,0.5,3.7
0,0.5,3.75
0,0.5,3.8
0,0.5,3.85
0,0.5,3.9
0,0.5,3.95
0,0.5,4
0,0.5,4.05
0,0.5,4.1
0,0.5,4.15
0,0.5,4.2
0,0.5,4.25
0,0.5,4.3
0,0.5,4.35
0,0.5,4.4
0,0.5,4.45
0,0.5,4.5
0,0.5,4.55
0,0.5,4.6
0,0.5,4.65
0,0.5,4.7
0,0.5,4.75
0,0.5,4.8
0,0.5,4.85
0,0.5,4.9
0,0.5,4.95
0,0.5,5
0,1,0
0,1,0.05
0,1,0.1
0,1,0.15
0,1,0.2
0,1,0.25
0,1,0.3
0,1,0.35
0,1,0.4
0,1,0.45
0,1,0.5
0,1,0.55
0,1,0.6
0,1,0.65
0,1,0.7
0,1,0.75
0,1,0.8
0,1,0.85
0,1,0.9
0,1,0.95
0,1,1
0,1,1.05
0,1,1.1
0,1,1.15
0,1,1.2
0,1,1.25
0,1,1.3
0,1,1.35
0,1,1.4
0,1,1.45
0,1,1.5
0,1,1.55
0,1,1.6
0,1,1.65
0,1,1.7
0,1,1.75
0,1,1.8
0,1,1.85
0,1,1.9
0,1,1.95
0,1,2
0,1,2.05
0,1,2.1
0,1,2.15
0,1,2.2
0,1,2.25
0,1,2.3
0,1,2.35
0,1,2.4
0,1,2.45
0,1,2.5
0,1,2.55
0,1,2.6
0,1,2.65
0,1,2.7
0,1,2.75
0,1,2.8
0,1,2.85
0,1,2.9
0,1,2.95
0,1,3
0,1,3.05
0,1,3.1
0,1,3.15
0,1,3.2
0,1,3.25
0,1,3.3
0,1,3.35
0,1,3.4
0,1,3.45
0,1,3.5
0,1,3.55
0,1,3.6
0,1,3.65
0,1,3.7
0,1,3.75
0,1,3.8
0,1,3.85
0,1,3.9
0,1,3.95
0,1,4
0,1,4.05
0,1,4.1
0,1,4.15
0,1,4.2
0,1,4.25
0,1,4.3
0,1,4.35
0,1,4.4
0,1,4.45
0,1,4.5
0,1,4.55
0,1,4.6
0,1,4.65
0,1,4.7
0,1,4.75
0,1,4.8
0,1,4.85
0,1,4.9
0,1,4.95
0,1,5
0,1.5,0
0,1.5,0.05
0,1.5,0.1
0,1.5,0.15
0,1.5,0.2
0,1.5,0.25
0,1.5,0.3
0,1.5,0.35
0,1.5,0.4
0,1.5,0.45
0,1.5,0.5
0,1.5,0.55
0,1.5,0.6
0,1.5,0.65
0,1.5,0.7
0,1.5,0.75
0,1.5,0.8
0,1.5,0.85
0,1.5,0.9
0,1.5,0.95
0,1.5,1
0,1.5,1.05
0,1.5,1.1
0,1.5,1.15
0,1.5,1.2
0,1.5,1.25
0,1.5,1.3
0,1.5,1.35
0,1.5,1.4
0,1.5,1.45
0,1.5,1.5
0,1.5,1.55
0,1.5,1.6
0,1.5,1.65
0,1.5,1.7
0,1.5,1.75
0,1.5,1.8
0,1.5,1.85
0,1.5,1.9
0,1.5,1.95
0,1.5,2
0,1.5,2.05
0,1.5,2.1
0,1.5,2.15
0,1.5,2.2
0,1.5,2.25
0,1.5,2.3
0,1.5,2.35
0,1.5,2.4
0,1.5,2.45
0,1.5,2.5
0,1.5,2.55
0,1.5,2.6
0,1.5,2.65
0,1.5,2.7
0,1.5,2.75
0,1.5,2.8
0,1.5,2.85
0,1.5,2.9
0,1.5,2.95
0,1.5,3
0,1.5,3.05
0,1.5,3.1
0,1.5,3.15
0,1.5,3.2
0,1.5,3.25
0,1.5,3.3
0,1.5,3.35
0,1.5,3.4
0,1.5,3.45
0,1.5,3.5
0,1.5,3.55
0,1.5,3.6
0,1.5,3.65
0,1.5,3.7
0,1.5,3.75
0,1.5,3.8
0,1.5,3.85
0,1.5,3.9
0,1.5,3.95
0,1.5,4
0,1.5,4.05
0,1.5,4.1
0,1.5,4.15
0,1.5,4.2
0,1.5,4.25
0,1.5,4.3
0,1.5,4.35
0,1.5,4.4
0,1.5,4.45
0,1.5,4.5
0,1.5,4.55
0,1.5,4.6
0,1.5,4.65
0,1.5,4.7
0,1.5,4.75
0,1.5,4.8
0,1.5,4.85
0,1.5,4.9
0,1.5,4.95
0,1.5,5
0,2,0
0,2,0.05
0,2,0.1
0,2,0.15
0,2,0.2
0,2,0.25
0,2,0.3
0,2,0.35
0,2,0.4
0,2,0.45
0,2,0.5
0,2,0.55
0,2,0.6
0,2,0.65
0,2,0.7
0,2,0.75
0,2,0.8
0,2,0.85
0,2,0.9
0,2,0.95
0,2,1
0,2,1.05
0,2,1.1
0,2,1.15
0,2,1.2
0,2,1.25
0,2,1.3
0,2,1.35
0,2,1.4
0,2,1.45
0,2,1.5
0,2,1.55
0,2,1.6
0,2,1.65
0,2,1.7
0,2,1.75
0,2,1.8
0,2,1.85
0,2,1.9
0,2,1.95
0,2,2
0,2,2.05
0,2,2.1
0,2,2.15
0,2,2.2
0,2,2.25
0,2,2.3
0,2,2.35
0,2,2.4
0,2,2.45
0,2,2.5
0,2,2.55
0,2,2.6
0,2,2.65
0,2,2.7
0,2,2.75
0,2,2.8
0,2,2.85
0,2,2.9
0,2,2.95
0,2,3
0,2,3.05
0,2,3.1
0,2,3.15
0,2,3.2
0,2,3.25
0,2,3.3
0,2,3.35
0,2,3.4
0,2,3.45
0,2,3.5
0,2,3.55
0,2,3.6
0,2,3.65
0,2,3.7
0,2,3.75
0,2,3.8
0,2,3.85
0,2,3.9
0,2,3.95
0,2,4
0,2,4.05
0,2,4.1
0,2,4.15
0,2,4.2
0,2,4.25
0,2,4.3
0,2,4.35
0,2,4.4
0,2,4.45
0,2,4.5
0,2,4.55
0,2,4.6
0,2,4.65
0,2,4.7
0,2,4.75
0,2,4.8
0,2,4.85
0,2,4.9
0,2,4.95
0,2,5
0,2.5,0
0,2.5,0.05
0,2.5,0.1
0,2.5,0.15
0,2.5,0.2
0,2.5,0.25
0,2.5,0.3
0,2.5,0.35
0,2.5,0.4
0,2.5,0.45
0,2.5,0.5
0,2.5,0.55
0,2.5,0.6
0,2.5,0.65
0,2.5,0.7
0,2.5,0.75
0,2.5,0.8
0,2.5,0.85
0,2.5,0.9
0,2.5,0.95
0,2.5,1
0,2.5,1.05
0,2.5,1.1
0,2.5,1.15
0,2.5,1.2
0,2.5,1.25
0,2.5,1.3
0,2.5,1.35
0,2.5,1.4
0,2.5,1.45
0,2.5,1.5
0,2.5,1.55
0,2.5,1.6
0,2.5,1.65
0,2.5,1.7
0,2.5,1.75
0,2.5,1.8
0,2.5,1.85
0,2.5,1.9
0,2.5,1.95
0,2.5,2
0,2.5,2.05
0,2.5,2.1
0,2.5,2.15
0,2.5,2.2
0,2.5,2.25
0,2.5,2.3
0,2.5,2.35
0,2.5,2.4
0,2.5,2.45
0,2.5,2.5
0,2.5,2.55
0,2.5,2.6
0,2.5,2.65
0,2.5,2.7
0,2.5,2.75
0,2.5,2.8
0,2.5,2.85
0,2.5,2.9
0,2.5,2.95
0,2.5,3
0,2.5,3.05
0,2.5,3.1
0,2.5,3.15
0,2.5,3.2
0,2.5,3.25
0,2.5,3.3
0,2.5,3.35
0,2.5,3.4
0,2.5,3.45
0,2.5,3.5
0,2.5,3.55
0,2.5,3.6
0,2.5,3.65
0,2.5,3.7
0,2.5,3.75
0,2.5,3.8
0,2.5,3.85
0,2.5,3.9
0,2.5,3.95
0,2.5,4
0,2.5,4.05
0,2.5,4.1
0,2.5,4.15
0,2.5,4.2
0,2.5,4.25
0,2.5,4.3
0,2.5,4.35
0,2.5,4.4
0,2.5,4.45
0,2.5,4.5
0,2.5,4.55
0,2.5,4.6
0,2.5,4.65
0,2.5,4.7
0,2.5,4.75
0,2.5,4.8
0,2.5,4.85
0,2.5,4.9
0,2.5,4.95
0,2.5,5
0,3,0
0,3,0.05
0,3,0.1
0,3,0.15
0,3,0.2
0,3,0.25
0,3,0.3
0,3,0.35
0,3,0.4
0,3,0.45
0,3,0.5
0,3,0.55
0,3,0.6
0,3,0.65
0,3,0.7
0,3,0.75
0,3,0.8
0,3,0.85
0,3,0.9
0,3,0.95
0,3,1
0,3,1.05
0,3,1.1
0,3,1.15
0,3,1.2
0,3,1.25
0,3,1.3
0,3,1.35
0,3,1.4
0,3,1.45
0,3,1.5
0,3,1.55
0,3,1.6
0,3,1.65
0,3,1.7
0,3,1.75
0,3,1.8
0,3,1.85
0,3,1.9
0,3,1.95
0,3,2
0,3,2.05
0,3,2.1
0,3,2.15
0,3,2.2
0,3,2.25
0,3,2.3
0,3,2.35
0,3,2.4
0,3,2.45
0,3,2.5
0,3,2.55
0,3,2.6
0,3,2.65
0,3,2.7
0,3,2.75
0,3,2.8
0,3,2.85
0,3,2.9
0,3,2.95
0,3,3
0,3,3.05
0,3,3.1
0,3,3.15
0,3,3.2
0,3,3.25
0,3,3.3
0,3,3.35
0,3,3.4
0,3,3.45
0,3,3.5
0,3,3.55
0,3,3.6
0,3,3.65
0,3,3.7
0,3,3.75
0,3,3.8
0,3,3.85
0,3,3.9
0,3,3.95
0,3,4
0,3,4.05
0,3,4.1
0,3,4.15
0,3,4.2
0,3,4.25
0,3,4.3
0,3,4.35
0,3,4.4
0,3,4.45
0,3,4.5
0,3,4.55
0,3,4.6
0,3,4.65
0,3,4.7
0,3,4.75
0,3,4.8
0,3,4.85
0,3,4.9
0,3,4.95
0,3,5
0,3.5,0
0,3.5,0.05
0,3.5,0.1
0,3.5,0.15
0,3.5,0.2
0,3.5,0.25
0,3.5,0.3
0,3.5,0.35
0,3.5,0.4
0,3.5,0.45
0,3.5,0.5
0,3.5,0.55
0,3.5,0.6
0,3.5,0.65
0,3.5,0.7
0,3.5,0.75
0,3.5,0.8
0,3.5,0.85
0,3.5,0.9
0,3.5,0.95
0,3.5,1
0,3.5,1.05
0,3.5,1.1
0,3.5,1.15
0,3.5,1.2
0,3.5,1.25
0,3.5,1.3
0,3.5,1.35
0,3.5,1.4
0,3.5,1.45
0,3.5,1.5
0,3.5,1.55
0,3.5,1.6
0,3.5,1.65
0,3.5,1.7
0,3.5,1.75
0,3.5,1.8
0,3.5,1.85
0,3.5,1.9
0,3.5,1.95
0,3.5,2
0,3.5,2.05
0,3.5,2.1
0,3.5,2.15
0,3.5,2.2
0,3.5,2.25
0,3.5,2.3
0,3.5,2.35
0,3.5,2.4
0,3.5,2.45
0,3.5,2.5
0,3.5,2.55
0,3.5,2.6
0,3.5,2.65
0,3.5,2.7
0,3.5,2.75
0,3.5,2.8
0,3.5,2.85
0,3.5,2.9
0,3.5,2.95
0,3.5,3
0,3.5,3.05
0,3.5,3.1
0,3.5,3.15
0,3.5,3.2
0,3.5,3.25
0,3.5,3.3
0,3.5,3.35
0,3.5,3.4
0,3.5,3.45
0,3.5,3.5
0,3.5,3.55
0,3.5,3.6
0,3.5,3.65
0,3.5,3.7
0,3.5,3.75
0,3.5,3.8
0,3.5,3.85
0,3.5,3.9
0,3.5,3.95
0,3.5,4
0,3.5,4.05
0,3.5,4.1
0,3.5,4.15
0,3.5,4.2
0,3.5,4.25
0,3.5,4.3
0,3.5,4.35
0,3.5,4.4
0,3.5,4.45
0,3.5,4.5
0,3.5,4.55
0,3.5,4.6
0,3.5,4.65
0,3.5,4.7
0,3.5,4.75
0,3.5,4.8
0,3.5,4.85
0,3.5,4.9
0,3.5,4.95
0,3.5,5
0,4,0
0,4,0.05
0,4,0.1
0,4,0.15
0,4,0.2
0,4,0.25
0,4,0.3
0,4,0.35
0,4,0.4
0,4,0.45
0,4,0.5
0,4,0.55
0,4,0.6
0,4,0.65
0,4,0.7
0,4,0.75
0,4,0.8
0,4,0.85
0,4,0.9
0,4,0.95
0,4,1
0,4,1.05
0,4,1.1
0,4,1.15
0,4,1.2
0,4,1.25
0,4,1.3
0,4,1.35
0,4,1.4
0,4,1.45
0,4,1.5
0,4,1.55
0,4,1.6
0,4,1.65
0,4,1.7
0,4,1.75
0,4,1.8
0,4,1.85
0,4,1.9
0,4,1.95
0,4,2
0,4,2.05
0,4,2.1
0,4,2.15
0,4,2.2
0,4,2.25
0,4,2.3
0,4,2.35
0,4,2.4
0,4,2.45
0,4,2.5
0,4,2.55
0,4,2.6
0,4,2.65
0,4,2.7
0,4,2.75
0,4,2.8
0,4,2.85
0,4,2.9
0,4,2.95
0,4,3
0,4,3.05
0,4,3.1
0,4,3.15
0,4,3.2
0,4,3.25
0,4,3.3
0,4,3.35
0,4,3.4
0,4,3.45
0,4,3.5
0,4,3.55
0,4,3.6
0,4,3.65
0,4,3.7
0,4,3.75
0,4,3.8
0,4,3.85
0,4,3.9
0,4,3.95
0,4,4
0,4,4.05
0,4,4.1
0,4,4.15
0,4,4.2
0,4,4.25
0,4,4.3
0,4,4.35
0,4,4.4
0,4,4.45
0,4,4.5
0,4,4.55
0,4,4.6
0,4,4.65
0,4,4.7
0,4,4.75
0,4,4.8
0,4,4.85
0,4,4.9
0,4,4.95
0,4,5
0,4.5,0
0,4.5,0.05
0,4.5,0.1
0,4.5,0.15
0,4.5,0.2
0,4.5,0.25
0,4.5,0.3
0,4.5,0.35
0,4.5,0.4
0,4.5,0.45
0,4.5,0.5
0,4.5,0.55
0,4.5,0.6
0,4.5,0.65
0,4.5,0.7
0,4.5,0.75
0,4.5,0.8
0,4.5,0.85
0,4.5,0.9
0,4.5,0.95
0,4.5,1
0,4.5,1.05
0,4.5,1.1
0,4.5,1.15
0,4.5,1.2
0,4.5,1.25
0,4.5,1.3
0,4.5,1.35
0,4.5,1.4
0,4.5,1.45
0,4.5,1.5
0,4.5,1.55
0,4.5,1.6
0,4.5,1.65
0,4.5,1.7
0,4.5,1.75
0,4.5,1.8
0,4.5,1.85
0,4.5,1.9
0,4.5,1.95
0,4.5,2
0,4.5,2.05
0,4.5,2.1
0,4.5,2.15
0,4.5,2.2
0,4.5,2.25
0,4.5,2.3
0,4.5,2.35
0,4.5,2.4
0,4.5,2.45
0,4.5,2.5
0,4.5,2.55
0,4.5,2.6
0,4.5,2.65
0,4.5,2.7
0,4.5,2.75
0,4.5,2.8
0,4.5,2.85
0,4.5,2.9
0,4.5,2.95
0,4.5,3
0,4.5,3.05
0,4.5,3.1
0,4.5,3.15
0,4.5,3.2
0,4.5,3.25
0,4.5,3.3
0,4.5,3.35
0,4.5,3.4
0,4.5,3.45
0,4.5,3.5
0,4.5,3.55
0,4.5,3.6
0,4.5,3.65
0,4.5,3.7
0,4.5,3.75
0,4.5,3.8
0,4.5,3.85
0,4.5,3.9
0,4.5,3.95
0,4.5,4
0,4.5,4.05
0,4.5,4.1
0,4.5,4.15
0,4.5,4.2
0,4.5,4.25
0,4.5,4.3
0,4.5,4.35
0,4.5,4.4
0,4.5,4.45
0,4.5,4.5
0,4.5,4.55
0,4.5,4.6
0,4.5,4.65
0,4.5,4.7
0,4.5,4.75
0,4.5,4.8
0,4.5,4.85
0,4.5,4.9
0,4.5,4.95
0,4.5,5
0,5,0
0,5,0.05
0,5,0.1
0,5,0.15
0,5,0.2
0,5,0.25
0,5,0.3
0,5,0.35
0,5,0.4
0,5,0.45
0,5,0.5
0,5,0.55
0,5,0.6
0,5,0.65
0,5,0.7
0,5,0.75
0,5,0.8
0,5,0.85
0,5,0.9
0,5,0.95
0,5,1
0,5,1.05
0,5,1.1
0,5,1.15
0,5,1.2
0,5,1.25
0,5,1.3
0,5,1.35
0,5,1.4
0,5,1.45
0,5,1.5
0,5,1.55
0,5,1.6
0,5,1.65
0,5,1.7
0,5,1.75
0,5,1.8
0,5,1.85
0,5,1.9
0,5,1.95
0,5,2
0,5,2.05
0,5,2.1
0,5,2.15
0,5,2.2
0,5,2.25
0,5,2.3
0,5,2.35
0,5,2.4
0,5,2.45
0,5,2.5
0,5,2.55
0,5,2.6
0,5,2.65
0,5,2.7
0,5,2.75
0,5,2.8
0,5,2.85
0,5,2.9
0,5,2.95
0,5,3
0,5,3.05
0,5,3.1
0,5,3.15
0,5,3.2
0,5,3.25
0,5,3.3
0,5,3.35
0,5,3.4
0,5,3.45
0,5,3.5
0,5,3.55
0,5,3.6
0,5,3.65
0,5,3.7
0,5,3.75
0,5,3.8
0,5,3.85
0,5,3.9
0,5,3.95
0,5,4
0,5,4.05
0,5,4.1
0,5,4.15
0,5,4.2
0,5,4.25
0,5,4.3
0,5,4.35
0,5,4.4
0,5,4.45
0,5,4.5
0,5,4.55
0,5,4.6
0,5,4.65
0,5,4.7
0,5,4.75
0,5,4.8
0,5,4.85
0,5,4.9
0,5,4.95
0,5,5
0,5.5,0
0,5.5,0.05
0,5.5,0.1
0,5.5,0.15
0,5.5,0.2
0,5.5,0.25
0,5.5,0.3
0,5.5,0.35
0,5.5,0.4
0,5.5,0.45
0,5.5,0.5
0,5.5,0.55
0,5.5,0.6
0,5.5,0.65
0,5.5,0.7
0,5.5,0.75
0,5.5,0.8
0,5.5,0.85
0,5.5,0.9
0,5.5,0.95
0,5.5,1
0,5.5,1.05
0,5.5,1.1
0,5.5,1.15
0,5.5,1.2
0,5.5,1.25
0,5.5,1.3
0,5.5,1.35
0,5.5,1.4
0,5.5,1.45
0,5.5,1.5
0,5.5,1.55
0,5.5,1.6
0,5.5,1.65
0,5.5,1.7
0,5.5,1.75
0,5.5,1.8
0,5.5,1.85
0,5.5,1.9
0,5.5,1.95
0,5.5,2
0,5.5,2.05
0,5.5,2.1
0,5.5,2.15
0,5.5,2.2
0,5.5,2.25
0,5.5,2.3
0,5.5,2.35
0,5.5,2.4
0,5.5,2.45
0,5.5,2.5
0,5.5,2.55
0,5.5,2.6
0,5.5,2.65
0,5.5,2.7
0,5.5,2.75
0,5.5,2.8
0,5.5,2.85
0,5.5,2.9
0,5.5,2.95
0,5.5,3
0,5.5,3.05
0,5.5,3.1
0,5.5,3.15
0,5.5,3.2
0,5.5,3.25
0,5.5,3.3
0,5.5,3.35
0,5.5,3.4
0,5.5,3.45
0,5.5,3.5
0,5.5,3.55
0,5.5,3.6
0,5.5,3.65
0,5.5,3.7
0,5.5,3.75
0,5.5,3.8
0,5.5,3.85
0,5.5,3.9
0,5.5,3.95
0,5.5,4
0,5.5,4.05
0,5.5,4.1
0,5.5,4.15
0,5.5,4.2
0,5.5,4.25
0,5.5,4.3
0,5.5,4.35
0,5.5,4.4
0,5.5,4.45
0,5.5,4.5
0,5.5,4.55
0,5.5,4.6
0,5.5,4.65
0,5.5,4.7
0,5.5,4.75
0,5.5,4.8
0,5.5,4.85
0,5.5,4.9
0,5.5,4.95
0,5.5,5
0,6,0
0,6,0.05
0,6,0.1
0,6,0.15
0,6,0.2
0,6,0.25
0,6,0.3
0,6,0.35
0,6,0.4
0,6,0.45
0,6,0.5
0,6,0.55
0,6,0.6
0,6,0.65
0,6,0.7
0,6,0.75
0,6,0.8
0,6,0.85
0,6,0.9
0,6,0.95
0,6,1
0,6,1.05
0,6,1.1
0,6,1.15
0,6,1.2
0,6,1.25
0,6,1.3
0,6,1.35
0,6,1.4
0,6,1.45
0,6,1.5
0,6,1.55
0,6,1.6
0,6,1.65
0,6,1.7
0,6,1.75
0,6,1.8
0,6,1.85
0,6,1.9
0,6,1.95
0,6,2
0,6,2.05
0,6,2.1
0,6,2.15
0,6,2.2
0,6,2.25
0,6,2.3
0,6,2.35
0,6,2.4
0,6,2.45
0,6,2.5
0,6,2.55
0,6,2.6
0,6,2.65
0,6,2.7
0,6,2.75
0,6,2.8
0,6,2.85
0,6,2.9
0,6,2.95
0,6,3
0,6,3.05
0,6,3.1
0,6,3.15
0,6,3.2
0,6,3.25
0,6,3.3
0,6,3.35
0,6,3.4
0,6,3.45
0,6,3.5
0,6,3.55
0,6,3.6
0,6,3.65
0,6,3.7
0,6,3.75
0,6,3.8
0,6,3.85
0,6,3.9
0,6,3.95
0,6,4
0,6,4.05
0,6,4.1
0,6,4.15
0,6,4.2
0,6,4.25
0,6,4.3
0,6,4.35
0,6,4.4
0,6,4.45
0,6,4.5
0,6,4.55
0,6,4.6
0,6,4.65
0,6,4.7
0,6,4.75
0,6,4.8
0,6,4.85
0,6,4.9
0,6,4.95
0,6,5
0,6.5,0
0,6.5,0.05
0,6.5,0.1
0,6.5,0.15
0,6.5,0.2
0,6.5,0.25
0,6.5,0.3
0,6.5,0.35
0,6.5,0.4
0,6.5,0.45
0,6.5,0.5
0,6.5,0.55
0,6.5,0.6
0,6.5,0.65
0,6.5,0.7
0,6.5,0.75
0,6.5,0.8
0,6.5,0.85
0,6.5,0.9
0,6.5,0.95
0,6.5,1
0,6.5,1.05
0,6.5,1.1
0,6.5,1.15
0,6.5,1.2
0,6.5,1.25
0,6.5,1.3
0,6.5,1.35
0,6.5,1.4
0,6.5,1.45
0,6.5,1.5
0,6.5,1.55
0,6.5,1.6
0,6.5,1.65
0,6.5,1.7
0,6.5,1.75
0,6.5,1.8
0,6.5,1.85
0,6.5,1.9
0,6.5,1.95
0,6.5,2
0,6.5,2.05
0,6.5,2.1
0,6.5,2.15
0,6.5,2.2
0,6.5,2.25
0,6.5,2.3
0,6.5,2.35
0,6.5,2.4
0,6.5,2.45
0,6.5,2.5
0,6.5,2.55
0,6.5,2.6
0,6.5,2.65
0,6.5,2.7
0,6.5,2.75
0,6.5,2.8
0,6.5,2.85
0,6.5,2.9
0,6.5,2.95
0,6.5,3
0,6.5,3.05
0,6.5,3.1
0,6.5,3.15
0,6.5,3.2
0,6.5,3.25
0,6.5,3.3
0,6.5,3.35
0,6.5,3.4
0,6.5,3.45
0,6.5,3.5
0,6.5,3.55
0,6.5,3.6
0,6.5,3.65
0,6.5,3.7
0,6.5,3.75
0,6.5,3.8
0,6.5,3.85
0,6.5,3.9
0,6.5,3.95
0,6.5,4
0,6.5,4.05
0,6.5,4.1
0,6.5,4.15
0,6.5,4.2
0,6.5,4.25
0,6.5,4.3
0,6.5,4.35
0,6.5,4.4
0,6.5,4.45
0,6.5,4.5
0,6.5,4.55
0,6.5,4.6
0,6.5,4.65
0,6.5,4.7
0,6.5,4.75
0,6.5,4.8
0,6.5,4.85
0,6.5,4.9
0,6.5,4.95
0,6.5,5
0,7,0
0,7,0.05
0,7,0.1
0,7,0.15
0,7,0.2
0,7,0.25
0,7,0.3
0,7,0.35
0,7,0.4
0,7,0.45
0,7,0.5
0,7,0.55
0,7,0.6
0,7,0.65
0,7,0.7
0,7,0.75
0,7,0.8
0,7,0.85
0,7,0.9
0,7,0.95
0,7,1
0,7,1.05
0,7,1.1
0,7,1.15
0,7,1.2
0,7,1.25
0,7,1.3
0,7,1.35
0,7,1.4
0,7,1.45
0,7,1.5
0,7,1.55
0,7,1.6
0,7,1.65
0,7,1.7
0,7,1.75
0,7,1.8
0,7,1.85
0,7,1.9
0,7,1.95
0,7,2
0,7,2.05
0,7,2.1
0,7,2.15
0,7,2.2
0,7,2.25
0,7,2.3
0,7,2.35
0,7,2.4
0,7,2.45
0,7,2.5
0,7,2.55
0,7,2.6
0,7,2.65
0,7,2.7
0,7,2.75
0,7,2.8
0,7,2.85
0,7,2.9
0,7,2.95
0,7,3
0,7,3.05
0,7,3.1
0,7,3.15
0,7,3.2
0,7,3.25
0,7,3.3
0,7,3.35
0,7,3.4
0,7,3.45
0,7,3.5
0,7,3.55
0,7,3.6
0,7,3.65
0,7,3.7
0,7,3.75
0,7,3.8
0,7,3.85
0,7,3.9
0,7,3.95
0,7,4
0,7,4.05
0,7,4.1
0,7,4.15
0,7,4.2
0,7,4.25
0,7,4.3
0,7,4.35
0,7,4.4
0,7,4.45
0,7,4.5
0,7,4.55
0,7,4.6
0,7,4.65
0,7,4.7
0,7,4.75
0,7,4.8
0,7,4.85
0,7,4.9
0,7,4.95
0,7,5
0,7.5,0
0,7.5,0.05
0,7.5,0.1
0,7.5,0.15
0,7.5,0.2
0,7.5,0.25
0,7.5,0.3
0,7.5,0.35
0,7.5,0.4
0,7.5,0.45
0,7.5,0.5
0,7.5,0.55
0,7.5,0.6
0,7.5,0.65
0,7.5,0.7
0,7.5,0.75
0,7.5,0.8
0,7.5,0.85
0,7.5,0.9
0,7.5,0.95
0,7.5,1
0,7.5,1.05
0,7.5,1.1
0,7.5,1.15
0,7.5,1.2
0,7.5,1.25
0,7.5,1.3
0,7.5,1.35
0,7.5,1.4
0,7.5,1.45
0,7.5,1.5
0,7.5,1.55
0,7.5,1.6
0,7.5,1.65
0,7.5,1.7
0,7.5,1.75
0,7.5,1.8
0,7.5,1.85
0,7.5,1.9
0,7.5,1.95
0,7.5,2
0,7.5,2.05
0,7.5,2.1
0,7.5,2.15
0,7.5,2.2
0,7.5,2.25
0,7.5,2.3
0,7.5,2.35
0,7.5,2.4
0,7.5,2.45
0,7.5,2.5
0,7.5,2.55
0,7.5,2.6
0,7.5,2.65
0,7.5,2.7
0,7.5,2.75
0,7.5,2.8
0,7.5,2.85
0,7.5,2.9
0,7.5,2.95
0,7.5,3
0,7.5,3.05
0,7.5,3.1
0,7.5,3.15
0,7.5,3.2
0,7.5,3.25
0,7.5,3.3
0,7.5,3.35
0,7.5,3.4
0,7.5,3.45
0,7.5,3.5
0,7.5,3.55
0,7.5,3.6
0,7.5,3.65
0,7.5,3.7
0,7.5,3.75
0,7.5,3.8
0,7.5,3.85
0,7.5,3.9
0,7.5,3.95
0,7.5,4
0,7.5,4.05
0,7.5,4.1
0,7.5,4.15
0,7.5,4.2
0,7.5,4.25
0,7.5,4.3
0,7.5,4.35
0,7.5,4.4
0,7.5,4.45
0,7.5,4.5
0,7.5,4.55
0,7.5,4.6
0,7.5,4.65
0,7.5,4.7
0,7.5,4.75
0,7.5,4.8
0,7.5,4.85
0,7.5,4.9
0,7.5,4.95
0,7.5,5
0,8,0
0,8,0.05
0,8,0.1
0,8,0.15
0,8,0.2
0,8,0.25
0,8,0.3
0,8,0.35
0,8,0.4
0,8,0.45
0,8,0.5
0,8,0.55
0,8,0.6
0,8,0.65
0,8,0.7
0,8,0.75
0,8,0.8
0,8,0.85
0,8,0.9
0,8,0.95
0,8,1
0,8,1.05
0,8,1.1
0,8,1.15
0,8,1.2
0,8,1.25
0,8,1.3
0,8,1.35
0,8,1.4
0,8,1.45
0,8,1.5
0,8,1.55
0,8,1.6
0,8,1.65
0,8,1.7
0,8,1.75
0,8,1.8
0,8,1.85
0,8,1.9
0,8,1.95
0,8,2
0,8,2.05
0,8,2.1
0,8,2.15
0,8,2.2
0,8,2.25
0,8,2.3
0,8,2.35
0,8,2.4
0,8,2.45
0,8,2.5
0,8,2.55
0,8,2.6
0,8,2.65
0,8,2.7
0,8,2.75
0,8,2.8
0,8,2.85
0,8,2.9
0,8,2.95
0,8,3
0,8,3.05
0,8,3.1
0,8,3.15
0,8,3.2
0,8,3.25
0,8,3.3
0,8,3.35
0,8,3.4
0,8,3.45
0,8,3.5
0,8,3.55
0,8,3.6
0,8,3.65
0,8,3.7
0,8,3.75
0,8,3.8
0,8,3.85
0,8,3.9
0,8,3.95
0,8,4
0,8,4.05
0,8,4.1
0,8,4.15
0,8,4.2
0,8,4.25
0,8,4.3
0,8,4.35
0,8,4.4
0,8,4.45
0,8,4.5
0,8,4.55
0,8,4.6
0,8,4.65
0,8,4.7
0,8,4.75
0,8,4.8
0,8,4.85
0,8,4.9
0,8,4.95
0,8,5
0,8.5,0
0,8.5,0.05
0,8.5,0.1
0,8.5,0.15
0,8.5,0.2
0,8.5,0.25
0,8.5,0.3
0,8.5,0.35
0,8.5,0.4
0,8.5,0.45
0,8.5,0.5
0,8.5,0.55
0,8.5,0.6
0,8.5,0.65
0,8.5,0.7
0,8.5,0.75
0,8.5,0.8
0,8.5,0.85
0,8.5,0.9
0,8.5,0.95
0,8.5,1
0,8.5,1.05
0,8.5,1.1
0,8.5,1.15
0,8.5,1.2
0,8.5,1.25
0,8.5,1.3
0,8.5,1.35
0,8.5,1.4
0,8.5,1.45
0,8.5,1.5
0,8.5,1.55
0,8.5,1.6
0,8.5,1.65
0,8.5,1.7
0,8.5,1.75
0,8.5,1.8
0,8.5,1.85
0,8.5,1.9
0,8.5,1.95
0,8.5,2
0,8.5,2.05
0,8.5,2.1
0,8.5,2.15
0,8.5,2.2
0,8.5,2.25
0,8.5,2.3
0,8.5,2.35
0,8.5,2.4
0,8.5,2.45
0,8.5,2.5
0,8.5,2.55
0,8.5,2.6
0,8.5,2.65
0,8.5,2.7
0,8.5,2.75
0,8.5,2.8
0,8.5,2.85
0,8.5,2.9
0,8.5,2.95
0,8.5,3
0,8.5,3.05
0,8.5,3.1
0,8.5,3.15
0,8.5,3.2
0,8.5,3.25
0,8.5,3.3
0,8.5,3.35
0,8.5,3.4
0,8.5,3.45
0,8.5,3.5
0,8.5,3.55
0,8.5,3.6
0,8.5,3.65
0,8.5,3.7
0,8.5,3.75
0,8.5,3.8
0,8.5,3.85
0,8.5,3.9
0,8.5,3.95
0,8.5,4
0,8.5,4.05
0,8.5,4.1
0,8.5,4.15
0,8.5,4.2
0,8.5,4.25
0,8.5,4.3
0,8.5,4.35
0,8.5,4.4
0,8.5,4.45
0,8.5,4.5
0,8.5,4.55
0,8.5,4.6
0,8.5,4.65
0,8.5,4.7
0,8.5,4.75
0,8.5,4.8
0,8.5,4.85
0,8.5,4.9
0,8.5,4.95
0,8.5,5
0,9,0
0,9,0.05
0,9,0.1
0,9,0.15
0,9,0.2
0,9,0.25
0,9,0.3
0,9,0.35
0,9,0.4
0,9,0.45
0,9,0.5
0,9,0.55
0,9,0.6
0,9,0.65
0,9,0.7
0,9,0.75
0,9,0.8
0,9,0.85
0,9,0.9
0,9,0.95
0,9,1
0,9,1.05
0,9,1.1
0,9,1.15
0,9,1.2
0,9,1.25
0,9,1.3
0,9,1.35
0,9,1.4
0,9,1.45
0,9,1.5
0,9,1.55
0,9,1.6
0,9,1.65
0,9,1.7
0,9,1.75
0,9,1.8
0,9,1.85
0,9,1.9
0,9,1.95
0,9,2
0,9,2.05
0,9,2.1
0,9,2.15
0,9,2.2
0,9,2.25
0,9,2.3
0,9,2.35
0,9,2.4
0,9,2.45
0,9,2.5
0,9,2.55
0,9,2.6
0,9,2.65
0,9,2.7
0,9,2.75
0,9,2.8
0,9,2.85
0,9,2.9
0,9,2.95
0,9,3
0,9,3.05
0,9,3.1
0,9,3.15
0,9,3.2
0,9,3.25
0,9,3.3
0,9,3.35
0,9,3.4
0,9,3.45
0,9,3.5
0,9,3.55
0,9,3.6
0,9,3.65
0,9,3.7
0,9,3.75
0,9,3.8
0,9,3.85
0,9,3.9
0,9,3.95
0,9,4
0,9,4.05
0,9,4.1
0,9,4.15
0,9,4.2
0,9,4.25
0,9,4.3
0,9,4.35
0,9,4.4
0,9,4.45
0,9,4.5
0,9,4.55
0,9,4.6
0,9,4.65
0,9,4.7
0,9,4.75
0,9,4.8
0,9,4.85
0,9,4.9
0,9,4.95
0,9,5
0,9.5,0
0,9.5,0.05
0,9.5,0.1
0,9.5,0.15
0,9.5,0.2
0,9.5,0.25
0,9.5,0.3
0,9.5,0.35
0,9.5,0.4
0,9.5,0.45
0,9.5,0.5
0,9.5,0.55
0,9.5,0.6
0,9.5,0.65
0,9.5,0.7
0,9.5,0.75
0,9.5,0.8
0,9.5,0.85
0,9.5,0.9
0,9.5,0.95
0,9.5,1
0,9.5,1.05
0,9.5,1.1
0,9.5,1.15
0,9.5,1.2
0,9.5,1.25
0,9.5,1.3
0,9.5,1.35
0,9.5,1.4
0,9.5,1.45
0,9.5,1.5
0,9.5,1.55
0,9.5,1.6
0,9.5,1.65
0,9.5,1.7
0,9.5,1.75
0,9.5,1.8
0,9.5,1.85
0,9.5,1.9
0,9.5,1.95
0,9.5,2
0,9.5,2.05
0,9.5,2.1
0,9.5,2.15
0,9.5,2.2
0,9.5,2.25
0,9.5,2.3
0,9.5,2.35
0,9.5,2.4
0,9.5,2.45
0,9.5,2.5
0,9.5,2.55
0,9.5,2.6
0,9.5,2.65
0,9.5,2.7
0,9.5,2.75
0,9.5,2.8
0,9.5,2.85
0,9.5,2.9
0,9.5,2.95
0,9.5,3
0,9.5,3.05
0,9.5,3.1
0,9.5,3.15
0,9.5,3.2
0,9.5,3.25
0,9.5,3.3
0,9.5,3.35
0,9.5,3.4
0,9.5,3.45
0,9.5,3.5
0,9.5,3.55
0,9.5,3.6
0,9.5,3.65
0,9.5,3.7
0,9.5,3.75
0,9.5,3.8
0,9.5,3.85
0,9.5,3.9
0,9.5,3.95
0,9.5,4
0,9.5,4.05
0,9.5,4.1
0,9.5,4.15
0,9.5,4.2
0,9.5,4.25
0,9.5,4.3
0,9.5,4.35
0,9.5,4.4
0,9.5,4.45
0,9.5,4.5
0,9.5,4.55
0,9.5,4.6
0,9.5,4.65
0,9.5,4.7
0,9.5,4.75
0,9.5,4.8
0,9.5,4.85
0,9.5,4.9
0,9.5,4.95
0,9.5,5
0,10,0
0,10,0.05
0,10,0.1
0,10,0.15
0,10,0.2
0,10,0.25
0,10,0.3
0,10,0.35
0,10,0.4
0,10,0.45
0,10,0.5
0,10,0.55
0,10,0.6
0,10,0.65
0,10,0.7
0,10,0.75
0,10,0.8
0,10,0.85
0,10,0.9
0,10,0.95
0,10,1
0,10,1.05
0,10,1.1
0,10,1.15
0,10,1.2
0,10,1.25
0,10,1.3
0,10,1.35
0,10,1.4
0,10,1.45
0,10,1.5
0,10,1.55
0,10,1.6
0,10,1.65
0,10,1.7
0,10,1.75
0,10,1.8
0,10,1.85
0,10,1.9
0,10,1.95
0,10,2
0,10,2.05
0,10,2.1
0,10,2.15
0,10,2.2
0,10,2.25
0,10,2.3
0,10,2.35
0,10,2.4
0,10,2.45
0,10,2.5
0,10,2.55
0,10,2.6
0,10,2.65
0,10,2.7
0,10,2.75
0,10,2.8
0,10,2.85
0,10,2.9
0,10,2.95
0,10,3
0,10,3.05
0,10,3.1
0,10,3.15
0,10,3.2
0,10,3.25
0,10,3.3
0,10,3.35
0,10,3.4
0,10,3.45
0,10,3.5
0,10,3.55
0,10,3.6
0,10,3.65
0,10,3.7
0,10,3.75
0,10,3.8
0,10,3.85
0,10,3.9
0,10,3.95
0,10,4
0,10,4.05
0,10,4.1
0,10,4.15
0,10,4.2
0,10,4.25
0,10,4.3
0,10,4.35
0,10,4.4
0,10,4.45
0,10,4.5
0,10,4.55
0,10,4.6
0,10,4.65
0,10,4.7
0,10,4.75
0,10,4.8
0,10,4.85
0,10,4.9
0,10,4.95
0,10,5
0.5,0,0
0.5,0,0.05
0.5,0,0.1
0.5,0,0.15
0.5,0,0.2
0.5,0,0.25
0.5,0,0.3
0.5,0,0.35
0.5,0,0.4
0.5,0,0.45
0.5,0,0.5
0.5,0,0.55
0.5,0,0.6
0.5,0,0.65
0.5,0,0.7
0.5,0,0.75
0.5,0,0.8
0.5,0,0.85
0.5,0,0.9
0.5,0,0.95
0.5,0,1
0.5,0,1.05
0.5,0,1.1
0.5,0,1.15
0.5,0,1.2
0.5,0,1.25
0.5,0,1.3
0.5,0,1.35
0.5,0,1.4
0.5,0,1.45
0.5,0,1.5
0.5,0,1.55
0.5,0,1.6
0.5,0,1.65
0.5,0,1.7
0.5,0,1.75
0.5,0,1.8
0.5,0,1.85
0.5,0,1.9
0.5,0,1.95
0.5,0,2
0.5,0,2.05
0.5,0,2.1
0.5,0,2.15
0.5,0,2.2
0.5,0,2.25
0.5,0,2.3
0.5,0,2.35
0.5,0,2.4
0.5,0,2.45
0.5,0,2.5
0.5,0,2.55
0.5,0,2.6
0.5,0,2.65
0.5,0,2.7
0.5,0,2.75
0.5,0,2.8
0.5,0,2.85
0.5,0,2.9
0.5,0,2.95
0.5,0,3
0.5,0,3.05
0.5,0,3.1
0.5,0,3.15
0.5,0,3.2
0.5,0,3.25
0.5,0,3.3
0.5,0,3.35
0.5,0,3.4
0.5,0,3.45
0.5,0,3.5
0.5,0,3.55
0.5,0,3.6
0.5,0,3.65
0.5,0,3.7
0.5,0,3.75
0.5,0,3.8
0.5,0,3.85
0.5,0,3.9
0.5,0,3.95
0.5,0,4
0.5,0,4.05
0.5,0,4.1
0.5,0,4.15
0.5,0,4.2
0.5,0,4.25
0.5,0,4.3
0.5,0,4.35
0.5,0,4.4
0.5,0,4.45
0.5,0,4.5
0.5,0,4.55
0.5,0,4.6
0.5,0,4.65
0.5,0,4.7
0.5,0,4.75
0.5,0,4.8
0.5,0,4.85
0.5,0,4.9
0.5,0,4.95
0.5,0,5
0.5,0.5,0
0.5,0.5,0.05
0.5,0.5,0.1
0.5,0.5,0.15
0.5,0.5,0.2
0.5,0.5,0.25
0.5,0.5,0.3
0.5,0.5,0.35
0.5,0.5,0.4
0.5,0.5,0.45
0.5,0.5,0.5
0.5,0.5,0.55
0.5,0.5,0.6
0.5,0.5,0.65
0.5,0.5,0.7
0.5,0.5,0.75
0.5,0.5,0.8
0.5,0.5,0.85
0.5,0.5,0.9
0.5,0.5,0.95
0.5,0.5,1
0.5,0.5,1.05
0.5,0.5,1.1
0.5,0.5,1.15
0.5,0.5,1.2
0.5,0.5,1.25
0.5,0.5,1.3
0.5,0.5,1.35
0.5,0.5,1.4
0.5,0.5,1.45
0.5,0.5,1.5
0.5,0.5,1.55
0.5,0.5,1.6
0.5,0.5,1.65
0.5,0.5,1.7
0.5,0.5,1.75
0.5,0.5,1.8
0.5,0.5,1.85
0.5,0.5,1.9
0.5,0.5,1.95
0.5,0.5,2
0.5,0.5,2.05
0.5,0.5,2.1
0.5,0.5,2.15
0.5,0.5,2.2
0.5,0.5,2.25
0.5,0.5,2.3
0.5,0.5,2.35
0.5,0.5,2.4
0.5,0.5,2.45
0.5,0.5,2.5
0.5,0.5,2.55
0.5,0.5,2.6
0.5,0.5,2.65
0.5,0.5,2.7
0.5,0.5,2.75
0.5,0.5,2.8
0.5,0.5,2.85
0.5,0.5,2.9
0.5,0.5,2.95
0.5,0.5,3
0.5,0.5,3.05
0.5,0.5,3.1
0.5,0.5,3.15
0.5,0.5,3.2
0.5,0.5,3.25
0.5,0.5,3.3
0.5,0.5,3.35
0.5,0.5,3.4
0.5,0.5,3.45
0.5,0.5,3.5
0.5,0.5,3.55
0.5,0.5,3.6
0.5,0.5,3.65
0.5,0.5,3.7
0.5,0.5,3.75
0.5,0.5,3.8
0.5,0.5,3.85
0.5,0.5,3.9
0.5,0.5,3.95
0.5,0.5,4
0.5,0.5,4.05
0.5,0.5,4.1
0.5,0.5,4.15
0.5,0.5,4.2
0.5,0.5,4.25
0.5,0.5,4.3
0.5,0.5,4.35
0.5,0.5,4.4
0.5,0.5,4.45
0.5,0.5,4.5
0.5,0.5,4.55
0.5,0.5,4.6
0.5,0.5,4.65
0.5,0.5,4.7
0.5,0.5,4.75
0.5,0.5,4.8
0.5,0.5,4.85
0.5,0.5,4.9
0.5,0.5,4.95
0.5,0.5,5
0.5,1,0
0.5,1,0.05
0.5,1,0.1
0.5,1,0.15
0.5,1,0.2
0.5,1,0.25
0.5,1,0.3
0.5,1,0.35
0.5,1,0.4
0.5,1,0.45
0.5,1,0.5
0.5,1,0.55
0.5,1,0.6
0.5,1,0.65
0.5,1,0.7
0.5,1,0.75
0.5,1,0.8
0.5,1,0.85
0.5,1,0.9
0.5,1,0.95
0.5,1,1
0.5,1,1.05
0.5,1,1.1
0.5,1,1.15
0.5,1,1.2
0.5,1,1.25
0.5,1,1.3
0.5,1,1.35
0.5,1,1.4
0.5,1,1.45
0.5,1,1.5
0.5,1,1.55
0.5,1,1.6
0.5,1,1.65
0.5,1,1.7
0.5,1,1.75
0.5,1,1.8
0.5,1,1.85
0.5,1,1.9
0.5,1,1.95
0.5,1,2
0.5,1,2.05
0.5,1,2.1
0.5,1,2.15
0.5,1,2.2
0.5,1,2.25
0.5,1,2.3
0.5,1,2.35
0.5,1,2.4
0.5,1,2.45
0.5,1,2.5
0.5,1,2.55
0.5,1,2.6
0.5,1,2.65
0.5,1,2.7
0.5,1,2.75
0.5,1,2.8
0.5,1,2.85
0.5,1,2.9
0.5,1,2.95
0.5,1,3
0.5,1,3.05
0.5,1,3.1
0.5,1,3.15
0.5,1,3.2
0.5,1,3.25
0.5,1,3.3
0.5,1,3.35
0.5,1,3.4
0.5,1,3.45
0.5,1,3.5
0.5,1,3.55
0.5,1,3.6
0.5,1,3.65
0.5,1,3.7
0.5,1,3.75
0.5,1,3.8
0.5,1,3.85
0.5,1,3.9
0.5,1,3.95
0.5,1,4
0.5,1,4.05
0.5,1,4.1
0.5,1,4.15
0.5,1,4.2
0.5,1,4.25
0.5,1,4.3
0.5,1,4.35
0.5,1,4.4
0.5,1,4.45
0.5,1,4.5
0.5,1,4.55
0.5,1,4.6
0.5,1,4.65
0.5,1,4.7
0.5,1,4.75
0.5,1,4.8
0.5,1,4.85
0.5,1,4.9
0.5,1,4.95
0.5,1,5
0.5,1.5,0
0.5,1.5,0.05
0.5,1.5,0.1
0.5,1.5,0.15
0.5,1.5,0.2
0.5,1.5,0.25
0.5,1.5,0.3
0.5,1.5,0.35
0.5,1.5,0.4
0.5,1.5,0.45
0.5,1.5,0.5
0.5,1.5,0.55
0.5,1.5,0.6
0.5,1.5,0.65
0.5,1.5,0.7
0.5,1.5,0.75
0.5,1.5,0.8
0.5,1.5,0.85
0.5,1.5,0.9
0.5,1.5,0.95
0.5,1.5,1
0.5,1.5,1.05
0.5,1.5,1.1
0.5,1.5,1.15
0.5,1.5,1.2
0.5,1.5,1.25
0.5,1.5,1.3
0.5,1.5,1.35
0.5,1.5,1.4
0.5,1.5,1.45
0.5,1.5,1.5
0.5,1.5,1.55
0.5,1.5,1.6
0.5,1.5,1.65
0.5,1.5,1.7
0.5,1.5,1.75
0.5,1.5,1.8
0.5,1.5,1.85
0.5,1.5,1.9
0.5,1.5,1.95
0.5,1.5,2
0.5,1.5,2.05
0.5,1.5,2.1
0.5,1.5,2.15
0.5,1.5,2.2
0.5,1.5,2.25
0.5,1.5,2.3
0.5,1.5,2.35
0.5,1.5,2.4
0.5,1.5,2.45
0.5,1.5,2.5
0.5,1.5,2.55
0.5,1.5,2.6
0.5,1.5,2.65
0.5,1.5,2.7
0.5,1.5,2.75
0.5,1.5,2.8
0.5,1.5,2.85
0.5,1.5,2.9
0.5,1.5,2.95
0.5,1.5,3
0.5,1.5,3.05
0.5,1.5,3.1
0.5,1.5,3.15
0.5,1.5,3.2
0.5,1.5,3.25
0.5,1.5,3.3
0.5,1.5,3.35
0.5,1.5,3.4
0.5,1.5,3.45
0.5,1.5,3.5
0.5,1.5,3.55
0.5,1.5,3.6
0.5,1.5,3.65
0.5,1.5,3.7
0.5,1.5,3.75
0.5,1.5,3.8
0.5,1.5,3.85
0.5,1.5,3.9
0.5,1.5,3.95
0.5,1.5,4
0.5,1.5,4.05
0.5,1.5,4.1
0.5,1.5,4.15
0.5,1.5,4.2
0.5,1.5,4.25
0.5,1.5,4.3
0.5,1.5,4.35
0.5,1.5,4.4
0.5,1.5,4.45
0.5,1.5,4.5
0.5,1.5,4.55
0.5,1.5,4.6
0.5,1.5,4.65
0.5,1.5,4.7
0.5,1.5,4.75
0.5,1.5,4.8
0.5,1.5,4.85
0.5,1.5,4.9
0.5,1.5,4.95
0.5,1.5,5
0.5,2,0
0.5,2,0.05
0.5,2,0.1
0.5,2,0.15
0.5,2,0.2
0.5,2,0.25
0.5,2,0.3
0.5,2,0.35
0.5,2,0.4
0.5,2,0.45
0.5,2,0.5
0.5,2,0.55
0.5,2,0.6
0.5,2,0.65
0.5,2,0.7
0.5,2,0.75
0.5,2,0.8
0.5,2,0.85
0.5,2,0.9
0.5,2,0.95
0.5,2,1
0.5,2,1.05
0.5,2,1.1
0.5,2,1.15
0.5,2,1.2
0.5,2,1.25
0.5,2,1.3
0.5,2,1.35
0.5,2,1.4
0.5,2,1.45
0.5,2,1.5
0.5,2,1.55
0.5,2,1.6
0.5,2,1.65
0.5,2,1.7
0.5,2,1.75
0.5,2,1.8
0.5,2,1.85
0.5,2,1.9
0.5,2,1.95
0.5,2,2
0.5,2,2.05
0.5,2,2.1
0.5,2,2.15
0.5,2,2.2
0.5,2,2.25
0.5,2,2.3
0.5,2,2.35
0.5,2,2.4
0.5,2,2.45
0.5,2,2.5
0.5,2,2.55
0.5,2,2.6
0.5,2,2.65
0.5,2,2.7
0.5,2,2.75
0.5,2,2.8
0.5,2,2.85
0.5,2,2.9
0.5,2,2.95
0.5,2,3
0.5,2,3.05
0.5,2,3.1
0.5,2,3.15
0.5,2,3.2
0.5,2,3.25
0.5,2,3.3
0.5,2,3.35
0.5,2,3.4
0.5,2,3.45
0.5,2,3.5
0.5,2,3.55
0.5,2,3.6
0.5,2,3.65
0.5,2,3.7
0.5,2,3.75
0.5,2,3.8
0.5,2,3.85
0.5,2,3.9
0.5,2,3.95
0.5,2,4
0.5,2,4.05
0.5,2,4.1
0.5,2,4.15
0.5,2,4.2
0.5,2,4.25
0.5,2,4.3
0.5,2,4.35
0.5,2,4.4
0.5,2,4.45
0.5,2,4.5
0.5,2,4.55
0.5,2,4.6
0.5,2,4.65
0.5,2,4.7
0.5,2,4.75
0.5,2,4.8
0.5,2,4.85
0.5,2,4.9
0.5,2,4.95
0.5,2,5
0.5,2.5,0
0.5,2.5,0.05
0.5,2.5,0.1
0.5,2.5,0.15
0.5,2.5,0.2
0.5,2.5,0.25
0.5,2.5,0.3
0.5,2.5,0.35
0.5,2.5,0.4
0.5,2.5,0.45
0.5,2.5,0.5
0.5,2.5,0.55
0.5,2.5,0.6
0.5,2.5,0.65
0.5,2.5,0.7
0.5,2.5,0.75
0.5,2.5,0.8
0.5,2.5,0.85
0.5,2.5,0.9
0.5,2.5,0.95
0.5,2.5,1
0.5,2.5,1.05
0.5,2.5,1.1
0.5,2.5,1.15
0.5,2.5,1.2
0.5,2.5,1.25
0.5,2.5,1.3
0.5,2.5,1.35
0.5,2.5,1.4
0.5,2.5,1.45
0.5,2.5,1.5
0.5,2.5,1.55
0.5,2.5,1.6
0.5,2.5,1.65
0.5,2.5,1.7
0.5,2.5,1.75
0.5,2.5,1.8
0.5,2.5,1.85
0.5,2.5,1.9
0.5,2.5,1.95
0.5,2.5,2
0.5,2.5,2.05
0.5,2.5,2.1
0.5,2.5,2.15
0.5,2.5,2.2
0.5,2.5,2.25
0.5,2.5,2.3
0.5,2.5,2.35
0.5,2.5,2.4
0.5,2.5,2.45
0.5,2.5,2.5
0.5,2.5,2.55
0.5,2.5,2.6
0.5,2.5,2.65
0.5,2.5,2.7
0.5,2.5,2.75
0.5,2.5,2.8
0.5,2.5,2.85
0.5,2.5,2.9
0.5,2.5,2.95
0.5,2.5,3
0.5,2.5,3.05
0.5,2.5,3.1
0.5,2.5,3.15
0.5,2.5,3.2
0.5,2.5,3.25
0.5,2.5,3.3
0.5,2.5,3.35
0.5,2.5,3.4
0.5,2.5,3.45
0.5,2.5,3.5
0.5,2.5,3.55
0.5,2.5,3.6
0.5,2.5,3.65
0.5,2.5,3.7
0.5,2.5,3.75
0.5,2.5,3.8
0.5,2.5,3.85
0.5,2.5,3.9
0.5,2.5,3.95
0.5,2.5,4
0.5,2.5,4.05
0.5,2.5,4.1
0.5,2.5,4.15
0.5,2.5,4.2
0.5,2.5,4.25
0.5,2.5,4.3
0.5,2.5,4.35
0.5,2.5,4.4
0.5,2.5,4.45
0.5,2.5,4.5
0.5,2.5,4.55
0.5,2.5,4.6
0.5,2.5,4.65
0.5,2.5,4.7
0.5,2.5,4.75
0.5,2.5,4.8
0.5,2.5,4.85
0.5,2.5,4.9
0.5,2.5,4.95
0.5,2.5,5
0.5,3,0
0.5,3,0.05
0.5,3,0.1
0.5,3,0.15
0.5,3,0.2
0.5,3,0.25
0.5,3,0.3
0.5,3,0.35
0.5,3,0.4
0.5,3,0.45
0.5,3,0.5
0.5,3,0.55
0.5,3,0.6
0.5,3,0.65
0.5,3,0.7
0.5,3,0.75
0.5,3,0.8
0.5,3,0.85
0.5,3,0.9
0.5,3,0.95
0.5,3,1
0.5,3,1.05
0.5,3,1.1
0.5,3,1.15
0.5,3,1.2
0.5,3,1.25
0.5,3,1.3
0.5,3,1.35
0.5,3,1.4
0.5,3,1.45
0.5,3,1.5
0.5,3,1.55
0.5,3,1.6
0.5,3,1.65
0.5,3,1.7
0.5,3,1.75
0.5,3,1.8
0.5,3,1.85
0.5,3,1.9
0.5,3,1.95
0.5,3,2
0.5,3,2.05
0.5,3,2.1
0.5,3,2.15
0.5,3,2.2
0.5,3,2.25
0.5,3,2.3
0.5,3,2.35
0.5,3,2.4
0.5,3,2.45
0.5,3,2.5
0.5,3,2.55
0.5,3,2.6
0.5,3,2.65
0.5,3,2.7
0.5,3,2.75
0.5,3,2.8
0.5,3,2.85
0.5,3,2.9
0.5,3,2.95
0.5,3,3
0.5,3,3.05
0.5,3,3.1
0.5,3,3.15
0.5,3,3.2
0.5,3,3.25
0.5,3,3.3
0.5,3,3.35
0.5,3,3.4
0.5,3,3.45
0.5,3,3.5
0.5,3,3.55
0.5,3,3.6
0.5,3,3.65
0.5,3,3.7
0.5,3,3.75
0.5,3,3.8
0.5,3,3.85
0.5,3,3.9
0.5,3,3.95
0.5,3,4
0.5,3,4.05
0.5,3,4.1
0.5,3,4.15
0.5,3,4.2
0.5,3,4.25
0.5,3,4.3
0.5,3,4.35
0.5,3,4.4
0.5,3,4.45
0.5,3,4.5
0.5,3,4.55
0.5,3,4.6
0.5,3,4.65
0.5,3,4.7
0.5,3,4.75
0.5,3,4.8
0.5,3,4.85
0.5,3,4.9
0.5,3,4.95
0.5,3,5
0.5,3.5,0
0.5,3.5,0.05
0.5,3.5,0.1
0.5,3.5,0.15
0.5,3.5,0.2
0.5,3.5,0.25
0.5,3.5,0.3
0.5,3.5,0.35
0.5,3.5,0.4
0.5,3.5,0.45
0.5,3.5,0.5
0.5,3.5,0.55
0.5,3.5,0.6
0.5,3.5,0.65
0.5,3.5,0.7
0.5,3.5,0.75
0.5,3.5,0.8
0.5,3.5,0.85
0.5,3.5,0.9
0.5,3.5,0.95
0.5,3.5,1
0.5,3.5,1.05
0.5,3.5,1.1
0.5,3.5,1.15
0.5,3.5,1.2
0.5,3.5,1.25
0.5,3.5,1.3
0.5,3.5,1.35
0.5,3.5,1.4
0.5,3.5,1.45
0.5,3.5,1.5
0.5,3.5,1.55
0.5,3.5,1.6
0.5,3.5,1.65
0.5,3.5,1.7
0.5,3.5,1.75
0.5,3.5,1.8
0.5,3.5,1.85
0.5,3.5,1.9
0.5,3.5,1.95
0.5,3.5,2
0.5,3.5,2.05
0.5,3.5,2.1
0.5,3.5,2.15
0.5,3.5,2.2
0.5,3.5,2.25
0.5,3.5,2.3
0.5,3.5,2.35
0.5,3.5,2.4
0.5,3.5,2.45
0.5,3.5,2.5
0.5,3.5,2.55
0.5,3.5,2.6
0.5,3.5,2.65
0.5,3.5,2.7
0.5,3.5,2.75
0.5,3.5,2.8
0.5,3.5,2.85
0.5,3.5,2.9
0.5,3.5,2.95
0.5,3.5,3
0.5,3.5,3.05
0.5,3.5,3.1
0.5,3.5,3.15
0.5,3.5,3.2
0.5,3.5,3.25
0.5,3.5,3.3
0.5,3.5,3.35
0.5,3.5,3.4
0.5,3.5,3.45
0.5,3.5,3.5
0.5,3.5,3.55
0.5,3.5,3.6
0.5,3.5,3.65
0.5,3.5,3.7
0.5,3.5,3.75
0.5,3.5,3.8
0.5,3.5,3.85
0.5,3.5,3.9
0.5,3.5,3.95
0.5,3.5,4
0.5,3.5,4.05
0.5,3.5,4.1
0.5,3.5,4.15
0.5,3.5,4.2
0.5,3.5,4.25
0.5,3.5,4.3
0.5,3.5,4.35
0.5,3.5,4.4
0.5,3.5,4.45
0.5,3.5,4.5
0.5,3.5,4.55
0.5,3.5,4.6
0.5,3.5,4.65
0.5,3.5,4.7
0.5,3.5,4.75
0.5,3.5,4.8
0.5,3.5,4.85
0.5,3.5,4.9
0.5,3.5,4.95
0.5,3.5,5
0.5,4,0
0.5,4,0.05
0.5,4,0.1
0.5,4,0.15
0.5,4,0.2
0.5,4,0.25
0.5,4,0.3
0.5,4,0.35
0.5,4,0.4
0.5,4,0.45
0.5,4,0.5
0.5,4,0.55
0.5,4,0.6
0.5,4,0.65
0.5,4,0.7
0.5,4,0.75
0.5,4,0.8
0.5,4,0.85
0.5,4,0.9
0.5,4,0.95
0.5,4,1
0.5,4,1.05
0.5,4,1.1
0.5,4,1.15
0.5,4,1.2
0.5,4,1.25
0.5,4,1.3
0.5,4,1.35
0.5,4,1.4
0.5,4,1.45
0.5,4,1.5
0.5,4,1.55
0.5,4,1.6
0.5,4,1.65
0.5,4,1.7
0.5,4,1.75
0.5,4,1.8
0.5,4,1.85
0.5,4,1.9
0.5,4,1.95
0.5,4,2
0.5,4,2.05
0.5,4,2.1
0.5,4,2.15
0.5,4,2.2
0.5,4,2.25
0.5,4,2.3
0.5,4,2.35
0.5,4,2.4
0.5,4,2.45
0.5,4,2.5
0.5,4,2.55
0.5,4,2.6
0.5,4,2.65
0.5,4,2.7
0.5,4,2.75
0.5,4,2.8
0.5,4,2.85
0.5,4,2.9
0.5,4,2.95
0.5,4,3
0.5,4,3.05
0.5,4,3.1
0.5,4,3.15
0.5,4,3.2
0.5,4,3.25
0.5,4,3.3
0.5,4,3.35
0.5,4,3.4
0.5,4,3.45
0.5,4,3.5
0.5,4,3.55
0.5,4,3.6
0.5,4,3.65
0.5,4,3.7
0.5,4,3.75
0.5,4,3.8
0.5,4,3.85
0.5,4,3.9
0.5,4,3.95
0.5,4,4
0.5,4,4.05
0.5,4,4.1
0.5,4,4.15
0.5,4,4.2
0.5,4,4.25
0.5,4,4.3
0.5,4,4.35
0.5,4,4.4
0.5,4,4.45
0.5,4,4.5
0.5,4,4.55
0.5,4,4.6
0.5,4,4.65
0.5,4,4.7
0.5,4,4.75
0.5,4,4.8
0.5,4,4.85
0.5,4,4.9
0.5,4,4.95
0.5,4,5
0.5,4.5,0
0.5,4.5,0.05
0.5,4.5,0.1
0.5,4.5,0.15
0.5,4.5,0.2
0.5,4.5,0.25
0.5,4.5,0.3
0.5,4.5,0.35
0.5,4.5,0.4
0.5,4.5,0.45
0.5,4.5,0.5
0.5,4.5,0.55
0.5,4.5,0.6
0.5,4.5,0.65
0.5,4.5,0.7
0.5,4.5,0.75
0.5,4.5,0.8
0.5,4.5,0.85
0.5,4.5,0.9
0.5,4.5,0.95
0.5,4.5,1
0.5,4.5,1.05
0.5,4.5,1.1
0.5,4.5,1.15
0.5,4.5,1.2
0.5,4.5,1.25
0.5,4.5,1.3
0.5,4.5,1.35
0.5,4.5,1.4
0.5,4.5,1.45
0.5,4.5,1.5
0.5,4.5,1.55
0.5,4.5,1.6
0.5,4.5,1.65
0.5,4.5,1.7
0.5,4.5,1.75
0.5,4.5,1.8
0.5,4.5,1.85
0.5,4.5,1.9
0.5,4.5,1.95
0.5,4.5,2
0.5,4.5,2.05
0.5,4.5,2.1
0.5,4.5,2.15
0.5,4.5,2.2
0.5,4.5,2.25
0.5,4.5,2.3
0.5,4.5,2.35
0.5,4.5,2.4
0.5,4.5,2.45
0.5,4.5,2.5
0.5,4.5,2.55
0.5,4.5,2.6
0.5,4.5,2.65
0.5,4.5,2.7
0.5,4.5,2.75
0.5,4.5,2.8
0.5,4.5,2.85
0.5,4.5,2.9
0.5,4.5,2.95
0.5,4.5,3
0.5,4.5,3.05
0.5,4.5,3.1
0.5,4.5,3.15
0.5,4.5,3.2
0.5,4.5,3.25
0.5,4.5,3.3
0.5,4.5,3.35
0.5,4.5,3.4
0.5,4.5,3.45
0.5,4.5,3.5
0.5,4.5,3.55
0.5,4.5,3.6
0.5,4.5,3.65
0.5,4.5,3.7
0.5,4.5,3.75
0.5,4.5,3.8
0.5,4.5,3.85
0.5,4.5,3.9
0.5,4.5,3.95
0.5,4.5,4
0.5,4.5,4.05
0.5,4.5,4.1
0.5,4.5,4.15
0.5,4.5,4.2
0.5,4.5,4.25
0.5,4.5,4.3
0.5,4.5,4.35
0.5,4.5,4.4
0.5,4.5,4.45
0.5,4.5,4.5
0.5,4.5,4.55
0.5,4.5,4.6
0.5,4.5,4.65
0.5,4.5,4.7
0.5,4.5,4.75
0.5,4.5,4.8
0.5,4.5,4.85
0.5,4.5,4.9
0.5,4.5,4.95
0.5,4.5,5
0.5,5,0
0.5,5,0.05
0.5,5,0.1
0.5,5,0.15
0.5,5,0.2
0.5,5,0.25
0.5,5,0.3
0.5,5,0.35
0.5,5,0.4
0.5,5,0.45
0.5,5,0.5
0.5,5,0.55
0.5,5,0.6
0.5,5,0.65
0.5,5,0.7
0.5,5,0.75
0.5,5,0.8
0.5,5,0.85
0.5,5,0.9
0.5,5,0.95
0.5,5,1
0.5,5,1.05
0.5,5,1.1
0.5,5,1.15
0.5,5,1.2
0.5,5,1.25
0.5,5,1.3
0.5,5,1.35
0.5,5,1.4
0.5,5,1.45
0.5,5,1.5
0.5,5,1.55
0.5,5,1.6
0.5,5,1.65
0.5,5,1.7
0.5,5,1.75
0.5,5,1.8
0.5,5,1.85
0.5,5,1.9
0.5,5,1.95
0.5,5,2
0.5,5,2.05
0.5,5,2.1
0.5,5,2.15
0.5,5,2.2
0.5,5,2.25
0.5,5,2.3
0.5,5,2.35
0.5,5,2.4
0.5,5,2.45
0.5,5,2.5
0.5,5,2.55
0.5,5,2.6
0.5,5,2.65
0.5,5,2.7
0.5,5,2.75
0.5,5,2.8
0.5,5,2.85
0.5,5,2.9
0.5,5,2.95
0.5,5,3
0.5,5,3.05
0.5,5,3.1
0.5,5,3.15
0.5,5,3.2
0.5,5,3.25
0.5,5,3.3
0.5,5,3.35
0.5,5,3.4
0.5,5,3.45
0.5,5,3.5
0.5,5,3.55
0.5,5,3.6
0.5,5,3.65
0.5,5,3.7
0.5,5,3.75
0.5,5,3.8
0.5,5,3.85
0.5,5,3.9
0.5,5,3.95
0.5,5,4
0.5,5,4.05
0.5,5,4.1
0.5,5,4.15
0.5,5,4.2
0.5,5,4.25
0.5,5,4.3
0.5,5,4.35
0.5,5,4.4
0.5,5,4.45
0.5,5,4.5
0.5,5,4.55
0.5,5,4.6
0.5,5,4.65
0.5,5,4.7
0.5,5,4.75
0.5,5,4.8
0.5,5,4.85
0.5,5,4.9
0.5,5,4.95
0.5,5,5
0.5,5.5,0
0.5,5.5,0.05
0.5,5.5,0.1
0.5,5.5,0.15
0.5,5.5,0.2
0.5,5.5,0.25
0.5,5.5,0.3
0.5,5.5,0.35
0.5,5.5,0.4
0.5,5.5,0.45
0.5,5.5,0.5
0.5,5.5,0.55
0.5,5.5,0.6
0.5,5.5,0.65
0.5,5.5,0.7
0.5,5.5,0.75
0.5,5.5,0.8
0.5,5.5,0.85
0.5,5.5,0.9
0.5,5.5,0.95
0.5,5.5,1
0.5,5.5,1.05
0.5,5.5,1.1
0.5,5.5,1.15
0.5,5.5,1.2
0.5,5.5,1.25
0.5,5.5,1.3
0.5,5.5,1.35
0.5,5.5,1.4
0.5,5.5,1.45
0.5,5.5,1.5
0.5,5.5,1.55
0.5,5.5,1.6
0.5,5.5,1.65
0.5,5.5,1.7
0.5,5.5,1.75
0.5,5.5,1.8
0.5,5.5,1.85
0.5,5.5,1.9
0.5,5.5,1.95
0.5,5.5,2
0.5,5.5,2.05
0.5,5.5,2.1
0.5,5.5,2.15
0.5,5.5,2.2
0.5,5.5,2.25
0.5,5.5,2.3
0.5,5.5,2.35
0.5,5.5,2.4
0.5,5.5,2.45
0.5,5.5,2.5
0.5,5.5,2.55
0.5,5.5,2.6
0.5,5.5,2.65
0.5,5.5,2.7
0.5,5.5,2.75
0.5,5.5,2.8
0.5,5.5,2.85
0.5,5.5,2.9
0.5,5.5,2.95
0.5,5.5,3
0.5,5.5,3.05
0.5,5.5,3.1
0.5,5.5,3.15
0.5,5.5,3.2
0.5,5.5,3.25
0.5,5.5,3.3
0.5,5.5,3.35
0.5,5.5,3.4
0.5,5.5,3.45
0.5,5.5,3.5
0.5,5.5,3.55
0.5,5.5,3.6
0.5,5.5,3.65
0.5,5.5,3.7
0.5,5.5,3.75
0.5,5.5,3.8
0.5,5.5,3.85
0.5,5.5,3.9
0.5,5.5,3.95
0.5,5.5,4
0.5,5.5,4.05
0.5,5.5,4.1
0.5,5.5,4.15
0.5,5.5,4.2
0.5,5.5,4.25
0.5,5.5,4.3
0.5,5.5,4.35
0.5,5.5,4.4
0.5,5.5,4.45
0.5,5.5,4.5
0.5,5.5,4.55
0.5,5.5,4.6
0.5,5.5,4.65
0.5,5.5,4.7
0.5,5.5,4.75
0.5,5.5,4.8
0.5,5.5,4.85
0.5,5.5,4.9
0.5,5.5,4.95
0.5,5.5,5
0.5,6,0
0.5,6,0.05
0.5,6,0.1
0.5,6,0.15
0.5,6,0.2
0.5,6,0.25
0.5,6,0.3
0.5,6,0.35
0.5,6,0.4
0.5,6,0.45
0.5,6,0.5
0.5,6,0.55
0.5,6,0.6
0.5,6,0.65
0.5,6,0.7
0.5,6,0.75
0.5,6,0.8
0.5,6,0.85
0.5,6,0.9
0.5,6,0.95
0.5,6,1
0.5,6,1.05
0.5,6,1.1
0.5,6,1.15
0.5,6,1.2
0.5,6,1.25
0.5,6,1.3
0.5,6,1.35
0.5,6,1.4
0.5,6,1.45
0.5,6,1.5
0.5,6,1.55
0.5,6,1.6
0.5,6,1.65
0.5,6,1.7
0.5,6,1.75
0.5,6,1.8
0.5,6,1.85
0.5,6,1.9
0.5,6,1.95
0.5,6,2
0.5,6,2.05
0.5,6,2.1
0.5,6,2.15
0.5,6,2.2
0.5,6,2.25
0.5,6,2.3
0.5,6,2.35
0.5,6,2.4
0.5,6,2.45
0.5,6,2.5
0.5,6,2.55
0.5,6,2.6
0.5,6,2.65
0.5,6,2.7
0.5,6,2.75
0.5,6,2.8
0.5,6,2.85
0.5,6,2.9
0.5,6,2.95
0.5,6,3
0.5,6,3.05
0.5,6,3.1
0.5,6,3.15
0.5,6,3.2
0.5,6,3.25
0.5,6,3.3
0.5,6,3.35
0.5,6,3.4
0.5,6,3.45
0.5,6,3.5
0.5,6,3.55
0.5,6,3.6
0.5,6,3.65
0.5,6,3.7
0.5,6,3.75
0.5,6,3.8
0.5,6,3.85
0.5,6,3.9
0.5,6,3.95
0.5,6,4
0.5,6,4.05
0.5,6,4.1
0.5,6,4.15
0.5,6,4.2
0.5,6,4.25
0.5,6,4.3
0.5,6,4.35
0.5,6,4.4
0.5,6,4.45
0.5,6,4.5
0.5,6,4.55
0.5,6,4.6
0.5,6,4.65
0.5,6,4.7
0.5,6,4.75
0.5,6,4.8
0.5,6,4.85
0.5,6,4.9
0.5,6,4.95
0.5,6,5
0.5,6.5,0
0.5,6.5,0.05
0.5,6.5,0.1
0.5,6.5,0.15
0.5,6.5,0.2
0.5,6.5,0.25
0.5,6.5,0.3
0.5,6.5,0.35
0.5,6.5,0.4
0.5,6.5,0.45
0.5,6.5,0.5
0.5,6.5,0.55
0.5,6.5,0.6
0.5,6.5,0.65
0.5,6.5,0.7
0.5,6.5,0.75
0.5,6.5,0.8
0.5,6.5,0.85
0.5,6.5,0.9
0.5,6.5,0.95
0.5,6.5,1
0.5,6.5,1.05
0.5,6.5,1.1
0.5,6.5,1.15
0.5,6.5,1.2
0.5,6.5,1.25
0.5,6.5,1.3
0.5,6.5,1.35
0.5,6.5,1.4
0.5,6.5,1.45
0.5,6.5,1.5
0.5,6.5,1.55
0.5,6.5,1.6
0.5,6.5,1.65
0.5,6.5,1.7
0.5,6.5,1.75
0.5,6.5,1.8
0.5,6.5,1.85
0.5,6.5,1.9
0.5,6.5,1.95
0.5,6.5,2
0.5,6.5,2.05
0.5,6.5,2.1
0.5,6.5,2.15
0.5,6.5,2.2
0.5,6.5,2.25
0.5,6.5,2.3
0.5,6.5,2.35
0.5,6.5,2.4
0.5,6.5,2.45
0.5,6.5,2.5
0.5,6.5,2.55
0.5,6.5,2.6
0.5,6.5,2.65
0.5,6.5,2.7
0.5,6.5,2.75
0.5,6.5,2.8
0.5,6.5,2.85
0.5,6.5,2.9
0.5,6.5,2.95
0.5,6.5,3
0.5,6.5,3.05
0.5,6.5,3.1
0.5,6.5,3.15
0.5,6.5,3.2
0.5,6.5,3.25
0.5,6.5,3.3
0.5,6.5,3.35
0.5,6.5,3.4
0.5,6.5,3.45
0.5,6.5,3.5
0.5,6.5,3.55
0.5,6.5,3.6
0.5,6.5,3.65
0.5,6.5,3.7
0.5,6.5,3.75
0.5,6.5,3.8
0.5,6.5,3.85
0.5,6.5,3.9
0.5,6.5,3.95
0.5,6.5,4
0.5,6.5,4.05
0.5,6.5,4.1
0.5,6.5,4.15
0.5,6.5,4.2
0.5,6.5,4.25
0.5,6.5,4.3
0.5,6.5,4.35
0.5,6.5,4.4
0.5,6.5,4.45
0.5,6.5,4.5
0.5,6.5,4.55
0.5,6.5,4.6
0.5,6.5,4.65
0.5,6.5,4.7
0.5,6.5,4.75
0.5,6.5,4.8
0.5,6.5,4.85
0.5,6.5,4.9
0.5,6.5,4.95
0.5,6.5,5
0.5,7,0
0.5,7,0.05
0.5,7,0.1
0.5,7,0.15
0.5,7,0.2
0.5,7,0.25
0.5,7,0.3
0.5,7,0.35
0.5,7,0.4
0.5,7,0.45
0.5,7,0.5
0.5,7,0.55
0.5,7,0.6
0.5,7,0.65
0.5,7,0.7
0.5,7,0.75
0.5,7,0.8
0.5,7,0.85
0.5,7,0.9
0.5,7,0.95
0.5,7,1
0.5,7,1.05
0.5,7,1.1
0.5,7,1.15
0.5,7,1.2
0.5,7,1.25
0.5,7,1.3
0.5,7,1.35
0.5,7,1.4
0.5,7,1.45
0.5,7,1.5
0.5,7,1.55
0.5,7,1.6
0.5,7,1.65
0.5,7,1.7
0.5,7,1.75
0.5,7,1.8
0.5,7,1.85
0.5,7,1.9
0.5,7,1.95
0.5,7,2
0.5,7,2.05
0.5,7,2.1
0.5,7,2.15
0.5,7,2.2
0.5,7,2.25
0.5,7,2.3
0.5,7,2.35
0.5,7,2.4
0.5,7,2.45
0.5,7,2.5
0.5,7,2.55
0.5,7,2.6
0.5,7,2.65
0.5,7,2.7
0.5,7,2.75
0.5,7,2.8
0.5,7,2.85
0.5,7,2.9
0.5,7,2.95
0.5,7,3
0.5,7,3.05
0.5,7,3.1
0.5,7,3.15
0.5,7,3.2
0.5,7,3.25
0.5,7,3.3
0.5,7,3.35
0.5,7,3.4
0.5,7,3.45
0.5,7,3.5
0.5,7,3.55
0.5,7,3.6
0.5,7,3.65
0.5,7,3.7
0.5,7,3.75
0.5,7,3.8
0.5,7,3.85
0.5,7,3.9
0.5,7,3.95
0.5,7,4
0.5,7,4.05
0.5,7,4.1
0.5,7,4.15
0.5,7,4.2
0.5,7,4.25
0.5,7,4.3
0.5,7,4.35
0.5,7,4.4
0.5,7,4.45
0.5,7,4.5
0.5,7,4.55
0.5,7,4.6
0.5,7,4.65
0.5,7,4.7
0.5,7,4.75
0.5,7,4.8
0.5,7,4.85
0.5,7,4.9
0.5,7,4.95
0.5,7,5
0.5,7.5,0
0.5,7.5,0.05
0.5,7.5,0.1
0.5,7.5,0.15
0.5,7.5,0.2
0.5,7.5,0.25
0.5,7.5,0.3
0.5,7.5,0.35
0.5,7.5,0.4
0.5,7.5,0.45
0.5,7.5,0.5
0.5,7.5,0.55
0.5,7.5,0.6
0.5,7.5,0.65
0.5,7.5,0.7
0.5,7.5,0.75
0.5,7.5,0.8
0.5,7.5,0.85
0.5,7.5,0.9
0.5,7.5,0.95
0.5,7.5,1
0.5,7.5,1.05
0.5,7.5,1.1
0.5,7.5,1.15
0.5,7.5,1.2
0.5,7.5,1.25
0.5,7.5,1.3
0.5,7.5,1.35
0.5,7.5,1.4
0.5,7.5,1.45
0.5,7.5,1.5
0.5,7.5,1.55
0.5,7.5,1.6
0.5,7.5,1.65
0.5,7.5,1.7
0.5,7.5,1.75
0.5,7.5,1.8
0.5,7.5,1.85
0.5,7.5,1.9
0.5,7.5,1.95
0.5,7.5,2
0.5,7.5,2.05
0.5,7.5,2.1
0.5,7.5,2.15
0.5,7.5,2.2
0.5,7.5,2.25
0.5,7.5,2.3
0.5,7.5,2.35
0.5,7.5,2.4
0.5,7.5,2.45
0.5,7.5,2.5
0.5,7.5,2.55
0.5,7.5,2.6
0.5,7.5,2.65
0.5,7.5,2.7
0.5,7.5,2.75
0.5,7.5,2.8
0.5,7.5,2.85
0.5,7.5,2.9
0.5,7.5,2.95
0.5,7.5,3
0.5,7.5,3.05
0.5,7.5,3.1
0.5,7.5,3.15
0.5,7.5,3.2
0.5,7.5,3.25
0.5,7.5,3.3
0.5,7.5,3.35
0.5,7.5,3.4
0.5,7.5,3.45
0.5,7.5,3.5
0.5,7.5,3.55
0.5,7.5,3.6
0.5,7.5,3.65
0.5,7.5,3.7
0.5,7.5,3.75
0.5,7.5,3.8
0.5,7.5,3.85
0.5,7.5,3.9
0.5,7.5,3.95
0.5,7.5,4
0.5,7.5,4.05
0.5,7.5,4.1
0.5,7.5,4.15
0.5,7.5,4.2
0.5,7.5,4.25
0.5,7.5,4.3
0.5,7.5,4.35
0.5,7.5,4.4
0.5,7.5,4.45
0.5,7.5,4.5
0.5,7.5,4.55
0.5,7.5,4.6
0.5,7.5,4.65
0.5,7.5,4.7
0.5,7.5,4.75
0.5,7.5,4.8
0.5,7.5,4.85
0.5,7.5,4.9
0.5,7.5,4.95
0.5,7.5,5
0.5,8,0
0.5,8,0.05
0.5,8,0.1
0.5,8,0.15
0.5,8,0.2
0.5,8,0.25
0.5,8,0.3
0.5,8,0.35
0.5,8,0.4
0.5,8,0.45
0.5,8,0.5
0.5,8,0.55
0.5,8,0.6
0.5,8,0.65
0.5,8,0.7
0.5,8,0.75
0.5,8,0.8
0.5,8,0.85
0.5,8,0.9
0.5,8,0.95
0.5,8,1
0.5,8,1.05
0.5,8,1.1
0.5,8,1.15
0.5,8,1.2
0.5,8,1.25
0.5,8,1.3
0.5,8,1.35
0.5,8,1.4
0.5,8,1.45
0.5,8,1.5
0.5,8,1.55
0.5,8,1.6
0.5,8,1.65
0.5,8,1.7
0.5,8,1.75
0.5,8,1.8
0.5,8,1.85
0.5,8,1.9
0.5,8,1.95
0.5,8,2
0.5,8,2.05
0.5,8,2.1
0.5,8,2.15
0.5,8,2.2
0.5,8,2.25
0.5,8,2.3
0.5,8,2.35
0.5,8,2.4
0.5,8,2.45
0.5,8,2.5
0.5,8,2.55
0.5,8,2.6
0.5,8,2.65
0.5,8,2.7
0.5,8,2.75
0.5,8,2.8
0.5,8,2.85
0.5,8,2.9
0.5,8,2.95
0.5,8,3
0.5,8,3.05
0.5,8,3.1
0.5,8,3.15
0.5,8,3.2
0.5,8,3.25
0.5,8,3.3
0.5,8,3.35
0.5,8,3.4
0.5,8,3.45
0.5,8,3.5
0.5,8,3.55
0.5,8,3.6
0.5,8,3.65
0.5,8,3.7
0.5,8,3.75
0.5,8,3.8
0.5,8,3.85
0.5,8,3.9
0.5,8,3.95
0.5,8,4
0.5,8,4.05
0.5,8,4.1
0.5,8,4.15
0.5,8,4.2
0.5,8,4.25
0.5,8,4.3
0.5,8,4.35
0.5,8,4.4
0.5,8,4.45
0.5,8,4.5
0.5,8,4.55
0.5,8,4.6
0.5,8,4.65
0.5,8,4.7
0.5,8,4.75
0.5,8,4.8
0.5,8,4.85
0.5,8,4.9
0.5,8,4.95
0.5,8,5
0.5,8.5,0
0.5,8.5,0.05
0.5,8.5,0.1
0.5,8.5,0.15
0.5,8.5,0.2
0.5,8.5,0.25
0.5,8.5,0.3
0.5,8.5,0.35
0.5,8.5,0.4
0.5,8.5,0.45
0.5,8.5,0.5
0.5,8.5,0.55
0.5,8.5,0.6
0.5,8.5,0.65
0.5,8.5,0.7
0.5,8.5,0.75
0.5,8.5,0.8
0.5,8.5,0.85
0.5,8.5,0.9
0.5,8.5,0.95
0.5,8.5,1
0.5,8.5,1.05
0.5,8.5,1.1
0.5,8.5,1.15
0.5,8.5,1.2
0.5,8.5,1.25
0.5,8.5,1.3
0.5,8.5,1.35
0.5,8.5,1.4
0.5,8.5,1.45
0.5,8.5,1.5
0.5,8.5,1.55
0.5,8.5,1.6
0.5,8.5,1.65
0.5,8.5,1.7
0.5,8.5,1.75
0.5,8.5,1.8
0.5,8.5,1.85
0.5,8.5,1.9
0.5,8.5,1.95
0.5,8.5,2
0.5,8.5,2.05
0.5,8.5,2.1
0.5,8.5,2.15
0.5,8.5,2.2
0.5,8.5,2.25
0.5,8.5,2.3
0.5,8.5,2.35
0.5,8.5,2.4
0.5,8.5,2.45
0.5,8.5,2.5
0.5,8.5,2.55
0.5,8.5,2.6
0.5,8.5,2.65
0.5,8.5,2.7
0.5,8.5,2.75
0.5,8.5,2.8
0.5,8.5,2.85
0.5,8.5,2.9
0.5,8.5,2.95
0.5,8.5,3
0.5,8.5,3.05
0.5,8.5,3.1
0.5,8.5,3.15
0.5,8.5,3.2
0.5,8.5,3.25
0.5,8.5,3.3
0.5,8.5,3.35
0.5,8.5,3.4
0.5,8.5,3.45
0.5,8.5,3.5
0.5,8.5,3.55
0.5,8.5,3.6
0.5,8.5,3.65
0.5,8.5,3.7
0.5,8.5,3.75
0.5,8.5,3.8
0.5,8.5,3.85
0.5,8.5,3.9
0.5,8.5,3.95
0.5,8.5,4
0.5,8.5,4.05
0.5,8.5,4.1
0.5,8.5,4.15
0.5,8.5,4.2
0.5,8.5,4.25
0.5,8.5,4.3
0.5,8.5,4.35
0.5,8.5,4.4
0.5,8.5,4.45
0.5,8.5,4.5
0.5,8.5,4.55
0.5,8.5,4.6
0.5,8.5,4.65
0.5,8.5,4.7
0.5,8.5,4.75
0.5,8.5,4.8
0.5,8.5,4.85
0.5,8.5,4.9
0.5,8.5,4.95
0.5,8.5,5
0.5,9,0
0.5,9,0.05
0.5,9,0.1
0.5,9,0.15
0.5,9,0.2
0.5,9,0.25
0.5,9,0.3
0.5,9,0.35
0.5,9,0.4
0.5,9,0.45
0.5,9,0.5
0.5,9,0.55
0.5,9,0.6
0.5,9,0.65
0.5,9,0.7
0.5,9,0.75
0.5,9,0.8
0.5,9,0.85
0.5,9,0.9
0.5,9,0.95
0.5,9,1
0.5,9,1.05
0.5,9,1.1
0.5,9,1.15
0.5,9,1.2
0.5,9,1.25
0.5,9,1.3
0.5,9,1.35
0.5,9,1.4
0.5,9,1.45
0.5,9,1.5
0.5,9,1.55
0.5,9,1.6
0.5,9,1.65
0.5,9,1.7
0.5,9,1.75
0.5,9,1.8
0.5,9,1.85
0.5,9,1.9
0.5,9,1.95
0.5,9,2
0.5,9,2.05
0.5,9,2.1
0.5,9,2.15
0.5,9,2.2
0.5,9,2.25
0.5,9,2.3
0.5,9,2.35
0.5,9,2.4
0.5,9,2.45
0.5,9,2.5
0.5,9,2.55
0.5,9,2.6
0.5,9,2.65
0.5,9,2.7
0.5,9,2.75
0.5,9,2.8
0.5,9,2.85
0.5,9,2.9
0.5,9,2.95
0.5,9,3
0.5,9,3.05
0.5,9,3.1
0.5,9,3.15
0.5,9,3.2
0.5,9,3.25
0.5,9,3.3
0.5,9,3.35
0.5,9,3.4
0.5,9,3.45
0.5,9,3.5
0.5,9,3.55
0.5,9,3.6
0.5,9,3.65
0.5,9,3.7
0.5,9,3.75
0.5,9,3.8
0.5,9,3.85
0.5,9,3.9
0.5,9,3.95
0.5,9,4
0.5,9,4.05
0.5,9,4.1
0.5,9,4.15
0.5,9,4.2
0.5,9,4.25
0.5,9,4.3
0.5,9,4.35
0.5,9,4.4
0.5,9,4.45
0.5,9,4.5
0.5,9,4.55
0.5,9,4.6
0.5,9,4.65
0.5,9,4.7
0.5,9,4.75
0.5,9,4.8
0.5,9,4.85
0.5,9,4.9
0.5,9,4.95
0.5,9,5
0.5,9.5,0
0.5,9.5,0.05
0.5,9.5,0.1
0.5,9.5,0.15
0.5,9.5,0.2
0.5,9.5,0.25
0.5,9.5,0.3
0.5,9.5,0.35
0.5,9.5,0.4
0.5,9.5,0.45
0.5,9.5,0.5
0.5,9.5,0.55
0.5,9.5,0.6
0.5,9.5,0.65
0.5,9.5,0.7
0.5,9.5,0.75
0.5,9.5,0.8
0.5,9.5,0.85
0.5,9.5,0.9
0.5,9.5,0.95
0.5,9.5,1
0.5,9.5,1.05
0.5,9.5,1.1
0.5,9.5,1.15
0.5,9.5,1.2
0.5,9.5,1.25
0.5,9.5,1.3
0.5,9.5,1.35
0.5,9.5,1.4
0.5,9.5,1.45
0.5,9.5,1.5
0.5,9.5,1.55
0.5,9.5,1.6
0.5,9.5,1.65
0.5,9.5,1.7
0.5,9.5,1.75
0.5,9.5,1.8
0.5,9.5,1.85
0.5,9.5,1.9
0.5,9.5,1.95
0.5,9.5,2
0.5,9.5,2.05
0.5,9.5,2.1
0.5,9.5,2.15
0.5,9.5,2.2
0.5,9.5,2.25
0.5,9.5,2.3
0.5,9.5,2.35
0.5,9.5,2.4
0.5,9.5,2.45
0.5,9.5,2.5
0.5,9.5,2.55
0.5,9.5,2.6
0.5,9.5,2.65
0.5,9.5,2.7
0.5,9.5,2.75
0.5,9.5,2.8
0.5,9.5,2.85
0.5,9.5,2.9
0.5,9.5,2.95
0.5,9.5,3
0.5,9.5,3.05
0.5,9.5,3.1
0.5,9.5,3.15
0.5,9.5,3.2
0.5,9.5,3.25
0.5,9.5,3.3
0.5,9.5,3.35
0.5,9.5,3.4
0.5,9.5,3.45
0.5,9.5,3.5
0.5,9.5,3.55
0.5,9.5,3.6
0.5,9.5,3.65
0.5,9.5,3.7
0.5,9.5,3.75
0.5,9.5,3.8
0.5,9.5,3.85
0.5,9.5,3.9
0.5,9.5,3.95
0.5,9.5,4
0.5,9.5,4.05
0.5,9.5,4.1
0.5,9.5,4.15
0.5,9.5,4.2
0.5,9.5,4.25
0.5,9.5,4.3
0.5,9.5,4.35
0.5,9.5,4.4
0.5,9.5,4.45
0.5,9.5,4.5
0.5,9.5,4.55
0.5,9.5,4.6
0.5,9.5,4.65
0.5,9.5,4.7
0.5,9.5,4.75
0.5,9.5,4.8
0.5,9.5,4.85
0.5,9.5,4.9
0.5,9.5,4.95
0.5,9.5,5
0.5,10,0
0.5,10,0.05
0.5,10,0.1
0.5,10,0.15
0.5,10,0.2
0.5,10,0.25
0.5,10,0.3
0.5,10,0.35
0.5,10,0.4
0.5,10,0.45
0.5,10,0.5
0.5,10,0.55
0.5,10,0.6
0.5,10,0.65
0.5,10,0.7
0.5,10,0.75
0.5,10,0.8
0.5,10,0.85
0.5,10,0.9
0.5,10,0.95
0.5,10,1
0.5,10,1.05
0.5,10,1.1
0.5,10,1.15
0.5,10,1.2
0.5,10,1.25
0.5,10,1.3
0.5,10,1.35
0.5,10,1.4
0.5,10,1.45
0.5,10,1.5
0.5,10,1.55
0.5,10,1.6
0.5,10,1.65
0.5,10,1.7
0.5,10,1.75
0.5,10,1.8
0.5,10,1.85
0.5,10,1.9
0.5,10,1.95
0.5,10,2
0.5,10,2.05
0.5,10,2.1
0.5,10,2.15
0.5,10,2.2
0.5,10,2.25
0.5,10,2.3
0.5,10,2.35
0.5,10,2.4
0.5,10,2.45
0.5,10,2.5
0.5,10,2.55
0.5,10,2.6
0.5,10,2.65
0.5,10,2.7
0.5,10,2.75
0.5,10,2.8
0.5,10,2.85
0.5,10,2.9
0.5,10,2.95
0.5,10,3
0.5,10,3.05
0.5,10,3.1
0.5,10,3.15
0.5,10,3.2
0.5,10,3.25
0.5,10,3.3
0.5,10,3.35
0.5,10,3.4
0.5,10,3.45
0.5,10,3.5
0.5,10,3.55
0.5,10,3.6
0.5,10,3.65
0.5,10,3.7
0.5,10,3.75
0.5,10,3.8
0.5,10,3.85
0.5,10,3.9
0.5,10,3.95
0.5,10,4
0.5,10,4.05
0.5,10,4.1
0.5,10,4.15
0.5,10,4.2
0.5,10,4.25
0.5,10,4.3
0.5,10,4.35
0.5,10,4.4
0.5,10,4.45
0.5,10,4.5
0.5,10,4.55
0.5,10,4.6
0.5,10,4.65
0.5,10,4.7
0.5,10,4.75
0.5,10,4.8
0.5,10,4.85
0.5,10,4.9
0.5,10,4.95
0.5,10,5
1,0,0
1,0,0.05
1,0,0.1
1,0,0.15
1,0,0.2
1,0,0.25
1,0,0.3
1,0,0.35
1,0,0.4
1,0,0.45
1,0,0.5
1,0,0.55
1,0,0.6
1,0,0.65
1,0,0.7
1,0,0.75
1,0,0.8
1,0,0.85
1,0,0.9
1,0,0.95
1,0,1
1,0,1.05
1,0,1.1
1,0,1.15
1,0,1.2
1,0,1.25
1,0,1.3
1,0,1.35
1,0,1.4
1,0,1.45
1,0,1.5
1,0,1.55
1,0,1.6
1,0,1.65
1,0,1.7
1,0,1.75
1,0,1.8
1,0,1.85
1,0,1.9
1,0,1.95
1,0,2
1,0,2.05
1,0,2.1
1,0,2.15
1,0,2.2
1,0,2.25
1,0,2.3
1,0,2.35
1,0,2.4
1,0,2.45
1,0,2.5
1,0,2.55
1,0,2.6
1,0,2.65
1,0,2.7
1,0,2.75
1,0,2.8
1,0,2.85
1,0,2.9
1,0,2.95
1,0,3
1,0,3.05
1,0,3.1
1,0,3.15
1,0,3.2
1,0,3.25
1,0,3.3
1,0,3.35
1,0,3.4
1,0,3.45
1,0,3.5
1,0,3.55
1,0,3.6
1,0,3.65
1,0,3.7
1,0,3.75
1,0,3.8
1,0,3.85
1,0,3.9
1,0,3.95
1,0,4
1,0,4.05
1,0,4.1
1,0,4.15
1,0,4.2
1,0,4.25
1,0,4.3
1,0,4.35
1,0,4.4
1,0,4.45
1,0,4.5
1,0,4.55
1,0,4.6
1,0,4.65
1,0,4.7
1,0,4.75
1,0,4.8
1,0,4.85
1,0,4.9
1,0,4.95
1,0,5
1,0.5,0
1,0.5,0.05
1,0.5,0.1
1,0.5,0.15
1,0.5,0.2
1,0.5,0.25
1,0.5,0.3
1,0.5,0.35
1,0.5,0.4
1,0.5,0.45
1,0.5,0.5
1,0.5,0.55
1,0.5,0.6
1,0.5,0.65
1,0.5,0.7
1,0.5,0.75
1,0.5,0.8
1,0.5,0.85
1,0.5,0.9
1,0.5,0.95
1,0.5,1
1,0.5,1.05
1,0.5,1.1
1,0.5,1.15
1,0.5,1.2
1,0.5,1.25
1,0.5,1.3
1,0.5,1.35
1,0.5,1.4
1,0.5,1.45
1,0.5,1.5
1,0.5,1.55
1,0.5,1.6
1,0.5,1.65
1,0.5,1.7
1,0.5,1.75
1,0.5,1.8
1,0.5,1.85
1,0.5,1.9
1,0.5,1.95
1,0.5,2
1,0.5,2.05
1,0.5,2.1
1,0.5,2.15
1,0.5,2.2
1,0.5,2.25
1,0.5,2.3
1,0.5,2.35
1,0.5,2.4
1,0.5,2.45
1,0.5,2.5
1,0.5,2.55
1,0.5,2.6
1,0.5,2.65
1,0.5,2.7
1,0.5,2.75
1,0.5,2.8
1,0.5,2.85
1,0.5,2.9
1,0.5,2.95
1,0.5,3
1,0.5,3.05
1,0.5,3.1
1,0.5,3.15
1,0.5,3.2
1,0.5,3.25
1,0.5,3.3
1,0.5,3.35
1,0.5,3.4
1,0.5,3.45
1,0.5,3.5
1,0.5,3.55
1,0.5,3.6
1,0.5,3.65
1,0.5,3.7
1,0.5,3.75
1,0.5,3.8
1,0.5,3.85
1,0.5,3.9
1,0.5,3.95
1,0.5,4
1,0.5,4.05
1,0.5,4.1
1,0.5,4.15
1,0.5,4.2
1,0.5,4.25
1,0.5,4.3
1,0.5,4.35
1,0.5,4.4
1,0.5,4.45
1,0.5,4.5
1,0.5,4.55
1,0.5,4.6
1,0.5,4.65
1,0.5,4.7
1,0.5,4.75
1,0.5,4.8
1,0.5,4.85
1,0.5,4.9
1,0.5,4.95
1,0.5,5
1,1,0
1,1,0.05
1,1,0.1
1,1,0.15
1,1,0.2
1,1,0.25
1,1,0.3
1,1,0.35
1,1,0.4
1,1,0.45
1,1,0.5
1,1,0.55
1,1,0.6
1,1,0.65
1,1,0.7
1,1,0.75
1,1,0.8
1,1,0.85
1,1,0.9
1,1,0.95
1,1,1
1,1,1.05
1,1,1.1
1,1,1.15
1,1,1.2
1,1,1.25
1,1,1.3
1,1,1.35
1,1,1.4
1,1,1.45
1,1,1.5
1,1,1.55
1,1,1.6
1,1,1.65
1,1,1.7
1,1,1.75
1,1,1.8
1,1,1.85
1,1,1.9
1,1,1.95
1,1,2
1,1,2.05
1,1,2.1
1,1,2.15
1,1,2.2
1,1,2.25
1,1,2.3
1,1,2.35
1,1,2.4
1,1,2.45
1,1,2.5
1,1,2.55
1,1,2.6
1,1,2.65
1,1,2.7
1,1,2.75
1,1,2.8
1,1,2.85
1,1,2.9
1,1,2.95
1,1,3
1,1,3.05
1,1,3.1
1,1,3.15
1,1,3.2
1,1,3.25
1,1,3.3
1,1,3.35
1,1,3.4
1,1,3.45
1,1,3.5
1,1,3.55
1,1,3.6
1,1,3.65
1,1,3.7
1,1,3.75
1,1,3.8
1,1,3.85
1,1,3.9
1,1,3.95
1,1,4
1,1,4.05
1,1,4.1
1,1,4.15
1,1,4.2
1,1,4.25
1,1,4.3
1,1,4.35
1,1,4.4
1,1,4.45
1,1,4.5
1,1,4.55
1,1,4.6
1,1,4.65
1,1,4.7
1,1,4.75
1,1,4.8
1,1,4.85
1,1,4.9
1,1,4.95
1,1,5
1,1.5,0
1,1.5,0.05
1,1.5,0.1
1,1.5,0.15
1,1.5,0.2
1,1.5,0.25
1,1.5,0.3
1,1.5,0.35
1,1.5,0.4
1,1.5,0.45
1,1.5,0.5
1,1.5,0.55
1,1.5,0.6
1,1.5,0.65
1,1.5,0.7
1,1.5,0.75
1,1.5,0.8
1,1.5,0.85
1,1.5,0.9
1,1.5,0.95
1,1.5,1
1,1.5,1.05
1,1.5,1.1
1,1.5,1.15
1,1.5,1.2
1,1.5,1.25
1,1.5,1.3
1,1.5,1.35
1,1.5,1.4
1,1.5,1.45
1,1.5,1.5
1,1.5,1.55
1,1.5,1.6
1,1.5,1.65
1,1.5,1.7
1,1.5,1.75
1,1.5,1.8
1,1.5,1.85
1,1.5,1.9
1,1.5,1.95
1,1.5,2
1,1.5,2.05
1,1.5,2.1
1,1.5,2.15
1,1.5,2.2
1,1.5,2.25
1,1.5,2.3
1,1.5,2.35
1,1.5,2.4
1,1.5,2.45
1,1.5,2.5
1,1.5,2.55
1,1.5,2.6
1,1.5,2.65
1,1.5,2.7
1,1.5,2.75
1,1.5,2.8
1,1.5,2.85
1,1.5,2.9
1,1.5,2.95
1,1.5,3
1,1.5,3.05
1,1.5,3.1
1,1.5,3.15
1,1.5,3.2
1,1.5,3.25
1,1.5,3.3
1,1.5,3.35
1,1.5,3.4
1,1.5,3.45
1,1.5,3.5
1,1.5,3.55
1,1.5,3.6
1,1.5,3.65
1,1.5,3.7
1,1.5,3.75
1,1.5,3.8
1,1.5,3.85
1,1.5,3.9
1,1.5,3.95
1,1.5,4
1,1.5,4.05
1,1.5,4.1
1,1.5,4.15
1,1.5,4.2
1,1.5,4.25
1,1.5,4.3
1,1.5,4.35
1,1.5,4.4
1,1.5,4.45
1,1.5,4.5
1,1.5,4.55
1,1.5,4.6
1,1.5,4.65
1,1.5,4.7
1,1.5,4.75
1,1.5,4.8
1,1.5,4.85
1,1.5,4.9
1,1.5,4.95
1,1.5,5
1,2,0
1,2,0.05
1,2,0.1
1,2,0.15
1,2,0.2
1,2,0.25
1,2,0.3
1,2,0.35
1,2,0.4
1,2,0.45
1,2,0.5
1,2,0.55
1,2,0.6
1,2,0.65
1,2,0.7
1,2,0.75
1,2,0.8
1,2,0.85
1,2,0.9
1,2,0.95
1,2,1
1,2,1.05
1,2,1.1
1,2,1.15
1,2,1.2
1,2,1.25
1,2,1.3
1,2,1.35
1,2,1.4
1,2,1.45
1,2,1.5
1,2,1.55
1,2,1.6
1,2,1.65
1,2,1.7
1,2,1.75
1,2,1.8
1,2,1.85
1,2,1.9
1,2,1.95
1,2,2
1,2,2.05
1,2,2.1
1,2,2.15
1,2,2.2
1,2,2.25
1,2,2.3
1,2,2.35
1,2,2.4
1,2,2.45
1,2,2.5
1,2,2.55
1,2,2.6
1,2,2.65
1,2,2.7
1,2,2.75
1,2,2.8
1,2,2.85
1,2,2.9
1,2,2.95
1,2,3
1,2,3.05
1,2,3.1
1,2,3.15
1,2,3.2
1,2,3.25
1,2,3.3
1,2,3.35
1,2,3.4
1,2,3.45
1,2,3.5
1,2,3.55
1,2,3.6
1,2,3.65
1,2,3.7
1,2,3.75
1,2,3.8
1,2,3.85
1,2,3.9
1,2,3.95
1,2,4
1,2,4.05
1,2,4.1
1,2,4.15
1,2,4.2
1,2,4.25
1,2,4.3
1,2,4.35
1,2,4.4
1,2,4.45
1,2,4.5
1,2,4.55
1,2,4.6
1,2,4.65
1,2,4.7
1,2,4.75
1,2,4.8
1,2,4.85
1,2,4.9
1,2,4.95
1,2,5
1,2.5,0
1,2.5,0.05
1,2.5,0.1
1,2.5,0.15
1,2.5,0.2
1,2.5,0.25
1,2.5,0.3
1,2.5,0.35
1,2.5,0.4
1,2.5,0.45
1,2.5,0.5
1,2.5,0.55
1,2.5,0.6
1,2.5,0.65
1,2.5,0.7
1,2.5,0.75
1,2.5,0.8
1,2.5,0.85
1,2.5,0.9
1,2.5,0.95
1,2.5,1
1,2.5,1.05
1,2.5,1.1
1,2.5,1.15
1,2.5,1.2
1,2.5,1.25
1,2.5,1.3
1,2.5,1.35
1,2.5,1.4
1,2.5,1.45
1,2.5,1.5
1,2.5,1.55
1,2.5,1.6
1,2.5,1.65
1,2.5,1.7
1,2.5,1.75
1,2.5,1.8
1,2.5,1.85
1,2.5,1.9
1,2.5,1.95
1,2.5,2
1,2.5,2.05
1,2.5,2.1
1,2.5,2.15
1,2.5,2.2
1,2.5,2.25
1,2.5,2.3
1,2.5,2.35
1,2.5,2.4
1,2.5,2.45
1,2.5,2.5
1,2.5,2.55
1,2.5,2.6
1,2.5,2.65
1,2.5,2.7
1,2.5,2.75
1,2.5,2.8
1,2.5,2.85
1,2.5,2.9
1,2.5,2.95
1,2.5,3
1,2.5,3.05
1,2.5,3.1
1,2.5,3.15
1,2.5,3.2
1,2.5,3.25
1,2.5,3.3
1,2.5,3.35
1,2.5,3.4
1,2.5,3.45
1,2.5,3.5
1,2.5,3.55
1,2.5,3.6
1,2.5,3.65
1,2.5,3.7
1,2.5,3.75
1,2.5,3.8
1,2.5,3.85
1,2.5,3.9
1,2.5,3.95
1,2.5,4
1,2.5,4.05
1,2.5,4.1
1,2.5,4.15
1,2.5,4.2
1,2.5,4.25
1,2.5,4.3
1,2.5,4.35
1,2.5,4.4
1,2.5,4.45
1,2.5,4.5
1,2.5,4.55
1,2.5,4.6
1,2.5,4.65
1,2.5,4.7
1,2.5,4.75
1,2.5,4.8
1,2.5,4.85
1,2.5,4.9
1,2.5,4.95
1,2.5,5
1,3,0
1,3,0.05
1,3,0.1
1,3,0.15
1,3,0.2
1,3,0.25
1,3,0.3
1,3,0.35
1,3,0.4
1,3,0.45
1,3,0.5
1,3,0.55
1,3,0.6
1,3,0.65
1,3,0.7
1,3,0.75
1,3,0.8
1,3,0.85
1,3,0.9
1,3,0.95
1,3,1
1,3,1.05
1,3,1.1
1,3,1.15
1,3,1.2
1,3,1.25
1,3,1.3
1,3,1.35
1,3,1.4
1,3,1.45
1,3,1.5
1,3,1.55
1,3,1.6
1,3,1.65
1,3,1.7
1,3,1.75
1,3,1.8
1,3,1.85
1,3,1.9
1,3,1.95
1,3,2
1,3,2.05
1,3,2.1
1,3,2.15
1,3,2.2
1,3,2.25
1,3,2.3
1,3,2.35
1,3,2.4
1,3,2.45
1,3,2.5
1,3,2.55
1,3,2.6
1,3,2.65
1,3,2.7
1,3,2.75
1,3,2.8
1,3,2.85
1,3,2.9
1,3,2.95
1,3,3
1,3,3.05
1,3,3.1
1,3,3.15
1,3,3.2
1,3,3.25
1,3,3.3
1,3,3.35
1,3,3.4
1,3,3.45
1,3,3.5
1,3,3.55
1,3,3.6
1,3,3.65
1,3,3.7
1,3,3.75
1,3,3.8
1,3,3.85
1,3,3.9
1,3,3.95
1,3,4
1,3,4.05
1,3,4.1
1,3,4.15
1,3,4.2
1,3,4.25
1,3,4.3
1,3,4.35
1,3,4.4
1,3,4.45
1,3,4.5
1,3,4.55
1,3,4.6
1,3,4.65
1,3,4.7
1,3,4.75
1,3,4.8
1,3,4.85
1,3,4.9
1,3,4.95
1,3,5
1,3.5,0
1,3.5,0.05
1,3.5,0.1
1,3.5,0.15
1,3.5,0.2
1,3.5,0.25
1,3.5,0.3
1,3.5,0.35
1,3.5,0.4
1,3.5,0.45
1,3.5,0.5
1,3.5,0.55
1,3.5,0.6
1,3.5,0.65
1,3.5,0.7
1,3.5,0.75
1,3.5,0.8
1,3.5,0.85
1,3.5,0.9
1,3.5,0.95
1,3.5,1
1,3.5,1.05
1,3.5,1.1
1,3.5,1.15
1,3.5,1.2
1,3.5,1.25
1,3.5,1.3
1,3.5,1.35
1,3.5,1.4
1,3.5,1.45
1,3.5,1.5
1,3.5,1.55
1,3.5,1.6
1,3.5,1.65
1,3.5,1.7
1,3.5,1.75
1,3.5,1.8
1,3.5,1.85
1,3.5,1.9
1,3.5,1.95
1,3.5,2
1,3.5,2.05
1,3.5,2.1
1,3.5,2.15
1,3.5,2.2
1,3.5,2.25
1,3.5,2.3
1,3.5,2.35
1,3.5,2.4
1,3.5,2.45
1,3.5,2.5
1,3.5,2.55
1,3.5,2.6
1,3.5,2.65
1,3.5,2.7
1,3.5,2.75
1,3.5,2.8
1,3.5,2.85
1,3.5,2.9
1,3.5,2.95
1,3.5,3
1,3.5,3.05
1,3.5,3.1
1,3.5,3.15
1,3.5,3.2
1,3.5,3.25
1,3.5,3.3
1,3.5,3.35
1,3.5,3.4
1,3.5,3.45
1,3.5,3.5
1,3.5,3.55
1,3.5,3.6
1,3.5,3.65
1,3.5,3.7
1,3.5,3.75
1,3.5,3.8
1,3.5,3.85
1,3.5,3.9
1,3.5,3.95
1,3.5,4
1,3.5,4.05
1,3.5,4.1
1,3.5,4.15
1,3.5,4.2
1,3.5,4.25
1,3.5,4.3
1,3.5,4.35
1,3.5,4.4
1,3.5,4.45
1,3.5,4.5
1,3.5,4.55
1,3.5,4.6
1,3.5,4.65
1,3.5,4.7
1,3.5,4.75
1,3.5,4.8
1,3.5,4.85
1,3.5,4.9
1,3.5,4.95
1,3.5,5
1,4,0
1,4,0.05
1,4,0.1
1,4,0.15
1,4,0.2
1,4,0.25
1,4,0.3
1,4,0.35
1,4,0.4
1,4,0.45
1,4,0.5
1,4,0.55
1,4,0.6
1,4,0.65
1,4,0.7
1,4,0.75
1,4,0.8
1,4,0.85
1,4,0.9
1,4,0.95
1,4,1
1,4,1.05
1,4,1.1
1,4,1.15
1,4,1.2
1,4,1.25
1,4,1.3
1,4,1.35
1,4,1.4
1,4,1.45
1,4,1.5
1,4,1.55
1,4,1.6
1,4,1.65
1,4,1.7
1,4,1.75
1,4,1.8
1,4,1.85
1,4,1.9
1,4,1.95
1,4,2
1,4,2.05
1,4,2.1
1,4,2.15
1,4,2.2
1,4,2.25
1,4,2.3
1,4,2.35
1,4,2.4
1,4,2.45
1,4,2.5
1,4,2.55
1,4,2.6
1,4,2.65
1,4,2.7
1,4,2.75
1,4,2.8
1,4,2.85
1,4,2.9
1,4,2.95
1,4,3
1,4,3.05
1,4,3.1
1,4,3.15
1,4,3.2
1,4,3.25
1,4,3.3
1,4,3.35
1,4,3.4
1,4,3.45
1,4,3.5
1,4,3.55
1,4,3.6
1,4,3.65
1,4,3.7
1,4,3.75
1,4,3.8
1,4,3.85
1,4,3.9
1,4,3.95
1,4,4
1,4,4.05
1,4,4.1
1,4,4.15
1,4,4.2
1,4,4.25
1,4,4.3
1,4,4.35
1,4,4.4
1,4,4.45
1,4,4.5
1,4,4.55
1,4,4.6
1,4,4.65
1,4,4.7
1,4,4.75
1,4,4.8
1,4,4.85
1,4,4.9
1,4,4.95
1,4,5
1,4.5,0
1,4.5,0.05
1,4.5,0.1
1,4.5,0.15
1,4.5,0.2
1,4.5,0.25
1,4.5,0.3
1,4.5,0.35
1,4.5,0.4
1,4.5,0.45
1,4.5,0.5
1,4.5,0.55
1,4.5,0.6
1,4.5,0.65
1,4.5,0.7
1,4.5,0.75
1,4.5,0.8
1,4.5,0.85
1,4.5,0.9
1,4.5,0.95
1,4.5,1
1,4.5,1.05
1,4.5,1.1
1,4.5,1.15
1,4.5,1.2
1,4.5,1.25
1,4.5,1.3
1,4.5,1.35
1,4.5,1.4
1,4.5,1.45
1,4.5,1.5
1,4.5,1.55
1,4.5,1.6
1,4.5,1.65
1,4.5,1.7
1,4.5,1.75
1,4.5,1.8
1,4.5,1.85
1,4.5,1.9
1,4.5,1.95
1,4.5,2
1,4.5,2.05
1,4.5,2.1
1,4.5,2.15
1,4.5,2.2
1,4.5,2.25
1,4.5,2.3
1,4.5,2.35
1,4.5,2.4
1,4.5,2.45
1,4.5,2.5
1,4.5,2.55
1,4.5,2.6
1,4.5,2.65
1,4.5,2.7
1,4.5,2.75
1,4.5,2.8
1,4.5,2.85
1,4.5,2.9
1,4.5,2.95
1,4.5,3
1,4.5,3.05
1,4.5,3.1
1,4.5,3.15
1,4.5,3.2
1,4.5,3.25
1,4.5,3.3
1,4.5,3.35
1,4.5,3.4
1,4.5,3.45
1,4.5,3.5
1,4.5,3.55
1,4.5,3.6
1,4.5,3.65
1,4.5,3.7
1,4.5,3.75
1,4.5,3.8
1,4.5,3.85
1,4.5,3.9
1,4.5,3.95
1,4.5,4
1,4.5,4.05
1,4.5,4.1
1,4.5,4.15
1,4.5,4.2
1,4.5,4.25
1,4.5,4.3
1,4.5,4.35
1,4.5,4.4
1,4.5,4.45
1,4.5,4.5
1,4.5,4.55
1,4.5,4.6
1,4.5,4.65
1,4.5,4.7
1,4.5,4.75
1,4.5,4.8
1,4.5,4.85
1,4.5,4.9
1,4.5,4.95
1,4.5,5
1,5,0
1,5,0.05
1,5,0.1
1,5,0.15
1,5,0.2
1,5,0.25
1,5,0.3
1,5,0.35
1,5,0.4
1,5,0.45
1,5,0.5
1,5,0.55
1,5,0.6
1,5,0.65
1,5,0.7
1,5,0.75
1,5,0.8
1,5,0.85
1,5,0.9
1,5,0.95
1,5,1
1,5,1.05
1,5,1.1
1,5,1.15
1,5,1.2
1,5,1.25
1,5,1.3
1,5,1.35
1,5,1.4
1,5,1.45
1,5,1.5
1,5,1.55
1,5,1.6
1,5,1.65
1,5,1.7
1,5,1.75
1,5,1.8
1,5,1.85
1,5,1.9
1,5,1.95
1,5,2
1,5,2.05
1,5,2.1
1,5,2.15
1,5,2.2
1,5,2.25
1,5,2.3
1,5,2.35
1,5,2.4
1,5,2.45
1,5,2.5
1,5,2.55
1,5,2.6
1,5,2.65
1,5,2.7
1,5,2.75
1,5,2.8
1,5,2.85
1,5,2.9
1,5,2.95
1,5,3
1,5,3.05
1,5,3.1
1,5,3.15
1,5,3.2
1,5,3.25
1,5,3.3
1,5,3.35
1,5,3.4
1,5,3.45
1,5,3.5
1,5,3.55
1,5,3.6
1,5,3.65
1,5,3.7
1,5,3.75
1,5,3.8
1,5,3.85
1,5,3.9
1,5,3.95
1,5,4
1,5,4.05
1,5,4.1
1,5,4.15
1,5,4.2
1,5,4.25
1,5,4.3
1,5,4.35
1,5,4.4
1,5,4.45
1,5,4.5
1,5,4.55
1,5,4.6
1,5,4.65
1,5,4.7
1,5,4.75
1,5,4.8
1,5,4.85
1,5,4.9
1,5,4.95
1,5,5
1,5.5,0
1,5.5,0.05
1,5.5,0.1
1,5.5,0.15
1,5.5,0.2
1,5.5,0.25
1,5.5,0.3
1,5.5,0.35
1,5.5,0.4
1,5.5,0.45
1,5.5,0.5
1,5.5,0.55
1,5.5,0.6
1,5.5,0.65
1,5.5,0.7
1,5.5,0.75
1,5.5,0.8
1,5.5,0.85
1,5.5,0.9
1,5.5,0.95
1,5.5,1
1,5.5,1.05
1,5.5,1.1
1,5.5,1.15
1,5.5,1.2
1,5.5,1.25
1,5.5,1.3
1,5.5,1.35
1,5.5,1.4
1,5.5,1.45
1,5.5,1.5
1,5.5,1.55
1,5.5,1.6
1,5.5,1.65
1,5.5,1.7
1,5.5,1.75
1,5.5,1.8
1,5.5,1.85
1,5.5,1.9
1,5.5,1.95
1,5.5,2
1,5.5,2.05
1,5.5,2.1
1,5.5,2.15
1,5.5,2.2
1,5.5,2.25
1,5.5,2.3
1,5.5,2.35
1,5.5,2.4
1,5.5,2.45
1,5.5,2.5
1,5.5,2.55
1,5.5,2.6
1,5.5,2.65
1,5.5,2.7
1,5.5,2.75
1,5.5,2.8
1,5.5,2.85
1,5.5,2.9
1,5.5,2.95
1,5.5,3
1,5.5,3.05
1,5.5,3.1
1,5.5,3.15
1,5.5,3.2
1,5.5,3.25
1,5.5,3.3
1,5.5,3.35
1,5.5,3.4
1,5.5,3.45
1,5.5,3.5
1,5.5,3.55
1,5.5,3.6
1,5.5,3.65
1,5.5,3.7
1,5.5,3.75
1,5.5,3.8
1,5.5,3.85
1,5.5,3.9
1,5.5,3.95
1,5.5,4
1,5.5,4.05
1,5.5,4.1
1,5.5,4.15
1,5.5,4.2
1,5.5,4.25
1,5.5,4.3
1,5.5,4.35
1,5.5,4.4
1,5.5,4.45
1,5.5,4.5
1,5.5,4.55
1,5.5,4.6
1,5.5,4.65
1,5.5,4.7
1,5.5,4.75
1,5.5,4.8
1,5.5,4.85
1,5.5,4.9
1,5.5,4.95
1,5.5,5
1,6,0
1,6,0.05
1,6,0.1
1,6,0.15
1,6,0.2
1,6,0.25
1,6,0.3
1,6,0.35
1,6,0.4
1,6,0.45
1,6,0.5
1,6,0.55
1,6,0.6
1,6,0.65
1,6,0.7
1,6,0.75
1,6,0.8
1,6,0.85
1,6,0.9
1,6,0.95
1,6,1
1,6,1.05
1,6,1.1
1,6,1.15
1,6,1.2
1,6,1.25
1,6,1.3
1,6,1.35
1,6,1.4
1,6,1.45
1,6,1.5
1,6,1.55
1,6,1.6
1,6,1.65
1,6,1.7
1,6,1.75
1,6,1.8
1,6,1.85
1,6,1.9
1,6,1.95
1,6,2
1,6,2.05
1,6,2.1
1,6,2.15
1,6,2.2
1,6,2.25
1,6,2.3
1,6,2.35
1,6,2.4
1,6,2.45
1,6,2.5
1,6,2.55
1,6,2.6
1,6,2.65
1,6,2.7
1,6,2.75
1,6,2.8
1,6,2.85
1,6,2.9
1,6,2.95
1,6,3
1,6,3.05
1,6,3.1
1,6,3.15
1,6,3.2
1,6,3.25
1,6,3.3
1,6,3.35
1,6,3.4
1,6,3.45
1,6,3.5
1,6,3.55
1,6,3.6
1,6,3.65
1,6,3.7
1,6,3.75
1,6,3.8
1,6,3.85
1,6,3.9
1,6,3.95
1,6,4
1,6,4.05
1,6,4.1
1,6,4.15
1,6,4.2
1,6,4.25
1,6,4.3
1,6,4.35
1,6,4.4
1,6,4.45
1,6,4.5
1,6,4.55
1,6,4.6
1,6,4.65
1,6,4.7
1,6,4.75
1,6,4.8
1,6,4.85
1,6,4.9
1,6,4.95
1,6,5
1,6.5,0
1,6.5,0.05
1,6.5,0.1
1,6.5,0.15
1,6.5,0.2
1,6.5,0.25
1,6.5,0.3
1,6.5,0.35
1,6.5,0.4
1,6.5,0.45
1,6.5,0.5
1,6.5,0.55
1,6.5,0.6
1,6.5,0.65
1,6.5,0.7
1,6.5,0.75
1,6.5,0.8
1,6.5,0.85
1,6.5,0.9
1,6.5,0.95
1,6.5,1
1,6.5,1.05
1,6.5,1.1
1,6.5,1.15
1,6.5,1.2
1,6.5,1.25
1,6.5,1.3
1,6.5,1.35
1,6.5,1.4
1,6.5,1.45
1,6.5,1.5
1,6.5,1.55
1,6.5,1.6
1,6.5,1.65
1,6.5,1.7
1,6.5,1.75
1,6.5,1.8
1,6.5,1.85
1,6.5,1.9
1,6.5,1.95
1,6.5,2
1,6.5,2.05
1,6.5,2.1
1,6.5,2.15
1,6.5,2.2
1,6.5,2.25
1,6.5,2.3
1,6.5,2.35
1,6.5,2.4
1,6.5,2.45
1,6.5,2.5
1,6.5,2.55
1,6.5,2.6
1,6.5,2.65
1,6.5,2.7
1,6.5,2.75
1,6.5,2.8
1,6.5,2.85
1,6.5,2.9
1,6.5,2.95
1,6.5,3
1,6.5,3.05
1,6.5,3.1
1,6.5,3.15
1,6.5,3.2
1,6.5,3.25
1,6.5,3.3
1,6.5,3.35
1,6.5,3.4
1,6.5,3.45
1,6.5,3.5
1,6.5,3.55
1,6.5,3.6
1,6.5,3.65
1,6.5,3.7
1,6.5,3.75
1,6.5,3.8
1,6.5,3.85
1,6.5,3.9
1,6.5,3.95
1,6.5,4
1,6.5,4.05
1,6.5,4.1
1,6.5,4.15
1,6.5,4.2
1,6.5,4.25
1,6.5,4.3
1,6.5,4.35
1,6.5,4.4
1,6.5,4.45
1,6.5,4.5
1,6.5,4.55
1,6.5,4.6
1,6.5,4.65
1,6.5,4.7
1,6.5,4.75
1,6.5,4.8
1,6.5,4.85
1,6.5,4.9
1,6.5,4.95
1,6.5,5
1,7,0
1,7,0.05
1,7,0.1
1,7,0.15
1,7,0.2
1,7,0.25
1,7,0.3
1,7,0.35
1,7,0.4
1,7,0.45
1,7,0.5
1,7,0.55
1,7,0.6
1,7,0.65
1,7,0.7
1,7,0.75
1,7,0.8
1,7,0.85
1,7,0.9
1,7,0.95
1,7,1
1,7,1.05
1,7,1.1
1,7,1.15
1,7,1.2
1,7,1.25
1,7,1.3
1,7,1.35
1,7,1.4
1,7,1.45
1,7,1.5
1,7,1.55
1,7,1.6
1,7,1.65
1,7,1.7
1,7,1.75
1,7,1.8
1,7,1.85
1,7,1.9
1,7,1.95
1,7,2
1,7,2.05
1,7,2.1
1,7,2.15
1,7,2.2
1,7,2.25
1,7,2.3
1,7,2.35
1,7,2.4
1,7,2.45
1,7,2.5
1,7,2.55
1,7,2.6
1,7,2.65
1,7,2.7
1,7,2.75
1,7,2.8
1,7,2.85
1,7,2.9
1,7,2.95
1,7,3
1,7,3.05
1,7,3.1
1,7,3.15
1,7,3.2
1,7,3.25
1,7,3.3
1,7,3.35
1,7,3.4
1,7,3.45
1,7,3.5
1,7,3.55
1,7,3.6
1,7,3.65
1,7,3.7
1,7,3.75
1,7,3.8
1,7,3.85
1,7,3.9
1,7,3.95
1,7,4
1,7,4.05
1,7,4.1
1,7,4.15
1,7,4.2
1,7,4.25
1,7,4.3
1,7,4.35
1,7,4.4
1,7,4.45
1,7,4.5
1,7,4.55
1,7,4.6
1,7,4.65
1,7,4.7
1,7,4.75
1,7,4.8
1,7,4.85
1,7,4.9
1,7,4.95
1,7,5
1,7.5,0
1,7.5,0.05
1,7.5,0.1
1,7.5,0.15
1,7.5,0.2
1,7.5,0.25
1,7.5,0.3
1,7.5,0.35
1,7.5,0.4
1,7.5,0.45
1,7.5,0.5
1,7.5,0.55
1,7.5,0.6
1,7.5,0.65
1,7.5,0.7
1,7.5,0.75
1,7.5,0.8
1,7.5,0.85
1,7.5,0.9
1,7.5,0.95
1,7.5,1
1,7.5,1.05
1,7.5,1.1
1,7.5,1.15
1,7.5,1.2
1,7.5,1.25
1,7.5,1.3
1,7.5,1.35
1,7.5,1.4
1,7.5,1.45
1,7.5,1.5
1,7.5,1.55
1,7.5,1.6
1,7.5,1.65
1,7.5,1.7
1,7.5,1.75
1,7.5,1.8
1,7.5,1.85
1,7.5,1.9
1,7.5,1.95
1,7.5,2
1,7.5,2.05
1,7.5,2.1
1,7.5,2.15
1,7.5,2.2
1,7.5,2.25
1,7.5,2.3
1,7.5,2.35
1,7.5,2.4
1,7.5,2.45
1,7.5,2.5
1,7.5,2.55
1,7.5,2.6
1,7.5,2.65
1,7.5,2.7
1,7.5,2.75
1,7.5,2.8
1,7.5,2.85
1,7.5,2.9
1,7.5,2.95
1,7.5,3
1,7.5,3.05
1,7.5,3.1
1,7.5,3.15
1,7.5,3.2
1,7.5,3.25
1,7.5,3.3
1,7.5,3.35
1,7.5,3.4
1,7.5,3.45
1,7.5,3.5
1,7.5,3.55
1,7.5,3.6
1,7.5,3.65
1,7.5,3.7
1,7.5,3.75
1,7.5,3.8
1,7.5,3.85
1,7.5,3.9
1,7.5,3.95
1,7.5,4
1,7.5,4.05
1,7.5,4.1
1,7.5,4.15
1,7.5,4.2
1,7.5,4.25
1,7.5,4.3
1,7.5,4.35
1,7.5,4.4
1,7.5,4.45
1,7.5,4.5
1,7.5,4.55
1,7.5,4.6
1,7.5,4.65
1,7.5,4.7
1,7.5,4.75
1,7.5,4.8
1,7.5,4.85
1,7.5,4.9
1,7.5,4.95
1,7.5,5
1,8,0
1,8,0.05
1,8,0.1
1,8,0.15
1,8,0.2
1,8,0.25
1,8,0.3
1,8,0.35
1,8,0.4
1,8,0.45
1,8,0.5
1,8,0.55
1,8,0.6
1,8,0.65
1,8,0.7
1,8,0.75
1,8,0.8
1,8,0.85
1,8,0.9
1,8,0.95
1,8,1
1,8,1.05
1,8,1.1
1,8,1.15
1,8,1.2
1,8,1.25
1,8,1.3
1,8,1.35
1,8,1.4
1,8,1.45
1,8,1.5
1,8,1.55
1,8,1.6
1,8,1.65
1,8,1.7
1,8,1.75
1,8,1.8
1,8,1.85
1,8,1.9
1,8,1.95
1,8,2
1,8,2.05
1,8,2.1
1,8,2.15
1,8,2.2
1,8,2.25
1,8,2.3
1,8,2.35
1,8,2.4
1,8,2.45
1,8,2.5
1,8,2.55
1,8,2.6
1,8,2.65
1,8,2.7
1,8,2.75
1,8,2.8
1,8,2.85
1,8,2.9
1,8,2.95
1,8,3
1,8,3.05
1,8,3.1
1,8,3.15
1,8,3.2
1,8,3.25
1,8,3.3
1,8,3.35
1,8,3.4
1,8,3.45
1,8,3.5
1,8,3.55
1,8,3.6
1,8,3.65
1,8,3.7
1,8,3.75
1,8,3.8
1,8,3.85
1,8,3.9
1,8,3.95
1,8,4
1,8,4.05
1,8,4.1
1,8,4.15
1,8,4.2
1,8,4.25
1,8,4.3
1,8,4.35
1,8,4.4
1,8,4.45
1,8,4.5
1,8,4.55
1,8,4.6
1,8,4.65
1,8,4.7
1,8,4.75
1,8,4.8
1,8,4.85
1,8,4.9
1,8,4.95
1,8,5
1,8.5,0
1,8.5,0.05
1,8.5,0.1
1,8.5,0.15
1,8.5,0.2
1,8.5,0.25
1,8.5,0.3
1,8.5,0.35
1,8.5,0.4
1,8.5,0.45
1,8.5,0.5
1,8.5,0.55
1,8.5,0.6
1,8.5,0.65
1,8.5,0.7
1,8.5,0.75
1,8.5,0.8
1,8.5,0.85
1,8.5,0.9
1,8.5,0.95
1,8.5,1
1,8.5,1.05
1,8.5,1.1
1,8.5,1.15
1,8.5,1.2
1,8.5,1.25
1,8.5,1.3
1,8.5,1.35
1,8.5,1.4
1,8.5,1.45
1,8.5,1.5
1,8.5,1.55
1,8.5,1.6
1,8.5,1.65
1,8.5,1.7
1,8.5,1.75
1,8.5,1.8
1,8.5,1.85
1,8.5,1.9
1,8.5,1.95
1,8.5,2
1,8.5,2.05
1,8.5,2.1
1,8.5,2.15
1,8.5,2.2
1,8.5,2.25
1,8.5,2.3
1,8.5,2.35
1,8.5,2.4
1,8.5,2.45
1,8.5,2.5
1,8.5,2.55
1,8.5,2.6
1,8.5,2.65
1,8.5,2.7
1,8.5,2.75
1,8.5,2.8
1,8.5,2.85
1,8.5,2.9
1,8.5,2.95
1,8.5,3
1,8.5,3.05
1,8.5,3.1
1,8.5,3.15
1,8.5,3.2
1,8.5,3.25
1,8.5,3.3
1,8.5,3.35
1,8.5,3.4
1,8.5,3.45
1,8.5,3.5
1,8.5,3.55
1,8.5,3.6
1,8.5,3.65
1,8.5,3.7
1,8.5,3.75
1,8.5,3.8
1,8.5,3.85
1,8.5,3.9
1,8.5,3.95
1,8.5,4
1,8.5,4.05
1,8.5,4.1
1,8.5,4.15
1,8.5,4.2
1,8.5,4.25
1,8.5,4.3
1,8.5,4.35
1,8.5,4.4
1,8.5,4.45
1,8.5,4.5
1,8.5,4.55
1,8.5,4.6
1,8.5,4.65
1,8.5,4.7
1,8.5,4.75
1,8.5,4.8
1,8.5,4.85
1,8.5,4.9
1,8.5,4.95
1,8.5,5
1,9,0
1,9,0.05
1,9,0.1
1,9,0.15
1,9,0.2
1,9,0.25
1,9,0.3
1,9,0.35
1,9,0.4
1,9,0.45
1,9,0.5
1,9,0.55
1,9,0.6
1,9,0.65
1,9,0.7
1,9,0.75
1,9,0.8
1,9,0.85
1,9,0.9
1,9,0.95
1,9,1
1,9,1.05
1,9,1.1
1,9,1.15
1,9,1.2
1,9,1.25
1,9,1.3
1,9,1.35
1,9,1.4
1,9,1.45
1,9,1.5
1,9,1.55
1,9,1.6
1,9,1.65
1,9,1.7
1,9,1.75
1,9,1.8
1,9,1.85
1,9,1.9
1,9,1.95
1,9,2
1,9,2.05
1,9,2.1
1,9,2.15
1,9,2.2
1,9,2.25
1,9,2.3
1,9,2.35
1,9,2.4
1,9,2.45
1,9,2.5
1,9,2.55
1,9,2.6
1,9,2.65
1,9,2.7
1,9,2.75
1,9,2.8
1,9,2.85
1,9,2.9
1,9,2.95
1,9,3
1,9,3.05
1,9,3.1
1,9,3.15
1,9,3.2
1,9,3.25
1,9,3.3
1,9,3.35
1,9,3.4
1,9,3.45
1,9,3.5
1,9,3.55
1,9,3.6
1,9,3.65
1,9,3.7
1,9,3.75
1,9,3.8
1,9,3.85
1,9,3.9
1,9,3.95
1,9,4
1,9,4.05
1,9,4.1
1,9,4.15
1,9,4.2
1,9,4.25
1,9,4.3
1,9,4.35
1,9,4.4
1,9,4.45
1,9,4.5
1,9,4.55
1,9,4.6
1,9,4.65
1,9,4.7
1,9,4.75
1,9,4.8
1,9,4.85
1,9,4.9
1,9,4.95
1,9,5
1,9.5,0
1,9.5,0.05
1,9.5,0.1
1,9.5,0.15
1,9.5,0.2
1,9.5,0.25
1,9.5,0.3
1,9.5,0.35
1,9.5,0.4
1,9.5,0.45
1,9.5,0.5
1,9.5,0.55
1,9.5,0.6
1,9.5,0.65
1,9.5,0.7
1,9.5,0.75
1,9.5,0.8
1,9.5,0.85
1,9.5,0.9
1,9.5,0.95
1,9.5,1
1,9.5,1.05
1,9.5,1.1
1,9.5,1.15
1,9.5,1.2
1,9.5,1.25
1,9.5,1.3
1,9.5,1.35
1,9.5,1.4
1,9.5,1.45
1,9.5,1.5
1,9.5,1.55
1,9.5,1.6
1,9.5,1.65
1,9.5,1.7
1,9.5,1.75
1,9.5,1.8
1,9.5,1.85
1,9.5,1.9
1,9.5,1.95
1,9.5,2
1,9.5,2.05
1,9.5,2.1
1,9.5,2.15
1,9.5,2.2
1,9.5,2.25
1,9.5,2.3
1,9.5,2.35
1,9.5,2.4
1,9.5,2.45
1,9.5,2.5
1,9.5,2.55
1,9.5,2.6
1,9.5,2.65
1,9.5,2.7
1,9.5,2.75
1,9.5,2.8
1,9.5,2.85
1,9.5,2.9
1,9.5,2.95
1,9.5,3
1,9.5,3.05
1,9.5,3.1
1,9.5,3.15
1,9.5,3.2
1,9.5,3.25
1,9.5,3.3
1,9.5,3.35
1,9.5,3.4
1,9.5,3.45
1,9.5,3.5
1,9.5,3.55
1,9.5,3.6
1,9.5,3.65
1,9.5,3.7
1,9.5,3.75
1,9.5,3.8
1,9.5,3.85
1,9.5,3.9
1,9.5,3.95
1,9.5,4
1,9.5,4.05
1,9.5,4.1
1,9.5,4.15
1,9.5,4.2
1,9.5,4.25
1,9.5,4.3
1,9.5,4.35
1,9.5,4.4
1,9.5,4.45
1,9.5,4.5
1,9.5,4.55
1,9.5,4.6
1,9.5,4.65
1,9.5,4.7
1,9.5,4.75
1,9.5,4.8
1,9.5,4.85
1,9.5,4.9
1,9.5,4.95
1,9.5,5
1,10,0
1,10,0.05
1,10,0.1
1,10,0.15
1,10,0.2
1,10,0.25
1,10,0.3
1,10,0.35
1,10,0.4
1,10,0.45
1,10,0.5
1,10,0.55
1,10,0.6
1,10,0.65
1,10,0.7
1,10,0.75
1,10,0.8
1,10,0.85
1,10,0.9
1,10,0.95
1,10,1
1,10,1.05
1,10,1.1
1,10,1.15
1,10,1.2
1,10,1.25
1,10,1.3
1,10,1.35
1,10,1.4
1,10,1.45
1,10,1.5
1,10,1.55
1,10,1.6
1,10,1.65
1,10,1.7
1,10,1.75
1,10,1.8
1,10,1.85
1,10,1.9
1,10,1.95
1,10,2
1,10,2.05
1,10,2.1
1,10,2.15
1,10,2.2
1,10,2.25
1,10,2.3
1,10,2.35
1,10,2.4
1,10,2.45
1,10,2.5
1,10,2.55
1,10,2.6
1,10,2.65
1,10,2.7
1,10,2.75
1,10,2.8
1,10,2.85
1,10,2.9
1,10,2.95
1,10,3
1,10,3.05
1,10,3.1
1,10,3.15
1,10,3.2
1,10,3.25
1,10,3.3
1,10,3.35
1,10,3.4
1,10,3.45
1,10,3.5
1,10,3.55
1,10,3.6
1,10,3.65
1,10,3.7
1,10,3.75
1,10,3.8
1,10,3.85
1,10,3.9
1,10,3.95
1,10,4
1,10,4.05
1,10,4.1
1,10,4.15
1,10,4.2
1,10,4.25
1,10,4.3
1,10,4.35
1,10,4.4
1,10,4.45
1,10,4.5
1,10,4.55
1,10,4.6
1,10,4.65
1,10,4.7
1,10,4.75
1,10,4.8
1,10,4.85
1,10,4.9
1,10,4.95
1,10,5
1.5,0,0
1.5,0,0.05
1.5,0,0.1
1.5,0,0.15
1.5,0,0.2
1.5,0,0.25
1.5,0,0.3
1.5,0,0.35
1.5,0,0.4
1.5,0,0.45
1.5,0,0.5
1.5,0,0.55
1.5,0,0.6
1.5,0,0.65
1.5,0,0.7
1.5,0,0.75
1.5,0,0.8
1.5,0,0.85
1.5,0,0.9
1.5,0,0.95
1.5,0,1
1.5,0,1.05
1.5,0,1.1
1.5,0,1.15
1.5,0,1.2
1.5,0,1.25
1.5,0,1.3
1.5,0,1.35
1.5,0,1.4
1.5,0,1.45
1.5,0,1.5
1.5,0,1.55
1.5,0,1.6
1.5,0,1.65
1.5,0,1.7
1.5,0,1.75
1.5,0,1.8
1.5,0,1.85
1.5,0,1.9
1.5,0,1.95
1.5,0,2
1.5,0,2.05
1.5,0,2.1
1.5,0,2.15
1.5,0,2.2
1.5,0,2.25
1.5,0,2.3
1.5,0,2.35
1.5,0,2.4
1.5,0,2.45
1.5,0,2.5
1.5,0,2.55
1.5,0,2.6
1.5,0,2.65
1.5,0,2.7
1.5,0,2.75
1.5,0,2.8
1.5,0,2.85
1.5,0,2.9
1.5,0,2.95
1.5,0,3
1.5,0,3.05
1.5,0,3.1
1.5,0,3.15
1.5,0,3.2
1.5,0,3.25
1.5,0,3.3
1.5,0,3.35
1.5,0,3.4
1.5,0,3.45
1.5,0,3.5
1.5,0,3.55
1.5,0,3.6
1.5,0,3.65
1.5,0,3.7
1.5,0,3.75
1.5,0,3.8
1.5,0,3.85
1.5,0,3.9
1.5,0,3.95
1.5,0,4
1.5,0,4.05
1.5,0,4.1
1.5,0,4.15
1.5,0,4.2
1.5,0,4.25
1.5,0,4.3
1.5,0,4.35
1.5,0,4.4
1.5,0,4.45
1.5,0,4.5
1.5,0,4.55
1.5,0,4.6
1.5,0,4.65
1.5,0,4.7
1.5,0,4.75
1.5,0,4.8
1.5,0,4.85
1.5,0,4.9
1.5,0,4.95
1.5,0,5
1.5,0.5,0
1.5,0.5,0.05
1.5,0.5,0.1
1.5,0.5,0.15
1.5,0.5,0.2
1.5,0.5,0.25
1.5,0.5,0.3
1.5,0.5,0.35
1.5,0.5,0.4
1.5,0.5,0.45
1.5,0.5,0.5
1.5,0.5,0.55
1.5,0.5,0.6
1.5,0.5,0.65
1.5,0.5,0.7
1.5,0.5,0.75
1.5,0.5,0.8
1.5,0.5,0.85
1.5,0.5,0.9
1.5,0.5,0.95
1.5,0.5,1
1.5,0.5,1.05
1.5,0.5,1.1
1.5,0.5,1.15
1.5,0.5,1.2
1.5,0.5,1.25
1.5,0.5,1.3
1.5,0.5,1.35
1.5,0.5,1.4
1.5,0.5,1.45
1.5,0.5,1.5
1.5,0.5,1.55
1.5,0.5,1.6
1.5,0.5,1.65
1.5,0.5,1.7
1.5,0.5,1.75
1.5,0.5,1.8
1.5,0.5,1.85
1.5,0.5,1.9
1.5,0.5,1.95
1.5,0.5,2
1.5,0.5,2.05
1.5,0.5,2.1
1.5,0.5,2.15
1.5,0.5,2.2
1.5,0.5,2.25
1.5,0.5,2.3
1.5,0.5,2.35
1.5,0.5,2.4
1.5,0.5,2.45
1.5,0.5,2.5
1.5,0.5,2.55
1.5,0.5,2.6
1.5,0.5,2.65
1.5,0.5,2.7
1.5,0.5,2.75
1.5,0.5,2.8
1.5,0.5,2.85
1.5,0.5,2.9
1.5,0.5,2.95
1.5,0.5,3
1.5,0.5,3.05
1.5,0.5,3.1
1.5,0.5,3.15
1.5,0.5,3.2
1.5,0.5,3.25
1.5,0.5,3.3
1.5,0.5,3.35
1.5,0.5,3.4
1.5,0.5,3.45
1.5,0.5,3.5
1.5,0.5,3.55
1.5,0.5,3.6
1.5,0.5,3.65
1.5,0.5,3.7
1.5,0.5,3.75
1.5,0.5,3.8
1.5,0.5,3.85
1.5,0.5,3.9
1.5,0.5,3.95
1.5,0.5,4
1.5,0.5,4.05
1.5,0.5,4.1
1.5,0.5,4.15
1.5,0.5,4.2
1.5,0.5,4.25
1.5,0.5,4.3
1.5,0.5,4.35
1.5,0.5,4.4
1.5,0.5,4.45
1.5,0.5,4.5
1.5,0.5,4.55
1.5,0.5,4.6
1.5,0.5,4.65
1.5,0.5,4.7
1.5,0.5,4.75
1.5,0.5,4.8
1.5,0.5,4.85
1.5,0.5,4.9
1.5,0.5,4.95
1.5,0.5,5
1.5,1,0
1.5,1,0.05
1.5,1,0.1
1.5,1,0.15
1.5,1,0.2
1.5,1,0.25
1.5,1,0.3
1.5,1,0.35
1.5,1,0.4
1.5,1,0.45
1.5,1,0.5
1.5,1,0.55
1.5,1,0.6
1.5,1,0.65
1.5,1,0.7
1.5,1,0.75
1.5,1,0.8
1.5,1,0.85
1.5,1,0.9
1.5,1,0.95
1.5,1,1
1.5,1,1.05
1.5,1,1.1
1.5,1,1.15
1.5,1,1.2
1.5,1,1.25
1.5,1,1.3
1.5,1,1.35
1.5,1,1.4
1.5,1,1.45
1.5,1,1.5
1.5,1,1.55
1.5,1,1.6
1.5,1,1.65
1.5,1,1.7
1.5,1,1.75
1.5,1,1.8
1.5,1,1.85
1.5,1,1.9
1.5,1,1.95
1.5,1,2
1.5,1,2.05
1.5,1,2.1
1.5,1,2.15
1.5,1,2.2
1.5,1,2.25
1.5,1,2.3
1.5,1,2.35
1.5,1,2.4
1.5,1,2.45
1.5,1,2.5
1.5,1,2.55
1.5,1,2.6
1.5,1,2.65
1.5,1,2.7
1.5,1,2.75
1.5,1,2.8
1.5,1,2.85
1.5,1,2.9
1.5,1,2.95
1.5,1,3
1.5,1,3.05
1.5,1,3.1
1.5,1,3.15
1.5,1,3.2
1.5,1,3.25
1.5,1,3.3
1.5,1,3.35
1.5,1,3.4
1.5,1,3.45
1.5,1,3.5
1.5,1,3.55
1.5,1,3.6
1.5,1,3.65
1.5,1,3.7
1.5,1,3.75
1.5,1,3.8
1.5,1,3.85
1.5,1,3.9
1.5,1,3.95
1.5,1,4
1.5,1,4.05
1.5,1,4.1
1.5,1,4.15
1.5,1,4.2
1.5,1,4.25
1.5,1,4.3
1.5,1,4.35
1.5,1,4.4
1.5,1,4.45
1.5,1,4.5
1.5,1,4.55
1.5,1,4.6
1.5,1,4.65
1.5,1,4.7
1.5,1,4.75
1.5,1,4.8
1.5,1,4.85
1.5,1,4.9
1.5,1,4.95
1.5,1,5
1.5,1.5,0
1.5,1.5,0.05
1.5,1.5,0.1
1.5,1.5,0.15
1.5,1.5,0.2
1.5,1.5,0.25
1.5,1.5,0.3
1.5,1.5,0.35
1.5,1.5,0.4
1.5,1.5,0.45
1.5,1.5,0.5
1.5,1.5,0.55
1.5,1.5,0.6
1.5,1.5,0.65
1.5,1.5,0.7
1.5,1.5,0.75
1.5,1.5,0.8
1.5,1.5,0.85
1.5,1.5,0.9
1.5,1.5,0.95
1.5,1.5,1
1.5,1.5,1.05
1.5,1.5,1.1
1.5,1.5,1.15
1.5,1.5,1.2
1.5,1.5,1.25
1.5,1.5,1.3
1.5,1.5,1.35
1.5,1.5,1.4
1.5,1.5,1.45
1.5,1.5,1.5
1.5,1.5,1.55
1.5,1.5,1.6
1.5,1.5,1.65
1.5,1.5,1.7
1.5,1.5,1.75
1.5,1.5,1.8
1.5,1.5,1.85
1.5,1.5,1.9
1.5,1.5,1.95
1.5,1.5,2
1.5,1.5,2.05
1.5,1.5,2.1
1.5,1.5,2.15
1.5,1.5,2.2
1.5,1.5,2.25
1.5,1.5,2.3
1.5,1.5,2.35
1.5,1.5,2.4
1.5,1.5,2.45
1.5,1.5,2.5
1.5,1.5,2.55
1.5,1.5,2.6
1.5,1.5,2.65
1.5,1.5,2.7
1.5,1.5,2.75
1.5,1.5,2.8
1.5,1.5,2.85
1.5,1.5,2.9
1.5,1.5,2.95
1.5,1.5,3
1.5,1.5,3.05
1.5,1.5,3.1
1.5,1.5,3.15
1.5,1.5,3.2
1.5,1.5,3.25
1.5,1.5,3.3
1.5,1.5,3.35
1.5,1.5,3.4
1.5,1.5,3.45
1.5,1.5,3.5
1.5,1.5,3.55
1.5,1.5,3.6
1.5,1.5,3.65
1.5,1.5,3.7
1.5,1.5,3.75
1.5,1.5,3.8
1.5,1.5,3.85
1.5,1.5,3.9
1.5,1.5,3.95
1.5,1.5,4
1.5,1.5,4.05
1.5,1.5,4.1
1.5,1.5,4.15
1.5,1.5,4.2
1.5,1.5,4.25
1.5,1.5,4.3
1.5,1.5,4.35
1.5,1.5,4.4
1.5,1.5,4.45
1.5,1.5,4.5
1.5,1.5,4.55
1.5,1.5,4.6
1.5,1.5,4.65
1.5,1.5,4.7
1.5,1.5,4.75
1.5,1.5,4.8
1.5,1.5,4.85
1.5,1.5,4.9
1.5,1.5,4.95
1.5,1.5,5
1.5,2,0
1.5,2,0.05
1.5,2,0.1
1.5,2,0.15
1.5,2,0.2
1.5,2,0.25
1.5,2,0.3
1.5,2,0.35
1.5,2,0.4
1.5,2,0.45
1.5,2,0.5
1.5,2,0.55
1.5,2,0.6
1.5,2,0.65
1.5,2,0.7
1.5,2,0.75
1.5,2,0.8
1.5,2,0.85
1.5,2,0.9
1.5,2,0.95
1.5,2,1
1.5,2,1.05
1.5,2,1.1
1.5,2,1.15
1.5,2,1.2
1.5,2,1.25
1.5,2,1.3
1.5,2,1.35
1.5,2,1.4
1.5,2,1.45
1.5,2,1.5
1.5,2,1.55
1.5,2,1.6
1.5,2,1.65
1.5,2,1.7
1.5,2,1.75
1.5,2,1.8
1.5,2,1.85
1.5,2,1.9
1.5,2,1.95
1.5,2,2
1.5,2,2.05
1.5,2,2.1
1.5,2,2.15
1.5,2,2.2
1.5,2,2.25
1.5,2,2.3
1.5,2,2.35
1.5,2,2.4
1.5,2,2.45
1.5,2,2.5
1.5,2,2.55
1.5,2,2.6
1.5,2,2.65
1.5,2,2.7
1.5,2,2.75
1.5,2,2.8
1.5,2,2.85
1.5,2,2.9
1.5,2,2.95
1.5,2,3
1.5,2,3.05
1.5,2,3.1
1.5,2,3.15
1.5,2,3.2
1.5,2,3.25
1.5,2,3.3
1.5,2,3.35
1.5,2,3.4
1.5,2,3.45
1.5,2,3.5
1.5,2,3.55
1.5,2,3.6
1.5,2,3.65
1.5,2,3.7
1.5,2,3.75
1.5,2,3.8
1.5,2,3.85
1.5,2,3.9
1.5,2,3.95
1.5,2,4
1.5,2,4.05
1.5,2,4.1
1.5,2,4.15
1.5,2,4.2
1.5,2,4.25
1.5,2,4.3
1.5,2,4.35
1.5,2,4.4
1.5,2,4.45
1.5,2,4.5
1.5,2,4.55
1.5,2,4.6
1.5,2,4.65
1.5,2,4.7
1.5,2,4.75
1.5,2,4.8
1.5,2,4.85
1.5,2,4.9
1.5,2,4.95
1.5,2,5
1.5,2.5,0
1.5,2.5,0.05
1.5,2.5,0.1
1.5,2.5,0.15
1.5,2.5,0.2
1.5,2.5,0.25
1.5,2.5,0.3
1.5,2.5,0.35
1.5,2.5,0.4
1.5,2.5,0.45
1.5,2.5,0.5
1.5,2.5,0.55
1.5,2.5,0.6
1.5,2.5,0.65
1.5,2.5,0.7
1.5,2.5,0.75
1.5,2.5,0.8
1.5,2.5,0.85
1.5,2.5,0.9
1.5,2.5,0.95
1.5,2.5,1
1.5,2.5,1.05
1.5,2.5,1.1
1.5,2.5,1.15
1.5,2.5,1.2
1.5,2.5,1.25
1.5,2.5,1.3
1.5,2.5,1.35
1.5,2.5,1.4
1.5,2.5,1.45
1.5,2.5,1.5
1.5,2.5,1.55
1.5,2.5,1.6
1.5,2.5,1.65
1.5,2.5,1.7
1.5,2.5,1.75
1.5,2.5,1.8
1.5,2.5,1.85
1.5,2.5,1.9
1.5,2.5,1.95
1.5,2.5,2
1.5,2.5,2.05
1.5,2.5,2.1
1.5,2.5,2.15
1.5,2.5,2.2
1.5,2.5,2.25
1.5,2.5,2.3
1.5,2.5,2.35
1.5,2.5,2.4
1.5,2.5,2.45
1.5,2.5,2.5
1.5,2.5,2.55
1.5,2.5,2.6
1.5,2.5,2.65
1.5,2.5,2.7
1.5,2.5,2.75
1.5,2.5,2.8
1.5,2.5,2.85
1.5,2.5,2.9
1.5,2.5,2.95
1.5,2.5,3
1.5,2.5,3.05
1.5,2.5,3.1
1.5,2.5,3.15
1.5,2.5,3.2
1.5,2.5,3.25
1.5,2.5,3.3
1.5,2.5,3.35
1.5,2.5,3.4
1.5,2.5,3.45
1.5,2.5,3.5
1.5,2.5,3.55
1.5,2.5,3.6
1.5,2.5,3.65
1.5,2.5,3.7
1.5,2.5,3.75
1.5,2.5,3.8
1.5,2.5,3.85
1.5,2.5,3.9
1.5,2.5,3.95
1.5,2.5,4
1.5,2.5,4.05
1.5,2.5,4.1
1.5,2.5,4.15
1.5,2.5,4.2
1.5,2.5,4.25
1.5,2.5,4.3
1.5,2.5,4.35
1.5,2.5,4.4
1.5,2.5,4.45
1.5,2.5,4.5
1.5,2.5,4.55
1.5,2.5,4.6
1.5,2.5,4.65
1.5,2.5,4.7
1.5,2.5,4.75
1.5,2.5,4.8
1.5,2.5,4.85
1.5,2.5,4.9
1.5,2.5,4.95
1.5,2.5,5
1.5,3,0
1.5,3,0.05
1.5,3,0.1
1.5,3,0.15
1.5,3,0.2
1.5,3,0.25
1.5,3,0.3
1.5,3,0.35
1.5,3,0.4
1.5,3,0.45
1.5,3,0.5
1.5,3,0.55
1.5,3,0.6
1.5,3,0.65
1.5,3,0.7
1.5,3,0.75
1.5,3,0.8
1.5,3,0.85
1.5,3,0.9
1.5,3,0.95
1.5,3,1
1.5,3,1.05
1.5,3,1.1
1.5,3,1.15
1.5,3,1.2
1.5,3,1.25
1.5,3,1.3
1.5,3,1.35
1.5,3,1.4
1.5,3,1.45
1.5,3,1.5
1.5,3,1.55
1.5,3,1.6
1.5,3,1.65
1.5,3,1.7
1.5,3,1.75
1.5,3,1.8
1.5,3,1.85
1.5,3,1.9
1.5,3,1.95
1.5,3,2
1.5,3,2.05
1.5,3,2.1
1.5,3,2.15
1.5,3,2.2
1.5,3,2.25
1.5,3,2.3
1.5,3,2.35
1.5,3,2.4
1.5,3,2.45
1.5,3,2.5
1.5,3,2.55
1.5,3,2.6
1.5,3,2.65
1.5,3,2.7
1.5,3,2.75
1.5,3,2.8
1.5,3,2.85
1.5,3,2.9
1.5,3,2.95
1.5,3,3
1.5,3,3.05
1.5,3,3.1
1.5,3,3.15
1.5,3,3.2
1.5,3,3.25
1.5,3,3.3
1.5,3,3.35
1.5,3,3.4
1.5,3,3.45
1.5,3,3.5
1.5,3,3.55
1.5,3,3.6
1.5,3,3.65
1.5,3,3.7
1.5,3,3.75
1.5,3,3.8
1.5,3,3.85
1.5,3,3.9
1.5,3,3.95
1.5,3,4
1.5,3,4.05
1.5,3,4.1
1.5,3,4.15
1.5,3,4.2
1.5,3,4.25
1.5,3,4.3
1.5,3,4.35
1.5,3,4.4
1.5,3,4.45
1.5,3,4.5
1.5,3,4.55
1.5,3,4.6
1.5,3,4.65
1.5,3,4.7
1.5,3,4.75
1.5,3,4.8
1.5,3,4.85
1.5,3,4.9
1.5,3,4.95
1.5,3,5
1.5,3.5,0
1.5,3.5,0.05
1.5,3.5,0.1
1.5,3.5,0.15
1.5,3.5,0.2
1.5,3.5,0.25
1.5,3.5,0.3
1.5,3.5,0.35
1.5,3.5,0.4
1.5,3.5,0.45
1.5,3.5,0.5
1.5,3.5,0.55
1.5,3.5,0.6
1.5,3.5,0.65
1.5,3.5,0.7
1.5,3.5,0.75
1.5,3.5,0.8
1.5,3.5,0.85
1.5,3.5,0.9
1.5,3.5,0.95
1.5,3.5,1
1.5,3.5,1.05
1.5,3.5,1.1
1.5,3.5,1.15
1.5,3.5,1.2
1.5,3.5,1.25
1.5,3.5,1.3
1.5,3.5,1.35
1.5,3.5,1.4
1.5,3.5,1.45
1.5,3.5,1.5
1.5,3.5,1.55
1.5,3.5,1.6
1.5,3.5,1.65
1.5,3.5,1.7
1.5,3.5,1.75
1.5,3.5,1.8
1.5,3.5,1.85
1.5,3.5,1.9
1.5,3.5,1.95
1.5,3.5,2
1.5,3.5,2.05
1.5,3.5,2.1
1.5,3.5,2.15
1.5,3.5,2.2
1.5,3.5,2.25
1.5,3.5,2.3
1.5,3.5,2.35
1.5,3.5,2.4
1.5,3.5,2.45
1.5,3.5,2.5
1.5,3.5,2.55
1.5,3.5,2.6
1.5,3.5,2.65
1.5,3.5,2.7
1.5,3.5,2.75
1.5,3.5,2.8
1.5,3.5,2.85
1.5,3.5,2.9
1.5,3.5,2.95
1.5,3.5,3
1.5,3.5,3.05
1.5,3.5,3.1
1.5,3.5,3.15
1.5,3.5,3.2
1.5,3.5,3.25
1.5,3.5,3.3
1.5,3.5,3.35
1.5,3.5,3.4
1.5,3.5,3.45
1.5,3.5,3.5
1.5,3.5,3.55
1.5,3.5,3.6
1.5,3.5,3.65
1.5,3.5,3.7
1.5,3.5,3.75
1.5,3.5,3.8
1.5,3.5,3.85
1.5,3.5,3.9
1.5,3.5,3.95
1.5,3.5,4
1.5,3.5,4.05
1.5,3.5,4.1
1.5,3.5,4.15
1.5,3.5,4.2
1.5,3.5,4.25
1.5,3.5,4.3
1.5,3.5,4.35
1.5,3.5,4.4
1.5,3.5,4.45
1.5,3.5,4.5
1.5,3.5,4.55
1.5,3.5,4.6
1.5,3.5,4.65
1.5,3.5,4.7
1.5,3.5,4.75
1.5,3.5,4.8
1.5,3.5,4.85
1.5,3.5,4.9
1.5,3.5,4.95
1.5,3.5,5
1.5,4,0
1.5,4,0.05
1.5,4,0.1
1.5,4,0.15
1.5,4,0.2
1.5,4,0.25
1.5,4,0.3
1.5,4,0.35
1.5,4,0.4
1.5,4,0.45
1.5,4,0.5
1.5,4,0.55
1.5,4,0.6
1.5,4,0.65
1.5,4,0.7
1.5,4,0.75
1.5,4,0.8
1.5,4,0.85
1.5,4,0.9
1.5,4,0.95
1.5,4,1
1.5,4,1.05
1.5,4,1.1
1.5,4,1.15
1.5,4,1.2
1.5,4,1.25
1.5,4,1.3
1.5,4,1.35
1.5,4,1.4
1.5,4,1.45
1.5,4,1.5
1.5,4,1.55
1.5,4,1.6
1.5,4,1.65
1.5,4,1.7
1.5,4,1.75
1.5,4,1.8
1.5,4,1.85
1.5,4,1.9
1.5,4,1.95
1.5,4,2
1.5,4,2.05
1.5,4,2.1
1.5,4,2.15
1.5,4,2.2
1.5,4,2.25
1.5,4,2.3
1.5,4,2.35
1.5,4,2.4
1.5,4,2.45
1.5,4,2.5
1.5,4,2.55
1.5,4,2.6
1.5,4,2.65
1.5,4,2.7
1.5,4,2.75
1.5,4,2.8
1.5,4,2.85
1.5,4,2.9
1.5,4,2.95
1.5,4,3
1.5,4,3.05
1.5,4,3.1
1.5,4,3.15
1.5,4,3.2
1.5,4,3.25
1.5,4,3.3
1.5,4,3.35
1.5,4,3.4
1.5,4,3.45
1.5,4,3.5
1.5,4,3.55
1.5,4,3.6
1.5,4,3.65
1.5,4,3.7
1.5,4,3.75
1.5,4,3.8
1.5,4,3.85
1.5,4,3.9
1.5,4,3.95
1.5,4,4
1.5,4,4.05
1.5,4,4.1
1.5,4,4.15
1.5,4,4.2
1.5,4,4.25
1.5,4,4.3
1.5,4,4.35
1.5,4,4.4
1.5,4,4.45
1.5,4,4.5
1.5,4,4.55
1.5,4,4.6
1.5,4,4.65
1.5,4,4.7
1.5,4,4.75
1.5,4,4.8
1.5,4,4.85
1.5,4,4.9
1.5,4,4.95
1.5,4,5
1.5,4.5,0
1.5,4.5,0.05
1.5,4.5,0.1
1.5,4.5,0.15
1.5,4.5,0.2
1.5,4.5,0.25
1.5,4.5,0.3
1.5,4.5,0.35
1.5,4.5,0.4
1.5,4.5,0.45
1.5,4.5,0.5
1.5,4.5,0.55
1.5,4.5,0.6
1.5,4.5,0.65
1.5,4.5,0.7
1.5,4.5,0.75
1.5,4.5,0.8
1.5,4.5,0.85
1.5,4.5,0.9
1.5,4.5,0.95
1.5,4.5,1
1.5,4.5,1.05
1.5,4.5,1.1
1.5,4.5,1.15
1.5,4.5,1.2
1.5,4.5,1.25
1.5,4.5,1.3
1.5,4.5,1.35
1.5,4.5,1.4
1.5,4.5,1.45
1.5,4.5,1.5
1.5,4.5,1.55
1.5,4.5,1.6
1.5,4.5,1.65
1.5,4.5,1.7
1.5,4.5,1.75
1.5,4.5,1.8
1.5,4.5,1.85
1.5,4.5,1.9
1.5,4.5,1.95
1.5,4.5,2
1.5,4.5,2.05
1.5,4.5,2.1
1.5,4.5,2.15
1.5,4.5,2.2
1.5,4.5,2.25
1.5,4.5,2.3
1.5,4.5,2.35
1.5,4.5,2.4
1.5,4.5,2.45
1.5,4.5,2.5
1.5,4.5,2.55
1.5,4.5,2.6
1.5,4.5,2.65
1.5,4.5,2.7
1.5,4.5,2.75
1.5,4.5,2.8
1.5,4.5,2.85
1.5,4.5,2.9
1.5,4.5,2.95
1.5,4.5,3
1.5,4.5,3.05
1.5,4.5,3.1
1.5,4.5,3.15
1.5,4.5,3.2
1.5,4.5,3.25
1.5,4.5,3.3
1.5,4.5,3.35
1.5,4.5,3.4
1.5,4.5,3.45
1.5,4.5,3.5
1.5,4.5,3.55
1.5,4.5,3.6
1.5,4.5,3.65
1.5,4.5,3.7
1.5,4.5,3.75
1.5,4.5,3.8
1.5,4.5,3.85
1.5,4.5,3.9
1.5,4.5,3.95
1.5,4.5,4
1.5,4.5,4.05
1.5,4.5,4.1
1.5,4.5,4.15
1.5,4.5,4.2
1.5,4.5,4.25
1.5,4.5,4.3
1.5,4.5,4.35
1.5,4.5,4.4
1.5,4.5,4.45
1.5,4.5,4.5
1.5,4.5,4.55
1.5,4.5,4.6
1.5,4.5,4.65
1.5,4.5,4.7
1.5,4.5,4.75
1.5,4.5,4.8
1.5,4.5,4.85
1.5,4.5,4.9
1.5,4.5,4.95
1.5,4.5,5
1.5,5,0
1.5,5,0.05
1.5,5,0.1
1.5,5,0.15
1.5,5,0.2
1.5,5,0.25
1.5,5,0.3
1.5,5,0.35
1.5,5,0.4
1.5,5,0.45
1.5,5,0.5
1.5,5,0.55
1.5,5,0.6
1.5,5,0.65
1.5,5,0.7
1.5,5,0.75
1.5,5,0.8
1.5,5,0.85
1.5,5,0.9
1.5,5,0.95
1.5,5,1
1.5,5,1.05
1.5,5,1.1
1.5,5,1.15
1.5,5,1.2
1.5,5,1.25
1.5,5,1.3
1.5,5,1.35
1.5,5,1.4
1.5,5,1.45
1.5,5,1.5
1.5,5,1.55
1.5,5,1.6
1.5,5,1.65
1.5,5,1.7
1.5,5,1.75
1.5,5,1.8
1.5,5,1.85
1.5,5,1.9
1.5,5,1.95
1.5,5,2
1.5,5,2.05
1.5,5,2.1
1.5,5,2.15
1.5,5,2.2
1.5,5,2.25
1.5,5,2.3
1.5,5,2.35
1.5,5,2.4
1.5,5,2.45
1.5,5,2.5
1.5,5,2.55
1.5,5,2.6
1.5,5,2.65
1.5,5,2.7
1.5,5,2.75
1.5,5,2.8
1.5,5,2.85
1.5,5,2.9
1.5,5,2.95
1.5,5,3
1.5,5,3.05
1.5,5,3.1
1.5,5,3.15
1.5,5,3.2
1.5,5,3.25
1.5,5,3.3
1.5,5,3.35
1.5,5,3.4
1.5,5,3.45
1.5,5,3.5
1.5,5,3.55
1.5,5,3.6
1.5,5,3.65
1.5,5,3.7
1.5,5,3.75
1.5,5,3.8
1.5,5,3.85
1.5,5,3.9
1.5,5,3.95
1.5,5,4
1.5,5,4.05
1.5,5,4.1
1.5,5,4.15
1.5,5,4.2
1.5,5,4.25
1.5,5,4.3
1.5,5,4.35
1.5,5,4.4
1.5,5,4.45
1.5,5,4.5
1.5,5,4.55
1.5,5,4.6
1.5,5,4.65
1.5,5,4.7
1.5,5,4.75
1.5,5,4.8
1.5,5,4.85
1.5,5,4.9
1.5,5,4.95
1.5,5,5
1.5,5.5,0
1.5,5.5,0.05
1.5,5.5,0.1
1.5,5.5,0.15
1.5,5.5,0.2
1.5,5.5,0.25
1.5,5.5,0.3
1.5,5.5,0.35
1.5,5.5,0.4
1.5,5.5,0.45
1.5,5.5,0.5
1.5,5.5,0.55
1.5,5.5,0.6
1.5,5.5,0.65
1.5,5.5,0.7
1.5,5.5,0.75
1.5,5.5,0.8
1.5,5.5,0.85
1.5,5.5,0.9
1.5,5.5,0.95
1.5,5.5,1
1.5,5.5,1.05
1.5,5.5,1.1
1.5,5.5,1.15
1.5,5.5,1.2
1.5,5.5,1.25
1.5,5.5,1.3
1.5,5.5,1.35
1.5,5.5,1.4
1.5,5.5,1.45
1.5,5.5,1.5
1.5,5.5,1.55
1.5,5.5,1.6
1.5,5.5,1.65
1.5,5.5,1.7
1.5,5.5,1.75
1.5,5.5,1.8
1.5,5.5,1.85
1.5,5.5,1.9
1.5,5.5,1.95
1.5,5.5,2
1.5,5.5,2.05
1.5,5.5,2.1
1.5,5.5,2.15
1.5,5.5,2.2
1.5,5.5,2.25
1.5,5.5,2.3
1.5,5.5,2.35
1.5,5.5,2.4
1.5,5.5,2.45
1.5,5.5,2.5
1.5,5.5,2.55
1.5,5.5,2.6
1.5,5.5,2.65
1.5,5.5,2.7
1.5,5.5,2.75
1.5,5.5,2.8
1.5,5.5,2.85
1.5,5.5,2.9
1.5,5.5,2.95
1.5,5.5,3
1.5,5.5,3.05
1.5,5.5,3.1
1.5,5.5,3.15
1.5,5.5,3.2
1.5,5.5,3.25
1.5,5.5,3.3
1.5,5.5,3.35
1.5,5.5,3.4
1.5,5.5,3.45
1.5,5.5,3.5
1.5,5.5,3.55
1.5,5.5,3.6
1.5,5.5,3.65
1.5,5.5,3.7
1.5,5.5,3.75
1.5,5.5,3.8
1.5,5.5,3.85
1.5,5.5,3.9
1.5,5.5,3.95
1.5,5.5,4
1.5,5.5,4.05
1.5,5.5,4.1
1.5,5.5,4.15
1.5,5.5,4.2
1.5,5.5,4.25
1.5,5.5,4.3
1.5,5.5,4.35
1.5,5.5,4.4
1.5,5.5,4.45
1.5,5.5,4.5
1.5,5.5,4.55
1.5,5.5,4.6
1.5,5.5,4.65
1.5,5.5,4.7
1.5,5.5,4.75
1.5,5.5,4.8
1.5,5.5,4.85
1.5,5.5,4.9
1.5,5.5,4.95
1.5,5.5,5
1.5,6,0
1.5,6,0.05
1.5,6,0.1
1.5,6,0.15
1.5,6,0.2
1.5,6,0.25
1.5,6,0.3
1.5,6,0.35
1.5,6,0.4
1.5,6,0.45
1.5,6,0.5
1.5,6,0.55
1.5,6,0.6
1.5,6,0.65
1.5,6,0.7
1.5,6,0.75
1.5,6,0.8
1.5,6,0.85
1.5,6,0.9
1.5,6,0.95
1.5,6,1
1.5,6,1.05
1.5,6,1.1
1.5,6,1.15
1.5,6,1.2
1.5,6,1.25
1.5,6,1.3
1.5,6,1.35
1.5,6,1.4
1.5,6,1.45
1.5,6,1.5
1.5,6,1.55
1.5,6,1.6
1.5,6,1.65
1.5,6,1.7
1.5,6,1.75
1.5,6,1.8
1.5,6,1.85
1.5,6,1.9
1.5,6,1.95
1.5,6,2
1.5,6,2.05
1.5,6,2.1
1.5,6,2.15
1.5,6,2.2
1.5,6,2.25
1.5,6,2.3
1.5,6,2.35
1.5,6,2.4
1.5,6,2.45
1.5,6,2.5
1.5,6,2.55
1.5,6,2.6
1.5,6,2.65
1.5,6,2.7
1.5,6,2.75
1.5,6,2.8
1.5,6,2.85
1.5,6,2.9
1.5,6,2.95
1.5,6,3
1.5,6,3.05
1.5,6,3.1
1.5,6,3.15
1.5,6,3.2
1.5,6,3.25
1.5,6,3.3
1.5,6,3.35
1.5,6,3.4
1.5,6,3.45
1.5,6,3.5
1.5,6,3.55
1.5,6,3.6
1.5,6,3.65
1.5,6,3.7
1.5,6,3.75
1.5,6,3.8
1.5,6,3.85
1.5,6,3.9
1.5,6,3.95
1.5,6,4
1.5,6,4.05
1.5,6,4.1
1.5,6,4.15
1.5,6,4.2
1.5,6,4.25
1.5,6,4.3
1.5,6,4.35
1.5,6,4.4
1.5,6,4.45
1.5,6,4.5
1.5,6,4.55
1.5,6,4.6
1.5,6,4.65
1.5,6,4.7
1.5,6,4.75
1.5,6,4.8
1.5,6,4.85
1.5,6,4.9
1.5,6,4.95
1.5,6,5
1.5,6.5,0
1.5,6.5,0.05
1.5,6.5,0.1
1.5,6.5,0.15
1.5,6.5,0.2
1.5,6.5,0.25
1.5,6.5,0.3
1.5,6.5,0.35
1.5,6.5,0.4
1.5,6.5,0.45
1.5,6.5,0.5
1.5,6.5,0.55
1.5,6.5,0.6
1.5,6.5,0.65
1.5,6.5,0.7
1.5,6.5,0.75
1.5,6.5,0.8
1.5,6.5,0.85
1.5,6.5,0.9
1.5,6.5,0.95
1.5,6.5,1
1.5,6.5,1.05
1.5,6.5,1.1
1.5,6.5,1.15
1.5,6.5,1.2
1.5,6.5,1.25
1.5,6.5,1.3
1.5,6.5,1.35
1.5,6.5,1.4
1.5,6.5,1.45
1.5,6.5,1.5
1.5,6.5,1.55
1.5,6.5,1.6
1.5,6.5,1.65
1.5,6.5,1.7
1.5,6.5,1.75
1.5,6.5,1.8
1.5,6.5,1.85
1.5,6.5,1.9
1.5,6.5,1.95
1.5,6.5,2
1.5,6.5,2.05
1.5,6.5,2.1
1.5,6.5,2.15
1.5,6.5,2.2
1.5,6.5,2.25
1.5,6.5,2.3
1.5,6.5,2.35
1.5,6.5,2.4
1.5,6.5,2.45
1.5,6.5,2.5
1.5,6.5,2.55
1.5,6.5,2.6
1.5,6.5,2.65
1.5,6.5,2.7
1.5,6.5,2.75
1.5,6.5,2.8
1.5,6.5,2.85
1.5,6.5,2.9
1.5,6.5,2.95
1.5,6.5,3
1.5,6.5,3.05
1.5,6.5,3.1
1.5,6.5,3.15
1.5,6.5,3.2
1.5,6.5,3.25
1.5,6.5,3.3
1.5,6.5,3.35
1.5,6.5,3.4
1.5,6.5,3.45
1.5,6.5,3.5
1.5,6.5,3.55
1.5,6.5,3.6
1.5,6.5,3.65
1.5,6.5,3.7
1.5,6.5,3.75
1.5,6.5,3.8
1.5,6.5,3.85
1.5,6.5,3.9
1.5,6.5,3.95
1.5,6.5,4
1.5,6.5,4.05
1.5,6.5,4.1
1.5,6.5,4.15
1.5,6.5,4.2
1.5,6.5,4.25
1.5,6.5,4.3
1.5,6.5,4.35
1.5,6.5,4.4
1.5,6.5,4.45
1.5,6.5,4.5
1.5,6.5,4.55
1.5,6.5,4.6
1.5,6.5,4.65
1.5,6.5,4.7
1.5,6.5,4.75
1.5,6.5,4.8
1.5,6.5,4.85
1.5,6.5,4.9
1.5,6.5,4.95
1.5,6.5,5
1.5,7,0
1.5,7,0.05
1.5,7,0.1
1.5,7,0.15
1.5,7,0.2
1.5,7,0.25
1.5,7,0.3
1.5,7,0.35
1.5,7,0.4
1.5,7,0.45
1.5,7,0.5
1.5,7,0.55
1.5,7,0.6
1.5,7,0.65
1.5,7,0.7
1.5,7,0.75
1.5,7,0.8
1.5,7,0.85
1.5,7,0.9
1.5,7,0.95
1.5,7,1
1.5,7,1.05
1.5,7,1.1
1.5,7,1.15
1.5,7,1.2
1.5,7,1.25
1.5,7,1.3
1.5,7,1.35
1.5,7,1.4
1.5,7,1.45
1.5,7,1.5
1.5,7,1.55
1.5,7,1.6
1.5,7,1.65
1.5,7,1.7
1.5,7,1.75
1.5,7,1.8
1.5,7,1.85
1.5,7,1.9
1.5,7,1.95
1.5,7,2
1.5,7,2.05
1.5,7,2.1
1.5,7,2.15
1.5,7,2.2
1.5,7,2.25
1.5,7,2.3
1.5,7,2.35
1.5,7,2.4
1.5,7,2.45
1.5,7,2.5
1.5,7,2.55
1.5,7,2.6
1.5,7,2.65
1.5,7,2.7
1.5,7,2.75
1.5,7,2.8
1.5,7,2.85
1.5,7,2.9
1.5,7,2.95
1.5,7,3
1.5,7,3.05
1.5,7,3.1
1.5,7,3.15
1.5,7,3.2
1.5,7,3.25
1.5,7,3.3
1.5,7,3.35
1.5,7,3.4
1.5,7,3.45
1.5,7,3.5
1.5,7,3.55
1.5,7,3.6
1.5,7,3.65
1.5,7,3.7
1.5,7,3.75
1.5,7,3.8
1.5,7,3.85
1.5,7,3.9
1.5,7,3.95
1.5,7,4
1.5,7,4.05
1.5,7,4.1
1.5,7,4.15
1.5,7,4.2
1.5,7,4.25
1.5,7,4.3
1.5,7,4.35
1.5,7,4.4
1.5,7,4.45
1.5,7,4.5
1.5,7,4.55
1.5,7,4.6
1.5,7,4.65
1.5,7,4.7
1.5,7,4.75
1.5,7,4.8
1.5,7,4.85
1.5,7,4.9
1.5,7,4.95
1.5,7,5
1.5,7.5,0
1.5,7.5,0.05
1.5,7.5,0.1
1.5,7.5,0.15
1.5,7.5,0.2
1.5,7.5,0.25
1.5,7.5,0.3
1.5,7.5,0.35
1.5,7.5,0.4
1.5,7.5,0.45
1.5,7.5,0.5
1.5,7.5,0.55
1.5,7.5,0.6
1.5,7.5,0.65
1.5,7.5,0.7
1.5,7.5,0.75
1.5,7.5,0.8
1.5,7.5,0.85
1.5,7.5,0.9
1.5,7.5,0.95
1.5,7.5,1
1.5,7.5,1.05
1.5,7.5,1.1
1.5,7.5,1.15
1.5,7.5,1.2
1.5,7.5,1.25
1.5,7.5,1.3
1.5,7.5,1.35
1.5,7.5,1.4
1.5,7.5,1.45
1.5,7.5,1.5
1.5,7.5,1.55
1.5,7.5,1.6
1.5,7.5,1.65
1.5,7.5,1.7
1.5,7.5,1.75
1.5,7.5,1.8
1.5,7.5,1.85
1.5,7.5,1.9
1.5,7.5,1.95
1.5,7.5,2
1.5,7.5,2.05
1.5,7.5,2.1
1.5,7.5,2.15
1.5,7.5,2.2
1.5,7.5,2.25
1.5,7.5,2.3
1.5,7.5,2.35
1.5,7.5,2.4
1.5,7.5,2.45
1.5,7.5,2.5
1.5,7.5,2.55
1.5,7.5,2.6
1.5,7.5,2.65
1.5,7.5,2.7
1.5,7.5,2.75
1.5,7.5,2.8
1.5,7.5,2.85
1.5,7.5,2.9
1.5,7.5,2.95
1.5,7.5,3
1.5,7.5,3.05
1.5,7.5,3.1
1.5,7.5,3.15
1.5,7.5,3.2
1.5,7.5,3.25
1.5,7.5,3.3
1.5,7.5,3.35
1.5,7.5,3.4
1.5,7.5,3.45
1.5,7.5,3.5
1.5,7.5,3.55
1.5,7.5,3.6
1.5,7.5,3.65
1.5,7.5,3.7
1.5,7.5,3.75
1.5,7.5,3.8
1.5,7.5,3.85
1.5,7.5,3.9
1.5,7.5,3.95
1.5,7.5,4
1.5,7.5,4.05
1.5,7.5,4.1
1.5,7.5,4.15
1.5,7.5,4.2
1.5,7.5,4.25
1.5,7.5,4.3
1.5,7.5,4.35
1.5,7.5,4.4
1.5,7.5,4.45
1.5,7.5,4.5
1.5,7.5,4.55
1.5,7.5,4.6
1.5,7.5,4.65
1.5,7.5,4.7
1.5,7.5,4.75
1.5,7.5,4.8
1.5,7.5,4.85
1.5,7.5,4.9
1.5,7.5,4.95
1.5,7.5,5
1.5,8,0
1.5,8,0.05
1.5,8,0.1
1.5,8,0.15
1.5,8,0.2
1.5,8,0.25
1.5,8,0.3
1.5,8,0.35
1.5,8,0.4
1.5,8,0.45
1.5,8,0.5
1.5,8,0.55
1.5,8,0.6
1.5,8,0.65
1.5,8,0.7
1.5,8,0.75
1.5,8,0.8
1.5,8,0.85
1.5,8,0.9
1.5,8,0.95
1.5,8,1
1.5,8,1.05
1.5,8,1.1
1.5,8,1.15
1.5,8,1.2
1.5,8,1.25
1.5,8,1.3
1.5,8,1.35
1.5,8,1.4
1.5,8,1.45
1.5,8,1.5
1.5,8,1.55
1.5,8,1.6
1.5,8,1.65
1.5,8,1.7
1.5,8,1.75
1.5,8,1.8
1.5,8,1.85
1.5,8,1.9
1.5,8,1.95
1.5,8,2
1.5,8,2.05
1.5,8,2.1
1.5,8,2.15
1.5,8,2.2
1.5,8,2.25
1.5,8,2.3
1.5,8,2.35
1.5,8,2.4
1.5,8,2.45
1.5,8,2.5
1.5,8,2.55
1.5,8,2.6
1.5,8,2.65
1.5,8,2.7
1.5,8,2.75
1.5,8,2.8
1.5,8,2.85
1.5,8,2.9
1.5,8,2.95
1.5,8,3
1.5,8,3.05
1.5,8,3.1
1.5,8,3.15
1.5,8,3.2
1.5,8,3.25
1.5,8,3.3
1.5,8,3.35
1.5,8,3.4
1.5,8,3.45
1.5,8,3.5
1.5,8,3.55
1.5,8,3.6
1.5,8,3.65
1.5,8,3.7
1.5,8,3.75
1.5,8,3.8
1.5,8,3.85
1.5,8,3.9
1.5,8,3.95
1.5,8,4
1.5,8,4.05
1.5,8,4.1
1.5,8,4.15
1.5,8,4.2
1.5,8,4.25
1.5,8,4.3
1.5,8,4.35
1.5,8,4.4
1.5,8,4.45
1.5,8,4.5
1.5,8,4.55
1.5,8,4.6
1.5,8,4.65
1.5,8,4.7
1.5,8,4.75
1.5,8,4.8
1.5,8,4.85
1.5,8,4.9
1.5,8,4.95
1.5,8,5
1.5,8.5,0
1.5,8.5,0.05
1.5,8.5,0.1
1.5,8.5,0.15
1.5,8.5,0.2
1.5,8.5,0.25
1.5,8.5,0.3
1.5,8.5,0.35
1.5,8.5,0.4
1.5,8.5,0.45
1.5,8.5,0.5
1.5,8.5,0.55
1.5,8.5,0.6
1.5,8.5,0.65
1.5,8.5,0.7
1.5,8.5,0.75
1.5,8.5,0.8
1.5,8.5,0.85
1.5,8.5,0.9
1.5,8.5,0.95
1.5,8.5,1
1.5,8.5,1.05
1.5,8.5,1.1
1.5,8.5,1.15
1.5,8.5,1.2
1.5,8.5,1.25
1.5,8.5,1.3
1.5,8.5,1.35
1.5,8.5,1.4
1.5,8.5,1.45
1.5,8.5,1.5
1.5,8.5,1.55
1.5,8.5,1.6
1.5,8.5,1.65
1.5,8.5,1.7
1.5,8.5,1.75
1.5,8.5,1.8
1.5,8.5,1.85
1.5,8.5,1.9
1.5,8.5,1.95
1.5,8.5,2
1.5,8.5,2.05
1.5,8.5,2.1
1.5,8.5,2.15
1.5,8.5,2.2
1.5,8.5,2.25
1.5,8.5,2.3
1.5,8.5,2.35
1.5,8.5,2.4
1.5,8.5,2.45
1.5,8.5,2.5
1.5,8.5,2.55
1.5,8.5,2.6
1.5,8.5,2.65
1.5,8.5,2.7
1.5,8.5,2.75
1.5,8.5,2.8
1.5,8.5,2.85
1.5,8.5,2.9
1.5,8.5,2.95
1.5,8.5,3
1.5,8.5,3.05
1.5,8.5,3.1
1.5,8.5,3.15
1.5,8.5,3.2
1.5,8.5,3.25
1.5,8.5,3.3
1.5,8.5,3.35
1.5,8.5,3.4
1.5,8.5,3.45
1.5,8.5,3.5
1.5,8.5,3.55
1.5,8.5,3.6
1.5,8.5,3.65
1.5,8.5,3.7
1.5,8.5,3.75
1.5,8.5,3.8
1.5,8.5,3.85
1.5,8.5,3.9
1.5,8.5,3.95
1.5,8.5,4
1.5,8.5,4.05
1.5,8.5,4.1
1.5,8.5,4.15
1.5,8.5,4.2
1.5,8.5,4.25
1.5,8.5,4.3
1.5,8.5,4.35
1.5,8.5,4.4
1.5,8.5,4.45
1.5,8.5,4.5
1.5,8.5,4.55
1.5,8.5,4.6
1.5,8.5,4.65
1.5,8.5,4.7
1.5,8.5,4.75
1.5,8.5,4.8
1.5,8.5,4.85
1.5,8.5,4.9
1.5,8.5,4.95
1.5,8.5,5
1.5,9,0
1.5,9,0.05
1.5,9,0.1
1.5,9,0.15
1.5,9,0.2
1.5,9,0.25
1.5,9,0.3
1.5,9,0.35
1.5,9,0.4
1.5,9,0.45
1.5,9,0.5
1.5,9,0.55
1.5,9,0.6
1.5,9,0.65
1.5,9,0.7
1.5,9,0.75
1.5,9,0.8
1.5,9,0.85
1.5,9,0.9
1.5,9,0.95
1.5,9,1
1.5,9,1.05
1.5,9,1.1
1.5,9,1.15
1.5,9,1.2
1.5,9,1.25
1.5,9,1.3
1.5,9,1.35
1.5,9,1.4
1.5,9,1.45
1.5,9,1.5
1.5,9,1.55
1.5,9,1.6
1.5,9,1.65
1.5,9,1.7
1.5,9,1.75
1.5,9,1.8
1.5,9,1.85
1.5,9,1.9
1.5,9,1.95
1.5,9,2
1.5,9,2.05
1.5,9,2.1
1.5,9,2.15
1.5,9,2.2
1.5,9,2.25
1.5,9,2.3
1.5,9,2.35
1.5,9,2.4
1.5,9,2.45
1.5,9,2.5
1.5,9,2.55
1.5,9,2.6
1.5,9,2.65
1.5,9,2.7
1.5,9,2.75
1.5,9,2.8
1.5,9,2.85
1.5,9,2.9
1.5,9,2.95
1.5,9,3
1.5,9,3.05
1.5,9,3.1
1.5,9,3.15
1.5,9,3.2
1.5,9,3.25
1.5,9,3.3
1.5,9,3.35
1.5,9,3.4
1.5,9,3.45
1.5,9,3.5
1.5,9,3.55
1.5,9,3.6
1.5,9,3.65
1.5,9,3.7
1.5,9,3.75
1.5,9,3.8
1.5,9,3.85
1.5,9,3.9
1.5,9,3.95
1.5,9,4
1.5,9,4.05
1.5,9,4.1
1.5,9,4.15
1.5,9,4.2
1.5,9,4.25
1.5,9,4.3
1.5,9,4.35
1.5,9,4.4
1.5,9,4.45
1.5,9,4.5
1.5,9,4.55
1.5,9,4.6
1.5,9,4.65
1.5,9,4.7
1.5,9,4.75
1.5,9,4.8
1.5,9,4.85
1.5,9,4.9
1.5,9,4.95
1.5,9,5
1.5,9.5,0
1.5,9.5,0.05
1.5,9.5,0.1
1.5,9.5,0.15
1.5,9.5,0.2
1.5,9.5,0.25
1.5,9.5,0.3
1.5,9.5,0.35
1.5,9.5,0.4
1.5,9.5,0.45
1.5,9.5,0.5
1.5,9.5,0.55
1.5,9.5,0.6
1.5,9.5,0.65
1.5,9.5,0.7
1.5,9.5,0.75
1.5,9.5,0.8
1.5,9.5,0.85
1.5,9.5,0.9
1.5,9.5,0.95
1.5,9.5,1
1.5,9.5,1.05
1.5,9.5,1.1
1.5,9.5,1.15
1.5,9.5,1.2
1.5,9.5,1.25
1.5,9.5,1.3
1.5,9.5,1.35
1.5,9.5,1.4
1.5,9.5,1.45
1.5,9.5,1.5
1.5,9.5,1.55
1.5,9.5,1.6
1.5,9.5,1.65
1.5,9.5,1.7
1.5,9.5,1.75
1.5,9.5,1.8
1.5,9.5,1.85
1.5,9.5,1.9
1.5,9.5,1.95
1.5,9.5,2
1.5,9.5,2.05
1.5,9.5,2.1
1.5,9.5,2.15
1.5,9.5,2.2
1.5,9.5,2.25
1.5,9.5,2.3
1.5,9.5,2.35
1.5,9.5,2.4
1.5,9.5,2.45
1.5,9.5,2.5
1.5,9.5,2.55
1.5,9.5,2.6
1.5,9.5,2.65
1.5,9.5,2.7
1.5,9.5,2.75
1.5,9.5,2.8
1.5,9.5,2.85
1.5,9.5,2.9
1.5,9.5,2.95
1.5,9.5,3
1.5,9.5,3.05
1.5,9.5,3.1
1.5,9.5,3.15
1.5,9.5,3.2
1.5,9.5,3.25
1.5,9.5,3.3
1.5,9.5,3.35
1.5,9.5,3.4
1.5,9.5,3.45
1.5,9.5,3.5
1.5,9.5,3.55
1.5,9.5,3.6
1.5,9.5,3.65
1.5,9.5,3.7
1.5,9.5,3.75
1.5,9.5,3.8
1.5,9.5,3.85
1.5,9.5,3.9
1.5,9.5,3.95
1.5,9.5,4
1.5,9.5,4.05
1.5,9.5,4.1
1.5,9.5,4.15
1.5,9.5,4.2
1.5,9.5,4.25
1.5,9.5,4.3
1.5,9.5,4.35
1.5,9.5,4.4
1.5,9.5,4.45
1.5,9.5,4.5
1.5,9.5,4.55
1.5,9.5,4.6
1.5,9.5,4.65
1.5,9.5,4.7
1.5,9.5,4.75
1.5,9.5,4.8
1.5,9.5,4.85
1.5,9.5,4.9
1.5,9.5,4.95
1.5,9.5,5
1.5,10,0
1.5,10,0.05
1.5,10,0.1
1.5,10,0.15
1.5,10,0.2
1.5,10,0.25
1.5,10,0.3
1.5,10,0.35
1.5,10,0.4
1.5,10,0.45
1.5,10,0.5
1.5,10,0.55
1.5,10,0.6
1.5,10,0.65
1.5,10,0.7
1.5,10,0.75
1.5,10,0.8
1.5,10,0.85
1.5,10,0.9
1.5,10,0.95
1.5,10,1
1.5,10,1.05
1.5,10,1.1
1.5,10,1.15
1.5,10,1.2
1.5,10,1.25
1.5,10,1.3
1.5,10,1.35
1.5,10,1.4
1.5,10,1.45
1.5,10,1.5
1.5,10,1.55
1.5,10,1.6
1.5,10,1.65
1.5,10,1.7
1.5,10,1.75
1.5,10,1.8
1.5,10,1.85
1.5,10,1.9
1.5,10,1.95
1.5,10,2
1.5,10,2.05
1.5,10,2.1
1.5,10,2.15
1.5,10,2.2
1.5,10,2.25
1.5,10,2.3
1.5,10,2.35
1.5,10,2.4
1.5,10,2.45
1.5,10,2.5
1.5,10,2.55
1.5,10,2.6
1.5,10,2.65
1.5,10,2.7
1.5,10,2.75
1.5,10,2.8
1.5,10,2.85
1.5,10,2.9
1.5,10,2.95
1.5,10,3
1.5,10,3.05
1.5,10,3.1
1.5,10,3.15
1.5,10,3.2
1.5,10,3.25
1.5,10,3.3
1.5,10,3.35
1.5,10,3.4
1.5,10,3.45
1.5,10,3.5
1.5,10,3.55
1.5,10,3.6
1.5,10,3.65
1.5,10,3.7
1.5,10,3.75
1.5,10,3.8
1.5,10,3.85
1.5,10,3.9
1.5,10,3.95
1.5,10,4
1.5,10,4.05
1.5,10,4.1
1.5,10,4.15
1.5,10,4.2
1.5,10,4.25
1.5,10,4.3
1.5,10,4.35
1.5,10,4.4
1.5,10,4.45
1.5,10,4.5
1.5,10,4.55
1.5,10,4.6
1.5,10,4.65
1.5,10,4.7
1.5,10,4.75
1.5,10,4.8
1.5,10,4.85
1.5,10,4.9
1.5,10,4.95
1.5,10,5
2,0,0
2,0,0.05
2,0,0.1
2,0,0.15
2,0,0.2
2,0,0.25
2,0,0.3
2,0,0.35
2,0,0.4
2,0,0.45
2,0,0.5
2,0,0.55
2,0,0.6
2,0,0.65
2,0,0.7
2,0,0.75
2,0,0.8
2,0,0.85
2,0,0.9
2,0,0.95
2,0,1
2,0,1.05
2,0,1.1
2,0,1.15
2,0,1.2
2,0,1.25
2,0,1.3
2,0,1.35
2,0,1.4
2,0,1.45
2,0,1.5
2,0,1.55
2,0,1.6
2,0,1.65
2,0,1.7
2,0,1.75
2,0,1.8
2,0,1.85
2,0,1.9
2,0,1.95
2,0,2
2,0,2.05
2,0,2.1
2,0,2.15
2,0,2.2
2,0,2.25
2,0,2.3
2,0,2.35
2,0,2.4
2,0,2.45
2,0,2.5
2,0,2.55
2,0,2.6
2,0,2.65
2,0,2.7
2,0,2.75
2,0,2.8
2,0,2.85
2,0,2.9
2,0,2.95
2,0,3
2,0,3.05
2,0,3.1
2,0,3.15
2,0,3.2
2,0,3.25
2,0,3.3
2,0,3.35
2,0,3.4
2,0,3.45
2,0,3.5
2,0,3.55
2,0,3.6
2,0,3.65
2,0,3.7
2,0,3.75
2,0,3.8
2,0,3.85
2,0,3.9
2,0,3.95
2,0,4
2,0,4.05
2,0,4.1
2,0,4.15
2,0,4.2
2,0,4.25
2,0,4.3
2,0,4.35
2,0,4.4
2,0,4.45
2,0,4.5
2,0,4.55
2,0,4.6
2,0,4.65
2,0,4.7
2,0,4.75
2,0,4.8
2,0,4.85
2,0,4.9
2,0,4.95
2,0,5
2,0.5,0
2,0.5,0.05
2,0.5,0.1
2,0.5,0.15
2,0.5,0.2
2,0.5,0.25
2,0.5,0.3
2,0.5,0.35
2,0.5,0.4
2,0.5,0.45
2,0.5,0.5
2,0.5,0.55
2,0.5,0.6
2,0.5,0.65
2,0.5,0.7
2,0.5,0.75
2,0.5,0.8
2,0.5,0.85
2,0.5,0.9
2,0.5,0.95
2,0.5,1
2,0.5,1.05
2,0.5,1.1
2,0.5,1.15
2,0.5,1.2
2,0.5,1.25
2,0.5,1.3
2,0.5,1.35
2,0.5,1.4
2,0.5,1.45
2,0.5,1.5
2,0.5,1.55
2,0.5,1.6
2,0.5,1.65
2,0.5,1.7
2,0.5,1.75
2,0.5,1.8
2,0.5,1.85
2,0.5,1.9
2,0.5,1.95
2,0.5,2
2,0.5,2.05
2,0.5,2.1
2,0.5,2.15
2,0.5,2.2
2,0.5,2.25
2,0.5,2.3
2,0.5,2.35
2,0.5,2.4
2,0.5,2.45
2,0.5,2.5
2,0.5,2.55
2,0.5,2.6
2,0.5,2.65
2,0.5,2.7
2,0.5,2.75
2,0.5,2.8
2,0.5,2.85
2,0.5,2.9
2,0.5,2.95
2,0.5,3
2,0.5,3.05
2,0.5,3.1
2,0.5,3.15
2,0.5,3.2
2,0.5,3.25
2,0.5,3.3
2,0.5,3.35
2,0.5,3.4
2,0.5,3.45
2,0.5,3.5
2,0.5,3.55
2,0.5,3.6
2,0.5,3.65
2,0.5,3.7
2,0.5,3.75
2,0.5,3.8
2,0.5,3.85
2,0.5,3.9
2,0.5,3.95
2,0.5,4
2,0.5,4.05
2,0.5,4.1
2,0.5,4.15
2,0.5,4.2
2,0.5,4.25
2,0.5,4.3
2,0.5,4.35
2,0.5,4.4
2,0.5,4.45
2,0.5,4.5
2,0.5,4.55
2,0.5,4.6
2,0.5,4.65
2,0.5,4.7
2,0.5,4.75
2,0.5,4.8
2,0.5,4.85
2,0.5,4.9
2,0.5,4.95
2,0.5,5
2,1,0
2,1,0.05
2,1,0.1
2,1,0.15
2,1,0.2
2,1,0.25
2,1,0.3
2,1,0.35
2,1,0.4
2,1,0.45
2,1,0.5
2,1,0.55
2,1,0.6
2,1,0.65
2,1,0.7
2,1,0.75
2,1,0.8
2,1,0.85
2,1,0.9
2,1,0.95
2,1,1
2,1,1.05
2,1,1.1
2,1,1.15
2,1,1.2
2,1,1.25
2,1,1.3
2,1,1.35
2,1,1.4
2,1,1.45
2,1,1.5
2,1,1.55
2,1,1.6
2,1,1.65
2,1,1.7
2,1,1.75
2,1,1.8
2,1,1.85
2,1,1.9
2,1,1.95
2,1,2
2,1,2.05
2,1,2.1
2,1,2.15
2,1,2.2
2,1,2.25
2,1,2.3
2,1,2.35
2,1,2.4
2,1,2.45
2,1,2.5
2,1,2.55
2,1,2.6
2,1,2.65
2,1,2.7
2,1,2.75
2,1,2.8
2,1,2.85
2,1,2.9
2,1,2.95
2,1,3
2,1,3.05
2,1,3.1
2,1,3.15
2,1,3.2
2,1,3.25
2,1,3.3
2,1,3.35
2,1,3.4
2,1,3.45
2,1,3.5
2,1,3.55
2,1,3.6
2,1,3.65
2,1,3.7
2,1,3.75
2,1,3.8
2,1,3.85
2,1,3.9
2,1,3.95
2,1,4
2,1,4.05
2,1,4.1
2,1,4.15
2,1,4.2
2,1,4.25
2,1,4.3
2,1,4.35
2,1,4.4
2,1,4.45
2,1,4.5
2,1,4.55
2,1,4.6
2,1,4.65
2,1,4.7
2,1,4.75
2,1,4.8
2,1,4.85
2,1,4.9
2,1,4.95
2,1,5
2,1.5,0
2,1.5,0.05
2,1.5,0.1
2,1.5,0.15
2,1.5,0.2
2,1.5,0.25
2,1.5,0.3
2,1.5,0.35
2,1.5,0.4
2,1.5,0.45
2,1.5,0.5
2,1.5,0.55
2,1.5,0.6
2,1.5,0.65
2,1.5,0.7
2,1.5,0.75
2,1.5,0.8
2,1.5,0.85
2,1.5,0.9
2,1.5,0.95
2,1.5,1
2,1.5,1.05
2,1.5,1.1
2,1.5,1.15
2,1.5,1.2
2,1.5,1.25
2,1.5,1.3
2,1.5,1.35
2,1.5,1.4
2,1.5,1.45
2,1.5,1.5
2,1.5,1.55
2,1.5,1.6
2,1.5,1.65
2,1.5,1.7
2,1.5,1.75
2,1.5,1.8
2,1.5,1.85
2,1.5,1.9
2,1.5,1.95
2,1.5,2
2,1.5,2.05
2,1.5,2.1
2,1.5,2.15
2,1.5,2.2
2,1.5,2.25
2,1.5,2.3
2,1.5,2.35
2,1.5,2.4
2,1.5,2.45
2,1.5,2.5
2,1.5,2.55
2,1.5,2.6
2,1.5,2.65
2,1.5,2.7
2,1.5,2.75
2,1.5,2.8
2,1.5,2.85
2,1.5,2.9
2,1.5,2.95
2,1.5,3
2,1.5,3.05
2,1.5,3.1
2,1.5,3.15
2,1.5,3.2
2,1.5,3.25
2,1.5,3.3
2,1.5,3.35
2,1.5,3.4
2,1.5,3.45
2,1.5,3.5
2,1.5,3.55
2,1.5,3.6
2,1.5,3.65
2,1.5,3.7
2,1.5,3.75
2,1.5,3.8
2,1.5,3.85
2,1.5,3.9
2,1.5,3.95
2,1.5,4
2,1.5,4.05
2,1.5,4.1
2,1.5,4.15
2,1.5,4.2
2,1.5,4.25
2,1.5,4.3
2,1.5,4.35
2,1.5,4.4
2,1.5,4.45
2,1.5,4.5
2,1.5,4.55
2,1.5,4.6
2,1.5,4.65
2,1.5,4.7
2,1.5,4.75
2,1.5,4.8
2,1.5,4.85
2,1.5,4.9
2,1.5,4.95
2,1.5,5
2,2,0
2,2,0.05
2,2,0.1
2,2,0.15
2,2,0.2
2,2,0.25
2,2,0.3
2,2,0.35
2,2,0.4
2,2,0.45
2,2,0.5
2,2,0.55
2,2,0.6
2,2,0.65
2,2,0.7
2,2,0.75
2,2,0.8
2,2,0.85
2,2,0.9
2,2,0.95
2,2,1
2,2,1.05
2,2,1.1
2,2,1.15
2,2,1.2
2,2,1.25
2,2,1.3
2,2,1.35
2,2,1.4
2,2,1.45
2,2,1.5
2,2,1.55
2,2,1.6
2,2,1.65
2,2,1.7
2,2,1.75
2,2,1.8
2,2,1.85
2,2,1.9
2,2,1.95
2,2,2
2,2,2.05
2,2,2.1
2,2,2.15
2,2,2.2
2,2,2.25
2,2,2.3
2,2,2.35
2,2,2.4
2,2,2.45
2,2,2.5
2,2,2.55
2,2,2.6
2,2,2.65
2,2,2.7
2,2,2.75
2,2,2.8
2,2,2.85
2,2,2.9
2,2,2.95
2,2,3
2,2,3.05
2,2,3.1
2,2,3.15
2,2,3.2
2,2,3.25
2,2,3.3
2,2,3.35
2,2,3.4
2,2,3.45
2,2,3.5
2,2,3.55
2,2,3.6
2,2,3.65
2,2,3.7
2,2,3.75
2,2,3.8
2,2,3.85
2,2,3.9
2,2,3.95
2,2,4
2,2,4.05
2,2,4.1
2,2,4.15
2,2,4.2
2,2,4.25
2,2,4.3
2,2,4.35
2,2,4.4
2,2,4.45
2,2,4.5
2,2,4.55
2,2,4.6
2,2,4.65
2,2,4.7
2,2,4.75
2,2,4.8
2,2,4.85
2,2,4.9
2,2,4.95
2,2,5
2,2.5,0
2,2.5,0.05
2,2.5,0.1
2,2.5,0.15
2,2.5,0.2
2,2.5,0.25
2,2.5,0.3
2,2.5,0.35
2,2.5,0.4
2,2.5,0.45
2,2.5,0.5
2,2.5,0.55
2,2.5,0.6
2,2.5,0.65
2,2.5,0.7
2,2.5,0.75
2,2.5,0.8
2,2.5,0.85
2,2.5,0.9
2,2.5,0.95
2,2.5,1
2,2.5,1.05
2,2.5,1.1
2,2.5,1.15
2,2.5,1.2
2,2.5,1.25
2,2.5,1.3
2,2.5,1.35
2,2.5,1.4
2,2.5,1.45
2,2.5,1.5
2,2.5,1.55
2,2.5,1.6
2,2.5,1.65
2,2.5,1.7
2,2.5,1.75
2,2.5,1.8
2,2.5,1.85
2,2.5,1.9
2,2.5,1.95
2,2.5,2
2,2.5,2.05
2,2.5,2.1
2,2.5,2.15
2,2.5,2.2
2,2.5,2.25
2,2.5,2.3
2,2.5,2.35
2,2.5,2.4
2,2.5,2.45
2,2.5,2.5
2,2.5,2.55
2,2.5,2.6
2,2.5,2.65
2,2.5,2.7
2,2.5,2.75
2,2.5,2.8
2,2.5,2.85
2,2.5,2.9
2,2.5,2.95
2,2.5,3
2,2.5,3.05
2,2.5,3.1
2,2.5,3.15
2,2.5,3.2
2,2.5,3.25
2,2.5,3.3
2,2.5,3.35
2,2.5,3.4
2,2.5,3.45
2,2.5,3.5
2,2.5,3.55
2,2.5,3.6
2,2.5,3.65
2,2.5,3.7
2,2.5,3.75
2,2.5,3.8
2,2.5,3.85
2,2.5,3.9
2,2.5,3.95
2,2.5,4
2,2.5,4.05
2,2.5,4.1
2,2.5,4.15
2,2.5,4.2
2,2.5,4.25
2,2.5,4.3
2,2.5,4.35
2,2.5,4.4
2,2.5,4.45
2,2.5,4.5
2,2.5,4.55
2,2.5,4.6
2,2.5,4.65
2,2.5,4.7
2,2.5,4.75
2,2.5,4.8
2,2.5,4.85
2,2.5,4.9
2,2.5,4.95
2,2.5,5
2,3,0
2,3,0.05
2,3,0.1
2,3,0.15
2,3,0.2
2,3,0.25
2,3,0.3
2,3,0.35
2,3,0.4
2,3,0.45
2,3,0.5
2,3,0.55
2,3,0.6
2,3,0.65
2,3,0.7
2,3,0.75
2,3,0.8
2,3,0.85
2,3,0.9
2,3,0.95
2,3,1
2,3,1.05
2,3,1.1
2,3,1.15
2,3,1.2
2,3,1.25
2,3,1.3
2,3,1.35
2,3,1.4
2,3,1.45
2,3,1.5
2,3,1.55
2,3,1.6
2,3,1.65
2,3,1.7
2,3,1.75
2,3,1.8
2,3,1.85
2,3,1.9
2,3,1.95
2,3,2
2,3,2.05
2,3,2.1
2,3,2.15
2,3,2.2
2,3,2.25
2,3,2.3
2,3,2.35
2,3,2.4
2,3,2.45
2,3,2.5
2,3,2.55
2,3,2.6
2,3,2.65
2,3,2.7
2,3,2.75
2,3,2.8
2,3,2.85
2,3,2.9
2,3,2.95
2,3,3
2,3,3.05
2,3,3.1
2,3,3.15
2,3,3.2
2,3,3.25
2,3,3.3
2,3,3.35
2,3,3.4
2,3,3.45
2,3,3.5
2,3,3.55
2,3,3.6
2,3,3.65
2,3,3.7
2,3,3.75
2,3,3.8
2,3,3.85
2,3,3.9
2,3,3.95
2,3,4
2,3,4.05
2,3,4.1
2,3,4.15
2,3,4.2
2,3,4.25
2,3,4.3
2,3,4.35
2,3,4.4
2,3,4.45
2,3,4.5
2,3,4.55
2,3,4.6
2,3,4.65
2,3,4.7
2,3,4.75
2,3,4.8
2,3,4.85
2,3,4.9
2,3,4.95
2,3,5
2,3.5,0
2,3.5,0.05
2,3.5,0.1
2,3.5,0.15
2,3.5,0.2
2,3.5,0.25
2,3.5,0.3
2,3.5,0.35
2,3.5,0.4
2,3.5,0.45
2,3.5,0.5
2,3.5,0.55
2,3.5,0.6
2,3.5,0.65
2,3.5,0.7
2,3.5,0.75
2,3.5,0.8
2,3.5,0.85
2,3.5,0.9
2,3.5,0.95
2,3.5,1
2,3.5,1.05
2,3.5,1.1
2,3.5,1.15
2,3.5,1.2
2,3.5,1.25
2,3.5,1.3
2,3.5,1.35
2,3.5,1.4
2,3.5,1.45
2,3.5,1.5
2,3.5,1.55
2,3.5,1.6
2,3.5,1.65
2,3.5,1.7
2,3.5,1.75
2,3.5,1.8
2,3.5,1.85
2,3.5,1.9
2,3.5,1.95
2,3.5,2
2,3.5,2.05
2,3.5,2.1
2,3.5,2.15
2,3.5,2.2
2,3.5,2.25
2,3.5,2.3
2,3.5,2.35
2,3.5,2.4
2,3.5,2.45
2,3.5,2.5
2,3.5,2.55
2,3.5,2.6
2,3.5,2.65
2,3.5,2.7
2,3.5,2.75
2,3.5,2.8
2,3.5,2.85
2,3.5,2.9
2,3.5,2.95
2,3.5,3
2,3.5,3.05
2,3.5,3.1
2,3.5,3.15
2,3.5,3.2
2,3.5,3.25
2,3.5,3.3
2,3.5,3.35
2,3.5,3.4
2,3.5,3.45
2,3.5,3.5
2,3.5,3.55
2,3.5,3.6
2,3.5,3.65
2,3.5,3.7
2,3.5,3.75
2,3.5,3.8
2,3.5,3.85
2,3.5,3.9
2,3.5,3.95
2,3.5,4
2,3.5,4.05
2,3.5,4.1
2,3.5,4.15
2,3.5,4.2
2,3.5,4.25
2,3.5,4.3
2,3.5,4.35
2,3.5,4.4
2,3.5,4.45
2,3.5,4.5
2,3.5,4.55
2,3.5,4.6
2,3.5,4.65
2,3.5,4.7
2,3.5,4.75
2,3.5,4.8
2,3.5,4.85
2,3.5,4.9
2,3.5,4.95
2,3.5,5
2,4,0
2,4,0.05
2,4,0.1
2,4,0.15
2,4,0.2
2,4,0.25
2,4,0.3
2,4,0.35
2,4,0.4
2,4,0.45
2,4,0.5
2,4,0.55
2,4,0.6
2,4,0.65
2,4,0.7
2,4,0.75
2,4,0.8
2,4,0.85
2,4,0.9
2,4,0.95
2,4,1
2,4,1.05
2,4,1.1
2,4,1.15
2,4,1.2
2,4,1.25
2,4,1.3
2,4,1.35
2,4,1.4
2,4,1.45
2,4,1.5
2,4,1.55
2,4,1.6
2,4,1.65
2,4,1.7
2,4,1.75
2,4,1.8
2,4,1.85
2,4,1.9
2,4,1.95
2,4,2
2,4,2.05
2,4,2.1
2,4,2.15
2,4,2.2
2,4,2.25
2,4,2.3
2,4,2.35
2,4,2.4
2,4,2.45
2,4,2.5
2,4,2.55
2,4,2.6
2,4,2.65
2,4,2.7
2,4,2.75
2,4,2.8
2,4,2.85
2,4,2.9
2,4,2.95
2,4,3
2,4,3.05
2,4,3.1
2,4,3.15
2,4,3.2
2,4,3.25
2,4,3.3
2,4,3.35
2,4,3.4
2,4,3.45
2,4,3.5
2,4,3.55
2,4,3.6
2,4,3.65
2,4,3.7
2,4,3.75
2,4,3.8
2,4,3.85
2,4,3.9
2,4,3.95
2,4,4
2,4,4.05
2,4,4.1
2,4,4.15
2,4,4.2
2,4,4.25
2,4,4.3
2,4,4.35
2,4,4.4
2,4,4.45
2,4,4.5
2,4,4.55
2,4,4.6
2,4,4.65
2,4,4.7
2,4,4.75
2,4,4.8
2,4,4.85
2,4,4.9
2,4,4.95
2,4,5
2,4.5,0
2,4.5,0.05
2,4.5,0.1
2,4.5,0.15
2,4.5,0.2
2,4.5,0.25
2,4.5,0.3
2,4.5,0.35
2,4.5,0.4
2,4.5,0.45
2,4.5,0.5
2,4.5,0.55
2,4.5,0.6
2,4.5,0.65
2,4.5,0.7
2,4.5,0.75
2,4.5,0.8
2,4.5,0.85
2,4.5,0.9
2,4.5,0.95
2,4.5,1
2,4.5,1.05
2,4.5,1.1
2,4.5,1.15
2,4.5,1.2
2,4.5,1.25
2,4.5,1.3
2,4.5,1.35
2,4.5,1.4
2,4.5,1.45
2,4.5,1.5
2,4.5,1.55
2,4.5,1.6
2,4.5,1.65
2,4.5,1.7
2,4.5,1.75
2,4.5,1.8
2,4.5,1.85
2,4.5,1.9
2,4.5,1.95
2,4.5,2
2,4.5,2.05
2,4.5,2.1
2,4.5,2.15
2,4.5,2.2
2,4.5,2.25
2,4.5,2.3
2,4.5,2.35
2,4.5,2.4
2,4.5,2.45
2,4.5,2.5
2,4.5,2.55
2,4.5,2.6
2,4.5,2.65
2,4.5,2.7
2,4.5,2.75
2,4.5,2.8
2,4.5,2.85
2,4.5,2.9
2,4.5,2.95
2,4.5,3
2,4.5,3.05
2,4.5,3.1
2,4.5,3.15
2,4.5,3.2
2,4.5,3.25
2,4.5,3.3
2,4.5,3.35
2,4.5,3.4
2,4.5,3.45
2,4.5,3.5
2,4.5,3.55
2,4.5,3.6
2,4.5,3.65
2,4.5,3.7
2,4.5,3.75
2,4.5,3.8
2,4.5,3.85
2,4.5,3.9
2,4.5,3.95
2,4.5,4
2,4.5,4.05
2,4.5,4.1
2,4.5,4.15
2,4.5,4.2
2,4.5,4.25
2,4.5,4.3
2,4.5,4.35
2,4.5,4.4
2,4.5,4.45
2,4.5,4.5
2,4.5,4.55
2,4.5,4.6
2,4.5,4.65
2,4.5,4.7
2,4.5,4.75
2,4.5,4.8
2,4.5,4.85
2,4.5,4.9
2,4.5,4.95
2,4.5,5
2,5,0
2,5,0.05
2,5,0.1
2,5,0.15
2,5,0.2
2,5,0.25
2,5,0.3
2,5,0.35
2,5,0.4
2,5,0.45
2,5,0.5
2,5,0.55
2,5,0.6
2,5,0.65
2,5,0.7
2,5,0.75
2,5,0.8
2,5,0.85
2,5,0.9
2,5,0.95
2,5,1
2,5,1.05
2,5,1.1
2,5,1.15
2,5,1.2
2,5,1.25
2,5,1.3
2,5,1.35
2,5,1.4
2,5,1.45
2,5,1.5
2,5,1.55
2,5,1.6
2,5,1.65
2,5,1.7
2,5,1.75
2,5,1.8
2,5,1.85
2,5,1.9
2,5,1.95
2,5,2
2,5,2.05
2,5,2.1
2,5,2.15
2,5,2.2
2,5,2.25
2,5,2.3
2,5,2.35
2,5,2.4
2,5,2.45
2,5,2.5
2,5,2.55
2,5,2.6
2,5,2.65
2,5,2.7
2,5,2.75
2,5,2.8
2,5,2.85
2,5,2.9
2,5,2.95
2,5,3
2,5,3.05
2,5,3.1
2,5,3.15
2,5,3.2
2,5,3.25
2,5,3.3
2,5,3.35
2,5,3.4
2,5,3.45
2,5,3.5
2,5,3.55
2,5,3.6
2,5,3.65
2,5,3.7
2,5,3.75
2,5,3.8
2,5,3.85
2,5,3.9
2,5,3.95
2,5,4
2,5,4.05
2,5,4.1
2,5,4.15
2,5,4.2
2,5,4.25
2,5,4.3
2,5,4.35
2,5,4.4
2,5,4.45
2,5,4.5
2,5,4.55
2,5,4.6
2,5,4.65
2,5,4.7
2,5,4.75
2,5,4.8
2,5,4.85
2,5,4.9
2,5,4.95
2,5,5
2,5.5,0
2,5.5,0.05
2,5.5,0.1
2,5.5,0.15
2,5.5,0.2
2,5.5,0.25
2,5.5,0.3
2,5.5,0.35
2,5.5,0.4
2,5.5,0.45
2,5.5,0.5
2,5.5,0.55
2,5.5,0.6
2,5.5,0.65
2,5.5,0.7
2,5.5,0.75
2,5.5,0.8
2,5.5,0.85
2,5.5,0.9
2,5.5,0.95
2,5.5,1
2,5.5,1.05
2,5.5,1.1
2,5.5,1.15
2,5.5,1.2
2,5.5,1.25
2,5.5,1.3
2,5.5,1.35
2,5.5,1.4
2,5.5,1.45
2,5.5,1.5
2,5.5,1.55
2,5.5,1.6
2,5.5,1.65
2,5.5,1.7
2,5.5,1.75
2,5.5,1.8
2,5.5,1.85
2,5.5,1.9
2,5.5,1.95
2,5.5,2
2,5.5,2.05
2,5.5,2.1
2,5.5,2.15
2,5.5,2.2
2,5.5,2.25
2,5.5,2.3
2,5.5,2.35
2,5.5,2.4
2,5.5,2.45
2,5.5,2.5
2,5.5,2.55
2,5.5,2.6
2,5.5,2.65
2,5.5,2.7
2,5.5,2.75
2,5.5,2.8
2,5.5,2.85
2,5.5,2.9
2,5.5,2.95
2,5.5,3
2,5.5,3.05
2,5.5,3.1
2,5.5,3.15
2,5.5,3.2
2,5.5,3.25
2,5.5,3.3
2,5.5,3.35
2,5.5,3.4
2,5.5,3.45
2,5.5,3.5
2,5.5,3.55
2,5.5,3.6
2,5.5,3.65
2,5.5,3.7
2,5.5,3.75
2,5.5,3.8
2,5.5,3.85
2,5.5,3.9
2,5.5,3.95
2,5.5,4
2,5.5,4.05
2,5.5,4.1
2,5.5,4.15
2,5.5,4.2
2,5.5,4.25
2,5.5,4.3
2,5.5,4.35
2,5.5,4.4
2,5.5,4.45
2,5.5,4.5
2,5.5,4.55
2,5.5,4.6
2,5.5,4.65
2,5.5,4.7
2,5.5,4.75
2,5.5,4.8
2,5.5,4.85
2,5.5,4.9
2,5.5,4.95
2,5.5,5
2,6,0
2,6,0.05
2,6,0.1
2,6,0.15
2,6,0.2
2,6,0.25
2,6,0.3
2,6,0.35
2,6,0.4
2,6,0.45
2,6,0.5
2,6,0.55
2,6,0.6
2,6,0.65
2,6,0.7
2,6,0.75
2,6,0.8
2,6,0.85
2,6,0.9
2,6,0.95
2,6,1
2,6,1.05
2,6,1.1
2,6,1.15
2,6,1.2
2,6,1.25
2,6,1.3
2,6,1.35
2,6,1.4
2,6,1.45
2,6,1.5
2,6,1.55
2,6,1.6
2,6,1.65
2,6,1.7
2,6,1.75
2,6,1.8
2,6,1.85
2,6,1.9
2,6,1.95
2,6,2
2,6,2.05
2,6,2.1
2,6,2.15
2,6,2.2
2,6,2.25
2,6,2.3
2,6,2.35
2,6,2.4
2,6,2.45
2,6,2.5
2,6,2.55
2,6,2.6
2,6,2.65
2,6,2.7
2,6,2.75
2,6,2.8
2,6,2.85
2,6,2.9
2,6,2.95
2,6,3
2,6,3.05
2,6,3.1
2,6,3.15
2,6,3.2
2,6,3.25
2,6,3.3
2,6,3.35
2,6,3.4
2,6,3.45
2,6,3.5
2,6,3.55
2,6,3.6
2,6,3.65
2,6,3.7
2,6,3.75
2,6,3.8
2,6,3.85
2,6,3.9
2,6,3.95
2,6,4
2,6,4.05
2,6,4.1
2,6,4.15
2,6,4.2
2,6,4.25
2,6,4.3
2,6,4.35
2,6,4.4
2,6,4.45
2,6,4.5
2,6,4.55
2,6,4.6
2,6,4.65
2,6,4.7
2,6,4.75
2,6,4.8
2,6,4.85
2,6,4.9
2,6,4.95
2,6,5
2,6.5,0
2,6.5,0.05
2,6.5,0.1
2,6.5,0.15
2,6.5,0.2
2,6.5,0.25
2,6.5,0.3
2,6.5,0.35
2,6.5,0.4
2,6.5,0.45
2,6.5,0.5
2,6.5,0.55
2,6.5,0.6
2,6.5,0.65
2,6.5,0.7
2,6.5,0.75
2,6.5,0.8
2,6.5,0.85
2,6.5,0.9
2,6.5,0.95
2,6.5,1
2,6.5,1.05
2,6.5,1.1
2,6.5,1.15
2,6.5,1.2
2,6.5,1.25
2,6.5,1.3
2,6.5,1.35
2,6.5,1.4
2,6.5,1.45
2,6.5,1.5
2,6.5,1.55
2,6.5,1.6
2,6.5,1.65
2,6.5,1.7
2,6.5,1.75
2,6.5,1.8
2,6.5,1.85
2,6.5,1.9
2,6.5,1.95
2,6.5,2
2,6.5,2.05
2,6.5,2.1
2,6.5,2.15
2,6.5,2.2
2,6.5,2.25
2,6.5,2.3
2,6.5,2.35
2,6.5,2.4
2,6.5,2.45
2,6.5,2.5
2,6.5,2.55
2,6.5,2.6
2,6.5,2.65
2,6.5,2.7
2,6.5,2.75
2,6.5,2.8
2,6.5,2.85
2,6.5,2.9
2,6.5,2.95
2,6.5,3
2,6.5,3.05
2,6.5,3.1
2,6.5,3.15
2,6.5,3.2
2,6.5,3.25
2,6.5,3.3
2,6.5,3.35
2,6.5,3.4
2,6.5,3.45
2,6.5,3.5
2,6.5,3.55
2,6.5,3.6
2,6.5,3.65
2,6.5,3.7
2,6.5,3.75
2,6.5,3.8
2,6.5,3.85
2,6.5,3.9
2,6.5,3.95
2,6.5,4
2,6.5,4.05
2,6.5,4.1
2,6.5,4.15
2,6.5,4.2
2,6.5,4.25
2,6.5,4.3
2,6.5,4.35
2,6.5,4.4
2,6.5,4.45
2,6.5,4.5
2,6.5,4.55
2,6.5,4.6
2,6.5,4.65
2,6.5,4.7
2,6.5,4.75
2,6.5,4.8
2,6.5,4.85
2,6.5,4.9
2,6.5,4.95
2,6.5,5
2,7,0
2,7,0.05
2,7,0.1
2,7,0.15
2,7,0.2
2,7,0.25
2,7,0.3
2,7,0.35
2,7,0.4
2,7,0.45
2,7,0.5
2,7,0.55
2,7,0.6
2,7,0.65
2,7,0.7
2,7,0.75
2,7,0.8
2,7,0.85
2,7,0.9
2,7,0.95
2,7,1
2,7,1.05
2,7,1.1
2,7,1.15
2,7,1.2
2,7,1.25
2,7,1.3
2,7,1.35
2,7,1.4
2,7,1.45
2,7,1.5
2,7,1.55
2,7,1.6
2,7,1.65
2,7,1.7
2,7,1.75
2,7,1.8
2,7,1.85
2,7,1.9
2,7,1.95
2,7,2
2,7,2.05
2,7,2.1
2,7,2.15
2,7,2.2
2,7,2.25
2,7,2.3
2,7,2.35
2,7,2.4
2,7,2.45
2,7,2.5
2,7,2.55
2,7,2.6
2,7,2.65
2,7,2.7
2,7,2.75
2,7,2.8
2,7,2.85
2,7,2.9
2,7,2.95
2,7,3
2,7,3.05
2,7,3.1
2,7,3.15
2,7,3.2
2,7,3.25
2,7,3.3
2,7,3.35
2,7,3.4
2,7,3.45
2,7,3.5
2,7,3.55
2,7,3.6
2,7,3.65
2,7,3.7
2,7,3.75
2,7,3.8
2,7,3.85
2,7,3.9
2,7,3.95
2,7,4
2,7,4.05
2,7,4.1
2,7,4.15
2,7,4.2
2,7,4.25
2,7,4.3
2,7,4.35
2,7,4.4
2,7,4.45
2,7,4.5
2,7,4.55
2,7,4.6
2,7,4.65
2,7,4.7
2,7,4.75
2,7,4.8
2,7,4.85
2,7,4.9
2,7,4.95
2,7,5
2,7.5,0
2,7.5,0.05
2,7.5,0.1
2,7.5,0.15
2,7.5,0.2
2,7.5,0.25
2,7.5,0.3
2,7.5,0.35
2,7.5,0.4
2,7.5,0.45
2,7.5,0.5
2,7.5,0.55
2,7.5,0.6
2,7.5,0.65
2,7.5,0.7
2,7.5,0.75
2,7.5,0.8
2,7.5,0.85
2,7.5,0.9
2,7.5,0.95
2,7.5,1
2,7.5,1.05
2,7.5,1.1
2,7.5,1.15
2,7.5,1.2
2,7.5,1.25
2,7.5,1.3
2,7.5,1.35
2,7.5,1.4
2,7.5,1.45
2,7.5,1.5
2,7.5,1.55
2,7.5,1.6
2,7.5,1.65
2,7.5,1.7
2,7.5,1.75
2,7.5,1.8
2,7.5,1.85
2,7.5,1.9
2,7.5,1.95
2,7.5,2
2,7.5,2.05
2,7.5,2.1
2,7.5,2.15
2,7.5,2.2
2,7.5,2.25
2,7.5,2.3
2,7.5,2.35
2,7.5,2.4
2,7.5,2.45
2,7.5,2.5
2,7.5,2.55
2,7.5,2.6
2,7.5,2.65
2,7.5,2.7
2,7.5,2.75
2,7.5,2.8
2,7.5,2.85
2,7.5,2.9
2,7.5,2.95
2,7.5,3
2,7.5,3.05
2,7.5,3.1
2,7.5,3.15
2,7.5,3.2
2,7.5,3.25
2,7.5,3.3
2,7.5,3.35
2,7.5,3.4
2,7.5,3.45
2,7.5,3.5
2,7.5,3.55
2,7.5,3.6
2,7.5,3.65
2,7.5,3.7
2,7.5,3.75
2,7.5,3.8
2,7.5,3.85
2,7.5,3.9
2,7.5,3.95
2,7.5,4
2,7.5,4.05
2,7.5,4.1
2,7.5,4.15
2,7.5,4.2
2,7.5,4.25
2,7.5,4.3
2,7.5,4.35
2,7.5,4.4
2,7.5,4.45
2,7.5,4.5
2,7.5,4.55
2,7.5,4.6
2,7.5,4.65
2,7.5,4.7
2,7.5,4.75
2,7.5,4.8
2,7.5,4.85
2,7.5,4.9
2,7.5,4.95
2,7.5,5
2,8,0
2,8,0.05
2,8,0.1
2,8,0.15
2,8,0.2
2,8,0.25
2,8,0.3
2,8,0.35
2,8,0.4
2,8,0.45
2,8,0.5
2,8,0.55
2,8,0.6
2,8,0.65
2,8,0.7
2,8,0.75
2,8,0.8
2,8,0.85
2,8,0.9
2,8,0.95
2,8,1
2,8,1.05
2,8,1.1
2,8,1.15
2,8,1.2
2,8,1.25
2,8,1.3
2,8,1.35
2,8,1.4
2,8,1.45
2,8,1.5
2,8,1.55
2,8,1.6
2,8,1.65
2,8,1.7
2,8,1.75
2,8,1.8
2,8,1.85
2,8,1.9
2,8,1.95
2,8,2
2,8,2.05
2,8,2.1
2,8,2.15
2,8,2.2
2,8,2.25
2,8,2.3
2,8,2.35
2,8,2.4
2,8,2.45
2,8,2.5
2,8,2.55
2,8,2.6
2,8,2.65
2,8,2.7
2,8,2.75
2,8,2.8
2,8,2.85
2,8,2.9
2,8,2.95
2,8,3
2,8,3.05
2,8,3.1
2,8,3.15
2,8,3.2
2,8,3.25
2,8,3.3
2,8,3.35
2,8,3.4
2,8,3.45
2,8,3.5
2,8,3.55
2,8,3.6
2,8,3.65
2,8,3.7
2,8,3.75
2,8,3.8
2,8,3.85
2,8,3.9
2,8,3.95
2,8,4
2,8,4.05
2,8,4.1
2,8,4.15
2,8,4.2
2,8,4.25
2,8,4.3
2,8,4.35
2,8,4.4
2,8,4.45
2,8,4.5
2,8,4.55
2,8,4.6
2,8,4.65
2,8,4.7
2,8,4.75
2,8,4.8
2,8,4.85
2,8,4.9
2,8,4.95
2,8,5
2,8.5,0
2,8.5,0.05
2,8.5,0.1
2,8.5,0.15
2,8.5,0.2
2,8.5,0.25
2,8.5,0.3
2,8.5,0.35
2,8.5,0.4
2,8.5,0.45
2,8.5,0.5
2,8.5,0.55
2,8.5,0.6
2,8.5,0.65
2,8.5,0.7
2,8.5,0.75
2,8.5,0.8
2,8.5,0.85
2,8.5,0.9
2,8.5,0.95
2,8.5,1
2,8.5,1.05
2,8.5,1.1
2,8.5,1.15
2,8.5,1.2
2,8.5,1.25
2,8.5,1.3
2,8.5,1.35
2,8.5,1.4
2,8.5,1.45
2,8.5,1.5
2,8.5,1.55
2,8.5,1.6
2,8.5,1.65
2,8.5,1.7
2,8.5,1.75
2,8.5,1.8
2,8.5,1.85
2,8.5,1.9
2,8.5,1.95
2,8.5,2
2,8.5,2.05
2,8.5,2.1
2,8.5,2.15
2,8.5,2.2
2,8.5,2.25
2,8.5,2.3
2,8.5,2.35
2,8.5,2.4
2,8.5,2.45
2,8.5,2.5
2,8.5,2.55
2,8.5,2.6
2,8.5,2.65
2,8.5,2.7
2,8.5,2.75
2,8.5,2.8
2,8.5,2.85
2,8.5,2.9
2,8.5,2.95
2,8.5,3
2,8.5,3.05
2,8.5,3.1
2,8.5,3.15
2,8.5,3.2
2,8.5,3.25
2,8.5,3.3
2,8.5,3.35
2,8.5,3.4
2,8.5,3.45
2,8.5,3.5
2,8.5,3.55
2,8.5,3.6
2,8.5,3.65
2,8.5,3.7
2,8.5,3.75
2,8.5,3.8
2,8.5,3.85
2,8.5,3.9
2,8.5,3.95
2,8.5,4
2,8.5,4.05
2,8.5,4.1
2,8.5,4.15
2,8.5,4.2
2,8.5,4.25
2,8.5,4.3
2,8.5,4.35
2,8.5,4.4
2,8.5,4.45
2,8.5,4.5
2,8.5,4.55
2,8.5,4.6
2,8.5,4.65
2,8.5,4.7
2,8.5,4.75
2,8.5,4.8
2,8.5,4.85
2,8.5,4.9
2,8.5,4.95
2,8.5,5
2,9,0
2,9,0.05
2,9,0.1
2,9,0.15
2,9,0.2
2,9,0.25
2,9,0.3
2,9,0.35
2,9,0.4
2,9,0.45
2,9,0.5
2,9,0.55
2,9,0.6
2,9,0.65
2,9,0.7
2,9,0.75
2,9,0.8
2,9,0.85
2,9,0.9
2,9,0.95
2,9,1
2,9,1.05
2,9,1.1
2,9,1.15
2,9,1.2
2,9,1.25
2,9,1.3
2,9,1.35
2,9,1.4
2,9,1.45
2,9,1.5
2,9,1.55
2,9,1.6
2,9,1.65
2,9,1.7
2,9,1.75
2,9,1.8
2,9,1.85
2,9,1.9
2,9,1.95
2,9,2
2,9,2.05
2,9,2.1
2,9,2.15
2,9,2.2
2,9,2.25
2,9,2.3
2,9,2.35
2,9,2.4
2,9,2.45
2,9,2.5
2,9,2.55
2,9,2.6
2,9,2.65
2,9,2.7
2,9,2.75
2,9,2.8
2,9,2.85
2,9,2.9
2,9,2.95
2,9,3
2,9,3.05
2,9,3.1
2,9,3.15
2,9,3.2
2,9,3.25
2,9,3.3
2,9,3.35
2,9,3.4
2,9,3.45
2,9,3.5
2,9,3.55
2,9,3.6
2,9,3.65
2,9,3.7
2,9,3.75
2,9,3.8
2,9,3.85
2,9,3.9
2,9,3.95
2,9,4
2,9,4.05
2,9,4.1
2,9,4.15
2,9,4.2
2,9,4.25
2,9,4.3
2,9,4.35
2,9,4.4
2,9,4.45
2,9,4.5
2,9,4.55
2,9,4.6
2,9,4.65
2,9,4.7
2,9,4.75
2,9,4.8
2,9,4.85
2,9,4.9
2,9,4.95
2,9,5
2,9.5,0
2,9.5,0.05
2,9.5,0.1
2,9.5,0.15
2,9.5,0.2
2,9.5,0.25
2,9.5,0.3
2,9.5,0.35
2,9.5,0.4
2,9.5,0.45
2,9.5,0.5
2,9.5,0.55
2,9.5,0.6
2,9.5,0.65
2,9.5,0.7
2,9.5,0.75
2,9.5,0.8
2,9.5,0.85
2,9.5,0.9
2,9.5,0.95
2,9.5,1
2,9.5,1.05
2,9.5,1.1
2,9.5,1.15
2,9.5,1.2
2,9.5,1.25
2,9.5,1.3
2,9.5,1.35
2,9.5,1.4
2,9.5,1.45
2,9.5,1.5
2,9.5,1.55
2,9.5,1.6
2,9.5,1.65
2,9.5,1.7
2,9.5,1.75
2,9.5,1.8
2,9.5,1.85
2,9.5,1.9
2,9.5,1.95
2,9.5,2
2,9.5,2.05
2,9.5,2.1
2,9.5,2.15
2,9.5,2.2
2,9.5,2.25
2,9.5,2.3
2,9.5,2.35
2,9.5,2.4
2,9.5,2.45
2,9.5,2.5
2,9.5,2.55
2,9.5,2.6
2,9.5,2.65
2,9.5,2.7
2,9.5,2.75
2,9.5,2.8
2,9.5,2.85
2,9.5,2.9
2,9.5,2.95
2,9.5,3
2,9.5,3.05
2,9.5,3.1
2,9.5,3.15
2,9.5,3.2
2,9.5,3.25
2,9.5,3.3
2,9.5,3.35
2,9.5,3.4
2,9.5,3.45
2,9.5,3.5
2,9.5,3.55
2,9.5,3.6
2,9.5,3.65
2,9.5,3.7
2,9.5,3.75
2,9.5,3.8
2,9.5,3.85
2,9.5,3.9
2,9.5,3.95
2,9.5,4
2,9.5,4.05
2,9.5,4.1
2,9.5,4.15
2,9.5,4.2
2,9.5,4.25
2,9.5,4.3
2,9.5,4.35
2,9.5,4.4
2,9.5,4.45
2,9.5,4.5
2,9.5,4.55
2,9.5,4.6
2,9.5,4.65
2,9.5,4.7
2,9.5,4.75
2,9.5,4.8
2,9.5,4.85
2,9.5,4.9
2,9.5,4.95
2,9.5,5
2,10,0
2,10,0.05
2,10,0.1
2,10,0.15
2,10,0.2
2,10,0.25
2,10,0.3
2,10,0.35
2,10,0.4
2,10,0.45
2,10,0.5
2,10,0.55
2,10,0.6
2,10,0.65
2,10,0.7
2,10,0.75
2,10,0.8
2,10,0.85
2,10,0.9
2,10,0.95
2,10,1
2,10,1.05
2,10,1.1
2,10,1.15
2,10,1.2
2,10,1.25
2,10,1.3
2,10,1.35
2,10,1.4
2,10,1.45
2,10,1.5
2,10,1.55
2,10,1.6
2,10,1.65
2,10,1.7
2,10,1.75
2,10,1.8
2,10,1.85
2,10,1.9
2,10,1.95
2,10,2
2,10,2.05
2,10,2.1
2,10,2.15
2,10,2.2
2,10,2.25
2,10,2.3
2,10,2.35
2,10,2.4
2,10,2.45
2,10,2.5
2,10,2.55
2,10,2.6
2,10,2.65
2,10,2.7
2,10,2.75
2,10,2.8
2,10,2.85
2,10,2.9
2,10,2.95
2,10,3
2,10,3.05
2,10,3.1
2,10,3.15
2,10,3.2
2,10,3.25
2,10,3.3
2,10,3.35
2,10,3.4
2,10,3.45
2,10,3.5
2,10,3.55
2,10,3.6
2,10,3.65
2,10,3.7
2,10,3.75
2,10,3.8
2,10,3.85
2,10,3.9
2,10,3.95
2,10,4
2,10,4.05
2,10,4.1
2,10,4.15
2,10,4.2
2,10,4.25
2,10,4.3
2,10,4.35
2,10,4.4
2,10,4.45
2,10,4.5
2,10,4.55
2,10,4.6
2,10,4.65
2,10,4.7
2,10,4.75
2,10,4.8
2,10,4.85
2,10,4.9
2,10,4.95
2,10,5
2.5,0,0
2.5,0,0.05
2.5,0,0.1
2.5,0,0.15
2.5,0,0.2
2.5,0,0.25
2.5,0,0.3
2.5,0,0.35
2.5,0,0.4
2.5,0,0.45
2.5,0,0.5
2.5,0,0.55
2.5,0,0.6
2.5,0,0.65
2.5,0,0.7
2.5,0,0.75
2.5,0,0.8
2.5,0,0.85
2.5,0,0.9
2.5,0,0.95
2.5,0,1
2.5,0,1.05
2.5,0,1.1
2.5,0,1.15
2.5,0,1.2
2.5,0,1.25
2.5,0,1.3
2.5,0,1.35
2.5,0,1.4
2.5,0,1.45
2.5,0,1.5
2.5,0,1.55
2.5,0,1.6
2.5,0,1.65
2.5,0,1.7
2.5,0,1.75
2.5,0,1.8
2.5,0,1.85
2.5,0,1.9
2.5,0,1.95
2.5,0,2
2.5,0,2.05
2.5,0,2.1
2.5,0,2.15
2.5,0,2.2
2.5,0,2.25
2.5,0,2.3
2.5,0,2.35
2.5,0,2.4
2.5,0,2.45
2.5,0,2.5
2.5,0,2.55
2.5,0,2.6
2.5,0,2.65
2.5,0,2.7
2.5,0,2.75
2.5,0,2.8
2.5,0,2.85
2.5,0,2.9
2.5,0,2.95
2.5,0,3
2.5,0,3.05
2.5,0,3.1
2.5,0,3.15
2.5,0,3.2
2.5,0,3.25
2.5,0,3.3
2.5,0,3.35
2.5,0,3.4
2.5,0,3.45
2.5,0,3.5
2.5,0,3.55
2.5,0,3.6
2.5,0,3.65
2.5,0,3.7
2.5,0,3.75
2.5,0,3.8
2.5,0,3.85
2.5,0,3.9
2.5,0,3.95
2.5,0,4
2.5,0,4.05
2.5,0,4.1
2.5,0,4.15
2.5,0,4.2
2.5,0,4.25
2.5,0,4.3
2.5,0,4.35
2.5,0,4.4
2.5,0,4.45
2.5,0,4.5
2.5,0,4.55
2.5,0,4.6
2.5,0,4.65
2.5,0,4.7
2.5,0,4.75
2.5,0,4.8
2.5,0,4.85
2.5,0,4.9
2.5,0,4.95
2.5,0,5
2.5,0.5,0
2.5,0.5,0.05
2.5,0.5,0.1
2.5,0.5,0.15
2.5,0.5,0.2
2.5,0.5,0.25
2.5,0.5,0.3
2.5,0.5,0.35
2.5,0.5,0.4
2.5,0.5,0.45
2.5,0.5,0.5
2.5,0.5,0.55
2.5,0.5,0.6
2.5,0.5,0.65
2.5,0.5,0.7
2.5,0.5,0.75
2.5,0.5,0.8
2.5,0.5,0.85
2.5,0.5,0.9
2.5,0.5,0.95
2.5,0.5,1
2.5,0.5,1.05
2.5,0.5,1.1
2.5,0.5,1.15
2.5,0.5,1.2
2.5,0.5,1.25
2.5,0.5,1.3
2.5,0.5,1.35
2.5,0.5,1.4
2.5,0.5,1.45
2.5,0.5,1.5
2.5,0.5,1.55
2.5,0.5,1.6
2.5,0.5,1.65
2.5,0.5,1.7
2.5,0.5,1.75
2.5,0.5,1.8
2.5,0.5,1.85
2.5,0.5,1.9
2.5,0.5,1.95
2.5,0.5,2
2.5,0.5,2.05
2.5,0.5,2.1
2.5,0.5,2.15
2.5,0.5,2.2
2.5,0.5,2.25
2.5,0.5,2.3
2.5,0.5,2.35
2.5,0.5,2.4
2.5,0.5,2.45
2.5,0.5,2.5
2.5,0.5,2.55
2.5,0.5,2.6
2.5,0.5,2.65
2.5,0.5,2.7
2.5,0.5,2.75
2.5,0.5,2.8
2.5,0.5,2.85
2.5,0.5,2.9
2.5,0.5,2.95
2.5,0.5,3
2.5,0.5,3.05
2.5,0.5,3.1
2.5,0.5,3.15
2.5,0.5,3.2
2.5,0.5,3.25
2.5,0.5,3.3
2.5,0.5,3.35
2.5,0.5,3.4
2.5,0.5,3.45
2.5,0.5,3.5
2.5,0.5,3.55
2.5,0.5,3.6
2.5,0.5,3.65
2.5,0.5,3.7
2.5,0.5,3.75
2.5,0.5,3.8
2.5,0.5,3.85
2.5,0.5,3.9
2.5,0.5,3.95
2.5,0.5,4
2.5,0.5,4.05
2.5,0.5,4.1
2.5,0.5,4.15
2.5,0.5,4.2
2.5,0.5,4.25
2.5,0.5,4.3
2.5,0.5,4.35
2.5,0.5,4.4
2.5,0.5,4.45
2.5,0.5,4.5
2.5,0.5,4.55
2.5,0.5,4.6
2.5,0.5,4.65
2.5,0.5,4.7
2.5,0.5,4.75
2.5,0.5,4.8
2.5,0.5,4.85
2.5,0.5,4.9
2.5,0.5,4.95
2.5,0.5,5
2.5,1,0
2.5,1,0.05
2.5,1,0.1
2.5,1,0.15
2.5,1,0.2
2.5,1,0.25
2.5,1,0.3
2.5,1,0.35
2.5,1,0.4
2.5,1,0.45
2.5,1,0.5
2.5,1,0.55
2.5,1,0.6
2.5,1,0.65
2.5,1,0.7
2.5,1,0.75
2.5,1,0.8
2.5,1,0.85
2.5,1,0.9
2.5,1,0.95
2.5,1,1
2.5,1,1.05
2.5,1,1.1
2.5,1,1.15
2.5,1,1.2
2.5,1,1.25
2.5,1,1.3
2.5,1,1.35
2.5,1,1.4
2.5,1,1.45
2.5,1,1.5
2.5,1,1.55
2.5,1,1.6
2.5,1,1.65
2.5,1,1.7
2.5,1,1.75
2.5,1,1.8
2.5,1,1.85
2.5,1,1.9
2.5,1,1.95
2.5,1,2
2.5,1,2.05
2.5,1,2.1
2.5,1,2.15
2.5,1,2.2
2.5,1,2.25
2.5,1,2.3
2.5,1,2.35
2.5,1,2.4
2.5,1,2.45
2.5,1,2.5
2.5,1,2.55
2.5,1,2.6
2.5,1,2.65
2.5,1,2.7
2.5,1,2.75
2.5,1,2.8
2.5,1,2.85
2.5,1,2.9
2.5,1,2.95
2.5,1,3
2.5,1,3.05
2.5,1,3.1
2.5,1,3.15
2.5,1,3.2
2.5,1,3.25
2.5,1,3.3
2.5,1,3.35
2.5,1,3.4
2.5,1,3.45
2.5,1,3.5
2.5,1,3.55
2.5,1,3.6
2.5,1,3.65
2.5,1,3.7
2.5,1,3.75
2.5,1,3.8
2.5,1,3.85
2.5,1,3.9
2.5,1,3.95
2.5,1,4
2.5,1,4.05
2.5,1,4.1
2.5,1,4.15
2.5,1,4.2
2.5,1,4.25
2.5,1,4.3
2.5,1,4.35
2.5,1,4.4
2.5,1,4.45
2.5,1,4.5
2.5,1,4.55
2.5,1,4.6
2.5,1,4.65
2.5,1,4.7
2.5,1,4.75
2.5,1,4.8
2.5,1,4.85
2.5,1,4.9
2.5,1,4.95
2.5,1,5
2.5,1.5,0
2.5,1.5,0.05
2.5,1.5,0.1
2.5,1.5,0.15
2.5,1.5,0.2
2.5,1.5,0.25
2.5,1.5,0.3
2.5,1.5,0.35
2.5,1.5,0.4
2.5,1.5,0.45
2.5,1.5,0.5
2.5,1.5,0.55
2.5,1.5,0.6
2.5,1.5,0.65
2.5,1.5,0.7
2.5,1.5,0.75
2.5,1.5,0.8
2.5,1.5,0.85
2.5,1.5,0.9
2.5,1.5,0.95
2.5,1.5,1
2.5,1.5,1.05
2.5,1.5,1.1
2.5,1.5,1.15
2.5,1.5,1.2
2.5,1.5,1.25
2.5,1.5,1.3
2.5,1.5,1.35
2.5,1.5,1.4
2.5,1.5,1.45
2.5,1.5,1.5
2.5,1.5,1.55
2.5,1.5,1.6
2.5,1.5,1.65
2.5,1.5,1.7
2.5,1.5,1.75
2.5,1.5,1.8
2.5,1.5,1.85
2.5,1.5,1.9
2.5,1.5,1.95
2.5,1.5,2
2.5,1.5,2.05
2.5,1.5,2.1
2.5,1.5,2.15
2.5,1.5,2.2
2.5,1.5,2.25
2.5,1.5,2.3
2.5,1.5,2.35
2.5,1.5,2.4
2.5,1.5,2.45
2.5,1.5,2.5
2.5,1.5,2.55
2.5,1.5,2.6
2.5,1.5,2.65
2.5,1.5,2.7
2.5,1.5,2.75
2.5,1.5,2.8
2.5,1.5,2.85
2.5,1.5,2.9
2.5,1.5,2.95
2.5,1.5,3
2.5,1.5,3.05
2.5,1.5,3.1
2.5,1.5,3.15
2.5,1.5,3.2
2.5,1.5,3.25
2.5,1.5,3.3
2.5,1.5,3.35
2.5,1.5,3.4
2.5,1.5,3.45
2.5,1.5,3.5
2.5,1.5,3.55
2.5,1.5,3.6
2.5,1.5,3.65
2.5,1.5,3.7
2.5,1.5,3.75
2.5,1.5,3.8
2.5,1.5,3.85
2.5,1.5,3.9
2.5,1.5,3.95
2.5,1.5,4
2.5,1.5,4.05
2.5,1.5,4.1
2.5,1.5,4.15
2.5,1.5,4.2
2.5,1.5,4.25
2.5,1.5,4.3
2.5,1.5,4.35
2.5,1.5,4.4
2.5,1.5,4.45
2.5,1.5,4.5
2.5,1.5,4.55
2.5,1.5,4.6
2.5,1.5,4.65
2.5,1.5,4.7
2.5,1.5,4.75
2.5,1.5,4.8
2.5,1.5,4.85
2.5,1.5,4.9
2.5,1.5,4.95
2.5,1.5,5
2.5,2,0
2.5,2,0.05
2.5,2,0.1
2.5,2,0.15
2.5,2,0.2
2.5,2,0.25
2.5,2,0.3
2.5,2,0.35
2.5,2,0.4
2.5,2,0.45
2.5,2,0.5
2.5,2,0.55
2.5,2,0.6
2.5,2,0.65
2.5,2,0.7
2.5,2,0.75
2.5,2,0.8
2.5,2,0.85
2.5,2,0.9
2.5,2,0.95
2.5,2,1
2.5,2,1.05
2.5,2,1.1
2.5,2,1.15
2.5,2,1.2
2.5,2,1.25
2.5,2,1.3
2.5,2,1.35
2.5,2,1.4
2.5,2,1.45
2.5,2,1.5
2.5,2,1.55
2.5,2,1.6
2.5,2,1.65
2.5,2,1.7
2.5,2,1.75
2.5,2,1.8
2.5,2,1.85
2.5,2,1.9
2.5,2,1.95
2.5,2,2
2.5,2,2.05
2.5,2,2.1
2.5,2,2.15
2.5,2,2.2
2.5,2,2.25
2.5,2,2.3
2.5,2,2.35
2.5,2,2.4
2.5,2,2.45
2.5,2,2.5
2.5,2,2.55
2.5,2,2.6
2.5,2,2.65
2.5,2,2.7
2.5,2,2.75
2.5,2,2.8
2.5,2,2.85
2.5,2,2.9
2.5,2,2.95
2.5,2,3
2.5,2,3.05
2.5,2,3.1
2.5,2,3.15
2.5,2,3.2
2.5,2,3.25
2.5,2,3.3
2.5,2,3.35
2.5,2,3.4
2.5,2,3.45
2.5,2,3.5
2.5,2,3.55
2.5,2,3.6
2.5,2,3.65
2.5,2,3.7
2.5,2,3.75
2.5,2,3.8
2.5,2,3.85
2.5,2,3.9
2.5,2,3.95
2.5,2,4
2.5,2,4.05
2.5,2,4.1
2.5,2,4.15
2.5,2,4.2
2.5,2,4.25
2.5,2,4.3
2.5,2,4.35
2.5,2,4.4
2.5,2,4.45
2.5,2,4.5
2.5,2,4.55
2.5,2,4.6
2.5,2,4.65
2.5,2,4.7
2.5,2,4.75
2.5,2,4.8
2.5,2,4.85
2.5,2,4.9
2.5,2,4.95
2.5,2,5
2.5,2.5,0
2.5,2.5,0.05
2.5,2.5,0.1
2.5,2.5,0.15
2.5,2.5,0.2
2.5,2.5,0.25
2.5,2.5,0.3
2.5,2.5,0.35
2.5,2.5,0.4
2.5,2.5,0.45
2.5,2.5,0.5
2.5,2.5,0.55
2.5,2.5,0.6
2.5,2.5,0.65
2.5,2.5,0.7
2.5,2.5,0.75
2.5,2.5,0.8
2.5,2.5,0.85
2.5,2.5,0.9
2.5,2.5,0.95
2.5,2.5,1
2.5,2.5,1.05
2.5,2.5,1.1
2.5,2.5,1.15
2.5,2.5,1.2
2.5,2.5,1.25
2.5,2.5,1.3
2.5,2.5,1.35
2.5,2.5,1.4
2.5,2.5,1.45
2.5,2.5,1.5
2.5,2.5,1.55
2.5,2.5,1.6
2.5,2.5,1.65
2.5,2.5,1.7
2.5,2.5,1.75
2.5,2.5,1.8
2.5,2.5,1.85
2.5,2.5,1.9
2.5,2.5,1.95
2.5,2.5,2
2.5,2.5,2.05
2.5,2.5,2.1
2.5,2.5,2.15
2.5,2.5,2.2
2.5,2.5,2.25
2.5,2.5,2.3
2.5,2.5,2.35
2.5,2.5,2.4
2.5,2.5,2.45
2.5,2.5,2.5
2.5,2.5,2.55
2.5,2.5,2.6
2.5,2.5,2.65
2.5,2.5,2.7
2.5,2.5,2.75
2.5,2.5,2.8
2.5,2.5,2.85
2.5,2.5,2.9
2.5,2.5,2.95
2.5,2.5,3
2.5,2.5,3.05
2.5,2.5,3.1
2.5,2.5,3.15
2.5,2.5,3.2
2.5,2.5,3.25
2.5,2.5,3.3
2.5,2.5,3.35
2.5,2.5,3.4
2.5,2.5,3.45
2.5,2.5,3.5
2.5,2.5,3.55
2.5,2.5,3.6
2.5,2.5,3.65
2.5,2.5,3.7
2.5,2.5,3.75
2.5,2.5,3.8
2.5,2.5,3.85
2.5,2.5,3.9
2.5,2.5,3.95
2.5,2.5,4
2.5,2.5,4.05
2.5,2.5,4.1
2.5,2.5,4.15
2.5,2.5,4.2
2.5,2.5,4.25
2.5,2.5,4.3
2.5,2.5,4.35
2.5,2.5,4.4
2.5,2.5,4.45
2.5,2.5,4.5
2.5,2.5,4.55
2.5,2.5,4.6
2.5,2.5,4.65
2.5,2.5,4.7
2.5,2.5,4.75
2.5,2.5,4.8
2.5,2.5,4.85
2.5,2.5,4.9
2.5,2.5,4.95
2.5,2.5,5
2.5,3,0
2.5,3,0.05
2.5,3,0.1
2.5,3,0.15
2.5,3,0.2
2.5,3,0.25
2.5,3,0.3
2.5,3,0.35
2.5,3,0.4
2.5,3,0.45
2.5,3,0.5
2.5,3,0.55
2.5,3,0.6
2.5,3,0.65
2.5,3,0.7
2.5,3,0.75
2.5,3,0.8
2.5,3,0.85
2.5,3,0.9
2.5,3,0.95
2.5,3,1
2.5,3,1.05
2.5,3,1.1
2.5,3,1.15
2.5,3,1.2
2.5,3,1.25
2.5,3,1.3
2.5,3,1.35
2.5,3,1.4
2.5,3,1.45
2.5,3,1.5
2.5,3,1.55
2.5,3,1.6
2.5,3,1.65
2.5,3,1.7
2.5,3,1.75
2.5,3,1.8
2.5,3,1.85
2.5,3,1.9
2.5,3,1.95
2.5,3,2
2.5,3,2.05
2.5,3,2.1
2.5,3,2.15
2.5,3,2.2
2.5,3,2.25
2.5,3,2.3
2.5,3,2.35
2.5,3,2.4
2.5,3,2.45
2.5,3,2.5
2.5,3,2.55
2.5,3,2.6
2.5,3,2.65
2.5,3,2.7
2.5,3,2.75
2.5,3,2.8
2.5,3,2.85
2.5,3,2.9
2.5,3,2.95
2.5,3,3
2.5,3,3.05
2.5,3,3.1
2.5,3,3.15
2.5,3,3.2
2.5,3,3.25
2.5,3,3.3
2.5,3,3.35
2.5,3,3.4
2.5,3,3.45
2.5,3,3.5
2.5,3,3.55
2.5,3,3.6
2.5,3,3.65
2.5,3,3.7
2.5,3,3.75
2.5,3,3.8
2.5,3,3.85
2.5,3,3.9
2.5,3,3.95
2.5,3,4
2.5,3,4.05
2.5,3,4.1
2.5,3,4.15
2.5,3,4.2
2.5,3,4.25
2.5,3,4.3
2.5,3,4.35
2.5,3,4.4
2.5,3,4.45
2.5,3,4.5
2.5,3,4.55
2.5,3,4.6
2.5,3,4.65
2.5,3,4.7
2.5,3,4.75
2.5,3,4.8
2.5,3,4.85
2.5,3,4.9
2.5,3,4.95
2.5,3,5
2.5,3.5,0
2.5,3.5,0.05
2.5,3.5,0.1
2.5,3.5,0.15
2.5,3.5,0.2
2.5,3.5,0.25
2.5,3.5,0.3
2.5,3.5,0.35
2.5,3.5,0.4
2.5,3.5,0.45
2.5,3.5,0.5
2.5,3.5,0.55
2.5,3.5,0.6
2.5,3.5,0.65
2.5,3.5,0.7
2.5,3.5,0.75
2.5,3.5,0.8
2.5,3.5,0.85
2.5,3.5,0.9
2.5,3.5,0.95
2.5,3.5,1
2.5,3.5,1.05
2.5,3.5,1.1
2.5,3.5,1.15
2.5,3.5,1.2
2.5,3.5,1.25
2.5,3.5,1.3
2.5,3.5,1.35
2.5,3.5,1.4
2.5,3.5,1.45
2.5,3.5,1.5
2.5,3.5,1.55
2.5,3.5,1.6
2.5,3.5,1.65
2.5,3.5,1.7
2.5,3.5,1.75
2.5,3.5,1.8
2.5,3.5,1.85
2.5,3.5,1.9
2.5,3.5,1.95
2.5,3.5,2
2.5,3.5,2.05
2.5,3.5,2.1
2.5,3.5,2.15
2.5,3.5,2.2
2.5,3.5,2.25
2.5,3.5,2.3
2.5,3.5,2.35
2.5,3.5,2.4
2.5,3.5,2.45
2.5,3.5,2.5
2.5,3.5,2.55
2.5,3.5,2.6
2.5,3.5,2.65
2.5,3.5,2.7
2.5,3.5,2.75
2.5,3.5,2.8
2.5,3.5,2.85
2.5,3.5,2.9
2.5,3.5,2.95
2.5,3.5,3
2.5,3.5,3.05
2.5,3.5,3.1
2.5,3.5,3.15
2.5,3.5,3.2
2.5,3.5,3.25
2.5,3.5,3.3
2.5,3.5,3.35
2.5,3.5,3.4
2.5,3.5,3.45
2.5,3.5,3.5
2.5,3.5,3.55
2.5,3.5,3.6
2.5,3.5,3.65
2.5,3.5,3.7
2.5,3.5,3.75
2.5,3.5,3.8
2.5,3.5,3.85
2.5,3.5,3.9
2.5,3.5,3.95
2.5,3.5,4
2.5,3.5,4.05
2.5,3.5,4.1
2.5,3.5,4.15
2.5,3.5,4.2
2.5,3.5,4.25
2.5,3.5,4.3
2.5,3.5,4.35
2.5,3.5,4.4
2.5,3.5,4.45
2.5,3.5,4.5
2.5,3.5,4.55
2.5,3.5,4.6
2.5,3.5,4.65
2.5,3.5,4.7
2.5,3.5,4.75
2.5,3.5,4.8
2.5,3.5,4.85
2.5,3.5,4.9
2.5,3.5,4.95
2.5,3.5,5
2.5,4,0
2.5,4,0.05
2.5,4,0.1
2.5,4,0.15
2.5,4,0.2
2.5,4,0.25
2.5,4,0.3
2.5,4,0.35
2.5,4,0.4
2.5,4,0.45
2.5,4,0.5
2.5,4,0.55
2.5,4,0.6
2.5,4,0.65
2.5,4,0.7
2.5,4,0.75
2.5,4,0.8
2.5,4,0.85
2.5,4,0.9
2.5,4,0.95
2.5,4,1
2.5,4,1.05
2.5,4,1.1
2.5,4,1.15
2.5,4,1.2
2.5,4,1.25
2.5,4,1.3
2.5,4,1.35
2.5,4,1.4
2.5,4,1.45
2.5,4,1.5
2.5,4,1.55
2.5,4,1.6
2.5,4,1.65
2.5,4,1.7
2.5,4,1.75
2.5,4,1.8
2.5,4,1.85
2.5,4,1.9
2.5,4,1.95
2.5,4,2
2.5,4,2.05
2.5,4,2.1
2.5,4,2.15
2.5,4,2.2
2.5,4,2.25
2.5,4,2.3
2.5,4,2.35
2.5,4,2.4
2.5,4,2.45
2.5,4,2.5
2.5,4,2.55
2.5,4,2.6
2.5,4,2.65
2.5,4,2.7
2.5,4,2.75
2.5,4,2.8
2.5,4,2.85
2.5,4,2.9
2.5,4,2.95
2.5,4,3
2.5,4,3.05
2.5,4,3.1
2.5,4,3.15
2.5,4,3.2
2.5,4,3.25
2.5,4,3.3
2.5,4,3.35
2.5,4,3.4
2.5,4,3.45
2.5,4,3.5
2.5,4,3.55
2.5,4,3.6
2.5,4,3.65
2.5,4,3.7
2.5,4,3.75
2.5,4,3.8
2.5,4,3.85
2.5,4,3.9
2.5,4,3.95
2.5,4,4
2.5,4,4.05
2.5,4,4.1
2.5,4,4.15
2.5,4,4.2
2.5,4,4.25
2.5,4,4.3
2.5,4,4.35
2.5,4,4.4
2.5,4,4.45
2.5,4,4.5
2.5,4,4.55
2.5,4,4.6
2.5,4,4.65
2.5,4,4.7
2.5,4,4.75
2.5,4,4.8
2.5,4,4.85
2.5,4,4.9
2.5,4,4.95
2.5,4,5
2.5,4.5,0
2.5,4.5,0.05
2.5,4.5,0.1
2.5,4.5,0.15
2.5,4.5,0.2
2.5,4.5,0.25
2.5,4.5,0.3
2.5,4.5,0.35
2.5,4.5,0.4
2.5,4.5,0.45
2.5,4.5,0.5
2.5,4.5,0.55
2.5,4.5,0.6
2.5,4.5,0.65
2.5,4.5,0.7
2.5,4.5,0.75
2.5,4.5,0.8
2.5,4.5,0.85
2.5,4.5,0.9
2.5,4.5,0.95
2.5,4.5,1
2.5,4.5,1.05
2.5,4.5,1.1
2.5,4.5,1.15
2.5,4.5,1.2
2.5,4.5,1.25
2.5,4.5,1.3
2.5,4.5,1.35
2.5,4.5,1.4
2.5,4.5,1.45
2.5,4.5,1.5
2.5,4.5,1.55
2.5,4.5,1.6
2.5,4.5,1.65
2.5,4.5,1.7
2.5,4.5,1.75
2.5,4.5,1.8
2.5,4.5,1.85
2.5,4.5,1.9
2.5,4.5,1.95
2.5,4.5,2
2.5,4.5,2.05
2.5,4.5,2.1
2.5,4.5,2.15
2.5,4.5,2.2
2.5,4.5,2.25
2.5,4.5,2.3
2.5,4.5,2.35
2.5,4.5,2.4
2.5,4.5,2.45
2.5,4.5,2.5
2.5,4.5,2.55
2.5,4.5,2.6
2.5,4.5,2.65
2.5,4.5,2.7
2.5,4.5,2.75
2.5,4.5,2.8
2.5,4.5,2.85
2.5,4.5,2.9
2.5,4.5,2.95
2.5,4.5,3
2.5,4.5,3.05
2.5,4.5,3.1
2.5,4.5,3.15
2.5,4.5,3.2
2.5,4.5,3.25
2.5,4.5,3.3
2.5,4.5,3.35
2.5,4.5,3.4
2.5,4.5,3.45
2.5,4.5,3.5
2.5,4.5,3.55
2.5,4.5,3.6
2.5,4.5,3.65
2.5,4.5,3.7
2.5,4.5,3.75
2.5,4.5,3.8
2.5,4.5,3.85
2.5,4.5,3.9
2.5,4.5,3.95
2.5,4.5,4
2.5,4.5,4.05
2.5,4.5,4.1
2.5,4.5,4.15
2.5,4.5,4.2
2.5,4.5,4.25
2.5,4.5,4.3
2.5,4.5,4.35
2.5,4.5,4.4
2.5,4.5,4.45
2.5,4.5,4.5
2.5,4.5,4.55
2.5,4.5,4.6
2.5,4.5,4.65
2.5,4.5,4.7
2.5,4.5,4.75
2.5,4.5,4.8
2.5,4.5,4.85
2.5,4.5,4.9
2.5,4.5,4.95
2.5,4.5,5
2.5,5,0
2.5,5,0.05
2.5,5,0.1
2.5,5,0.15
2.5,5,0.2
2.5,5,0.25
2.5,5,0.3
2.5,5,0.35
2.5,5,0.4
2.5,5,0.45
2.5,5,0.5
2.5,5,0.55
2.5,5,0.6
2.5,5,0.65
2.5,5,0.7
2.5,5,0.75
2.5,5,0.8
2.5,5,0.85
2.5,5,0.9
2.5,5,0.95
2.5,5,1
2.5,5,1.05
2.5,5,1.1
2.5,5,1.15
2.5,5,1.2
2.5,5,1.25
2.5,5,1.3
2.5,5,1.35
2.5,5,1.4
2.5,5,1.45
2.5,5,1.5
2.5,5,1.55
2.5,5,1.6
2.5,5,1.65
2.5,5,1.7
2.5,5,1.75
2.5,5,1.8
2.5,5,1.85
2.5,5,1.9
2.5,5,1.95
2.5,5,2
2.5,5,2.05
2.5,5,2.1
2.5,5,2.15
2.5,5,2.2
2.5,5,2.25
2.5,5,2.3
2.5,5,2.35
2.5,5,2.4
2.5,5,2.45
2.5,5,2.5
2.5,5,2.55
2.5,5,2.6
2.5,5,2.65
2.5,5,2.7
2.5,5,2.75
2.5,5,2.8
2.5,5,2.85
2.5,5,2.9
2.5,5,2.95
2.5,5,3
2.5,5,3.05
2.5,5,3.1
2.5,5,3.15
2.5,5,3.2
2.5,5,3.25
2.5,5,3.3
2.5,5,3.35
2.5,5,3.4
2.5,5,3.45
2.5,5,3.5
2.5,5,3.55
2.5,5,3.6
2.5,5,3.65
2.5,5,3.7
2.5,5,3.75
2.5,5,3.8
2.5,5,3.85
2.5,5,3.9
2.5,5,3.95
2.5,5,4
2.5,5,4.05
2.5,5,4.1
2.5,5,4.15
2.5,5,4.2
2.5,5,4.25
2.5,5,4.3
2.5,5,4.35
2.5,5,4.4
2.5,5,4.45
2.5,5,4.5
2.5,5,4.55
2.5,5,4.6
2.5,5,4.65
2.5,5,4.7
2.5,5,4.75
2.5,5,4.8
2.5,5,4.85
2.5,5,4.9
2.5,5,4.95
2.5,5,5
2.5,5.5,0
2.5,5.5,0.05
2.5,5.5,0.1
2.5,5.5,0.15
2.5,5.5,0.2
2.5,5.5,0.25
2.5,5.5,0.3
2.5,5.5,0.35
2.5,5.5,0.4
2.5,5.5,0.45
2.5,5.5,0.5
2.5,5.5,0.55
2.5,5.5,0.6
2.5,5.5,0.65
2.5,5.5,0.7
2.5,5.5,0.75
2.5,5.5,0.8
2.5,5.5,0.85
2.5,5.5,0.9
2.5,5.5,0.95
2.5,5.5,1
2.5,5.5,1.05
2.5,5.5,1.1
2.5,5.5,1.15
2.5,5.5,1.2
2.5,5.5,1.25
2.5,5.5,1.3
2.5,5.5,1.35
2.5,5.5,1.4
2.5,5.5,1.45
2.5,5.5,1.5
2.5,5.5,1.55
2.5,5.5,1.6
2.5,5.5,1.65
2.5,5.5,1.7
2.5,5.5,1.75
2.5,5.5,1.8
2.5,5.5,1.85
2.5,5.5,1.9
2.5,5.5,1.95
2.5,5.5,2
2.5,5.5,2.05
2.5,5.5,2.1
2.5,5.5,2.15
2.5,5.5,2.2
2.5,5.5,2.25
2.5,5.5,2.3
2.5,5.5,2.35
2.5,5.5,2.4
2.5,5.5,2.45
2.5,5.5,2.5
2.5,5.5,2.55
2.5,5.5,2.6
2.5,5.5,2.65
2.5,5.5,2.7
2.5,5.5,2.75
2.5,5.5,2.8
2.5,5.5,2.85
2.5,5.5,2.9
2.5,5.5,2.95
2.5,5.5,3
2.5,5.5,3.05
2.5,5.5,3.1
2.5,5.5,3.15
2.5,5.5,3.2
2.5,5.5,3.25
2.5,5.5,3.3
2.5,5.5,3.35
2.5,5.5,3.4
2.5,5.5,3.45
2.5,5.5,3.5
2.5,5.5,3.55
2.5,5.5,3.6
2.5,5.5,3.65
2.5,5.5,3.7
2.5,5.5,3.75
2.5,5.5,3.8
2.5,5.5,3.85
2.5,5.5,3.9
2.5,5.5,3.95
2.5,5.5,4
2.5,5.5,4.05
2.5,5.5,4.1
2.5,5.5,4.15
2.5,5.5,4.2
2.5,5.5,4.25
2.5,5.5,4.3
2.5,5.5,4.35
2.5,5.5,4.4
2.5,5.5,4.45
2.5,5.5,4.5
2.5,5.5,4.55
2.5,5.5,4.6
2.5,5.5,4.65
2.5,5.5,4.7
2.5,5.5,4.75
2.5,5.5,4.8
2.5,5.5,4.85
2.5,5.5,4.9
2.5,5.5,4.95
2.5,5.5,5
2.5,6,0
2.5,6,0.05
2.5,6,0.1
2.5,6,0.15
2.5,6,0.2
2.5,6,0.25
2.5,6,0.3
2.5,6,0.35
2.5,6,0.4
2.5,6,0.45
2.5,6,0.5
2.5,6,0.55
2.5,6,0.6
2.5,6,0.65
2.5,6,0.7
2.5,6,0.75
2.5,6,0.8
2.5,6,0.85
2.5,6,0.9
2.5,6,0.95
2.5,6,1
2.5,6,1.05
2.5,6,1.1
2.5,6,1.15
2.5,6,1.2
2.5,6,1.25
2.5,6,1.3
2.5,6,1.35
2.5,6,1.4
2.5,6,1.45
2.5,6,1.5
2.5,6,1.55
2.5,6,1.6
2.5,6,1.65
2.5,6,1.7
2.5,6,1.75
2.5,6,1.8
2.5,6,1.85
2.5,6,1.9
2.5,6,1.95
2.5,6,2
2.5,6,2.05
2.5,6,2.1
2.5,6,2.15
2.5,6,2.2
2.5,6,2.25
2.5,6,2.3
2.5,6,2.35
2.5,6,2.4
2.5,6,2.45
2.5,6,2.5
2.5,6,2.55
2.5,6,2.6
2.5,6,2.65
2.5,6,2.7
2.5,6,2.75
2.5,6,2.8
2.5,6,2.85
2.5,6,2.9
2.5,6,2.95
2.5,6,3
2.5,6,3.05
2.5,6,3.1
2.5,6,3.15
2.5,6,3.2
2.5,6,3.25
2.5,6,3.3
2.5,6,3.35
2.5,6,3.4
2.5,6,3.45
2.5,6,3.5
2.5,6,3.55
2.5,6,3.6
2.5,6,3.65
2.5,6,3.7
2.5,6,3.75
2.5,6,3.8
2.5,6,3.85
2.5,6,3.9
2.5,6,3.95
2.5,6,4
2.5,6,4.05
2.5,6,4.1
2.5,6,4.15
2.5,6,4.2
2.5,6,4.25
2.5,6,4.3
2.5,6,4.35
2.5,6,4.4
2.5,6,4.45
2.5,6,4.5
2.5,6,4.55
2.5,6,4.6
2.5,6,4.65
2.5,6,4.7
2.5,6,4.75
2.5,6,4.8
2.5,6,4.85
2.5,6,4.9
2.5,6,4.95
2.5,6,5
2.5,6.5,0
2.5,6.5,0.05
2.5,6.5,0.1
2.5,6.5,0.15
2.5,6.5,0.2
2.5,6.5,0.25
2.5,6.5,0.3
2.5,6.5,0.35
2.5,6.5,0.4
2.5,6.5,0.45
2.5,6.5,0.5
2.5,6.5,0.55
2.5,6.5,0.6
2.5,6.5,0.65
2.5,6.5,0.7
2.5,6.5,0.75
2.5,6.5,0.8
2.5,6.5,0.85
2.5,6.5,0.9
2.5,6.5,0.95
2.5,6.5,1
2.5,6.5,1.05
2.5,6.5,1.1
2.5,6.5,1.15
2.5,6.5,1.2
2.5,6.5,1.25
2.5,6.5,1.3
2.5,6.5,1.35
2.5,6.5,1.4
2.5,6.5,1.45
2.5,6.5,1.5
2.5,6.5,1.55
2.5,6.5,1.6
2.5,6.5,1.65
2.5,6.5,1.7
2.5,6.5,1.75
2.5,6.5,1.8
2.5,6.5,1.85
2.5,6.5,1.9
2.5,6.5,1.95
2.5,6.5,2
2.5,6.5,2.05
2.5,6.5,2.1
2.5,6.5,2.15
2.5,6.5,2.2
2.5,6.5,2.25
2.5,6.5,2.3
2.5,6.5,2.35
2.5,6.5,2.4
2.5,6.5,2.45
2.5,6.5,2.5
2.5,6.5,2.55
2.5,6.5,2.6
2.5,6.5,2.65
2.5,6.5,2.7
2.5,6.5,2.75
2.5,6.5,2.8
2.5,6.5,2.85
2.5,6.5,2.9
2.5,6.5,2.95
2.5,6.5,3
2.5,6.5,3.05
2.5,6.5,3.1
2.5,6.5,3.15
2.5,6.5,3.2
2.5,6.5,3.25
2.5,6.5,3.3
2.5,6.5,3.35
2.5,6.5,3.4
2.5,6.5,3.45
2.5,6.5,3.5
2.5,6.5,3.55
2.5,6.5,3.6
2.5,6.5,3.65
2.5,6.5,3.7
2.5,6.5,3.75
2.5,6.5,3.8
2.5,6.5,3.85
2.5,6.5,3.9
2.5,6.5,3.95
2.5,6.5,4
2.5,6.5,4.05
2.5,6.5,4.1
2.5,6.5,4.15
2.5,6.5,4.2
2.5,6.5,4.25
2.5,6.5,4.3
2.5,6.5,4.35
2.5,6.5,4.4
2.5,6.5,4.45
2.5,6.5,4.5
2.5,6.5,4.55
2.5,6.5,4.6
2.5,6.5,4.65
2.5,6.5,4.7
2.5,6.5,4.75
2.5,6.5,4.8
2.5,6.5,4.85
2.5,6.5,4.9
2.5,6.5,4.95
2.5,6.5,5
2.5,7,0
2.5,7,0.05
2.5,7,0.1
2.5,7,0.15
2.5,7,0.2
2.5,7,0.25
2.5,7,0.3
2.5,7,0.35
2.5,7,0.4
2.5,7,0.45
2.5,7,0.5
2.5,7,0.55
2.5,7,0.6
2.5,7,0.65
2.5,7,0.7
2.5,7,0.75
2.5,7,0.8
2.5,7,0.85
2.5,7,0.9
2.5,7,0.95
2.5,7,1
2.5,7,1.05
2.5,7,1.1
2.5,7,1.15
2.5,7,1.2
2.5,7,1.25
2.5,7,1.3
2.5,7,1.35
2.5,7,1.4
2.5,7,1.45
2.5,7,1.5
2.5,7,1.55
2.5,7,1.6
2.5,7,1.65
2.5,7,1.7
2.5,7,1.75
2.5,7,1.8
2.5,7,1.85
2.5,7,1.9
2.5,7,1.95
2.5,7,2
2.5,7,2.05
2.5,7,2.1
2.5,7,2.15
2.5,7,2.2
2.5,7,2.25
2.5,7,2.3
2.5,7,2.35
2.5,7,2.4
2.5,7,2.45
2.5,7,2.5
2.5,7,2.55
2.5,7,2.6
2.5,7,2.65
2.5,7,2.7
2.5,7,2.75
2.5,7,2.8
2.5,7,2.85
2.5,7,2.9
2.5,7,2.95
2.5,7,3
2.5,7,3.05
2.5,7,3.1
2.5,7,3.15
2.5,7,3.2
2.5,7,3.25
2.5,7,3.3
2.5,7,3.35
2.5,7,3.4
2.5,7,3.45
2.5,7,3.5
2.5,7,3.55
2.5,7,3.6
2.5,7,3.65
2.5,7,3.7
2.5,7,3.75
2.5,7,3.8
2.5,7,3.85
2.5,7,3.9
2.5,7,3.95
2.5,7,4
2.5,7,4.05
2.5,7,4.1
2.5,7,4.15
2.5,7,4.2
2.5,7,4.25
2.5,7,4.3
2.5,7,4.35
2.5,7,4.4
2.5,7,4.45
2.5,7,4.5
2.5,7,4.55
2.5,7,4.6
2.5,7,4.65
2.5,7,4.7
2.5,7,4.75
2.5,7,4.8
2.5,7,4.85
2.5,7,4.9
2.5,7,4.95
2.5,7,5
2.5,7.5,0
2.5,7.5,0.05
2.5,7.5,0.1
2.5,7.5,0.15
2.5,7.5,0.2
2.5,7.5,0.25
2.5,7.5,0.3
2.5,7.5,0.35
2.5,7.5,0.4
2.5,7.5,0.45
2.5,7.5,0.5
2.5,7.5,0.55
2.5,7.5,0.6
2.5,7.5,0.65
2.5,7.5,0.7
2.5,7.5,0.75
2.5,7.5,0.8
2.5,7.5,0.85
2.5,7.5,0.9
2.5,7.5,0.95
2.5,7.5,1
2.5,7.5,1.05
2.5,7.5,1.1
2.5,7.5,1.15
2.5,7.5,1.2
2.5,7.5,1.25
2.5,7.5,1.3
2.5,7.5,1.35
2.5,7.5,1.4
2.5,7.5,1.45
2.5,7.5,1.5
2.5,7.5,1.55
2.5,7.5,1.6
2.5,7.5,1.65
2.5,7.5,1.7
2.5,7.5,1.75
2.5,7.5,1.8
2.5,7.5,1.85
2.5,7.5,1.9
2.5,7.5,1.95
2.5,7.5,2
2.5,7.5,2.05
2.5,7.5,2.1
2.5,7.5,2.15
2.5,7.5,2.2
2.5,7.5,2.25
2.5,7.5,2.3
2.5,7.5,2.35
2.5,7.5,2.4
2.5,7.5,2.45
2.5,7.5,2.5
2.5,7.5,2.55
2.5,7.5,2.6
2.5,7.5,2.65
2.5,7.5,2.7
2.5,7.5,2.75
2.5,7.5,2.8
2.5,7.5,2.85
2.5,7.5,2.9
2.5,7.5,2.95
2.5,7.5,3
2.5,7.5,3.05
2.5,7.5,3.1
2.5,7.5,3.15
2.5,7.5,3.2
2.5,7.5,3.25
2.5,7.5,3.3
2.5,7.5,3.35
2.5,7.5,3.4
2.5,7.5,3.45
2.5,7.5,3.5
2.5,7.5,3.55
2.5,7.5,3.6
2.5,7.5,3.65
2.5,7.5,3.7
2.5,7.5,3.75
2.5,7.5,3.8
2.5,7.5,3.85
2.5,7.5,3.9
2.5,7.5,3.95
2.5,7.5,4
2.5,7.5,4.05
2.5,7.5,4.1
2.5,7.5,4.15
2.5,7.5,4.2
2.5,7.5,4.25
2.5,7.5,4.3
2.5,7.5,4.35
2.5,7.5,4.4
2.5,7.5,4.45
2.5,7.5,4.5
2.5,7.5,4.55
2.5,7.5,4.6
2.5,7.5,4.65
2.5,7.5,4.7
2.5,7.5,4.75
2.5,7.5,4.8
2.5,7.5,4.85
2.5,7.5,4.9
2.5,7.5,4.95
2.5,7.5,5
2.5,8,0
2.5,8,0.05
2.5,8,0.1
2.5,8,0.15
2.5,8,0.2
2.5,8,0.25
2.5,8,0.3
2.5,8,0.35
2.5,8,0.4
2.5,8,0.45
2.5,8,0.5
2.5,8,0.55
2.5,8,0.6
2.5,8,0.65
2.5,8,0.7
2.5,8,0.75
2.5,8,0.8
2.5,8,0.85
2.5,8,0.9
2.5,8,0.95
2.5,8,1
2.5,8,1.05
2.5,8,1.1
2.5,8,1.15
2.5,8,1.2
2.5,8,1.25
2.5,8,1.3
2.5,8,1.35
2.5,8,1.4
2.5,8,1.45
2.5,8,1.5
2.5,8,1.55
2.5,8,1.6
2.5,8,1.65
2.5,8,1.7
2.5,8,1.75
2.5,8,1.8
2.5,8,1.85
2.5,8,1.9
2.5,8,1.95
2.5,8,2
2.5,8,2.05
2.5,8,2.1
2.5,8,2.15
2.5,8,2.2
2.5,8,2.25
2.5,8,2.3
2.5,8,2.35
2.5,8,2.4
2.5,8,2.45
2.5,8,2.5
2.5,8,2.55
2.5,8,2.6
2.5,8,2.65
2.5,8,2.7
2.5,8,2.75
2.5,8,2.8
2.5,8,2.85
2.5,8,2.9
2.5,8,2.95
2.5,8,3
2.5,8,3.05
2.5,8,3.1
2.5,8,3.15
2.5,8,3.2
2.5,8,3.25
2.5,8,3.3
2.5,8,3.35
2.5,8,3.4
2.5,8,3.45
2.5,8,3.5
2.5,8,3.55
2.5,8,3.6
2.5,8,3.65
2.5,8,3.7
2.5,8,3.75
2.5,8,3.8
2.5,8,3.85
2.5,8,3.9
2.5,8,3.95
2.5,8,4
2.5,8,4.05
2.5,8,4.1
2.5,8,4.15
2.5,8,4.2
2.5,8,4.25
2.5,8,4.3
2.5,8,4.35
2.5,8,4.4
2.5,8,4.45
2.5,8,4.5
2.5,8,4.55
2.5,8,4.6
2.5,8,4.65
2.5,8,4.7
2.5,8,4.75
2.5,8,4.8
2.5,8,4.85
2.5,8,4.9
2.5,8,4.95
2.5,8,5
2.5,8.5,0
2.5,8.5,0.05
2.5,8.5,0.1
2.5,8.5,0.15
2.5,8.5,0.2
2.5,8.5,0.25
2.5,8.5,0.3
2.5,8.5,0.35
2.5,8.5,0.4
2.5,8.5,0.45
2.5,8.5,0.5
2.5,8.5,0.55
2.5,8.5,0.6
2.5,8.5,0.65
2.5,8.5,0.7
2.5,8.5,0.75
2.5,8.5,0.8
2.5,8.5,0.85
2.5,8.5,0.9
2.5,8.5,0.95
2.5,8.5,1
2.5,8.5,1.05
2.5,8.5,1.1
2.5,8.5,1.15
2.5,8.5,1.2
2.5,8.5,1.25
2.5,8.5,1.3
2.5,8.5,1.35
2.5,8.5,1.4
2.5,8.5,1.45
2.5,8.5,1.5
2.5,8.5,1.55
2.5,8.5,1.6
2.5,8.5,1.65
2.5,8.5,1.7
2.5,8.5,1.75
2.5,8.5,1.8
2.5,8.5,1.85
2.5,8.5,1.9
2.5,8.5,1.95
2.5,8.5,2
2.5,8.5,2.05
2.5,8.5,2.1
2.5,8.5,2.15
2.5,8.5,2.2
2.5,8.5,2.25
2.5,8.5,2.3
2.5,8.5,2.35
2.5,8.5,2.4
2.5,8.5,2.45
2.5,8.5,2.5
2.5,8.5,2.55
2.5,8.5,2.6
2.5,8.5,2.65
2.5,8.5,2.7
2.5,8.5,2.75
2.5,8.5,2.8
2.5,8.5,2.85
2.5,8.5,2.9
2.5,8.5,2.95
2.5,8.5,3
2.5,8.5,3.05
2.5,8.5,3.1
2.5,8.5,3.15
2.5,8.5,3.2
2.5,8.5,3.25
2.5,8.5,3.3
2.5,8.5,3.35
2.5,8.5,3.4
2.5,8.5,3.45
2.5,8.5,3.5
2.5,8.5,3.55
2.5,8.5,3.6
2.5,8.5,3.65
2.5,8.5,3.7
2.5,8.5,3.75
2.5,8.5,3.8
2.5,8.5,3.85
2.5,8.5,3.9
2.5,8.5,3.95
2.5,8.5,4
2.5,8.5,4.05
2.5,8.5,4.1
2.5,8.5,4.15
2.5,8.5,4.2
2.5,8.5,4.25
2.5,8.5,4.3
2.5,8.5,4.35
2.5,8.5,4.4
2.5,8.5,4.45
2.5,8.5,4.5
2.5,8.5,4.55
2.5,8.5,4.6
2.5,8.5,4.65
2.5,8.5,4.7
2.5,8.5,4.75
2.5,8.5,4.8
2.5,8.5,4.85
2.5,8.5,4.9
2.5,8.5,4.95
2.5,8.5,5
2.5,9,0
2.5,9,0.05
2.5,9,0.1
2.5,9,0.15
2.5,9,0.2
2.5,9,0.25
2.5,9,0.3
2.5,9,0.35
2.5,9,0.4
2.5,9,0.45
2.5,9,0.5
2.5,9,0.55
2.5,9,0.6
2.5,9,0.65
2.5,9,0.7
2.5,9,0.75
2.5,9,0.8
2.5,9,0.85
2.5,9,0.9
2.5,9,0.95
2.5,9,1
2.5,9,1.05
2.5,9,1.1
2.5,9,1.15
2.5,9,1.2
2.5,9,1.25
2.5,9,1.3
2.5,9,1.35
2.5,9,1.4
2.5,9,1.45
2.5,9,1.5
2.5,9,1.55
2.5,9,1.6
2.5,9,1.65
2.5,9,1.7
2.5,9,1.75
2.5,9,1.8
2.5,9,1.85
2.5,9,1.9
2.5,9,1.95
2.5,9,2
2.5,9,2.05
2.5,9,2.1
2.5,9,2.15
2.5,9,2.2
2.5,9,2.25
2.5,9,2.3
2.5,9,2.35
2.5,9,2.4
2.5,9,2.45
2.5,9,2.5
2.5,9,2.55
2.5,9,2.6
2.5,9,2.65
2.5,9,2.7
2.5,9,2.75
2.5,9,2.8
2.5,9,2.85
2.5,9,2.9
2.5,9,2.95
2.5,9,3
2.5,9,3.05
2.5,9,3.1
2.5,9,3.15
2.5,9,3.2
2.5,9,3.25
2.5,9,3.3
2.5,9,3.35
2.5,9,3.4
2.5,9,3.45
2.5,9,3.5
2.5,9,3.55
2.5,9,3.6
2.5,9,3.65
2.5,9,3.7
2.5,9,3.75
2.5,9,3.8
2.5,9,3.85
2.5,9,3.9
2.5,9,3.95
2.5,9,4
2.5,9,4.05
2.5,9,4.1
2.5,9,4.15
2.5,9,4.2
2.5,9,4.25
2.5,9,4.3
2.5,9,4.35
2.5,9,4.4
2.5,9,4.45
2.5,9,4.5
2.5,9,4.55
2.5,9,4.6
2.5,9,4.65
2.5,9,4.7
2.5,9,4.75
2.5,9,4.8
2.5,9,4.85
2.5,9,4.9
2.5,9,4.95
2.5,9,5
2.5,9.5,0
2.5,9.5,0.05
2.5,9.5,0.1
2.5,9.5,0.15
2.5,9.5,0.2
2.5,9.5,0.25
2.5,9.5,0.3
2.5,9.5,0.35
2.5,9.5,0.4
2.5,9.5,0.45
2.5,9.5,0.5
2.5,9.5,0.55
2.5,9.5,0.6
2.5,9.5,0.65
2.5,9.5,0.7
2.5,9.5,0.75
2.5,9.5,0.8
2.5,9.5,0.85
2.5,9.5,0.9
2.5,9.5,0.95
2.5,9.5,1
2.5,9.5,1.05
2.5,9.5,1.1
2.5,9.5,1.15
2.5,9.5,1.2
2.5,9.5,1.25
2.5,9.5,1.3
2.5,9.5,1.35
2.5,9.5,1.4
2.5,9.5,1.45
2.5,9.5,1.5
2.5,9.5,1.55
2.5,9.5,1.6
2.5,9.5,1.65
2.5,9.5,1.7
2.5,9.5,1.75
2.5,9.5,1.8
2.5,9.5,1.85
2.5,9.5,1.9
2.5,9.5,1.95
2.5,9.5,2
2.5,9.5,2.05
2.5,9.5,2.1
2.5,9.5,2.15
2.5,9.5,2.2
2.5,9.5,2.25
2.5,9.5,2.3
2.5,9.5,2.35
2.5,9.5,2.4
2.5,9.5,2.45
2.5,9.5,2.5
2.5,9.5,2.55
2.5,9.5,2.6
2.5,9.5,2.65
2.5,9.5,2.7
2.5,9.5,2.75
2.5,9.5,2.8
2.5,9.5,2.85
2.5,9.5,2.9
2.5,9.5,2.95
2.5,9.5,3
2.5,9.5,3.05
2.5,9.5,3.1
2.5,9.5,3.15
2.5,9.5,3.2
2.5,9.5,3.25
2.5,9.5,3.3
2.5,9.5,3.35
2.5,9.5,3.4
2.5,9.5,3.45
2.5,9.5,3.5
2.5,9.5,3.55
2.5,9.5,3.6
2.5,9.5,3.65
2.5,9.5,3.7
2.5,9.5,3.75
2.5,9.5,3.8
2.5,9.5,3.85
2.5,9.5,3.9
2.5,9.5,3.95
2.5,9.5,4
2.5,9.5,4.05
2.5,9.5,4.1
2.5,9.5,4.15
2.5,9.5,4.2
2.5,9.5,4.25
2.5,9.5,4.3
2.5,9.5,4.35
2.5,9.5,4.4
2.5,9.5,4.45
2.5,9.5,4.5
2.5,9.5,4.55
2.5,9.5,4.6
2.5,9.5,4.65
2.5,9.5,4.7
2.5,9.5,4.75
2.5,9.5,4.8
2.5,9.5,4.85
2.5,9.5,4.9
2.5,9.5,4.95
2.5,9.5,5
2.5,10,0
2.5,10,0.05
2.5,10,0.1
2.5,10,0.15
2.5,10,0.2
2.5,10,0.25
2.5,10,0.3
2.5,10,0.35
2.5,10,0.4
2.5,10,0.45
2.5,10,0.5
2.5,10,0.55
2.5,10,0.6
2.5,10,0.65
2.5,10,0.7
2.5,10,0.75
2.5,10,0.8
2.5,10,0.85
2.5,10,0.9
2.5,10,0.95
2.5,10,1
2.5,10,1.05
2.5,10,1.1
2.5,10,1.15
2.5,10,1.2
2.5,10,1.25
2.5,10,1.3
2.5,10,1.35
2.5,10,1.4
2.5,10,1.45
2.5,10,1.5
2.5,10,1.55
2.5,10,1.6
2.5,10,1.65
2.5,10,1.7
2.5,10,1.75
2.5,10,1.8
2.5,10,1.85
2.5,10,1.9
2.5,10,1.95
2.5,10,2
2.5,10,2.05
2.5,10,2.1
2.5,10,2.15
2.5,10,2.2
2.5,10,2.25
2.5,10,2.3
2.5,10,2.35
2.5,10,2.4
2.5,10,2.45
2.5,10,2.5
2.5,10,2.55
2.5,10,2.6
2.5,10,2.65
2.5,10,2.7
2.5,10,2.75
2.5,10,2.8
2.5,10,2.85
2.5,10,2.9
2.5,10,2.95
2.5,10,3
2.5,10,3.05
2.5,10,3.1
2.5,10,3.15
2.5,10,3.2
2.5,10,3.25
2.5,10,3.3
2.5,10,3.35
2.5,10,3.4
2.5,10,3.45
2.5,10,3.5
2.5,10,3.55
2.5,10,3.6
2.5,10,3.65
2.5,10,3.7
2.5,10,3.75
2.5,10,3.8
2.5,10,3.85
2.5,10,3.9
2.5,10,3.95
2.5,10,4
2.5,10,4.05
2.5,10,4.1
2.5,10,4.15
2.5,10,4.2
2.5,10,4.25
2.5,10,4.3
2.5,10,4.35
2.5,10,4.4
2.5,10,4.45
2.5,10,4.5
2.5,10,4.55
2.5,10,4.6
2.5,10,4.65
2.5,10,4.7
2.5,10,4.75
2.5,10,4.8
2.5,10,4.85
2.5,10,4.9
2.5,10,4.95
2.5,10,5
3,0,0
3,0,0.05
3,0,0.1
3,0,0.15
3,0,0.2
3,0,0.25
3,0,0.3
3,0,0.35
3,0,0.4
3,0,0.45
3,0,0.5
3,0,0.55
3,0,0.6
3,0,0.65
3,0,0.7
3,0,0.75
3,0,0.8
3,0,0.85
3,0,0.9
3,0,0.95
3,0,1
3,0,1.05
3,0,1.1
3,0,1.15
3,0,1.2
3,0,1.25
3,0,1.3
3,0,1.35
3,0,1.4
3,0,1.45
3,0,1.5
3,0,1.55
3,0,1.6
3,0,1.65
3,0,1.7
3,0,1.75
3,0,1.8
3,0,1.85
3,0,1.9
3,0,1.95
3,0,2
3,0,2.05
3,0,2.1
3,0,2.15
3,0,2.2
3,0,2.25
3,0,2.3
3,0,2.35
3,0,2.4
3,0,2.45
3,0,2.5
3,0,2.55
3,0,2.6
3,0,2.65
3,0,2.7
3,0,2.75
3,0,2.8
3,0,2.85
3,0,2.9
3,0,2.95
3,0,3
3,0,3.05
3,0,3.1
3,0,3.15
3,0,3.2
3,0,3.25
3,0,3.3
3,0,3.35
3,0,3.4
3,0,3.45
3,0,3.5
3,0,3.55
3,0,3.6
3,0,3.65
3,0,3.7
3,0,3.75
3,0,3.8
3,0,3.85
3,0,3.9
3,0,3.95
3,0,4
3,0,4.05
3,0,4.1
3,0,4.15
3,0,4.2
3,0,4.25
3,0,4.3
3,0,4.35
3,0,4.4
3,0,4.45
3,0,4.5
3,0,4.55
3,0,4.6
3,0,4.65
3,0,4.7
3,0,4.75
3,0,4.8
3,0,4.85
3,0,4.9
3,0,4.95
3,0,5
3,0.5,0
3,0.5,0.05
3,0.5,0.1
3,0.5,0.15
3,0.5,0.2
3,0.5,0.25
3,0.5,0.3
3,0.5,0.35
3,0.5,0.4
3,0.5,0.45
3,0.5,0.5
3,0.5,0.55
3,0.5,0.6
3,0.5,0.65
3,0.5,0.7
3,0.5,0.75
3,0.5,0.8
3,0.5,0.85
3,0.5,0.9
3,0.5,0.95
3,0.5,1
3,0.5,1.05
3,0.5,1.1
3,0.5,1.15
3,0.5,1.2
3,0.5,1.25
3,0.5,1.3
3,0.5,1.35
3,0.5,1.4
3,0.5,1.45
3,0.5,1.5
3,0.5,1.55
3,0.5,1.6
3,0.5,1.65
3,0.5,1.7
3,0.5,1.75
3,0.5,1.8
3,0.5,1.85
3,0.5,1.9
3,0.5,1.95
3,0.5,2
3,0.5,2.05
3,0.5,2.1
3,0.5,2.15
3,0.5,2.2
3,0.5,2.25
3,0.5,2.3
3,0.5,2.35
3,0.5,2.4
3,0.5,2.45
3,0.5,2.5
3,0.5,2.55
3,0.5,2.6
3,0.5,2.65
3,0.5,2.7
3,0.5,2.75
3,0.5,2.8
3,0.5,2.85
3,0.5,2.9
3,0.5,2.95
3,0.5,3
3,0.5,3.05
3,0.5,3.1
3,0.5,3.15
3,0.5,3.2
3,0.5,3.25
3,0.5,3.3
3,0.5,3.35
3,0.5,3.4
3,0.5,3.45
3,0.5,3.5
3,0.5,3.55
3,0.5,3.6
3,0.5,3.65
3,0.5,3.7
3,0.5,3.75
3,0.5,3.8
3,0.5,3.85
3,0.5,3.9
3,0.5,3.95
3,0.5,4
3,0.5,4.05
3,0.5,4.1
3,0.5,4.15
3,0.5,4.2
3,0.5,4.25
3,0.5,4.3
3,0.5,4.35
3,0.5,4.4
3,0.5,4.45
3,0.5,4.5
3,0.5,4.55
3,0.5,4.6
3,0.5,4.65
3,0.5,4.7
3,0.5,4.75
3,0.5,4.8
3,0.5,4.85
3,0.5,4.9
3,0.5,4.95
3,0.5,5
3,1,0
3,1,0.05
3,1,0.1
3,1,0.15
3,1,0.2
3,1,0.25
3,1,0.3
3,1,0.35
3,1,0.4
3,1,0.45
3,1,0.5
3,1,0.55
3,1,0.6
3,1,0.65
3,1,0.7
3,1,0.75
3,1,0.8
3,1,0.85
3,1,0.9
3,1,0.95
3,1,1
3,1,1.05
3,1,1.1
3,1,1.15
3,1,1.2
3,1,1.25
3,1,1.3
3,1,1.35
3,1,1.4
3,1,1.45
3,1,1.5
3,1,1.55
3,1,1.6
3,1,1.65
3,1,1.7
3,1,1.75
3,1,1.8
3,1,1.85
3,1,1.9
3,1,1.95
3,1,2
3,1,2.05
3,1,2.1
3,1,2.15
3,1,2.2
3,1,2.25
3,1,2.3
3,1,2.35
3,1,2.4
3,1,2.45
3,1,2.5
3,1,2.55
3,1,2.6
3,1,2.65
3,1,2.7
3,1,2.75
3,1,2.8
3,1,2.85
3,1,2.9
3,1,2.95
3,1,3
3,1,3.05
3,1,3.1
3,1,3.15
3,1,3.2
3,1,3.25
3,1,3.3
3,1,3.35
3,1,3.4
3,1,3.45
3,1,3.5
3,1,3.55
3,1,3.6
3,1,3.65
3,1,3.7
3,1,3.75
3,1,3.8
3,1,3.85
3,1,3.9
3,1,3.95
3,1,4
3,1,4.05
3,1,4.1
3,1,4.15
3,1,4.2
3,1,4.25
3,1,4.3
3,1,4.35
3,1,4.4
3,1,4.45
3,1,4.5
3,1,4.55
3,1,4.6
3,1,4.65
3,1,4.7
3,1,4.75
3,1,4.8
3,1,4.85
3,1,4.9
3,1,4.95
3,1,5
3,1.5,0
3,1.5,0.05
3,1.5,0.1
3,1.5,0.15
3,1.5,0.2
3,1.5,0.25
3,1.5,0.3
3,1.5,0.35
3,1.5,0.4
3,1.5,0.45
3,1.5,0.5
3,1.5,0.55
3,1.5,0.6
3,1.5,0.65
3,1.5,0.7
3,1.5,0.75
3,1.5,0.8
3,1.5,0.85
3,1.5,0.9
3,1.5,0.95
3,1.5,1
3,1.5,1.05
3,1.5,1.1
3,1.5,1.15
3,1.5,1.2
3,1.5,1.25
3,1.5,1.3
3,1.5,1.35
3,1.5,1.4
3,1.5,1.45
3,1.5,1.5
3,1.5,1.55
3,1.5,1.6
3,1.5,1.65
3,1.5,1.7
3,1.5,1.75
3,1.5,1.8
3,1.5,1.85
3,1.5,1.9
3,1.5,1.95
3,1.5,2
3,1.5,2.05
3,1.5,2.1
3,1.5,2.15
3,1.5,2.2
3,1.5,2.25
3,1.5,2.3
3,1.5,2.35
3,1.5,2.4
3,1.5,2.45
3,1.5,2.5
3,1.5,2.55
3,1.5,2.6
3,1.5,2.65
3,1.5,2.7
3,1.5,2.75
3,1.5,2.8
3,1.5,2.85
3,1.5,2.9
3,1.5,2.95
3,1.5,3
3,1.5,3.05
3,1.5,3.1
3,1.5,3.15
3,1.5,3.2
3,1.5,3.25
3,1.5,3.3
3,1.5,3.35
3,1.5,3.4
3,1.5,3.45
3,1.5,3.5
3,1.5,3.55
3,1.5,3.6
3,1.5,3.65
3,1.5,3.7
3,1.5,3.75
3,1.5,3.8
3,1.5,3.85
3,1.5,3.9
3,1.5,3.95
3,1.5,4
3,1.5,4.05
3,1.5,4.1
3,1.5,4.15
3,1.5,4.2
3,1.5,4.25
3,1.5,4.3
3,1.5,4.35
3,1.5,4.4
3,1.5,4.45
3,1.5,4.5
3,1.5,4.55
3,1.5,4.6
3,1.5,4.65
3,1.5,4.7
3,1.5,4.75
3,1.5,4.8
3,1.5,4.85
3,1.5,4.9
3,1.5,4.95
3,1.5,5
3,2,0
3,2,0.05
3,2,0.1
3,2,0.15
3,2,0.2
3,2,0.25
3,2,0.3
3,2,0.35
3,2,0.4
3,2,0.45
3,2,0.5
3,2,0.55
3,2,0.6
3,2,0.65
3,2,0.7
3,2,0.75
3,2,0.8
3,2,0.85
3,2,0.9
3,2,0.95
3,2,1
3,2,1.05
3,2,1.1
3,2,1.15
3,2,1.2
3,2,1.25
3,2,1.3
3,2,1.35
3,2,1.4
3,2,1.45
3,2,1.5
3,2,1.55
3,2,1.6
3,2,1.65
3,2,1.7
3,2,1.75
3,2,1.8
3,2,1.85
3,2,1.9
3,2,1.95
3,2,2
3,2,2.05
3,2,2.1
3,2,2.15
3,2,2.2
3,2,2.25
3,2,2.3
3,2,2.35
3,2,2.4
3,2,2.45
3,2,2.5
3,2,2.55
3,2,2.6
3,2,2.65
3,2,2.7
3,2,2.75
3,2,2.8
3,2,2.85
3,2,2.9
3,2,2.95
3,2,3
3,2,3.05
3,2,3.1
3,2,3.15
3,2,3.2
3,2,3.25
3,2,3.3
3,2,3.35
3,2,3.4
3,2,3.45
3,2,3.5
3,2,3.55
3,2,3.6
3,2,3.65
3,2,3.7
3,2,3.75
3,2,3.8
3,2,3.85
3,2,3.9
3,2,3.95
3,2,4
3,2,4.05
3,2,4.1
3,2,4.15
3,2,4.2
3,2,4.25
3,2,4.3
3,2,4.35
3,2,4.4
3,2,4.45
3,2,4.5
3,2,4.55
3,2,4.6
3,2,4.65
3,2,4.7
3,2,4.75
3,2,4.8
3,2,4.85
3,2,4.9
3,2,4.95
3,2,5
3,2.5,0
3,2.5,0.05
3,2.5,0.1
3,2.5,0.15
3,2.5,0.2
3,2.5,0.25
3,2.5,0.3
3,2.5,0.35
3,2.5,0.4
3,2.5,0.45
3,2.5,0.5
3,2.5,0.55
3,2.5,0.6
3,2.5,0.65
3,2.5,0.7
3,2.5,0.75
3,2.5,0.8
3,2.5,0.85
3,2.5,0.9
3,2.5,0.95
3,2.5,1
3,2.5,1.05
3,2.5,1.1
3,2.5,1.15
3,2.5,1.2
3,2.5,1.25
3,2.5,1.3
3,2.5,1.35
3,2.5,1.4
3,2.5,1.45
3,2.5,1.5
3,2.5,1.55
3,2.5,1.6
3,2.5,1.65
3,2.5,1.7
3,2.5,1.75
3,2.5,1.8
3,2.5,1.85
3,2.5,1.9
3,2.5,1.95
3,2.5,2
3,2.5,2.05
3,2.5,2.1
3,2.5,2.15
3,2.5,2.2
3,2.5,2.25
3,2.5,2.3
3,2.5,2.35
3,2.5,2.4
3,2.5,2.45
3,2.5,2.5
3,2.5,2.55
3,2.5,2.6
3,2.5,2.65
3,2.5,2.7
3,2.5,2.75
3,2.5,2.8
3,2.5,2.85
3,2.5,2.9
3,2.5,2.95
3,2.5,3
3,2.5,3.05
3,2.5,3.1
3,2.5,3.15
3,2.5,3.2
3,2.5,3.25
3,2.5,3.3
3,2.5,3.35
3,2.5,3.4
3,2.5,3.45
3,2.5,3.5
3,2.5,3.55
3,2.5,3.6
3,2.5,3.65
3,2.5,3.7
3,2.5,3.75
3,2.5,3.8
3,2.5,3.85
3,2.5,3.9
3,2.5,3.95
3,2.5,4
3,2.5,4.05
3,2.5,4.1
3,2.5,4.15
3,2.5,4.2
3,2.5,4.25
3,2.5,4.3
3,2.5,4.35
3,2.5,4.4
3,2.5,4.45
3,2.5,4.5
3,2.5,4.55
3,2.5,4.6
3,2.5,4.65
3,2.5,4.7
3,2.5,4.75
3,2.5,4.8
3,2.5,4.85
3,2.5,4.9
3,2.5,4.95
3,2.5,5
3,3,0
3,3,0.05
3,3,0.1
3,3,0.15
3,3,0.2
3,3,0.25
3,3,0.3
3,3,0.35
3,3,0.4
3,3,0.45
3,3,0.5
3,3,0.55
3,3,0.6
3,3,0.65
3,3,0.7
3,3,0.75
3,3,0.8
3,3,0.85
3,3,0.9
3,3,0.95
3,3,1
3,3,1.05
3,3,1.1
3,3,1.15
3,3,1.2
3,3,1.25
3,3,1.3
3,3,1.35
3,3,1.4
3,3,1.45
3,3,1.5
3,3,1.55
3,3,1.6
3,3,1.65
3,3,1.7
3,3,1.75
3,3,1.8
3,3,1.85
3,3,1.9
3,3,1.95
3,3,2
3,3,2.05
3,3,2.1
3,3,2.15
3,3,2.2
3,3,2.25
3,3,2.3
3,3,2.35
3,3,2.4
3,3,2.45
3,3,2.5
3,3,2.55
3,3,2.6
3,3,2.65
3,3,2.7
3,3,2.75
3,3,2.8
3,3,2.85
3,3,2.9
3,3,2.95
3,3,3
3,3,3.05
3,3,3.1
3,3,3.15
3,3,3.2
3,3,3.25
3,3,3.3
3,3,3.35
3,3,3.4
3,3,3.45
3,3,3.5
3,3,3.55
3,3,3.6
3,3,3.65
3,3,3.7
3,3,3.75
3,3,3.8
3,3,3.85
3,3,3.9
3,3,3.95
3,3,4
3,3,4.05
3,3,4.1
3,3,4.15
3,3,4.2
3,3,4.25
3,3,4.3
3,3,4.35
3,3,4.4
3,3,4.45
3,3,4.5
3,3,4.55
3,3,4.6
3,3,4.65
3,3,4.7
3,3,4.75
3,3,4.8
3,3,4.85
3,3,4.9
3,3,4.95
3,3,5
3,3.5,0
3,3.5,0.05
3,3.5,0.1
3,3.5,0.15
3,3.5,0.2
3,3.5,0.25
3,3.5,0.3
3,3.5,0.35
3,3.5,0.4
3,3.5,0.45
3,3.5,0.5
3,3.5,0.55
3,3.5,0.6
3,3.5,0.65
3,3.5,0.7
3,3.5,0.75
3,3.5,0.8
3,3.5,0.85
3,3.5,0.9
3,3.5,0.95
3,3.5,1
3,3.5,1.05
3,3.5,1.1
3,3.5,1.15
3,3.5,1.2
3,3.5,1.25
3,3.5,1.3
3,3.5,1.35
3,3.5,1.4
3,3.5,1.45
3,3.5,1.5
3,3.5,1.55
3,3.5,1.6
3,3.5,1.65
3,3.5,1.7
3,3.5,1.75
3,3.5,1.8
3,3.5,1.85
3,3.5,1.9
3,3.5,1.95
3,3.5,2
3,3.5,2.05
3,3.5,2.1
3,3.5,2.15
3,3.5,2.2
3,3.5,2.25
3,3.5,2.3
3,3.5,2.35
3,3.5,2.4
3,3.5,2.45
3,3.5,2.5
3,3.5,2.55
3,3.5,2.6
3,3.5,2.65
3,3.5,2.7
3,3.5,2.75
3,3.5,2.8
3,3.5,2.85
3,3.5,2.9
3,3.5,2.95
3,3.5,3
3,3.5,3.05
3,3.5,3.1
3,3.5,3.15
3,3.5,3.2
3,3.5,3.25
3,3.5,3.3
3,3.5,3.35
3,3.5,3.4
3,3.5,3.45
3,3.5,3.5
3,3.5,3.55
3,3.5,3.6
3,3.5,3.65
3,3.5,3.7
3,3.5,3.75
3,3.5,3.8
3,3.5,3.85
3,3.5,3.9
3,3.5,3.95
3,3.5,4
3,3.5,4.05
3,3.5,4.1
3,3.5,4.15
3,3.5,4.2
3,3.5,4.25
3,3.5,4.3
3,3.5,4.35
3,3.5,4.4
3,3.5,4.45
3,3.5,4.5
3,3.5,4.55
3,3.5,4.6
3,3.5,4.65
3,3.5,4.7
3,3.5,4.75
3,3.5,4.8
3,3.5,4.85
3,3.5,4.9
3,3.5,4.95
3,3.5,5
3,4,0
3,4,0.05
3,4,0.1
3,4,0.15
3,4,0.2
3,4,0.25
3,4,0.3
3,4,0.35
3,4,0.4
3,4,0.45
3,4,0.5
3,4,0.55
3,4,0.6
3,4,0.65
3,4,0.7
3,4,0.75
3,4,0.8
3,4,0.85
3,4,0.9
3,4,0.95
3,4,1
3,4,1.05
3,4,1.1
3,4,1.15
3,4,1.2
3,4,1.25
3,4,1.3
3,4,1.35
3,4,1.4
3,4,1.45
3,4,1.5
3,4,1.55
3,4,1.6
3,4,1.65
3,4,1.7
3,4,1.75
3,4,1.8
3,4,1.85
3,4,1.9
3,4,1.95
3,4,2
3,4,2.05
3,4,2.1
3,4,2.15
3,4,2.2
3,4,2.25
3,4,2.3
3,4,2.35
3,4,2.4
3,4,2.45
3,4,2.5
3,4,2.55
3,4,2.6
3,4,2.65
3,4,2.7
3,4,2.75
3,4,2.8
3,4,2.85
3,4,2.9
3,4,2.95
3,4,3
3,4,3.05
3,4,3.1
3,4,3.15
3,4,3.2
3,4,3.25
3,4,3.3
3,4,3.35
3,4,3.4
3,4,3.45
3,4,3.5
3,4,3.55
3,4,3.6
3,4,3.65
3,4,3.7
3,4,3.75
3,4,3.8
3,4,3.85
3,4,3.9
3,4,3.95
3,4,4
3,4,4.05
3,4,4.1
3,4,4.15
3,4,4.2
3,4,4.25
3,4,4.3
3,4,4.35
3,4,4.4
3,4,4.45
3,4,4.5
3,4,4.55
3,4,4.6
3,4,4.65
3,4,4.7
3,4,4.75
3,4,4.8
3,4,4.85
3,4,4.9
3,4,4.95
3,4,5
3,4.5,0
3,4.5,0.05
3,4.5,0.1
3,4.5,0.15
3,4.5,0.2
3,4.5,0.25
3,4.5,0.3
3,4.5,0.35
3,4.5,0.4
3,4.5,0.45
3,4.5,0.5
3,4.5,0.55
3,4.5,0.6
3,4.5,0.65
3,4.5,0.7
3,4.5,0.75
3,4.5,0.8
3,4.5,0.85
3,4.5,0.9
3,4.5,0.95
3,4.5,1
3,4.5,1.05
3,4.5,1.1
3,4.5,1.15
3,4.5,1.2
3,4.5,1.25
3,4.5,1.3
3,4.5,1.35
3,4.5,1.4
3,4.5,1.45
3,4.5,1.5
3,4.5,1.55
3,4.5,1.6
3,4.5,1.65
3,4.5,1.7
3,4.5,1.75
3,4.5,1.8
3,4.5,1.85
3,4.5,1.9
3,4.5,1.95
3,4.5,2
3,4.5,2.05
3,4.5,2.1
3,4.5,2.15
3,4.5,2.2
3,4.5,2.25
3,4.5,2.3
3,4.5,2.35
3,4.5,2.4
3,4.5,2.45
3,4.5,2.5
3,4.5,2.55
3,4.5,2.6
3,4.5,2.65
3,4.5,2.7
3,4.5,2.75
3,4.5,2.8
3,4.5,2.85
3,4.5,2.9
3,4.5,2.95
3,4.5,3
3,4.5,3.05
3,4.5,3.1
3,4.5,3.15
3,4.5,3.2
3,4.5,3.25
3,4.5,3.3
3,4.5,3.35
3,4.5,3.4
3,4.5,3.45
3,4.5,3.5
3,4.5,3.55
3,4.5,3.6
3,4.5,3.65
3,4.5,3.7
3,4.5,3.75
3,4.5,3.8
3,4.5,3.85
3,4.5,3.9
3,4.5,3.95
3,4.5,4
3,4.5,4.05
3,4.5,4.1
3,4.5,4.15
3,4.5,4.2
3,4.5,4.25
3,4.5,4.3
3,4.5,4.35
3,4.5,4.4
3,4.5,4.45
3,4.5,4.5
3,4.5,4.55
3,4.5,4.6
3,4.5,4.65
3,4.5,4.7
3,4.5,4.75
3,4.5,4.8
3,4.5,4.85
3,4.5,4.9
3,4.5,4.95
3,4.5,5
3,5,0
3,5,0.05
3,5,0.1
3,5,0.15
3,5,0.2
3,5,0.25
3,5,0.3
3,5,0.35
3,5,0.4
3,5,0.45
3,5,0.5
3,5,0.55
3,5,0.6
3,5,0.65
3,5,0.7
3,5,0.75
3,5,0.8
3,5,0.85
3,5,0.9
3,5,0.95
3,5,1
3,5,1.05
3,5,1.1
3,5,1.15
3,5,1.2
3,5,1.25
3,5,1.3
3,5,1.35
3,5,1.4
3,5,1.45
3,5,1.5
3,5,1.55
3,5,1.6
3,5,1.65
3,5,1.7
3,5,1.75
3,5,1.8
3,5,1.85
3,5,1.9
3,5,1.95
3,5,2
3,5,2.05
3,5,2.1
3,5,2.15
3,5,2.2
3,5,2.25
3,5,2.3
3,5,2.35
3,5,2.4
3,5,2.45
3,5,2.5
3,5,2.55
3,5,2.6
3,5,2.65
3,5,2.7
3,5,2.75
3,5,2.8
3,5,2.85
3,5,2.9
3,5,2.95
3,5,3
3,5,3.05
3,5,3.1
3,5,3.15
3,5,3.2
3,5,3.25
3,5,3.3
3,5,3.35
3,5,3.4
3,5,3.45
3,5,3.5
3,5,3.55
3,5,3.6
3,5,3.65
3,5,3.7
3,5,3.75
3,5,3.8
3,5,3.85
3,5,3.9
3,5,3.95
3,5,4
3,5,4.05
3,5,4.1
3,5,4.15
3,5,4.2
3,5,4.25
3,5,4.3
3,5,4.35
3,5,4.4
3,5,4.45
3,5,4.5
3,5,4.55
3,5,4.6
3,5,4.65
3,5,4.7
3,5,4.75
3,5,4.8
3,5,4.85
3,5,4.9
3,5,4.95
3,5,5
3,5.5,0
3,5.5,0.05
3,5.5,0.1
3,5.5,0.15
3,5.5,0.2
3,5.5,0.25
3,5.5,0.3
3,5.5,0.35
3,5.5,0.4
3,5.5,0.45
3,5.5,0.5
3,5.5,0.55
3,5.5,0.6
3,5.5,0.65
3,5.5,0.7
3,5.5,0.75
3,5.5,0.8
3,5.5,0.85
3,5.5,0.9
3,5.5,0.95
3,5.5,1
3,5.5,1.05
3,5.5,1.1
3,5.5,1.15
3,5.5,1.2
3,5.5,1.25
3,5.5,1.3
3,5.5,1.35
3,5.5,1.4
3,5.5,1.45
3,5.5,1.5
3,5.5,1.55
3,5.5,1.6
3,5.5,1.65
3,5.5,1.7
3,5.5,1.75
3,5.5,1.8
3,5.5,1.85
3,5.5,1.9
3,5.5,1.95
3,5.5,2
3,5.5,2.05
3,5.5,2.1
3,5.5,2.15
3,5.5,2.2
3,5.5,2.25
3,5.5,2.3
3,5.5,2.35
3,5.5,2.4
3,5.5,2.45
3,5.5,2.5
3,5.5,2.55
3,5.5,2.6
3,5.5,2.65
3,5.5,2.7
3,5.5,2.75
3,5.5,2.8
3,5.5,2.85
3,5.5,2.9
3,5.5,2.95
3,5.5,3
3,5.5,3.05
3,5.5,3.1
3,5.5,3.15
3,5.5,3.2
3,5.5,3.25
3,5.5,3.3
3,5.5,3.35
3,5.5,3.4
3,5.5,3.45
3,5.5,3.5
3,5.5,3.55
3,5.5,3.6
3,5.5,3.65
3,5.5,3.7
3,5.5,3.75
3,5.5,3.8
3,5.5,3.85
3,5.5,3.9
3,5.5,3.95
3,5.5,4
3,5.5,4.05
3,5.5,4.1
3,5.5,4.15
3,5.5,4.2
3,5.5,4.25
3,5.5,4.3
3,5.5,4.35
3,5.5,4.4
3,5.5,4.45
3,5.5,4.5
3,5.5,4.55
3,5.5,4.6
3,5.5,4.65
3,5.5,4.7
3,5.5,4.75
3,5.5,4.8
3,5.5,4.85
3,5.5,4.9
3,5.5,4.95
3,5.5,5
3,6,0
3,6,0.05
3,6,0.1
3,6,0.15
3,6,0.2
3,6,0.25
3,6,0.3
3,6,0.35
3,6,0.4
3,6,0.45
3,6,0.5
3,6,0.55
3,6,0.6
3,6,0.65
3,6,0.7
3,6,0.75
3,6,0.8
3,6,0.85
3,6,0.9
3,6,0.95
3,6,1
3,6,1.05
3,6,1.1
3,6,1.15
3,6,1.2
3,6,1.25
3,6,1.3
3,6,1.35
3,6,1.4
3,6,1.45
3,6,1.5
3,6,1.55
3,6,1.6
3,6,1.65
3,6,1.7
3,6,1.75
3,6,1.8
3,6,1.85
3,6,1.9
3,6,1.95
3,6,2
3,6,2.05
3,6,2.1
3,6,2.15
3,6,2.2
3,6,2.25
3,6,2.3
3,6,2.35
3,6,2.4
3,6,2.45
3,6,2.5
3,6,2.55
3,6,2.6
3,6,2.65
3,6,2.7
3,6,2.75
3,6,2.8
3,6,2.85
3,6,2.9
3,6,2.95
3,6,3
3,6,3.05
3,6,3.1
3,6,3.15
3,6,3.2
3,6,3.25
3,6,3.3
3,6,3.35
3,6,3.4
3,6,3.45
3,6,3.5
3,6,3.55
3,6,3.6
3,6,3.65
3,6,3.7
3,6,3.75
3,6,3.8
3,6,3.85
3,6,3.9
3,6,3.95
3,6,4
3,6,4.05
3,6,4.1
3,6,4.15
3,6,4.2
3,6,4.25
3,6,4.3
3,6,4.35
3,6,4.4
3,6,4.45
3,6,4.5
3,6,4.55
3,6,4.6
3,6,4.65
3,6,4.7
3,6,4.75
3,6,4.8
3,6,4.85
3,6,4.9
3,6,4.95
3,6,5
3,6.5,0
3,6.5,0.05
3,6.5,0.1
3,6.5,0.15
3,6.5,0.2
3,6.5,0.25
3,6.5,0.3
3,6.5,0.35
3,6.5,0.4
3,6.5,0.45
3,6.5,0.5
3,6.5,0.55
3,6.5,0.6
3,6.5,0.65
3,6.5,0.7
3,6.5,0.75
3,6.5,0.8
3,6.5,0.85
3,6.5,0.9
3,6.5,0.95
3,6.5,1
3,6.5,1.05
3,6.5,1.1
3,6.5,1.15
3,6.5,1.2
3,6.5,1.25
3,6.5,1.3
3,6.5,1.35
3,6.5,1.4
3,6.5,1.45
3,6.5,1.5
3,6.5,1.55
3,6.5,1.6
3,6.5,1.65
3,6.5,1.7
3,6.5,1.75
3,6.5,1.8
3,6.5,1.85
3,6.5,1.9
3,6.5,1.95
3,6.5,2
3,6.5,2.05
3,6.5,2.1
3,6.5,2.15
3,6.5,2.2
3,6.5,2.25
3,6.5,2.3
3,6.5,2.35
3,6.5,2.4
3,6.5,2.45
3,6.5,2.5
3,6.5,2.55
3,6.5,2.6
3,6.5,2.65
3,6.5,2.7
3,6.5,2.75
3,6.5,2.8
3,6.5,2.85
3,6.5,2.9
3,6.5,2.95
3,6.5,3
3,6.5,3.05
3,6.5,3.1
3,6.5,3.15
3,6.5,3.2
3,6.5,3.25
3,6.5,3.3
3,6.5,3.35
3,6.5,3.4
3,6.5,3.45
3,6.5,3.5
3,6.5,3.55
3,6.5,3.6
3,6.5,3.65
3,6.5,3.7
3,6.5,3.75
3,6.5,3.8
3,6.5,3.85
3,6.5,3.9
3,6.5,3.95
3,6.5,4
3,6.5,4.05
3,6.5,4.1
3,6.5,4.15
3,6.5,4.2
3,6.5,4.25
3,6.5,4.3
3,6.5,4.35
3,6.5,4.4
3,6.5,4.45
3,6.5,4.5
3,6.5,4.55
3,6.5,4.6
3,6.5,4.65
3,6.5,4.7
3,6.5,4.75
3,6.5,4.8
3,6.5,4.85
3,6.5,4.9
3,6.5,4.95
3,6.5,5
3,7,0
3,7,0.05
3,7,0.1
3,7,0.15
3,7,0.2
3,7,0.25
3,7,0.3
3,7,0.35
3,7,0.4
3,7,0.45
3,7,0.5
3,7,0.55
3,7,0.6
3,7,0.65
3,7,0.7
3,7,0.75
3,7,0.8
3,7,0.85
3,7,0.9
3,7,0.95
3,7,1
3,7,1.05
3,7,1.1
3,7,1.15
3,7,1.2
3,7,1.25
3,7,1.3
3,7,1.35
3,7,1.4
3,7,1.45
3,7,1.5
3,7,1.55
3,7,1.6
3,7,1.65
3,7,1.7
3,7,1.75
3,7,1.8
3,7,1.85
3,7,1.9
3,7,1.95
3,7,2
3,7,2.05
3,7,2.1
3,7,2.15
3,7,2.2
3,7,2.25
3,7,2.3
3,7,2.35
3,7,2.4
3,7,2.45
3,7,2.5
3,7,2.55
3,7,2.6
3,7,2.65
3,7,2.7
3,7,2.75
3,7,2.8
3,7,2.85
3,7,2.9
3,7,2.95
3,7,3
3,7,3.05
3,7,3.1
3,7,3.15
3,7,3.2
3,7,3.25
3,7,3.3
3,7,3.35
3,7,3.4
3,7,3.45
3,7,3.5
3,7,3.55
3,7,3.6
3,7,3.65
3,7,3.7
3,7,3.75
3,7,3.8
3,7,3.85
3,7,3.9
3,7,3.95
3,7,4
3,7,4.05
3,7,4.1
3,7,4.15
3,7,4.2
3,7,4.25
3,7,4.3
3,7,4.35
3,7,4.4
3,7,4.45
3,7,4.5
3,7,4.55
3,7,4.6
3,7,4.65
3,7,4.7
3,7,4.75
3,7,4.8
3,7,4.85
3,7,4.9
3,7,4.95
3,7,5
3,7.5,0
3,7.5,0.05
3,7.5,0.1
3,7.5,0.15
3,7.5,0.2
3,7.5,0.25
3,7.5,0.3
3,7.5,0.35
3,7.5,0.4
3,7.5,0.45
3,7.5,0.5
3,7.5,0.55
3,7.5,0.6
3,7.5,0.65
3,7.5,0.7
3,7.5,0.75
3,7.5,0.8
3,7.5,0.85
3,7.5,0.9
3,7.5,0.95
3,7.5,1
3,7.5,1.05
3,7.5,1.1
3,7.5,1.15
3,7.5,1.2
3,7.5,1.25
3,7.5,1.3
3,7.5,1.35
3,7.5,1.4
3,7.5,1.45
3,7.5,1.5
3,7.5,1.55
3,7.5,1.6
3,7.5,1.65
3,7.5,1.7
3,7.5,1.75
3,7.5,1.8
3,7.5,1.85
3,7.5,1.9
3,7.5,1.95
3,7.5,2
3,7.5,2.05
3,7.5,2.1
3,7.5,2.15
3,7.5,2.2
3,7.5,2.25
3,7.5,2.3
3,7.5,2.35
3,7.5,2.4
3,7.5,2.45
3,7.5,2.5
3,7.5,2.55
3,7.5,2.6
3,7.5,2.65
3,7.5,2.7
3,7.5,2.75
3,7.5,2.8
3,7.5,2.85
3,7.5,2.9
3,7.5,2.95
3,7.5,3
3,7.5,3.05
3,7.5,3.1
3,7.5,3.15
3,7.5,3.2
3,7.5,3.25
3,7.5,3.3
3,7.5,3.35
3,7.5,3.4
3,7.5,3.45
3,7.5,3.5
3,7.5,3.55
3,7.5,3.6
3,7.5,3.65
3,7.5,3.7
3,7.5,3.75
3,7.5,3.8
3,7.5,3.85
3,7.5,3.9
3,7.5,3.95
3,7.5,4
3,7.5,4.05
3,7.5,4.1
3,7.5,4.15
3,7.5,4.2
3,7.5,4.25
3,7.5,4.3
3,7.5,4.35
3,7.5,4.4
3,7.5,4.45
3,7.5,4.5
3,7.5,4.55
3,7.5,4.6
3,7.5,4.65
3,7.5,4.7
3,7.5,4.75
3,7.5,4.8
3,7.5,4.85
3,7.5,4.9
3,7.5,4.95
3,7.5,5
3,8,0
3,8,0.05
3,8,0.1
3,8,0.15
3,8,0.2
3,8,0.25
3,8,0.3
3,8,0.35
3,8,0.4
3,8,0.45
3,8,0.5
3,8,0.55
3,8,0.6
3,8,0.65
3,8,0.7
3,8,0.75
3,8,0.8
3,8,0.85
3,8,0.9
3,8,0.95
3,8,1
3,8,1.05
3,8,1.1
3,8,1.15
3,8,1.2
3,8,1.25
3,8,1.3
3,8,1.35
3,8,1.4
3,8,1.45
3,8,1.5
3,8,1.55
3,8,1.6
3,8,1.65
3,8,1.7
3,8,1.75
3,8,1.8
3,8,1.85
3,8,1.9
3,8,1.95
3,8,2
3,8,2.05
3,8,2.1
3,8,2.15
3,8,2.2
3,8,2.25
3,8,2.3
3,8,2.35
3,8,2.4
3,8,2.45
3,8,2.5
3,8,2.55
3,8,2.6
3,8,2.65
3,8,2.7
3,8,2.75
3,8,2.8
3,8,2.85
3,8,2.9
3,8,2.95
3,8,3
3,8,3.05
3,8,3.1
3,8,3.15
3,8,3.2
3,8,3.25
3,8,3.3
3,8,3.35
3,8,3.4
3,8,3.45
3,8,3.5
3,8,3.55
3,8,3.6
3,8,3.65
3,8,3.7
3,8,3.75
3,8,3.8
3,8,3.85
3,8,3.9
3,8,3.95
3,8,4
3,8,4.05
3,8,4.1
3,8,4.15
3,8,4.2
3,8,4.25
3,8,4.3
3,8,4.35
3,8,4.4
3,8,4.45
3,8,4.5
3,8,4.55
3,8,4.6
3,8,4.65
3,8,4.7
3,8,4.75
3,8,4.8
3,8,4.85
3,8,4.9
3,8,4.95
3,8,5
3,8.5,0
3,8.5,0.05
3,8.5,0.1
3,8.5,0.15
3,8.5,0.2
3,8.5,0.25
3,8.5,0.3
3,8.5,0.35
3,8.5,0.4
3,8.5,0.45
3,8.5,0.5
3,8.5,0.55
3,8.5,0.6
3,8.5,0.65
3,8.5,0.7
3,8.5,0.75
3,8.5,0.8
3,8.5,0.85
3,8.5,0.9
3,8.5,0.95
3,8.5,1
3,8.5,1.05
3,8.5,1.1
3,8.5,1.15
3,8.5,1.2
3,8.5,1.25
3,8.5,1.3
3,8.5,1.35
3,8.5,1.4
3,8.5,1.45
3,8.5,1.5
3,8.5,1.55
3,8.5,1.6
3,8.5,1.65
3,8.5,1.7
3,8.5,1.75
3,8.5,1.8
3,8.5,1.85
3,8.5,1.9
3,8.5,1.95
3,8.5,2
3,8.5,2.05
3,8.5,2.1
3,8.5,2.15
3,8.5,2.2
3,8.5,2.25
3,8.5,2.3
3,8.5,2.35
3,8.5,2.4
3,8.5,2.45
3,8.5,2.5
3,8.5,2.55
3,8.5,2.6
3,8.5,2.65
3,8.5,2.7
3,8.5,2.75
3,8.5,2.8
3,8.5,2.85
3,8.5,2.9
3,8.5,2.95
3,8.5,3
3,8.5,3.05
3,8.5,3.1
3,8.5,3.15
3,8.5,3.2
3,8.5,3.25
3,8.5,3.3
3,8.5,3.35
3,8.5,3.4
3,8.5,3.45
3,8.5,3.5
3,8.5,3.55
3,8.5,3.6
3,8.5,3.65
3,8.5,3.7
3,8.5,3.75
3,8.5,3.8
3,8.5,3.85
3,8.5,3.9
3,8.5,3.95
3,8.5,4
3,8.5,4.05
3,8.5,4.1
3,8.5,4.15
3,8.5,4.2
3,8.5,4.25
3,8.5,4.3
3,8.5,4.35
3,8.5,4.4
3,8.5,4.45
3,8.5,4.5
3,8.5,4.55
3,8.5,4.6
3,8.5,4.65
3,8.5,4.7
3,8.5,4.75
3,8.5,4.8
3,8.5,4.85
3,8.5,4.9
3,8.5,4.95
3,8.5,5
3,9,0
3,9,0.05
3,9,0.1
3,9,0.15
3,9,0.2
3,9,0.25
3,9,0.3
3,9,0.35
3,9,0.4
3,9,0.45
3,9,0.5
3,9,0.55
3,9,0.6
3,9,0.65
3,9,0.7
3,9,0.75
3,9,0.8
3,9,0.85
3,9,0.9
3,9,0.95
3,9,1
3,9,1.05
3,9,1.1
3,9,1.15
3,9,1.2
3,9,1.25
3,9,1.3
3,9,1.35
3,9,1.4
3,9,1.45
3,9,1.5
3,9,1.55
3,9,1.6
3,9,1.65
3,9,1.7
3,9,1.75
3,9,1.8
3,9,1.85
3,9,1.9
3,9,1.95
3,9,2
3,9,2.05
3,9,2.1
3,9,2.15
3,9,2.2
3,9,2.25
3,9,2.3
3,9,2.35
3,9,2.4
3,9,2.45
3,9,2.5
3,9,2.55
3,9,2.6
3,9,2.65
3,9,2.7
3,9,2.75
3,9,2.8
3,9,2.85
3,9,2.9
3,9,2.95
3,9,3
3,9,3.05
3,9,3.1
3,9,3.15
3,9,3.2
3,9,3.25
3,9,3.3
3,9,3.35
3,9,3.4
3,9,3.45
3,9,3.5
3,9,3.55
3,9,3.6
3,9,3.65
3,9,3.7
3,9,3.75
3,9,3.8
3,9,3.85
3,9,3.9
3,9,3.95
3,9,4
3,9,4.05
3,9,4.1
3,9,4.15
3,9,4.2
3,9,4.25
3,9,4.3
3,9,4.35
3,9,4.4
3,9,4.45
3,9,4.5
3,9,4.55
3,9,4.6
3,9,4.65
3,9,4.7
3,9,4.75
3,9,4.8
3,9,4.85
3,9,4.9
3,9,4.95
3,9,5
3,9.5,0
3,9.5,0.05
3,9.5,0.1
3,9.5,0.15
3,9.5,0.2
3,9.5,0.25
3,9.5,0.3
3,9.5,0.35
3,9.5,0.4
3,9.5,0.45
3,9.5,0.5
3,9.5,0.55
3,9.5,0.6
3,9.5,0.65
3,9.5,0.7
3,9.5,0.75
3,9.5,0.8
3,9.5,0.85
3,9.5,0.9
3,9.5,0.95
3,9.5,1
3,9.5,1.05
3,9.5,1.1
3,9.5,1.15
3,9.5,1.2
3,9.5,1.25
3,9.5,1.3
3,9.5,1.35
3,9.5,1.4
3,9.5,1.45
3,9.5,1.5
3,9.5,1.55
3,9.5,1.6
3,9.5,1.65
3,9.5,1.7
3,9.5,1.75
3,9.5,1.8
3,9.5,1.85
3,9.5,1.9
3,9.5,1.95
3,9.5,2
3,9.5,2.05
3,9.5,2.1
3,9.5,2.15
3,9.5,2.2
3,9.5,2.25
3,9.5,2.3
3,9.5,2.35
3,9.5,2.4
3,9.5,2.45
3,9.5,2.5
3,9.5,2.55
3,9.5,2.6
3,9.5,2.65
3,9.5,2.7
3,9.5,2.75
3,9.5,2.8
3,9.5,2.85
3,9.5,2.9
3,9.5,2.95
3,9.5,3
3,9.5,3.05
3,9.5,3.1
3,9.5,3.15
3,9.5,3.2
3,9.5,3.25
3,9.5,3.3
3,9.5,3.35
3,9.5,3.4
3,9.5,3.45
3,9.5,3.5
3,9.5,3.55
3,9.5,3.6
3,9.5,3.65
3,9.5,3.7
3,9.5,3.75
3,9.5,3.8
3,9.5,3.85
3,9.5,3.9
3,9.5,3.95
3,9.5,4
3,9.5,4.05
3,9.5,4.1
3,9.5,4.15
3,9.5,4.2
3,9.5,4.25
3,9.5,4.3
3,9.5,4.35
3,9.5,4.4
3,9.5,4.45
3,9.5,4.5
3,9.5,4.55
3,9.5,4.6
3,9.5,4.65
3,9.5,4.7
3,9.5,4.75
3,9.5,4.8
3,9.5,4.85
3,9.5,4.9
3,9.5,4.95
3,9.5,5
3,10,0
3,10,0.05
3,10,0.1
3,10,0.15
3,10,0.2
3,10,0.25
3,10,0.3
3,10,0.35
3,10,0.4
3,10,0.45
3,10,0.5
3,10,0.55
3,10,0.6
3,10,0.65
3,10,0.7
3,10,0.75
3,10,0.8
3,10,0.85
3,10,0.9
3,10,0.95
3,10,1
3,10,1.05
3,10,1.1
3,10,1.15
3,10,1.2
3,10,1.25
3,10,1.3
3,10,1.35
3,10,1.4
3,10,1.45
3,10,1.5
3,10,1.55
3,10,1.6
3,10,1.65
3,10,1.7
3,10,1.75
3,10,1.8
3,10,1.85
3,10,1.9
3,10,1.95
3,10,2
3,10,2.05
3,10,2.1
3,10,2.15
3,10,2.2
3,10,2.25
3,10,2.3
3,10,2.35
3,10,2.4
3,10,2.45
3,10,2.5
3,10,2.55
3,10,2.6
3,10,2.65
3,10,2.7
3,10,2.75
3,10,2.8
3,10,2.85
3,10,2.9
3,10,2.95
3,10,3
3,10,3.05
3,10,3.1
3,10,3.15
3,10,3.2
3,10,3.25
3,10,3.3
3,10,3.35
3,10,3.4
3,10,3.45
3,10,3.5
3,10,3.55
3,10,3.6
3,10,3.65
3,10,3.7
3,10,3.75
3,10,3.8
3,10,3.85
3,10,3.9
3,10,3.95
3,10,4
3,10,4.05
3,10,4.1
3,10,4.15
3,10,4.2
3,10,4.25
3,10,4.3
3,10,4.35
3,10,4.4
3,10,4.45
3,10,4.5
3,10,4.55
3,10,4.6
3,10,4.65
3,10,4.7
3,10,4.75
3,10,4.8
3,10,4.85
3,10,4.9
3,10,4.95
3,10,5
3.5,0,0
3.5,0,0.05
3.5,0,0.1
3.5,0,0.15
3.5,0,0.2
3.5,0,0.25
3.5,0,0.3
3.5,0,0.35
3.5,0,0.4
3.5,0,0.45
3.5,0,0.5
3.5,0,0.55
3.5,0,0.6
3.5,0,0.65
3.5,0,0.7
3.5,0,0.75
3.5,0,0.8
3.5,0,0.85
3.5,0,0.9
3.5,0,0.95
3.5,0,1
3.5,0,1.05
3.5,0,1.1
3.5,0,1.15
3.5,0,1.2
3.5,0,1.25
3.5,0,1.3
3.5,0,1.35
3.5,0,1.4
3.5,0,1.45
3.5,0,1.5
3.5,0,1.55
3.5,0,1.6
3.5,0,1.65
3.5,0,1.7
3.5,0,1.75
3.5,0,1.8
3.5,0,1.85
3.5,0,1.9
3.5,0,1.95
3.5,0,2
3.5,0,2.05
3.5,0,2.1
3.5,0,2.15
3.5,0,2.2
3.5,0,2.25
3.5,0,2.3
3.5,0,2.35
3.5,0,2.4
3.5,0,2.45
3.5,0,2.5
3.5,0,2.55
3.5,0,2.6
3.5,0,2.65
3.5,0,2.7
3.5,0,2.75
3.5,0,2.8
3.5,0,2.85
3.5,0,2.9
3.5,0,2.95
3.5,0,3
3.5,0,3.05
3.5,0,3.1
3.5,0,3.15
3.5,0,3.2
3.5,0,3.25
3.5,0,3.3
3.5,0,3.35
3.5,0,3.4
3.5,0,3.45
3.5,0,3.5
3.5,0,3.55
3.5,0,3.6
3.5,0,3.65
3.5,0,3.7
3.5,0,3.75
3.5,0,3.8
3.5,0,3.85
3.5,0,3.9
3.5,0,3.95
3.5,0,4
3.5,0,4.05
3.5,0,4.1
3.5,0,4.15
3.5,0,4.2
3.5,0,4.25
3.5,0,4.3
3.5,0,4.35
3.5,0,4.4
3.5,0,4.45
3.5,0,4.5
3.5,0,4.55
3.5,0,4.6
3.5,0,4.65
3.5,0,4.7
3.5,0,4.75
3.5,0,4.8
3.5,0,4.85
3.5,0,4.9
3.5,0,4.95
3.5,0,5
3.5,0.5,0
3.5,0.5,0.05
3.5,0.5,0.1
3.5,0.5,0.15
3.5,0.5,0.2
3.5,0.5,0.25
3.5,0.5,0.3
3.5,0.5,0.35
3.5,0.5,0.4
3.5,0.5,0.45
3.5,0.5,0.5
3.5,0.5,0.55
3.5,0.5,0.6
3.5,0.5,0.65
3.5,0.5,0.7
3.5,0.5,0.75
3.5,0.5,0.8
3.5,0.5,0.85
3.5,0.5,0.9
3.5,0.5,0.95
3.5,0.5,1
3.5,0.5,1.05
3.5,0.5,1.1
3.5,0.5,1.15
3.5,0.5,1.2
3.5,0.5,1.25
3.5,0.5,1.3
3.5,0.5,1.35
3.5,0.5,1.4
3.5,0.5,1.45
3.5,0.5,1.5
3.5,0.5,1.55
3.5,0.5,1.6
3.5,0.5,1.65
3.5,0.5,1.7
3.5,0.5,1.75
3.5,0.5,1.8
3.5,0.5,1.85
3.5,0.5,1.9
3.5,0.5,1.95
3.5,0.5,2
3.5,0.5,2.05
3.5,0.5,2.1
3.5,0.5,2.15
3.5,0.5,2.2
3.5,0.5,2.25
3.5,0.5,2.3
3.5,0.5,2.35
3.5,0.5,2.4
3.5,0.5,2.45
3.5,0.5,2.5
3.5,0.5,2.55
3.5,0.5,2.6
3.5,0.5,2.65
3.5,0.5,2.7
3.5,0.5,2.75
3.5,0.5,2.8
3.5,0.5,2.85
3.5,0.5,2.9
3.5,0.5,2.95
3.5,0.5,3
3.5,0.5,3.05
3.5,0.5,3.1
3.5,0.5,3.15
3.5,0.5,3.2
3.5,0.5,3.25
3.5,0.5,3.3
3.5,0.5,3.35
3.5,0.5,3.4
3.5,0.5,3.45
3.5,0.5,3.5
3.5,0.5,3.55
3.5,0.5,3.6
3.5,0.5,3.65
3.5,0.5,3.7
3.5,0.5,3.75
3.5,0.5,3.8
3.5,0.5,3.85
3.5,0.5,3.9
3.5,0.5,3.95
3.5,0.5,4
3.5,0.5,4.05
3.5,0.5,4.1
3.5,0.5,4.15
3.5,0.5,4.2
3.5,0.5,4.25
3.5,0.5,4.3
3.5,0.5,4.35
3.5,0.5,4.4
3.5,0.5,4.45
3.5,0.5,4.5
3.5,0.5,4.55
3.5,0.5,4.6
3.5,0.5,4.65
3.5,0.5,4.7
3.5,0.5,4.75
3.5,0.5,4.8
3.5,0.5,4.85
3.5,0.5,4.9
3.5,0.5,4.95
3.5,0.5,5
3.5,1,0
3.5,1,0.05
3.5,1,0.1
3.5,1,0.15
3.5,1,0.2
3.5,1,0.25
3.5,1,0.3
3.5,1,0.35
3.5,1,0.4
3.5,1,0.45
3.5,1,0.5
3.5,1,0.55
3.5,1,0.6
3.5,1,0.65
3.5,1,0.7
3.5,1,0.75
3.5,1,0.8
3.5,1,0.85
3.5,1,0.9
3.5,1,0.95
3.5,1,1
3.5,1,1.05
3.5,1,1.1
3.5,1,1.15
3.5,1,1.2
3.5,1,1.25
3.5,1,1.3
3.5,1,1.35
3.5,1,1.4
3.5,1,1.45
3.5,1,1.5
3.5,1,1.55
3.5,1,1.6
3.5,1,1.65
3.5,1,1.7
3.5,1,1.75
3.5,1,1.8
3.5,1,1.85
3.5,1,1.9
3.5,1,1.95
3.5,1,2
3.5,1,2.05
3.5,1,2.1
3.5,1,2.15
3.5,1,2.2
3.5,1,2.25
3.5,1,2.3
3.5,1,2.35
3.5,1,2.4
3.5,1,2.45
3.5,1,2.5
3.5,1,2.55
3.5,1,2.6
3.5,1,2.65
3.5,1,2.7
3.5,1,2.75
3.5,1,2.8
3.5,1,2.85
3.5,1,2.9
3.5,1,2.95
3.5,1,3
3.5,1,3.05
3.5,1,3.1
3.5,1,3.15
3.5,1,3.2
3.5,1,3.25
3.5,1,3.3
3.5,1,3.35
3.5,1,3.4
3.5,1,3.45
3.5,1,3.5
3.5,1,3.55
3.5,1,3.6
3.5,1,3.65
3.5,1,3.7
3.5,1,3.75
3.5,1,3.8
3.5,1,3.85
3.5,1,3.9
3.5,1,3.95
3.5,1,4
3.5,1,4.05
3.5,1,4.1
3.5,1,4.15
3.5,1,4.2
3.5,1,4.25
3.5,1,4.3
3.5,1,4.35
3.5,1,4.4
3.5,1,4.45
3.5,1,4.5
3.5,1,4.55
3.5,1,4.6
3.5,1,4.65
3.5,1,4.7
3.5,1,4.75
3.5,1,4.8
3.5,1,4.85
3.5,1,4.9
3.5,1,4.95
3.5,1,5
3.5,1.5,0
3.5,1.5,0.05
3.5,1.5,0.1
3.5,1.5,0.15
3.5,1.5,0.2
3.5,1.5,0.25
3.5,1.5,0.3
3.5,1.5,0.35
3.5,1.5,0.4
3.5,1.5,0.45
3.5,1.5,0.5
3.5,1.5,0.55
3.5,1.5,0.6
3.5,1.5,0.65
3.5,1.5,0.7
3.5,1.5,0.75
3.5,1.5,0.8
3.5,1.5,0.85
3.5,1.5,0.9
3.5,1.5,0.95
3.5,1.5,1
3.5,1.5,1.05
3.5,1.5,1.1
3.5,1.5,1.15
3.5,1.5,1.2
3.5,1.5,1.25
3.5,1.5,1.3
3.5,1.5,1.35
3.5,1.5,1.4
3.5,1.5,1.45
3.5,1.5,1.5
3.5,1.5,1.55
3.5,1.5,1.6
3.5,1.5,1.65
3.5,1.5,1.7
3.5,1.5,1.75
3.5,1.5,1.8
3.5,1.5,1.85
3.5,1.5,1.9
3.5,1.5,1.95
3.5,1.5,2
3.5,1.5,2.05
3.5,1.5,2.1
3.5,1.5,2.15
3.5,1.5,2.2
3.5,1.5,2.25
3.5,1.5,2.3
3.5,1.5,2.35
3.5,1.5,2.4
3.5,1.5,2.45
3.5,1.5,2.5
3.5,1.5,2.55
3.5,1.5,2.6
3.5,1.5,2.65
3.5,1.5,2.7
3.5,1.5,2.75
3.5,1.5,2.8
3.5,1.5,2.85
3.5,1.5,2.9
3.5,1.5,2.95
3.5,1.5,3
3.5,1.5,3.05
3.5,1.5,3.1
3.5,1.5,3.15
3.5,1.5,3.2
3.5,1.5,3.25
3.5,1.5,3.3
3.5,1.5,3.35
3.5,1.5,3.4
3.5,1.5,3.45
3.5,1.5,3.5
3.5,1.5,3.55
3.5,1.5,3.6
3.5,1.5,3.65
3.5,1.5,3.7
3.5,1.5,3.75
3.5,1.5,3.8
3.5,1.5,3.85
3.5,1.5,3.9
3.5,1.5,3.95
3.5,1.5,4
3.5,1.5,4.05
3.5,1.5,4.1
3.5,1.5,4.15
3.5,1.5,4.2
3.5,1.5,4.25
3.5,1.5,4.3
3.5,1.5,4.35
3.5,1.5,4.4
3.5,1.5,4.45
3.5,1.5,4.5
3.5,1.5,4.55
3.5,1.5,4.6
3.5,1.5,4.65
3.5,1.5,4.7
3.5,1.5,4.75
3.5,1.5,4.8
3.5,1.5,4.85
3.5,1.5,4.9
3.5,1.5,4.95
3.5,1.5,5
3.5,2,0
3.5,2,0.05
3.5,2,0.1
3.5,2,0.15
3.5,2,0.2
3.5,2,0.25
3.5,2,0.3
3.5,2,0.35
3.5,2,0.4
3.5,2,0.45
3.5,2,0.5
3.5,2,0.55
3.5,2,0.6
3.5,2,0.65
3.5,2,0.7
3.5,2,0.75
3.5,2,0.8
3.5,2,0.85
3.5,2,0.9
3.5,2,0.95
3.5,2,1
3.5,2,1.05
3.5,2,1.1
3.5,2,1.15
3.5,2,1.2
3.5,2,1.25
3.5,2,1.3
3.5,2,1.35
3.5,2,1.4
3.5,2,1.45
3.5,2,1.5
3.5,2,1.55
3.5,2,1.6
3.5,2,1.65
3.5,2,1.7
3.5,2,1.75
3.5,2,1.8
3.5,2,1.85
3.5,2,1.9
3.5,2,1.95
3.5,2,2
3.5,2,2.05
3.5,2,2.1
3.5,2,2.15
3.5,2,2.2
3.5,2,2.25
3.5,2,2.3
3.5,2,2.35
3.5,2,2.4
3.5,2,2.45
3.5,2,2.5
3.5,2,2.55
3.5,2,2.6
3.5,2,2.65
3.5,2,2.7
3.5,2,2.75
3.5,2,2.8
3.5,2,2.85
3.5,2,2.9
3.5,2,2.95
3.5,2,3
3.5,2,3.05
3.5,2,3.1
3.5,2,3.15
3.5,2,3.2
3.5,2,3.25
3.5,2,3.3
3.5,2,3.35
3.5,2,3.4
3.5,2,3.45
3.5,2,3.5
3.5,2,3.55
3.5,2,3.6
3.5,2,3.65
3.5,2,3.7
3.5,2,3.75
3.5,2,3.8
3.5,2,3.85
3.5,2,3.9
3.5,2,3.95
3.5,2,4
3.5,2,4.05
3.5,2,4.1
3.5,2,4.15
3.5,2,4.2
3.5,2,4.25
3.5,2,4.3
3.5,2,4.35
3.5,2,4.4
3.5,2,4.45
3.5,2,4.5
3.5,2,4.55
3.5,2,4.6
3.5,2,4.65
3.5,2,4.7
3.5,2,4.75
3.5,2,4.8
3.5,2,4.85
3.5,2,4.9
3.5,2,4.95
3.5,2,5
3.5,2.5,0
3.5,2.5,0.05
3.5,2.5,0.1
3.5,2.5,0.15
3.5,2.5,0.2
3.5,2.5,0.25
3.5,2.5,0.3
3.5,2.5,0.35
3.5,2.5,0.4
3.5,2.5,0.45
3.5,2.5,0.5
3.5,2.5,0.55
3.5,2.5,0.6
3.5,2.5,0.65
3.5,2.5,0.7
3.5,2.5,0.75
3.5,2.5,0.8
3.5,2.5,0.85
3.5,2.5,0.9
3.5,2.5,0.95
3.5,2.5,1
3.5,2.5,1.05
3.5,2.5,1.1
3.5,2.5,1.15
3.5,2.5,1.2
3.5,2.5,1.25
3.5,2.5,1.3
3.5,2.5,1.35
3.5,2.5,1.4
3.5,2.5,1.45
3.5,2.5,1.5
3.5,2.5,1.55
3.5,2.5,1.6
3.5,2.5,1.65
3.5,2.5,1.7
3.5,2.5,1.75
3.5,2.5,1.8
3.5,2.5,1.85
3.5,2.5,1.9
3.5,2.5,1.95
3.5,2.5,2
3.5,2.5,2.05
3.5,2.5,2.1
3.5,2.5,2.15
3.5,2.5,2.2
3.5,2.5,2.25
3.5,2.5,2.3
3.5,2.5,2.35
3.5,2.5,2.4
3.5,2.5,2.45
3.5,2.5,2.5
3.5,2.5,2.55
3.5,2.5,2.6
3.5,2.5,2.65
3.5,2.5,2.7
3.5,2.5,2.75
3.5,2.5,2.8
3.5,2.5,2.85
3.5,2.5,2.9
3.5,2.5,2.95
3.5,2.5,3
3.5,2.5,3.05
3.5,2.5,3.1
3.5,2.5,3.15
3.5,2.5,3.2
3.5,2.5,3.25
3.5,2.5,3.3
3.5,2.5,3.35
3.5,2.5,3.4
3.5,2.5,3.45
3.5,2.5,3.5
3.5,2.5,3.55
3.5,2.5,3.6
3.5,2.5,3.65
3.5,2.5,3.7
3.5,2.5,3.75
3.5,2.5,3.8
3.5,2.5,3.85
3.5,2.5,3.9
3.5,2.5,3.95
3.5,2.5,4
3.5,2.5,4.05
3.5,2.5,4.1
3.5,2.5,4.15
3.5,2.5,4.2
3.5,2.5,4.25
3.5,2.5,4.3
3.5,2.5,4.35
3.5,2.5,4.4
3.5,2.5,4.45
3.5,2.5,4.5
3.5,2.5,4.55
3.5,2.5,4.6
3.5,2.5,4.65
3.5,2.5,4.7
3.5,2.5,4.75
3.5,2.5,4.8
3.5,2.5,4.85
3.5,2.5,4.9
3.5,2.5,4.95
3.5,2.5,5
3.5,3,0
3.5,3,0.05
3.5,3,0.1
3.5,3,0.15
3.5,3,0.2
3.5,3,0.25
3.5,3,0.3
3.5,3,0.35
3.5,3,0.4
3.5,3,0.45
3.5,3,0.5
3.5,3,0.55
3.5,3,0.6
3.5,3,0.65
3.5,3,0.7
3.5,3,0.75
3.5,3,0.8
3.5,3,0.85
3.5,3,0.9
3.5,3,0.95
3.5,3,1
3.5,3,1.05
3.5,3,1.1
3.5,3,1.15
3.5,3,1.2
3.5,3,1.25
3.5,3,1.3
3.5,3,1.35
3.5,3,1.4
3.5,3,1.45
3.5,3,1.5
3.5,3,1.55
3.5,3,1.6
3.5,3,1.65
3.5,3,1.7
3.5,3,1.75
3.5,3,1.8
3.5,3,1.85
3.5,3,1.9
3.5,3,1.95
3.5,3,2
3.5,3,2.05
3.5,3,2.1
3.5,3,2.15
3.5,3,2.2
3.5,3,2.25
3.5,3,2.3
3.5,3,2.35
3.5,3,2.4
3.5,3,2.45
3.5,3,2.5
3.5,3,2.55
3.5,3,2.6
3.5,3,2.65
3.5,3,2.7
3.5,3,2.75
3.5,3,2.8
3.5,3,2.85
3.5,3,2.9
3.5,3,2.95
3.5,3,3
3.5,3,3.05
3.5,3,3.1
3.5,3,3.15
3.5,3,3.2
3.5,3,3.25
3.5,3,3.3
3.5,3,3.35
3.5,3,3.4
3.5,3,3.45
3.5,3,3.5
3.5,3,3.55
3.5,3,3.6
3.5,3,3.65
3.5,3,3.7
3.5,3,3.75
3.5,3,3.8
3.5,3,3.85
3.5,3,3.9
3.5,3,3.95
3.5,3,4
3.5,3,4.05
3.5,3,4.1
3.5,3,4.15
3.5,3,4.2
3.5,3,4.25
3.5,3,4.3
3.5,3,4.35
3.5,3,4.4
3.5,3,4.45
3.5,3,4.5
3.5,3,4.55
3.5,3,4.6
3.5,3,4.65
3.5,3,4.7
3.5,3,4.75
3.5,3,4.8
3.5,3,4.85
3.5,3,4.9
3.5,3,4.95
3.5,3,5
3.5,3.5,0
3.5,3.5,0.05
3.5,3.5,0.1
3.5,3.5,0.15
3.5,3.5,0.2
3.5,3.5,0.25
3.5,3.5,0.3
3.5,3.5,0.35
3.5,3.5,0.4
3.5,3.5,0.45
3.5,3.5,0.5
3.5,3.5,0.55
3.5,3.5,0.6
3.5,3.5,0.65
3.5,3.5,0.7
3.5,3.5,0.75
3.5,3.5,0.8
3.5,3.5,0.85
3.5,3.5,0.9
3.5,3.5,0.95
3.5,3.5,1
3.5,3.5,1.05
3.5,3.5,1.1
3.5,3.5,1.15
3.5,3.5,1.2
3.5,3.5,1.25
3.5,3.5,1.3
3.5,3.5,1.35
3.5,3.5,1.4
3.5,3.5,1.45
3.5,3.5,1.5
3.5,3.5,1.55
3.5,3.5,1.6
3.5,3.5,1.65
3.5,3.5,1.7
3.5,3.5,1.75
3.5,3.5,1.8
3.5,3.5,1.85
3.5,3.5,1.9
3.5,3.5,1.95
3.5,3.5,2
3.5,3.5,2.05
3.5,3.5,2.1
3.5,3.5,2.15
3.5,3.5,2.2
3.5,3.5,2.25
3.5,3.5,2.3
3.5,3.5,2.35
3.5,3.5,2.4
3.5,3.5,2.45
3.5,3.5,2.5
3.5,3.5,2.55
3.5,3.5,2.6
3.5,3.5,2.65
3.5,3.5,2.7
3.5,3.5,2.75
3.5,3.5,2.8
3.5,3.5,2.85
3.5,3.5,2.9
3.5,3.5,2.95
3.5,3.5,3
3.5,3.5,3.05
3.5,3.5,3.1
3.5,3.5,3.15
3.5,3.5,3.2
3.5,3.5,3.25
3.5,3.5,3.3
3.5,3.5,3.35
3.5,3.5,3.4
3.5,3.5,3.45
3.5,3.5,3.5
3.5,3.5,3.55
3.5,3.5,3.6
3.5,3.5,3.65
3.5,3.5,3.7
3.5,3.5,3.75
3.5,3.5,3.8
3.5,3.5,3.85
3.5,3.5,3.9
3.5,3.5,3.95
3.5,3.5,4
3.5,3.5,4.05
3.5,3.5,4.1
3.5,3.5,4.15
3.5,3.5,4.2
3.5,3.5,4.25
3.5,3.5,4.3
3.5,3.5,4.35
3.5,3.5,4.4
3.5,3.5,4.45
3.5,3.5,4.5
3.5,3.5,4.55
3.5,3.5,4.6
3.5,3.5,4.65
3.5,3.5,4.7
3.5,3.5,4.75
3.5,3.5,4.8
3.5,3.5,4.85
3.5,3.5,4.9
3.5,3.5,4.95
3.5,3.5,5
3.5,4,0
3.5,4,0.05
3.5,4,0.1
3.5,4,0.15
3.5,4,0.2
3.5,4,0.25
3.5,4,0.3
3.5,4,0.35
3.5,4,0.4
3.5,4,0.45
3.5,4,0.5
3.5,4,0.55
3.5,4,0.6
3.5,4,0.65
3.5,4,0.7
3.5,4,0.75
3.5,4,0.8
3.5,4,0.85
3.5,4,0.9
3.5,4,0.95
3.5,4,1
3.5,4,1.05
3.5,4,1.1
3.5,4,1.15
3.5,4,1.2
3.5,4,1.25
3.5,4,1.3
3.5,4,1.35
3.5,4,1.4
3.5,4,1.45
3.5,4,1.5
3.5,4,1.55
3.5,4,1.6
3.5,4,1.65
3.5,4,1.7
3.5,4,1.75
3.5,4,1.8
3.5,4,1.85
3.5,4,1.9
3.5,4,1.95
3.5,4,2
3.5,4,2.05
3.5,4,2.1
3.5,4,2.15
3.5,4,2.2
3.5,4,2.25
3.5,4,2.3
3.5,4,2.35
3.5,4,2.4
3.5,4,2.45
3.5,4,2.5
3.5,4,2.55
3.5,4,2.6
3.5,4,2.65
3.5,4,2.7
3.5,4,2.75
3.5,4,2.8
3.5,4,2.85
3.5,4,2.9
3.5,4,2.95
3.5,4,3
3.5,4,3.05
3.5,4,3.1
3.5,4,3.15
3.5,4,3.2
3.5,4,3.25
3.5,4,3.3
3.5,4,3.35
3.5,4,3.4
3.5,4,3.45
3.5,4,3.5
3.5,4,3.55
3.5,4,3.6
3.5,4,3.65
3.5,4,3.7
3.5,4,3.75
3.5,4,3.8
3.5,4,3.85
3.5,4,3.9
3.5,4,3.95
3.5,4,4
3.5,4,4.05
3.5,4,4.1
3.5,4,4.15
3.5,4,4.2
3.5,4,4.25
3.5,4,4.3
3.5,4,4.35
3.5,4,4.4
3.5,4,4.45
3.5,4,4.5
3.5,4,4.55
3.5,4,4.6
3.5,4,4.65
3.5,4,4.7
3.5,4,4.75
3.5,4,4.8
3.5,4,4.85
3.5,4,4.9
3.5,4,4.95
3.5,4,5
3.5,4.5,0
3.5,4.5,0.05
3.5,4.5,0.1
3.5,4.5,0.15
3.5,4.5,0.2
3.5,4.5,0.25
3.5,4.5,0.3
3.5,4.5,0.35
3.5,4.5,0.4
3.5,4.5,0.45
3.5,4.5,0.5
3.5,4.5,0.55
3.5,4.5,0.6
3.5,4.5,0.65
3.5,4.5,0.7
3.5,4.5,0.75
3.5,4.5,0.8
3.5,4.5,0.85
3.5,4.5,0.9
3.5,4.5,0.95
3.5,4.5,1
3.5,4.5,1.05
3.5,4.5,1.1
3.5,4.5,1.15
3.5,4.5,1.2
3.5,4.5,1.25
3.5,4.5,1.3
3.5,4.5,1.35
3.5,4.5,1.4
3.5,4.5,1.45
3.5,4.5,1.5
3.5,4.5,1.55
3.5,4.5,1.6
3.5,4.5,1.65
3.5,4.5,1.7
3.5,4.5,1.75
3.5,4.5,1.8
3.5,4.5,1.85
3.5,4.5,1.9
3.5,4.5,1.95
3.5,4.5,2
3.5,4.5,2.05
3.5,4.5,2.1
3.5,4.5,2.15
3.5,4.5,2.2
3.5,4.5,2.25
3.5,4.5,2.3
3.5,4.5,2.35
3.5,4.5,2.4
3.5,4.5,2.45
3.5,4.5,2.5
3.5,4.5,2.55
3.5,4.5,2.6
3.5,4.5,2.65
3.5,4.5,2.7
3.5,4.5,2.75
3.5,4.5,2.8
3.5,4.5,2.85
3.5,4.5,2.9
3.5,4.5,2.95
3.5,4.5,3
3.5,4.5,3.05
3.5,4.5,3.1
3.5,4.5,3.15
3.5,4.5,3.2
3.5,4.5,3.25
3.5,4.5,3.3
3.5,4.5,3.35
3.5,4.5,3.4
3.5,4.5,3.45
3.5,4.5,3.5
3.5,4.5,3.55
3.5,4.5,3.6
3.5,4.5,3.65
3.5,4.5,3.7
3.5,4.5,3.75
3.5,4.5,3.8
3.5,4.5,3.85
3.5,4.5,3.9
3.5,4.5,3.95
3.5,4.5,4
3.5,4.5,4.05
3.5,4.5,4.1
3.5,4.5,4.15
3.5,4.5,4.2
3.5,4.5,4.25
3.5,4.5,4.3
3.5,4.5,4.35
3.5,4.5,4.4
3.5,4.5,4.45
3.5,4.5,4.5
3.5,4.5,4.55
3.5,4.5,4.6
3.5,4.5,4.65
3.5,4.5,4.7
3.5,4.5,4.75
3.5,4.5,4.8
3.5,4.5,4.85
3.5,4.5,4.9
3.5,4.5,4.95
3.5,4.5,5
3.5,5,0
3.5,5,0.05
3.5,5,0.1
3.5,5,0.15
3.5,5,0.2
3.5,5,0.25
3.5,5,0.3
3.5,5,0.35
3.5,5,0.4
3.5,5,0.45
3.5,5,0.5
3.5,5,0.55
3.5,5,0.6
3.5,5,0.65
3.5,5,0.7
3.5,5,0.75
3.5,5,0.8
3.5,5,0.85
3.5,5,0.9
3.5,5,0.95
3.5,5,1
3.5,5,1.05
3.5,5,1.1
3.5,5,1.15
3.5,5,1.2
3.5,5,1.25
3.5,5,1.3
3.5,5,1.35
3.5,5,1.4
3.5,5,1.45
3.5,5,1.5
3.5,5,1.55
3.5,5,1.6
3.5,5,1.65
3.5,5,1.7
3.5,5,1.75
3.5,5,1.8
3.5,5,1.85
3.5,5,1.9
3.5,5,1.95
3.5,5,2
3.5,5,2.05
3.5,5,2.1
3.5,5,2.15
3.5,5,2.2
3.5,5,2.25
3.5,5,2.3
3.5,5,2.35
3.5,5,2.4
3.5,5,2.45
3.5,5,2.5
3.5,5,2.55
3.5,5,2.6
3.5,5,2.65
3.5,5,2.7
3.5,5,2.75
3.5,5,2.8
3.5,5,2.85
3.5,5,2.9
3.5,5,2.95
3.5,5,3
3.5,5,3.05
3.5,5,3.1
3.5,5,3.15
3.5,5,3.2
3.5,5,3.25
3.5,5,3.3
3.5,5,3.35
3.5,5,3.4
3.5,5,3.45
3.5,5,3.5
3.5,5,3.55
3.5,5,3.6
3.5,5,3.65
3.5,5,3.7
3.5,5,3.75
3.5,5,3.8
3.5,5,3.85
3.5,5,3.9
3.5,5,3.95
3.5,5,4
3.5,5,4.05
3.5,5,4.1
3.5,5,4.15
3.5,5,4.2
3.5,5,4.25
3.5,5,4.3
3.5,5,4.35
3.5,5,4.4
3.5,5,4.45
3.5,5,4.5
3.5,5,4.55
3.5,5,4.6
3.5,5,4.65
3.5,5,4.7
3.5,5,4.75
3.5,5,4.8
3.5,5,4.85
3.5,5,4.9
3.5,5,4.95
3.5,5,5
3.5,5.5,0
3.5,5.5,0.05
3.5,5.5,0.1
3.5,5.5,0.15
3.5,5.5,0.2
3.5,5.5,0.25
3.5,5.5,0.3
3.5,5.5,0.35
3.5,5.5,0.4
3.5,5.5,0.45
3.5,5.5,0.5
3.5,5.5,0.55
3.5,5.5,0.6
3.5,5.5,0.65
3.5,5.5,0.7
3.5,5.5,0.75
3.5,5.5,0.8
3.5,5.5,0.85
3.5,5.5,0.9
3.5,5.5,0.95
3.5,5.5,1
3.5,5.5,1.05
3.5,5.5,1.1
3.5,5.5,1.15
3.5,5.5,1.2
3.5,5.5,1.25
3.5,5.5,1.3
3.5,5.5,1.35
3.5,5.5,1.4
3.5,5.5,1.45
3.5,5.5,1.5
3.5,5.5,1.55
3.5,5.5,1.6
3.5,5.5,1.65
3.5,5.5,1.7
3.5,5.5,1.75
3.5,5.5,1.8
3.5,5.5,1.85
3.5,5.5,1.9
3.5,5.5,1.95
3.5,5.5,2
3.5,5.5,2.05
3.5,5.5,2.1
3.5,5.5,2.15
3.5,5.5,2.2
3.5,5.5,2.25
3.5,5.5,2.3
3.5,5.5,2.35
3.5,5.5,2.4
3.5,5.5,2.45
3.5,5.5,2.5
3.5,5.5,2.55
3.5,5.5,2.6
3.5,5.5,2.65
3.5,5.5,2.7
3.5,5.5,2.75
3.5,5.5,2.8
3.5,5.5,2.85
3.5,5.5,2.9
3.5,5.5,2.95
3.5,5.5,3
3.5,5.5,3.05
3.5,5.5,3.1
3.5,5.5,3.15
3.5,5.5,3.2
3.5,5.5,3.25
3.5,5.5,3.3
3.5,5.5,3.35
3.5,5.5,3.4
3.5,5.5,3.45
3.5,5.5,3.5
3.5,5.5,3.55
3.5,5.5,3.6
3.5,5.5,3.65
3.5,5.5,3.7
3.5,5.5,3.75
3.5,5.5,3.8
3.5,5.5,3.85
3.5,5.5,3.9
3.5,5.5,3.95
3.5,5.5,4
3.5,5.5,4.05
3.5,5.5,4.1
3.5,5.5,4.15
3.5,5.5,4.2
3.5,5.5,4.25
3.5,5.5,4.3
3.5,5.5,4.35
3.5,5.5,4.4
3.5,5.5,4.45
3.5,5.5,4.5
3.5,5.5,4.55
3.5,5.5,4.6
3.5,5.5,4.65
3.5,5.5,4.7
3.5,5.5,4.75
3.5,5.5,4.8
3.5,5.5,4.85
3.5,5.5,4.9
3.5,5.5,4.95
3.5,5.5,5
3.5,6,0
3.5,6,0.05
3.5,6,0.1
3.5,6,0.15
3.5,6,0.2
3.5,6,0.25
3.5,6,0.3
3.5,6,0.35
3.5,6,0.4
3.5,6,0.45
3.5,6,0.5
3.5,6,0.55
3.5,6,0.6
3.5,6,0.65
3.5,6,0.7
3.5,6,0.75
3.5,6,0.8
3.5,6,0.85
3.5,6,0.9
3.5,6,0.95
3.5,6,1
3.5,6,1.05
3.5,6,1.1
3.5,6,1.15
3.5,6,1.2
3.5,6,1.25
3.5,6,1.3
3.5,6,1.35
3.5,6,1.4
3.5,6,1.45
3.5,6,1.5
3.5,6,1.55
3.5,6,1.6
3.5,6,1.65
3.5,6,1.7
3.5,6,1.75
3.5,6,1.8
3.5,6,1.85
3.5,6,1.9
3.5,6,1.95
3.5,6,2
3.5,6,2.05
3.5,6,2.1
3.5,6,2.15
3.5,6,2.2
3.5,6,2.25
3.5,6,2.3
3.5,6,2.35
3.5,6,2.4
3.5,6,2.45
3.5,6,2.5
3.5,6,2.55
3.5,6,2.6
3.5,6,2.65
3.5,6,2.7
3.5,6,2.75
3.5,6,2.8
3.5,6,2.85
3.5,6,2.9
3.5,6,2.95
3.5,6,3
3.5,6,3.05
3.5,6,3.1
3.5,6,3.15
3.5,6,3.2
3.5,6,3.25
3.5,6,3.3
3.5,6,3.35
3.5,6,3.4
3.5,6,3.45
3.5,6,3.5
3.5,6,3.55
3.5,6,3.6
3.5,6,3.65
3.5,6,3.7
3.5,6,3.75
3.5,6,3.8
3.5,6,3.85
3.5,6,3.9
3.5,6,3.95
3.5,6,4
3.5,6,4.05
3.5,6,4.1
3.5,6,4.15
3.5,6,4.2
3.5,6,4.25
3.5,6,4.3
3.5,6,4.35
3.5,6,4.4
3.5,6,4.45
3.5,6,4.5
3.5,6,4.55
3.5,6,4.6
3.5,6,4.65
3.5,6,4.7
3.5,6,4.75
3.5,6,4.8
3.5,6,4.85
3.5,6,4.9
3.5,6,4.95
3.5,6,5
3.5,6.5,0
3.5,6.5,0.05
3.5,6.5,0.1
3.5,6.5,0.15
3.5,6.5,0.2
3.5,6.5,0.25
3.5,6.5,0.3
3.5,6.5,0.35
3.5,6.5,0.4
3.5,6.5,0.45
3.5,6.5,0.5
3.5,6.5,0.55
3.5,6.5,0.6
3.5,6.5,0.65
3.5,6.5,0.7
3.5,6.5,0.75
3.5,6.5,0.8
3.5,6.5,0.85
3.5,6.5,0.9
3.5,6.5,0.95
3.5,6.5,1
3.5,6.5,1.05
3.5,6.5,1.1
3.5,6.5,1.15
3.5,6.5,1.2
3.5,6.5,1.25
3.5,6.5,1.3
3.5,6.5,1.35
3.5,6.5,1.4
3.5,6.5,1.45
3.5,6.5,1.5
3.5,6.5,1.55
3.5,6.5,1.6
3.5,6.5,1.65
3.5,6.5,1.7
3.5,6.5,1.75
3.5,6.5,1.8
3.5,6.5,1.85
3.5,6.5,1.9
3.5,6.5,1.95
3.5,6.5,2
3.5,6.5,2.05
3.5,6.5,2.1
3.5,6.5,2.15
3.5,6.5,2.2
3.5,6.5,2.25
3.5,6.5,2.3
3.5,6.5,2.35
3.5,6.5,2.4
3.5,6.5,2.45
3.5,6.5,2.5
3.5,6.5,2.55
3.5,6.5,2.6
3.5,6.5,2.65
3.5,6.5,2.7
3.5,6.5,2.75
3.5,6.5,2.8
3.5,6.5,2.85
3.5,6.5,2.9
3.5,6.5,2.95
3.5,6.5,3
3.5,6.5,3.05
3.5,6.5,3.1
3.5,6.5,3.15
3.5,6.5,3.2
3.5,6.5,3.25
3.5,6.5,3.3
3.5,6.5,3.35
3.5,6.5,3.4
3.5,6.5,3.45
3.5,6.5,3.5
3.5,6.5,3.55
3.5,6.5,3.6
3.5,6.5,3.65
3.5,6.5,3.7
3.5,6.5,3.75
3.5,6.5,3.8
3.5,6.5,3.85
3.5,6.5,3.9
3.5,6.5,3.95
3.5,6.5,4
3.5,6.5,4.05
3.5,6.5,4.1
3.5,6.5,4.15
3.5,6.5,4.2
3.5,6.5,4.25
3.5,6.5,4.3
3.5,6.5,4.35
3.5,6.5,4.4
3.5,6.5,4.45
3.5,6.5,4.5
3.5,6.5,4.55
3.5,6.5,4.6
3.5,6.5,4.65
3.5,6.5,4.7
3.5,6.5,4.75
3.5,6.5,4.8
3.5,6.5,4.85
3.5,6.5,4.9
3.5,6.5,4.95
3.5,6.5,5
3.5,7,0
3.5,7,0.05
3.5,7,0.1
3.5,7,0.15
3.5,7,0.2
3.5,7,0.25
3.5,7,0.3
3.5,7,0.35
3.5,7,0.4
3.5,7,0.45
3.5,7,0.5
3.5,7,0.55
3.5,7,0.6
3.5,7,0.65
3.5,7,0.7
3.5,7,0.75
3.5,7,0.8
3.5,7,0.85
3.5,7,0.9
3.5,7,0.95
3.5,7,1
3.5,7,1.05
3.5,7,1.1
3.5,7,1.15
3.5,7,1.2
3.5,7,1.25
3.5,7,1.3
3.5,7,1.35
3.5,7,1.4
3.5,7,1.45
3.5,7,1.5
3.5,7,1.55
3.5,7,1.6
3.5,7,1.65
3.5,7,1.7
3.5,7,1.75
3.5,7,1.8
3.5,7,1.85
3.5,7,1.9
3.5,7,1.95
3.5,7,2
3.5,7,2.05
3.5,7,2.1
3.5,7,2.15
3.5,7,2.2
3.5,7,2.25
3.5,7,2.3
3.5,7,2.35
3.5,7,2.4
3.5,7,2.45
3.5,7,2.5
3.5,7,2.55
3.5,7,2.6
3.5,7,2.65
3.5,7,2.7
3.5,7,2.75
3.5,7,2.8
3.5,7,2.85
3.5,7,2.9
3.5,7,2.95
3.5,7,3
3.5,7,3.05
3.5,7,3.1
3.5,7,3.15
3.5,7,3.2
3.5,7,3.25
3.5,7,3.3
3.5,7,3.35
3.5,7,3.4
3.5,7,3.45
3.5,7,3.5
3.5,7,3.55
3.5,7,3.6
3.5,7,3.65
3.5,7,3.7
3.5,7,3.75
3.5,7,3.8
3.5,7,3.85
3.5,7,3.9
3.5,7,3.95
3.5,7,4
3.5,7,4.05
3.5,7,4.1
3.5,7,4.15
3.5,7,4.2
3.5,7,4.25
3.5,7,4.3
3.5,7,4.35
3.5,7,4.4
3.5,7,4.45
3.5,7,4.5
3.5,7,4.55
3.5,7,4.6
3.5,7,4.65
3.5,7,4.7
3.5,7,4.75
3.5,7,4.8
3.5,7,4.85
3.5,7,4.9
3.5,7,4.95
3.5,7,5
3.5,7.5,0
3.5,7.5,0.05
3.5,7.5,0.1
3.5,7.5,0.15
3.5,7.5,0.2
3.5,7.5,0.25
3.5,7.5,0.3
3.5,7.5,0.35
3.5,7.5,0.4
3.5,7.5,0.45
3.5,7.5,0.5
3.5,7.5,0.55
3.5,7.5,0.6
3.5,7.5,0.65
3.5,7.5,0.7
3.5,7.5,0.75
3.5,7.5,0.8
3.5,7.5,0.85
3.5,7.5,0.9
3.5,7.5,0.95
3.5,7.5,1
3.5,7.5,1.05
3.5,7.5,1.1
3.5,7.5,1.15
3.5,7.5,1.2
3.5,7.5,1.25
3.5,7.5,1.3
3.5,7.5,1.35
3.5,7.5,1.4
3.5,7.5,1.45
3.5,7.5,1.5
3.5,7.5,1.55
3.5,7.5,1.6
3.5,7.5,1.65
3.5,7.5,1.7
3.5,7.5,1.75
3.5,7.5,1.8
3.5,7.5,1.85
3.5,7.5,1.9
3.5,7.5,1.95
3.5,7.5,2
3.5,7.5,2.05
3.5,7.5,2.1
3.5,7.5,2.15
3.5,7.5,2.2
3.5,7.5,2.25
3.5,7.5,2.3
3.5,7.5,2.35
3.5,7.5,2.4
3.5,7.5,2.45
3.5,7.5,2.5
3.5,7.5,2.55
3.5,7.5,2.6
3.5,7.5,2.65
3.5,7.5,2.7
3.5,7.5,2.75
3.5,7.5,2.8
3.5,7.5,2.85
3.5,7.5,2.9
3.5,7.5,2.95
3.5,7.5,3
3.5,7.5,3.05
3.5,7.5,3.1
3.5,7.5,3.15
3.5,7.5,3.2
3.5,7.5,3.25
3.5,7.5,3.3
3.5,7.5,3.35
3.5,7.5,3.4
3.5,7.5,3.45
3.5,7.5,3.5
3.5,7.5,3.55
3.5,7.5,3.6
3.5,7.5,3.65
3.5,7.5,3.7
3.5,7.5,3.75
3.5,7.5,3.8
3.5,7.5,3.85
3.5,7.5,3.9
3.5,7.5,3.95
3.5,7.5,4
3.5,7.5,4.05
3.5,7.5,4.1
3.5,7.5,4.15
3.5,7.5,4.2
3.5,7.5,4.25
3.5,7.5,4.3
3.5,7.5,4.35
3.5,7.5,4.4
3.5,7.5,4.45
3.5,7.5,4.5
3.5,7.5,4.55
3.5,7.5,4.6
3.5,7.5,4.65
3.5,7.5,4.7
3.5,7.5,4.75
3.5,7.5,4.8
3.5,7.5,4.85
3.5,7.5,4.9
3.5,7.5,4.95
3.5,7.5,5
3.5,8,0
3.5,8,0.05
3.5,8,0.1
3.5,8,0.15
3.5,8,0.2
3.5,8,0.25
3.5,8,0.3
3.5,8,0.35
3.5,8,0.4
3.5,8,0.45
3.5,8,0.5
3.5,8,0.55
3.5,8,0.6
3.5,8,0.65
3.5,8,0.7
3.5,8,0.75
3.5,8,0.8
3.5,8,0.85
3.5,8,0.9
3.5,8,0.95
3.5,8,1
3.5,8,1.05
3.5,8,1.1
3.5,8,1.15
3.5,8,1.2
3.5,8,1.25
3.5,8,1.3
3.5,8,1.35
3.5,8,1.4
3.5,8,1.45
3.5,8,1.5
3.5,8,1.55
3.5,8,1.6
3.5,8,1.65
3.5,8,1.7
3.5,8,1.75
3.5,8,1.8
3.5,8,1.85
3.5,8,1.9
3.5,8,1.95
3.5,8,2
3.5,8,2.05
3.5,8,2.1
3.5,8,2.15
3.5,8,2.2
3.5,8,2.25
3.5,8,2.3
3.5,8,2.35
3.5,8,2.4
3.5,8,2.45
3.5,8,2.5
3.5,8,2.55
3.5,8,2.6
3.5,8,2.65
3.5,8,2.7
3.5,8,2.75
3.5,8,2.8
3.5,8,2.85
3.5,8,2.9
3.5,8,2.95
3.5,8,3
3.5,8,3.05
3.5,8,3.1
3.5,8,3.15
3.5,8,3.2
3.5,8,3.25
3.5,8,3.3
3.5,8,3.35
3.5,8,3.4
3.5,8,3.45
3.5,8,3.5
3.5,8,3.55
3.5,8,3.6
3.5,8,3.65
3.5,8,3.7
3.5,8,3.75
3.5,8,3.8
3.5,8,3.85
3.5,8,3.9
3.5,8,3.95
3.5,8,4
3.5,8,4.05
3.5,8,4.1
3.5,8,4.15
3.5,8,4.2
3.5,8,4.25
3.5,8,4.3
3.5,8,4.35
3.5,8,4.4
3.5,8,4.45
3.5,8,4.5
3.5,8,4.55
3.5,8,4.6
3.5,8,4.65
3.5,8,4.7
3.5,8,4.75
3.5,8,4.8
3.5,8,4.85
3.5,8,4.9
3.5,8,4.95
3.5,8,5
3.5,8.5,0
3.5,8.5,0.05
3.5,8.5,0.1
3.5,8.5,0.15
3.5,8.5,0.2
3.5,8.5,0.25
3.5,8.5,0.3
3.5,8.5,0.35
3.5,8.5,0.4
3.5,8.5,0.45
3.5,8.5,0.5
3.5,8.5,0.55
3.5,8.5,0.6
3.5,8.5,0.65
3.5,8.5,0.7
3.5,8.5,0.75
3.5,8.5,0.8
3.5,8.5,0.85
3.5,8.5,0.9
3.5,8.5,0.95
3.5,8.5,1
3.5,8.5,1.05
3.5,8.5,1.1
3.5,8.5,1.15
3.5,8.5,1.2
3.5,8.5,1.25
3.5,8.5,1.3
3.5,8.5,1.35
3.5,8.5,1.4
3.5,8.5,1.45
3.5,8.5,1.5
3.5,8.5,1.55
3.5,8.5,1.6
3.5,8.5,1.65
3.5,8.5,1.7
3.5,8.5,1.75
3.5,8.5,1.8
3.5,8.5,1.85
3.5,8.5,1.9
3.5,8.5,1.95
3.5,8.5,2
3.5,8.5,2.05
3.5,8.5,2.1
3.5,8.5,2.15
3.5,8.5,2.2
3.5,8.5,2.25
3.5,8.5,2.3
3.5,8.5,2.35
3.5,8.5,2.4
3.5,8.5,2.45
3.5,8.5,2.5
3.5,8.5,2.55
3.5,8.5,2.6
3.5,8.5,2.65
3.5,8.5,2.7
3.5,8.5,2.75
3.5,8.5,2.8
3.5,8.5,2.85
3.5,8.5,2.9
3.5,8.5,2.95
3.5,8.5,3
3.5,8.5,3.05
3.5,8.5,3.1
3.5,8.5,3.15
3.5,8.5,3.2
3.5,8.5,3.25
3.5,8.5,3.3
3.5,8.5,3.35
3.5,8.5,3.4
3.5,8.5,3.45
3.5,8.5,3.5
3.5,8.5,3.55
3.5,8.5,3.6
3.5,8.5,3.65
3.5,8.5,3.7
3.5,8.5,3.75
3.5,8.5,3.8
3.5,8.5,3.85
3.5,8.5,3.9
3.5,8.5,3.95
3.5,8.5,4
3.5,8.5,4.05
3.5,8.5,4.1
3.5,8.5,4.15
3.5,8.5,4.2
3.5,8.5,4.25
3.5,8.5,4.3
3.5,8.5,4.35
3.5,8.5,4.4
3.5,8.5,4.45
3.5,8.5,4.5
3.5,8.5,4.55
3.5,8.5,4.6
3.5,8.5,4.65
3.5,8.5,4.7
3.5,8.5,4.75
3.5,8.5,4.8
3.5,8.5,4.85
3.5,8.5,4.9
3.5,8.5,4.95
3.5,8.5,5
3.5,9,0
3.5,9,0.05
3.5,9,0.1
3.5,9,0.15
3.5,9,0.2
3.5,9,0.25
3.5,9,0.3
3.5,9,0.35
3.5,9,0.4
3.5,9,0.45
3.5,9,0.5
3.5,9,0.55
3.5,9,0.6
3.5,9,0.65
3.5,9,0.7
3.5,9,0.75
3.5,9,0.8
3.5,9,0.85
3.5,9,0.9
3.5,9,0.95
3.5,9,1
3.5,9,1.05
3.5,9,1.1
3.5,9,1.15
3.5,9,1.2
3.5,9,1.25
3.5,9,1.3
3.5,9,1.35
3.5,9,1.4
3.5,9,1.45
3.5,9,1.5
3.5,9,1.55
3.5,9,1.6
3.5,9,1.65
3.5,9,1.7
3.5,9,1.75
3.5,9,1.8
3.5,9,1.85
3.5,9,1.9
3.5,9,1.95
3.5,9,2
3.5,9,2.05
3.5,9,2.1
3.5,9,2.15
3.5,9,2.2
3.5,9,2.25
3.5,9,2.3
3.5,9,2.35
3.5,9,2.4
3.5,9,2.45
3.5,9,2.5
3.5,9,2.55
3.5,9,2.6
3.5,9,2.65
3.5,9,2.7
3.5,9,2.75
3.5,9,2.8
3.5,9,2.85
3.5,9,2.9
3.5,9,2.95
3.5,9,3
3.5,9,3.05
3.5,9,3.1
3.5,9,3.15
3.5,9,3.2
3.5,9,3.25
3.5,9,3.3
3.5,9,3.35
3.5,9,3.4
3.5,9,3.45
3.5,9,3.5
3.5,9,3.55
3.5,9,3.6
3.5,9,3.65
3.5,9,3.7
3.5,9,3.75
3.5,9,3.8
3.5,9,3.85
3.5,9,3.9
3.5,9,3.95
3.5,9,4
3.5,9,4.05
3.5,9,4.1
3.5,9,4.15
3.5,9,4.2
3.5,9,4.25
3.5,9,4.3
3.5,9,4.35
3.5,9,4.4
3.5,9,4.45
3.5,9,4.5
3.5,9,4.55
3.5,9,4.6
3.5,9,4.65
3.5,9,4.7
3.5,9,4.75
3.5,9,4.8
3.5,9,4.85
3.5,9,4.9
3.5,9,4.95
3.5,9,5
3.5,9.5,0
3.5,9.5,0.05
3.5,9.5,0.1
3.5,9.5,0.15
3.5,9.5,0.2
3.5,9.5,0.25
3.5,9.5,0.3
3.5,9.5,0.35
3.5,9.5,0.4
3.5,9.5,0.45
3.5,9.5,0.5
3.5,9.5,0.55
3.5,9.5,0.6
3.5,9.5,0.65
3.5,9.5,0.7
3.5,9.5,0.75
3.5,9.5,0.8
3.5,9.5,0.85
3.5,9.5,0.9
3.5,9.5,0.95
3.5,9.5,1
3.5,9.5,1.05
3.5,9.5,1.1
3.5,9.5,1.15
3.5,9.5,1.2
3.5,9.5,1.25
3.5,9.5,1.3
3.5,9.5,1.35
3.5,9.5,1.4
3.5,9.5,1.45
3.5,9.5,1.5
3.5,9.5,1.55
3.5,9.5,1.6
3.5,9.5,1.65
3.5,9.5,1.7
3.5,9.5,1.75
3.5,9.5,1.8
3.5,9.5,1.85
3.5,9.5,1.9
3.5,9.5,1.95
3.5,9.5,2
3.5,9.5,2.05
3.5,9.5,2.1
3.5,9.5,2.15
3.5,9.5,2.2
3.5,9.5,2.25
3.5,9.5,2.3
3.5,9.5,2.35
3.5,9.5,2.4
3.5,9.5,2.45
3.5,9.5,2.5
3.5,9.5,2.55
3.5,9.5,2.6
3.5,9.5,2.65
3.5,9.5,2.7
3.5,9.5,2.75
3.5,9.5,2.8
3.5,9.5,2.85
3.5,9.5,2.9
3.5,9.5,2.95
3.5,9.5,3
3.5,9.5,3.05
3.5,9.5,3.1
3.5,9.5,3.15
3.5,9.5,3.2
3.5,9.5,3.25
3.5,9.5,3.3
3.5,9.5,3.35
3.5,9.5,3.4
3.5,9.5,3.45
3.5,9.5,3.5
3.5,9.5,3.55
3.5,9.5,3.6
3.5,9.5,3.65
3.5,9.5,3.7
3.5,9.5,3.75
3.5,9.5,3.8
3.5,9.5,3.85
3.5,9.5,3.9
3.5,9.5,3.95
3.5,9.5,4
3.5,9.5,4.05
3.5,9.5,4.1
3.5,9.5,4.15
3.5,9.5,4.2
3.5,9.5,4.25
3.5,9.5,4.3
3.5,9.5,4.35
3.5,9.5,4.4
3.5,9.5,4.45
3.5,9.5,4.5
3.5,9.5,4.55
3.5,9.5,4.6
3.5,9.5,4.65
3.5,9.5,4.7
3.5,9.5,4.75
3.5,9.5,4.8
3.5,9.5,4.85
3.5,9.5,4.9
3.5,9.5,4.95
3.5,9.5,5
3.5,10,0
3.5,10,0.05
3.5,10,0.1
3.5,10,0.15
3.5,10,0.2
3.5,10,0.25
3.5,10,0.3
3.5,10,0.35
3.5,10,0.4
3.5,10,0.45
3.5,10,0.5
3.5,10,0.55
3.5,10,0.6
3.5,10,0.65
3.5,10,0.7
3.5,10,0.75
3.5,10,0.8
3.5,10,0.85
3.5,10,0.9
3.5,10,0.95
3.5,10,1
3.5,10,1.05
3.5,10,1.1
3.5,10,1.15
3.5,10,1.2
3.5,10,1.25
3.5,10,1.3
3.5,10,1.35
3.5,10,1.4
3.5,10,1.45
3.5,10,1.5
3.5,10,1.55
3.5,10,1.6
3.5,10,1.65
3.5,10,1.7
3.5,10,1.75
3.5,10,1.8
3.5,10,1.85
3.5,10,1.9
3.5,10,1.95
3.5,10,2
3.5,10,2.05
3.5,10,2.1
3.5,10,2.15
3.5,10,2.2
3.5,10,2.25
3.5,10,2.3
3.5,10,2.35
3.5,10,2.4
3.5,10,2.45
3.5,10,2.5
3.5,10,2.55
3.5,10,2.6
3.5,10,2.65
3.5,10,2.7
3.5,10,2.75
3.5,10,2.8
3.5,10,2.85
3.5,10,2.9
3.5,10,2.95
3.5,10,3
3.5,10,3.05
3.5,10,3.1
3.5,10,3.15
3.5,10,3.2
3.5,10,3.25
3.5,10,3.3
3.5,10,3.35
3.5,10,3.4
3.5,10,3.45
3.5,10,3.5
3.5,10,3.55
3.5,10,3.6
3.5,10,3.65
3.5,10,3.7
3.5,10,3.75
3.5,10,3.8
3.5,10,3.85
3.5,10,3.9
3.5,10,3.95
3.5,10,4
3.5,10,4.05
3.5,10,4.1
3.5,10,4.15
3.5,10,4.2
3.5,10,4.25
3.5,10,4.3
3.5,10,4.35
3.5,10,4.4
3.5,10,4.45
3.5,10,4.5
3.5,10,4.55
3.5,10,4.6
3.5,10,4.65
3.5,10,4.7
3.5,10,4.75
3.5,10,4.8
3.5,10,4.85
3.5,10,4.9
3.5,10,4.95
3.5,10,5
4,0,0
4,0,0.05
4,0,0.1
4,0,0.15
4,0,0.2
4,0,0.25
4,0,0.3
4,0,0.35
4,0,0.4
4,0,0.45
4,0,0.5
4,0,0.55
4,0,0.6
4,0,0.65
4,0,0.7
4,0,0.75
4,0,0.8
4,0,0.85
4,0,0.9
4,0,0.95
4,0,1
4,0,1.05
4,0,1.1
4,0,1.15
4,0,1.2
4,0,1.25
4,0,1.3
4,0,1.35
4,0,1.4
4,0,1.45
4,0,1.5
4,0,1.55
4,0,1.6
4,0,1.65
4,0,1.7
4,0,1.75
4,0,1.8
4,0,1.85
4,0,1.9
4,0,1.95
4,0,2
4,0,2.05
4,0,2.1
4,0,2.15
4,0,2.2
4,0,2.25
4,0,2.3
4,0,2.35
4,0,2.4
4,0,2.45
4,0,2.5
4,0,2.55
4,0,2.6
4,0,2.65
4,0,2.7
4,0,2.75
4,0,2.8
4,0,2.85
4,0,2.9
4,0,2.95
4,0,3
4,0,3.05
4,0,3.1
4,0,3.15
4,0,3.2
4,0,3.25
4,0,3.3
4,0,3.35
4,0,3.4
4,0,3.45
4,0,3.5
4,0,3.55
4,0,3.6
4,0,3.65
4,0,3.7
4,0,3.75
4,0,3.8
4,0,3.85
4,0,3.9
4,0,3.95
4,0,4
4,0,4.05
4,0,4.1
4,0,4.15
4,0,4.2
4,0,4.25
4,0,4.3
4,0,4.35
4,0,4.4
4,0,4.45
4,0,4.5
4,0,4.55
4,0,4.6
4,0,4.65
4,0,4.7
4,0,4.75
4,0,4.8
4,0,4.85
4,0,4.9
4,0,4.95
4,0,5
4,0.5,0
4,0.5,0.05
4,0.5,0.1
4,0.5,0.15
4,0.5,0.2
4,0.5,0.25
4,0.5,0.3
4,0.5,0.35
4,0.5,0.4
4,0.5,0.45
4,0.5,0.5
4,0.5,0.55
4,0.5,0.6
4,0.5,0.65
4,0.5,0.7
4,0.5,0.75
4,0.5,0.8
4,0.5,0.85
4,0.5,0.9
4,0.5,0.95
4,0.5,1
4,0.5,1.05
4,0.5,1.1
4,0.5,1.15
4,0.5,1.2
4,0.5,1.25
4,0.5,1.3
4,0.5,1.35
4,0.5,1.4
4,0.5,1.45
4,0.5,1.5
4,0.5,1.55
4,0.5,1.6
4,0.5,1.65
4,0.5,1.7
4,0.5,1.75
4,0.5,1.8
4,0.5,1.85
4,0.5,1.9
4,0.5,1.95
4,0.5,2
4,0.5,2.05
4,0.5,2.1
4,0.5,2.15
4,0.5,2.2
4,0.5,2.25
4,0.5,2.3
4,0.5,2.35
4,0.5,2.4
4,0.5,2.45
4,0.5,2.5
4,0.5,2.55
4,0.5,2.6
4,0.5,2.65
4,0.5,2.7
4,0.5,2.75
4,0.5,2.8
4,0.5,2.85
4,0.5,2.9
4,0.5,2.95
4,0.5,3
4,0.5,3.05
4,0.5,3.1
4,0.5,3.15
4,0.5,3.2
4,0.5,3.25
4,0.5,3.3
4,0.5,3.35
4,0.5,3.4
4,0.5,3.45
4,0.5,3.5
4,0.5,3.55
4,0.5,3.6
4,0.5,3.65
4,0.5,3.7
4,0.5,3.75
4,0.5,3.8
4,0.5,3.85
4,0.5,3.9
4,0.5,3.95
4,0.5,4
4,0.5,4.05
4,0.5,4.1
4,0.5,4.15
4,0.5,4.2
4,0.5,4.25
4,0.5,4.3
4,0.5,4.35
4,0.5,4.4
4,0.5,4.45
4,0.5,4.5
4,0.5,4.55
4,0.5,4.6
4,0.5,4.65
4,0.5,4.7
4,0.5,4.75
4,0.5,4.8
4,0.5,4.85
4,0.5,4.9
4,0.5,4.95
4,0.5,5
4,1,0
4,1,0.05
4,1,0.1
4,1,0.15
4,1,0.2
4,1,0.25
4,1,0.3
4,1,0.35
4,1,0.4
4,1,0.45
4,1,0.5
4,1,0.55
4,1,0.6
4,1,0.65
4,1,0.7
4,1,0.75
4,1,0.8
4,1,0.85
4,1,0.9
4,1,0.95
4,1,1
4,1,1.05
4,1,1.1
4,1,1.15
4,1,1.2
4,1,1.25
4,1,1.3
4,1,1.35
4,1,1.4
4,1,1.45
4,1,1.5
4,1,1.55
4,1,1.6
4,1,1.65
4,1,1.7
4,1,1.75
4,1,1.8
4,1,1.85
4,1,1.9
4,1,1.95
4,1,2
4,1,2.05
4,1,2.1
4,1,2.15
4,1,2.2
4,1,2.25
4,1,2.3
4,1,2.35
4,1,2.4
4,1,2.45
4,1,2.5
4,1,2.55
4,1,2.6
4,1,2.65
4,1,2.7
4,1,2.75
4,1,2.8
4,1,2.85
4,1,2.9
4,1,2.95
4,1,3
4,1,3.05
4,1,3.1
4,1,3.15
4,1,3.2
4,1,3.25
4,1,3.3
4,1,3.35
4,1,3.4
4,1,3.45
4,1,3.5
4,1,3.55
4,1,3.6
4,1,3.65
4,1,3.7
4,1,3.75
4,1,3.8
4,1,3.85
4,1,3.9
4,1,3.95
4,1,4
4,1,4.05
4,1,4.1
4,1,4.15
4,1,4.2
4,1,4.25
4,1,4.3
4,1,4.35
4,1,4.4
4,1,4.45
4,1,4.5
4,1,4.55
4,1,4.6
4,1,4.65
4,1,4.7
4,1,4.75
4,1,4.8
4,1,4.85
4,1,4.9
4,1,4.95
4,1,5
4,1.5,0
4,1.5,0.05
4,1.5,0.1
4,1.5,0.15
4,1.5,0.2
4,1.5,0.25
4,1.5,0.3
4,1.5,0.35
4,1.5,0.4
4,1.5,0.45
4,1.5,0.5
4,1.5,0.55
4,1.5,0.6
4,1.5,0.65
4,1.5,0.7
4,1.5,0.75
4,1.5,0.8
4,1.5,0.85
4,1.5,0.9
4,1.5,0.95
4,1.5,1
4,1.5,1.05
4,1.5,1.1
4,1.5,1.15
4,1.5,1.2
4,1.5,1.25
4,1.5,1.3
4,1.5,1.35
4,1.5,1.4
4,1.5,1.45
4,1.5,1.5
4,1.5,1.55
4,1.5,1.6
4,1.5,1.65
4,1.5,1.7
4,1.5,1.75
4,1.5,1.8
4,1.5,1.85
4,1.5,1.9
4,1.5,1.95
4,1.5,2
4,1.5,2.05
4,1.5,2.1
4,1.5,2.15
4,1.5,2.2
4,1.5,2.25
4,1.5,2.3
4,1.5,2.35
4,1.5,2.4
4,1.5,2.45
4,1.5,2.5
4,1.5,2.55
4,1.5,2.6
4,1.5,2.65
4,1.5,2.7
4,1.5,2.75
4,1.5,2.8
4,1.5,2.85
4,1.5,2.9
4,1.5,2.95
4,1.5,3
4,1.5,3.05
4,1.5,3.1
4,1.5,3.15
4,1.5,3.2
4,1.5,3.25
4,1.5,3.3
4,1.5,3.35
4,1.5,3.4
4,1.5,3.45
4,1.5,3.5
4,1.5,3.55
4,1.5,3.6
4,1.5,3.65
4,1.5,3.7
4,1.5,3.75
4,1.5,3.8
4,1.5,3.85
4,1.5,3.9
4,1.5,3.95
4,1.5,4
4,1.5,4.05
4,1.5,4.1
4,1.5,4.15
4,1.5,4.2
4,1.5,4.25
4,1.5,4.3
4,1.5,4.35
4,1.5,4.4
4,1.5,4.45
4,1.5,4.5
4,1.5,4.55
4,1.5,4.6
4,1.5,4.65
4,1.5,4.7
4,1.5,4.75
4,1.5,4.8
4,1.5,4.85
4,1.5,4.9
4,1.5,4.95
4,1.5,5
4,2,0
4,2,0.05
4,2,0.1
4,2,0.15
4,2,0.2
4,2,0.25
4,2,0.3
4,2,0.35
4,2,0.4
4,2,0.45
4,2,0.5
4,2,0.55
4,2,0.6
4,2,0.65
4,2,0.7
4,2,0.75
4,2,0.8
4,2,0.85
4,2,0.9
4,2,0.95
4,2,1
4,2,1.05
4,2,1.1
4,2,1.15
4,2,1.2
4,2,1.25
4,2,1.3
4,2,1.35
4,2,1.4
4,2,1.45
4,2,1.5
4,2,1.55
4,2,1.6
4,2,1.65
4,2,1.7
4,2,1.75
4,2,1.8
4,2,1.85
4,2,1.9
4,2,1.95
4,2,2
4,2,2.05
4,2,2.1
4,2,2.15
4,2,2.2
4,2,2.25
4,2,2.3
4,2,2.35
4,2,2.4
4,2,2.45
4,2,2.5
4,2,2.55
4,2,2.6
4,2,2.65
4,2,2.7
4,2,2.75
4,2,2.8
4,2,2.85
4,2,2.9
4,2,2.95
4,2,3
4,2,3.05
4,2,3.1
4,2,3.15
4,2,3.2
4,2,3.25
4,2,3.3
4,2,3.35
4,2,3.4
4,2,3.45
4,2,3.5
4,2,3.55
4,2,3.6
4,2,3.65
4,2,3.7
4,2,3.75
4,2,3.8
4,2,3.85
4,2,3.9
4,2,3.95
4,2,4
4,2,4.05
4,2,4.1
4,2,4.15
4,2,4.2
4,2,4.25
4,2,4.3
4,2,4.35
4,2,4.4
4,2,4.45
4,2,4.5
4,2,4.55
4,2,4.6
4,2,4.65
4,2,4.7
4,2,4.75
4,2,4.8
4,2,4.85
4,2,4.9
4,2,4.95
4,2,5
4,2.5,0
4,2.5,0.05
4,2.5,0.1
4,2.5,0.15
4,2.5,0.2
4,2.5,0.25
4,2.5,0.3
4,2.5,0.35
4,2.5,0.4
4,2.5,0.45
4,2.5,0.5
4,2.5,0.55
4,2.5,0.6
4,2.5,0.65
4,2.5,0.7
4,2.5,0.75
4,2.5,0.8
4,2.5,0.85
4,2.5,0.9
4,2.5,0.95
4,2.5,1
4,2.5,1.05
4,2.5,1.1
4,2.5,1.15
4,2.5,1.2
4,2.5,1.25
4,2.5,1.3
4,2.5,1.35
4,2.5,1.4
4,2.5,1.45
4,2.5,1.5
4,2.5,1.55
4,2.5,1.6
4,2.5,1.65
4,2.5,1.7
4,2.5,1.75
4,2.5,1.8
4,2.5,1.85
4,2.5,1.9
4,2.5,1.95
4,2.5,2
4,2.5,2.05
4,2.5,2.1
4,2.5,2.15
4,2.5,2.2
4,2.5,2.25
4,2.5,2.3
4,2.5,2.35
4,2.5,2.4
4,2.5,2.45
4,2.5,2.5
4,2.5,2.55
4,2.5,2.6
4,2.5,2.65
4,2.5,2.7
4,2.5,2.75
4,2.5,2.8
4,2.5,2.85
4,2.5,2.9
4,2.5,2.95
4,2.5,3
4,2.5,3.05
4,2.5,3.1
4,2.5,3.15
4,2.5,3.2
4,2.5,3.25
4,2.5,3.3
4,2.5,3.35
4,2.5,3.4
4,2.5,3.45
4,2.5,3.5
4,2.5,3.55
4,2.5,3.6
4,2.5,3.65
4,2.5,3.7
4,2.5,3.75
4,2.5,3.8
4,2.5,3.85
4,2.5,3.9
4,2.5,3.95
4,2.5,4
4,2.5,4.05
4,2.5,4.1
4,2.5,4.15
4,2.5,4.2
4,2.5,4.25
4,2.5,4.3
4,2.5,4.35
4,2.5,4.4
4,2.5,4.45
4,2.5,4.5
4,2.5,4.55
4,2.5,4.6
4,2.5,4.65
4,2.5,4.7
4,2.5,4.75
4,2.5,4.8
4,2.5,4.85
4,2.5,4.9
4,2.5,4.95
4,2.5,5
4,3,0
4,3,0.05
4,3,0.1
4,3,0.15
4,3,0.2
4,3,0.25
4,3,0.3
4,3,0.35
4,3,0.4
4,3,0.45
4,3,0.5
4,3,0.55
4,3,0.6
4,3,0.65
4,3,0.7
4,3,0.75
4,3,0.8
4,3,0.85
4,3,0.9
4,3,0.95
4,3,1
4,3,1.05
4,3,1.1
4,3,1.15
4,3,1.2
4,3,1.25
4,3,1.3
4,3,1.35
4,3,1.4
4,3,1.45
4,3,1.5
4,3,1.55
4,3,1.6
4,3,1.65
4,3,1.7
4,3,1.75
4,3,1.8
4,3,1.85
4,3,1.9
4,3,1.95
4,3,2
4,3,2.05
4,3,2.1
4,3,2.15
4,3,2.2
4,3,2.25
4,3,2.3
4,3,2.35
4,3,2.4
4,3,2.45
4,3,2.5
4,3,2.55
4,3,2.6
4,3,2.65
4,3,2.7
4,3,2.75
4,3,2.8
4,3,2.85
4,3,2.9
4,3,2.95
4,3,3
4,3,3.05
4,3,3.1
4,3,3.15
4,3,3.2
4,3,3.25
4,3,3.3
4,3,3.35
4,3,3.4
4,3,3.45
4,3,3.5
4,3,3.55
4,3,3.6
4,3,3.65
4,3,3.7
4,3,3.75
4,3,3.8
4,3,3.85
4,3,3.9
4,3,3.95
4,3,4
4,3,4.05
4,3,4.1
4,3,4.15
4,3,4.2
4,3,4.25
4,3,4.3
4,3,4.35
4,3,4.4
4,3,4.45
4,3,4.5
4,3,4.55
4,3,4.6
4,3,4.65
4,3,4.7
4,3,4.75
4,3,4.8
4,3,4.85
4,3,4.9
4,3,4.95
4,3,5
4,3.5,0
4,3.5,0.05
4,3.5,0.1
4,3.5,0.15
4,3.5,0.2
4,3.5,0.25
4,3.5,0.3
4,3.5,0.35
4,3.5,0.4
4,3.5,0.45
4,3.5,0.5
4,3.5,0.55
4,3.5,0.6
4,3.5,0.65
4,3.5,0.7
4,3.5,0.75
4,3.5,0.8
4,3.5,0.85
4,3.5,0.9
4,3.5,0.95
4,3.5,1
4,3.5,1.05
4,3.5,1.1
4,3.5,1.15
4,3.5,1.2
4,3.5,1.25
4,3.5,1.3
4,3.5,1.35
4,3.5,1.4
4,3.5,1.45
4,3.5,1.5
4,3.5,1.55
4,3.5,1.6
4,3.5,1.65
4,3.5,1.7
4,3.5,1.75
4,3.5,1.8
4,3.5,1.85
4,3.5,1.9
4,3.5,1.95
4,3.5,2
4,3.5,2.05
4,3.5,2.1
4,3.5,2.15
4,3.5,2.2
4,3.5,2.25
4,3.5,2.3
4,3.5,2.35
4,3.5,2.4
4,3.5,2.45
4,3.5,2.5
4,3.5,2.55
4,3.5,2.6
4,3.5,2.65
4,3.5,2.7
4,3.5,2.75
4,3.5,2.8
4,3.5,2.85
4,3.5,2.9
4,3.5,2.95
4,3.5,3
4,3.5,3.05
4,3.5,3.1
4,3.5,3.15
4,3.5,3.2
4,3.5,3.25
4,3.5,3.3
4,3.5,3.35
4,3.5,3.4
4,3.5,3.45
4,3.5,3.5
4,3.5,3.55
4,3.5,3.6
4,3.5,3.65
4,3.5,3.7
4,3.5,3.75
4,3.5,3.8
4,3.5,3.85
4,3.5,3.9
4,3.5,3.95
4,3.5,4
4,3.5,4.05
4,3.5,4.1
4,3.5,4.15
4,3.5,4.2
4,3.5,4.25
4,3.5,4.3
4,3.5,4.35
4,3.5,4.4
4,3.5,4.45
4,3.5,4.5
4,3.5,4.55
4,3.5,4.6
4,3.5,4.65
4,3.5,4.7
4,3.5,4.75
4,3.5,4.8
4,3.5,4.85
4,3.5,4.9
4,3.5,4.95
4,3.5,5
4,4,0
4,4,0.05
4,4,0.1
4,4,0.15
4,4,0.2
4,4,0.25
4,4,0.3
4,4,0.35
4,4,0.4
4,4,0.45
4,4,0.5
4,4,0.55
4,4,0.6
4,4,0.65
4,4,0.7
4,4,0.75
4,4,0.8
4,4,0.85
4,4,0.9
4,4,0.95
4,4,1
4,4,1.05
4,4,1.1
4,4,1.15
4,4,1.2
4,4,1.25
4,4,1.3
4,4,1.35
4,4,1.4
4,4,1.45
4,4,1.5
4,4,1.55
4,4,1.6
4,4,1.65
4,4,1.7
4,4,1.75
4,4,1.8
4,4,1.85
4,4,1.9
4,4,1.95
4,4,2
4,4,2.05
4,4,2.1
4,4,2.15
4,4,2.2
4,4,2.25
4,4,2.3
4,4,2.35
4,4,2.4
4,4,2.45
4,4,2.5
4,4,2.55
4,4,2.6
4,4,2.65
4,4,2.7
4,4,2.75
4,4,2.8
4,4,2.85
4,4,2.9
4,4,2.95
4,4,3
4,4,3.05
4,4,3.1
4,4,3.15
4,4,3.2
4,4,3.25
4,4,3.3
4,4,3.35
4,4,3.4
4,4,3.45
4,4,3.5
4,4,3.55
4,4,3.6
4,4,3.65
4,4,3.7
4,4,3.75
4,4,3.8
4,4,3.85
4,4,3.9
4,4,3.95
4,4,4
4,4,4.05
4,4,4.1
4,4,4.15
4,4,4.2
4,4,4.25
4,4,4.3
4,4,4.35
4,4,4.4
4,4,4.45
4,4,4.5
4,4,4.55
4,4,4.6
4,4,4.65
4,4,4.7
4,4,4.75
4,4,4.8
4,4,4.85
4,4,4.9
4,4,4.95
4,4,5
4,4.5,0
4,4.5,0.05
4,4.5,0.1
4,4.5,0.15
4,4.5,0.2
4,4.5,0.25
4,4.5,0.3
4,4.5,0.35
4,4.5,0.4
4,4.5,0.45
4,4.5,0.5
4,4.5,0.55
4,4.5,0.6
4,4.5,0.65
4,4.5,0.7
4,4.5,0.75
4,4.5,0.8
4,4.5,0.85
4,4.5,0.9
4,4.5,0.95
4,4.5,1
4,4.5,1.05
4,4.5,1.1
4,4.5,1.15
4,4.5,1.2
4,4.5,1.25
4,4.5,1.3
4,4.5,1.35
4,4.5,1.4
4,4.5,1.45
4,4.5,1.5
4,4.5,1.55
4,4.5,1.6
4,4.5,1.65
4,4.5,1.7
4,4.5,1.75
4,4.5,1.8
4,4.5,1.85
4,4.5,1.9
4,4.5,1.95
4,4.5,2
4,4.5,2.05
4,4.5,2.1
4,4.5,2.15
4,4.5,2.2
4,4.5,2.25
4,4.5,2.3
4,4.5,2.35
4,4.5,2.4
4,4.5,2.45
4,4.5,2.5
4,4.5,2.55
4,4.5,2.6
4,4.5,2.65
4,4.5,2.7
4,4.5,2.75
4,4.5,2.8
4,4.5,2.85
4,4.5,2.9
4,4.5,2.95
4,4.5,3
4,4.5,3.05
4,4.5,3.1
4,4.5,3.15
4,4.5,3.2
4,4.5,3.25
4,4.5,3.3
4,4.5,3.35
4,4.5,3.4
4,4.5,3.45
4,4.5,3.5
4,4.5,3.55
4,4.5,3.6
4,4.5,3.65
4,4.5,3.7
4,4.5,3.75
4,4.5,3.8
4,4.5,3.85
4,4.5,3.9
4,4.5,3.95
4,4.5,4
4,4.5,4.05
4,4.5,4.1
4,4.5,4.15
4,4.5,4.2
4,4.5,4.25
4,4.5,4.3
4,4.5,4.35
4,4.5,4.4
4,4.5,4.45
4,4.5,4.5
4,4.5,4.55
4,4.5,4.6
4,4.5,4.65
4,4.5,4.7
4,4.5,4.75
4,4.5,4.8
4,4.5,4.85
4,4.5,4.9
4,4.5,4.95
4,4.5,5
4,5,0
4,5,0.05
4,5,0.1
4,5,0.15
4,5,0.2
4,5,0.25
4,5,0.3
4,5,0.35
4,5,0.4
4,5,0.45
4,5,0.5
4,5,0.55
4,5,0.6
4,5,0.65
4,5,0.7
4,5,0.75
4,5,0.8
4,5,0.85
4,5,0.9
4,5,0.95
4,5,1
4,5,1.05
4,5,1.1
4,5,1.15
4,5,1.2
4,5,1.25
4,5,1.3
4,5,1.35
4,5,1.4
4,5,1.45
4,5,1.5
4,5,1.55
4,5,1.6
4,5,1.65
4,5,1.7
4,5,1.75
4,5,1.8
4,5,1.85
4,5,1.9
4,5,1.95
4,5,2
4,5,2.05
4,5,2.1
4,5,2.15
4,5,2.2
4,5,2.25
4,5,2.3
4,5,2.35
4,5,2.4
4,5,2.45
4,5,2.5
4,5,2.55
4,5,2.6
4,5,2.65
4,5,2.7
4,5,2.75
4,5,2.8
4,5,2.85
4,5,2.9
4,5,2.95
4,5,3
4,5,3.05
4,5,3.1
4,5,3.15
4,5,3.2
4,5,3.25
4,5,3.3
4,5,3.35
4,5,3.4
4,5,3.45
4,5,3.5
4,5,3.55
4,5,3.6
4,5,3.65
4,5,3.7
4,5,3.75
4,5,3.8
4,5,3.85
4,5,3.9
4,5,3.95
4,5,4
4,5,4.05
4,5,4.1
4,5,4.15
4,5,4.2
4,5,4.25
4,5,4.3
4,5,4.35
4,5,4.4
4,5,4.45
4,5,4.5
4,5,4.55
4,5,4.6
4,5,4.65
4,5,4.7
4,5,4.75
4,5,4.8
4,5,4.85
4,5,4.9
4,5,4.95
4,5,5
4,5.5,0
4,5.5,0.05
4,5.5,0.1
4,5.5,0.15
4,5.5,0.2
4,5.5,0.25
4,5.5,0.3
4,5.5,0.35
4,5.5,0.4
4,5.5,0.45
4,5.5,0.5
4,5.5,0.55
4,5.5,0.6
4,5.5,0.65
4,5.5,0.7
4,5.5,0.75
4,5.5,0.8
4,5.5,0.85
4,5.5,0.9
4,5.5,0.95
4,5.5,1
4,5.5,1.05
4,5.5,1.1
4,5.5,1.15
4,5.5,1.2
4,5.5,1.25
4,5.5,1.3
4,5.5,1.35
4,5.5,1.4
4,5.5,1.45
4,5.5,1.5
4,5.5,1.55
4,5.5,1.6
4,5.5,1.65
4,5.5,1.7
4,5.5,1.75
4,5.5,1.8
4,5.5,1.85
4,5.5,1.9
4,5.5,1.95
4,5.5,2
4,5.5,2.05
4,5.5,2.1
4,5.5,2.15
4,5.5,2.2
4,5.5,2.25
4,5.5,2.3
4,5.5,2.35
4,5.5,2.4
4,5.5,2.45
4,5.5,2.5
4,5.5,2.55
4,5.5,2.6
4,5.5,2.65
4,5.5,2.7
4,5.5,2.75
4,5.5,2.8
4,5.5,2.85
4,5.5,2.9
4,5.5,2.95
4,5.5,3
4,5.5,3.05
4,5.5,3.1
4,5.5,3.15
4,5.5,3.2
4,5.5,3.25
4,5.5,3.3
4,5.5,3.35
4,5.5,3.4
4,5.5,3.45
4,5.5,3.5
4,5.5,3.55
4,5.5,3.6
4,5.5,3.65
4,5.5,3.7
4,5.5,3.75
4,5.5,3.8
4,5.5,3.85
4,5.5,3.9
4,5.5,3.95
4,5.5,4
4,5.5,4.05
4,5.5,4.1
4,5.5,4.15
4,5.5,4.2
4,5.5,4.25
4,5.5,4.3
4,5.5,4.35
4,5.5,4.4
4,5.5,4.45
4,5.5,4.5
4,5.5,4.55
4,5.5,4.6
4,5.5,4.65
4,5.5,4.7
4,5.5,4.75
4,5.5,4.8
4,5.5,4.85
4,5.5,4.9
4,5.5,4.95
4,5.5,5
4,6,0
4,6,0.05
4,6,0.1
4,6,0.15
4,6,0.2
4,6,0.25
4,6,0.3
4,6,0.35
4,6,0.4
4,6,0.45
4,6,0.5
4,6,0.55
4,6,0.6
4,6,0.65
4,6,0.7
4,6,0.75
4,6,0.8
4,6,0.85
4,6,0.9
4,6,0.95
4,6,1
4,6,1.05
4,6,1.1
4,6,1.15
4,6,1.2
4,6,1.25
4,6,1.3
4,6,1.35
4,6,1.4
4,6,1.45
4,6,1.5
4,6,1.55
4,6,1.6
4,6,1.65
4,6,1.7
4,6,1.75
4,6,1.8
4,6,1.85
4,6,1.9
4,6,1.95
4,6,2
4,6,2.05
4,6,2.1
4,6,2.15
4,6,2.2
4,6,2.25
4,6,2.3
4,6,2.35
4,6,2.4
4,6,2.45
4,6,2.5
4,6,2.55
4,6,2.6
4,6,2.65
4,6,2.7
4,6,2.75
4,6,2.8
4,6,2.85
4,6,2.9
4,6,2.95
4,6,3
4,6,3.05
4,6,3.1
4,6,3.15
4,6,3.2
4,6,3.25
4,6,3.3
4,6,3.35
4,6,3.4
4,6,3.45
4,6,3.5
4,6,3.55
4,6,3.6
4,6,3.65
4,6,3.7
4,6,3.75
4,6,3.8
4,6,3.85
4,6,3.9
4,6,3.95
4,6,4
4,6,4.05
4,6,4.1
4,6,4.15
4,6,4.2
4,6,4.25
4,6,4.3
4,6,4.35
4,6,4.4
4,6,4.45
4,6,4.5
4,6,4.55
4,6,4.6
4,6,4.65
4,6,4.7
4,6,4.75
4,6,4.8
4,6,4.85
4,6,4.9
4,6,4.95
4,6,5
4,6.5,0
4,6.5,0.05
4,6.5,0.1
4,6.5,0.15
4,6.5,0.2
4,6.5,0.25
4,6.5,0.3
4,6.5,0.35
4,6.5,0.4
4,6.5,0.45
4,6.5,0.5
4,6.5,0.55
4,6.5,0.6
4,6.5,0.65
4,6.5,0.7
4,6.5,0.75
4,6.5,0.8
4,6.5,0.85
4,6.5,0.9
4,6.5,0.95
4,6.5,1
4,6.5,1.05
4,6.5,1.1
4,6.5,1.15
4,6.5,1.2
4,6.5,1.25
4,6.5,1.3
4,6.5,1.35
4,6.5,1.4
4,6.5,1.45
4,6.5,1.5
4,6.5,1.55
4,6.5,1.6
4,6.5,1.65
4,6.5,1.7
4,6.5,1.75
4,6.5,1.8
4,6.5,1.85
4,6.5,1.9
4,6.5,1.95
4,6.5,2
4,6.5,2.05
4,6.5,2.1
4,6.5,2.15
4,6.5,2.2
4,6.5,2.25
4,6.5,2.3
4,6.5,2.35
4,6.5,2.4
4,6.5,2.45
4,6.5,2.5
4,6.5,2.55
4,6.5,2.6
4,6.5,2.65
4,6.5,2.7
4,6.5,2.75
4,6.5,2.8
4,6.5,2.85
4,6.5,2.9
4,6.5,2.95
4,6.5,3
4,6.5,3.05
4,6.5,3.1
4,6.5,3.15
4,6.5,3.2
4,6.5,3.25
4,6.5,3.3
4,6.5,3.35
4,6.5,3.4
4,6.5,3.45
4,6.5,3.5
4,6.5,3.55
4,6.5,3.6
4,6.5,3.65
4,6.5,3.7
4,6.5,3.75
4,6.5,3.8
4,6.5,3.85
4,6.5,3.9
4,6.5,3.95
4,6.5,4
4,6.5,4.05
4,6.5,4.1
4,6.5,4.15
4,6.5,4.2
4,6.5,4.25
4,6.5,4.3
4,6.5,4.35
4,6.5,4.4
4,6.5,4.45
4,6.5,4.5
4,6.5,4.55
4,6.5,4.6
4,6.5,4.65
4,6.5,4.7
4,6.5,4.75
4,6.5,4.8
4,6.5,4.85
4,6.5,4.9
4,6.5,4.95
4,6.5,5
4,7,0
4,7,0.05
4,7,0.1
4,7,0.15
4,7,0.2
4,7,0.25
4,7,0.3
4,7,0.35
4,7,0.4
4,7,0.45
4,7,0.5
4,7,0.55
4,7,0.6
4,7,0.65
4,7,0.7
4,7,0.75
4,7,0.8
4,7,0.85
4,7,0.9
4,7,0.95
4,7,1
4,7,1.05
4,7,1.1
4,7,1.15
4,7,1.2
4,7,1.25
4,7,1.3
4,7,1.35
4,7,1.4
4,7,1.45
4,7,1.5
4,7,1.55
4,7,1.6
4,7,1.65
4,7,1.7
4,7,1.75
4,7,1.8
4,7,1.85
4,7,1.9
4,7,1.95
4,7,2
4,7,2.05
4,7,2.1
4,7,2.15
4,7,2.2
4,7,2.25
4,7,2.3
4,7,2.35
4,7,2.4
4,7,2.45
4,7,2.5
4,7,2.55
4,7,2.6
4,7,2.65
4,7,2.7
4,7,2.75
4,7,2.8
4,7,2.85
4,7,2.9
4,7,2.95
4,7,3
4,7,3.05
4,7,3.1
4,7,3.15
4,7,3.2
4,7,3.25
4,7,3.3
4,7,3.35
4,7,3.4
4,7,3.45
4,7,3.5
4,7,3.55
4,7,3.6
4,7,3.65
4,7,3.7
4,7,3.75
4,7,3.8
4,7,3.85
4,7,3.9
4,7,3.95
4,7,4
4,7,4.05
4,7,4.1
4,7,4.15
4,7,4.2
4,7,4.25
4,7,4.3
4,7,4.35
4,7,4.4
4,7,4.45
4,7,4.5
4,7,4.55
4,7,4.6
4,7,4.65
4,7,4.7
4,7,4.75
4,7,4.8
4,7,4.85
4,7,4.9
4,7,4.95
4,7,5
4,7.5,0
4,7.5,0.05
4,7.5,0.1
4,7.5,0.15
4,7.5,0.2
4,7.5,0.25
4,7.5,0.3
4,7.5,0.35
4,7.5,0.4
4,7.5,0.45
4,7.5,0.5
4,7.5,0.55
4,7.5,0.6
4,7.5,0.65
4,7.5,0.7
4,7.5,0.75
4,7.5,0.8
4,7.5,0.85
4,7.5,0.9
4,7.5,0.95
4,7.5,1
4,7.5,1.05
4,7.5,1.1
4,7.5,1.15
4,7.5,1.2
4,7.5,1.25
4,7.5,1.3
4,7.5,1.35
4,7.5,1.4
4,7.5,1.45
4,7.5,1.5
4,7.5,1.55
4,7.5,1.6
4,7.5,1.65
4,7.5,1.7
4,7.5,1.75
4,7.5,1.8
4,7.5,1.85
4,7.5,1.9
4,7.5,1.95
4,7.5,2
4,7.5,2.05
4,7.5,2.1
4,7.5,2.15
4,7.5,2.2
4,7.5,2.25
4,7.5,2.3
4,7.5,2.35
4,7.5,2.4
4,7.5,2.45
4,7.5,2.5
4,7.5,2.55
4,7.5,2.6
4,7.5,2.65
4,7.5,2.7
4,7.5,2.75
4,7.5,2.8
4,7.5,2.85
4,7.5,2.9
4,7.5,2.95
4,7.5,3
4,7.5,3.05
4,7.5,3.1
4,7.5,3.15
4,7.5,3.2
4,7.5,3.25
4,7.5,3.3
4,7.5,3.35
4,7.5,3.4
4,7.5,3.45
4,7.5,3.5
4,7.5,3.55
4,7.5,3.6
4,7.5,3.65
4,7.5,3.7
4,7.5,3.75
4,7.5,3.8
4,7.5,3.85
4,7.5,3.9
4,7.5,3.95
4,7.5,4
4,7.5,4.05
4,7.5,4.1
4,7.5,4.15
4,7.5,4.2
4,7.5,4.25
4,7.5,4.3
4,7.5,4.35
4,7.5,4.4
4,7.5,4.45
4,7.5,4.5
4,7.5,4.55
4,7.5,4.6
4,7.5,4.65
4,7.5,4.7
4,7.5,4.75
4,7.5,4.8
4,7.5,4.85
4,7.5,4.9
4,7.5,4.95
4,7.5,5
4,8,0
4,8,0.05
4,8,0.1
4,8,0.15
4,8,0.2
4,8,0.25
4,8,0.3
4,8,0.35
4,8,0.4
4,8,0.45
4,8,0.5
4,8,0.55
4,8,0.6
4,8,0.65
4,8,0.7
4,8,0.75
4,8,0.8
4,8,0.85
4,8,0.9
4,8,0.95
4,8,1
4,8,1.05
4,8,1.1
4,8,1.15
4,8,1.2
4,8,1.25
4,8,1.3
4,8,1.35
4,8,1.4
4,8,1.45
4,8,1.5
4,8,1.55
4,8,1.6
4,8,1.65
4,8,1.7
4,8,1.75
4,8,1.8
4,8,1.85
4,8,1.9
4,8,1.95
4,8,2
4,8,2.05
4,8,2.1
4,8,2.15
4,8,2.2
4,8,2.25
4,8,2.3
4,8,2.35
4,8,2.4
4,8,2.45
4,8,2.5
4,8,2.55
4,8,2.6
4,8,2.65
4,8,2.7
4,8,2.75
4,8,2.8
4,8,2.85
4,8,2.9
4,8,2.95
4,8,3
4,8,3.05
4,8,3.1
4,8,3.15
4,8,3.2
4,8,3.25
4,8,3.3
4,8,3.35
4,8,3.4
4,8,3.45
4,8,3.5
4,8,3.55
4,8,3.6
4,8,3.65
4,8,3.7
4,8,3.75
4,8,3.8
4,8,3.85
4,8,3.9
4,8,3.95
4,8,4
4,8,4.05
4,8,4.1
4,8,4.15
4,8,4.2
4,8,4.25
4,8,4.3
4,8,4.35
4,8,4.4
4,8,4.45
4,8,4.5
4,8,4.55
4,8,4.6
4,8,4.65
4,8,4.7
4,8,4.75
4,8,4.8
4,8,4.85
4,8,4.9
4,8,4.95
4,8,5
4,8.5,0
4,8.5,0.05
4,8.5,0.1
4,8.5,0.15
4,8.5,0.2
4,8.5,0.25
4,8.5,0.3
4,8.5,0.35
4,8.5,0.4
4,8.5,0.45
4,8.5,0.5
4,8.5,0.55
4,8.5,0.6
4,8.5,0.65
4,8.5,0.7
4,8.5,0.75
4,8.5,0.8
4,8.5,0.85
4,8.5,0.9
4,8.5,0.95
4,8.5,1
4,8.5,1.05
4,8.5,1.1
4,8.5,1.15
4,8.5,1.2
4,8.5,1.25
4,8.5,1.3
4,8.5,1.35
4,8.5,1.4
4,8.5,1.45
4,8.5,1.5
4,8.5,1.55
4,8.5,1.6
4,8.5,1.65
4,8.5,1.7
4,8.5,1.75
4,8.5,1.8
4,8.5,1.85
4,8.5,1.9
4,8.5,1.95
4,8.5,2
4,8.5,2.05
4,8.5,2.1
4,8.5,2.15
4,8.5,2.2
4,8.5,2.25
4,8.5,2.3
4,8.5,2.35
4,8.5,2.4
4,8.5,2.45
4,8.5,2.5
4,8.5,2.55
4,8.5,2.6
4,8.5,2.65
4,8.5,2.7
4,8.5,2.75
4,8.5,2.8
4,8.5,2.85
4,8.5,2.9
4,8.5,2.95
4,8.5,3
4,8.5,3.05
4,8.5,3.1
4,8.5,3.15
4,8.5,3.2
4,8.5,3.25
4,8.5,3.3
4,8.5,3.35
4,8.5,3.4
4,8.5,3.45
4,8.5,3.5
4,8.5,3.55
4,8.5,3.6
4,8.5,3.65
4,8.5,3.7
4,8.5,3.75
4,8.5,3.8
4,8.5,3.85
4,8.5,3.9
4,8.5,3.95
4,8.5,4
4,8.5,4.05
4,8.5,4.1
4,8.5,4.15
4,8.5,4.2
4,8.5,4.25
4,8.5,4.3
4,8.5,4.35
4,8.5,4.4
4,8.5,4.45
4,8.5,4.5
4,8.5,4.55
4,8.5,4.6
4,8.5,4.65
4,8.5,4.7
4,8.5,4.75
4,8.5,4.8
4,8.5,4.85
4,8.5,4.9
4,8.5,4.95
4,8.5,5
4,9,0
4,9,0.05
4,9,0.1
4,9,0.15
4,9,0.2
4,9,0.25
4,9,0.3
4,9,0.35
4,9,0.4
4,9,0.45
4,9,0.5
4,9,0.55
4,9,0.6
4,9,0.65
4,9,0.7
4,9,0.75
4,9,0.8
4,9,0.85
4,9,0.9
4,9,0.95
4,9,1
4,9,1.05
4,9,1.1
4,9,1.15
4,9,1.2
4,9,1.25
4,9,1.3
4,9,1.35
4,9,1.4
4,9,1.45
4,9,1.5
4,9,1.55
4,9,1.6
4,9,1.65
4,9,1.7
4,9,1.75
4,9,1.8
4,9,1.85
4,9,1.9
4,9,1.95
4,9,2
4,9,2.05
4,9,2.1
4,9,2.15
4,9,2.2
4,9,2.25
4,9,2.3
4,9,2.35
4,9,2.4
4,9,2.45
4,9,2.5
4,9,2.55
4,9,2.6
4,9,2.65
4,9,2.7
4,9,2.75
4,9,2.8
4,9,2.85
4,9,2.9
4,9,2.95
4,9,3
4,9,3.05
4,9,3.1
4,9,3.15
4,9,3.2
4,9,3.25
4,9,3.3
4,9,3.35
4,9,3.4
4,9,3.45
4,9,3.5
4,9,3.55
4,9,3.6
4,9,3.65
4,9,3.7
4,9,3.75
4,9,3.8
4,9,3.85
4,9,3.9
4,9,3.95
4,9,4
4,9,4.05
4,9,4.1
4,9,4.15
4,9,4.2
4,9,4.25
4,9,4.3
4,9,4.35
4,9,4.4
4,9,4.45
4,9,4.5
4,9,4.55
4,9,4.6
4,9,4.65
4,9,4.7
4,9,4.75
4,9,4.8
4,9,4.85
4,9,4.9
4,9,4.95
4,9,5
4,9.5,0
4,9.5,0.05
4,9.5,0.1
4,9.5,0.15
4,9.5,0.2
4,9.5,0.25
4,9.5,0.3
4,9.5,0.35
4,9.5,0.4
4,9.5,0.45
4,9.5,0.5
4,9.5,0.55
4,9.5,0.6
4,9.5,0.65
4,9.5,0.7
4,9.5,0.75
4,9.5,0.8
4,9.5,0.85
4,9.5,0.9
4,9.5,0.95
4,9.5,1
4,9.5,1.05
4,9.5,1.1
4,9.5,1.15
4,9.5,1.2
4,9.5,1.25
4,9.5,1.3
4,9.5,1.35
4,9.5,1.4
4,9.5,1.45
4,9.5,1.5
4,9.5,1.55
4,9.5,1.6
4,9.5,1.65
4,9.5,1.7
4,9.5,1.75
4,9.5,1.8
4,9.5,1.85
4,9.5,1.9
4,9.5,1.95
4,9.5,2
4,9.5,2.05
4,9.5,2.1
4,9.5,2.15
4,9.5,2.2
4,9.5,2.25
4,9.5,2.3
4,9.5,2.35
4,9.5,2.4
4,9.5,2.45
4,9.5,2.5
4,9.5,2.55
4,9.5,2.6
4,9.5,2.65
4,9.5,2.7
4,9.5,2.75
4,9.5,2.8
4,9.5,2.85
4,9.5,2.9
4,9.5,2.95
4,9.5,3
4,9.5,3.05
4,9.5,3.1
4,9.5,3.15
4,9.5,3.2
4,9.5,3.25
4,9.5,3.3
4,9.5,3.35
4,9.5,3.4
4,9.5,3.45
4,9.5,3.5
4,9.5,3.55
4,9.5,3.6
4,9.5,3.65
4,9.5,3.7
4,9.5,3.75
4,9.5,3.8
4,9.5,3.85
4,9.5,3.9
4,9.5,3.95
4,9.5,4
4,9.5,4.05
4,9.5,4.1
4,9.5,4.15
4,9.5,4.2
4,9.5,4.25
4,9.5,4.3
4,9.5,4.35
4,9.5,4.4
4,9.5,4.45
4,9.5,4.5
4,9.5,4.55
4,9.5,4.6
4,9.5,4.65
4,9.5,4.7
4,9.5,4.75
4,9.5,4.8
4,9.5,4.85
4,9.5,4.9
4,9.5,4.95
4,9.5,5
4,10,0
4,10,0.05
4,10,0.1
4,10,0.15
4,10,0.2
4,10,0.25
4,10,0.3
4,10,0.35
4,10,0.4
4,10,0.45
4,10,0.5
4,10,0.55
4,10,0.6
4,10,0.65
4,10,0.7
4,10,0.75
4,10,0.8
4,10,0.85
4,10,0.9
4,10,0.95
4,10,1
4,10,1.05
4,10,1.1
4,10,1.15
4,10,1.2
4,10,1.25
4,10,1.3
4,10,1.35
4,10,1.4
4,10,1.45
4,10,1.5
4,10,1.55
4,10,1.6
4,10,1.65
4,10,1.7
4,10,1.75
4,10,1.8
4,10,1.85
4,10,1.9
4,10,1.95
4,10,2
4,10,2.05
4,10,2.1
4,10,2.15
4,10,2.2
4,10,2.25
4,10,2.3
4,10,2.35
4,10,2.4
4,10,2.45
4,10,2.5
4,10,2.55
4,10,2.6
4,10,2.65
4,10,2.7
4,10,2.75
4,10,2.8
4,10,2.85
4,10,2.9
4,10,2.95
4,10,3
4,10,3.05
4,10,3.1
4,10,3.15
4,10,3.2
4,10,3.25
4,10,3.3
4,10,3.35
4,10,3.4
4,10,3.45
4,10,3.5
4,10,3.55
4,10,3.6
4,10,3.65
4,10,3.7
4,10,3.75
4,10,3.8
4,10,3.85
4,10,3.9
4,10,3.95
4,10,4
4,10,4.05
4,10,4.1
4,10,4.15
4,10,4.2
4,10,4.25
4,10,4.3
4,10,4.35
4,10,4.4
4,10,4.45
4,10,4.5
4,10,4.55
4,10,4.6
4,10,4.65
4,10,4.7
4,10,4.75
4,10,4.8
4,10,4.85
4,10,4.9
4,10,4.95
4,10,5
4.5,0,0
4.5,0,0.05
4.5,0,0.1
4.5,0,0.15
4.5,0,0.2
4.5,0,0.25
4.5,0,0.3
4.5,0,0.35
4.5,0,0.4
4.5,0,0.45
4.5,0,0.5
4.5,0,0.55
4.5,0,0.6
4.5,0,0.65
4.5,0,0.7
4.5,0,0.75
4.5,0,0.8
4.5,0,0.85
4.5,0,0.9
4.5,0,0.95
4.5,0,1
4.5,0,1.05
4.5,0,1.1
4.5,0,1.15
4.5,0,1.2
4.5,0,1.25
4.5,0,1.3
4.5,0,1.35
4.5,0,1.4
4.5,0,1.45
4.5,0,1.5
4.5,0,1.55
4.5,0,1.6
4.5,0,1.65
4.5,0,1.7
4.5,0,1.75
4.5,0,1.8
4.5,0,1.85
4.5,0,1.9
4.5,0,1.95
4.5,0,2
4.5,0,2.05
4.5,0,2.1
4.5,0,2.15
4.5,0,2.2
4.5,0,2.25
4.5,0,2.3
4.5,0,2.35
4.5,0,2.4
4.5,0,2.45
4.5,0,2.5
4.5,0,2.55
4.5,0,2.6
4.5,0,2.65
4.5,0,2.7
4.5,0,2.75
4.5,0,2.8
4.5,0,2.85
4.5,0,2.9
4.5,0,2.95
4.5,0,3
4.5,0,3.05
4.5,0,3.1
4.5,0,3.15
4.5,0,3.2
4.5,0,3.25
4.5,0,3.3
4.5,0,3.35
4.5,0,3.4
4.5,0,3.45
4.5,0,3.5
4.5,0,3.55
4.5,0,3.6
4.5,0,3.65
4.5,0,3.7
4.5,0,3.75
4.5,0,3.8
4.5,0,3.85
4.5,0,3.9
4.5,0,3.95
4.5,0,4
4.5,0,4.05
4.5,0,4.1
4.5,0,4.15
4.5,0,4.2
4.5,0,4.25
4.5,0,4.3
4.5,0,4.35
4.5,0,4.4
4.5,0,4.45
4.5,0,4.5
4.5,0,4.55
4.5,0,4.6
4.5,0,4.65
4.5,0,4.7
4.5,0,4.75
4.5,0,4.8
4.5,0,4.85
4.5,0,4.9
4.5,0,4.95
4.5,0,5
4.5,0.5,0
4.5,0.5,0.05
4.5,0.5,0.1
4.5,0.5,0.15
4.5,0.5,0.2
4.5,0.5,0.25
4.5,0.5,0.3
4.5,0.5,0.35
4.5,0.5,0.4
4.5,0.5,0.45
4.5,0.5,0.5
4.5,0.5,0.55
4.5,0.5,0.6
4.5,0.5,0.65
4.5,0.5,0.7
4.5,0.5,0.75
4.5,0.5,0.8
4.5,0.5,0.85
4.5,0.5,0.9
4.5,0.5,0.95
4.5,0.5,1
4.5,0.5,1.05
4.5,0.5,1.1
4.5,0.5,1.15
4.5,0.5,1.2
4.5,0.5,1.25
4.5,0.5,1.3
4.5,0.5,1.35
4.5,0.5,1.4
4.5,0.5,1.45
4.5,0.5,1.5
4.5,0.5,1.55
4.5,0.5,1.6
4.5,0.5,1.65
4.5,0.5,1.7
4.5,0.5,1.75
4.5,0.5,1.8
4.5,0.5,1.85
4.5,0.5,1.9
4.5,0.5,1.95
4.5,0.5,2
4.5,0.5,2.05
4.5,0.5,2.1
4.5,0.5,2.15
4.5,0.5,2.2
4.5,0.5,2.25
4.5,0.5,2.3
4.5,0.5,2.35
4.5,0.5,2.4
4.5,0.5,2.45
4.5,0.5,2.5
4.5,0.5,2.55
4.5,0.5,2.6
4.5,0.5,2.65
4.5,0.5,2.7
4.5,0.5,2.75
4.5,0.5,2.8
4.5,0.5,2.85
4.5,0.5,2.9
4.5,0.5,2.95
4.5,0.5,3
4.5,0.5,3.05
4.5,0.5,3.1
4.5,0.5,3.15
4.5,0.5,3.2
4.5,0.5,3.25
4.5,0.5,3.3
4.5,0.5,3.35
4.5,0.5,3.4
4.5,0.5,3.45
4.5,0.5,3.5
4.5,0.5,3.55
4.5,0.5,3.6
4.5,0.5,3.65
4.5,0.5,3.7
4.5,0.5,3.75
4.5,0.5,3.8
4.5,0.5,3.85
4.5,0.5,3.9
4.5,0.5,3.95
4.5,0.5,4
4.5,0.5,4.05
4.5,0.5,4.1
4.5,0.5,4.15
4.5,0.5,4.2
4.5,0.5,4.25
4.5,0.5,4.3
4.5,0.5,4.35
4.5,0.5,4.4
4.5,0.5,4.45
4.5,0.5,4.5
4.5,0.5,4.55
4.5,0.5,4.6
4.5,0.5,4.65
4.5,0.5,4.7
4.5,0.5,4.75
4.5,0.5,4.8
4.5,0.5,4.85
4.5,0.5,4.9
4.5,0.5,4.95
4.5,0.5,5
4.5,1,0
4.5,1,0.05
4.5,1,0.1
4.5,1,0.15
4.5,1,0.2
4.5,1,0.25
4.5,1,0.3
4.5,1,0.35
4.5,1,0.4
4.5,1,0.45
4.5,1,0.5
4.5,1,0.55
4.5,1,0.6
4.5,1,0.65
4.5,1,0.7
4.5,1,0.75
4.5,1,0.8
4.5,1,0.85
4.5,1,0.9
4.5,1,0.95
4.5,1,1
4.5,1,1.05
4.5,1,1.1
4.5,1,1.15
4.5,1,1.2
4.5,1,1.25
4.5,1,1.3
4.5,1,1.35
4.5,1,1.4
4.5,1,1.45
4.5,1,1.5
4.5,1,1.55
4.5,1,1.6
4.5,1,1.65
4.5,1,1.7
4.5,1,1.75
4.5,1,1.8
4.5,1,1.85
4.5,1,1.9
4.5,1,1.95
4.5,1,2
4.5,1,2.05
4.5,1,2.1
4.5,1,2.15
4.5,1,2.2
4.5,1,2.25
4.5,1,2.3
4.5,1,2.35
4.5,1,2.4
4.5,1,2.45
4.5,1,2.5
4.5,1,2.55
4.5,1,2.6
4.5,1,2.65
4.5,1,2.7
4.5,1,2.75
4.5,1,2.8
4.5,1,2.85
4.5,1,2.9
4.5,1,2.95
4.5,1,3
4.5,1,3.05
4.5,1,3.1
4.5,1,3.15
4.5,1,3.2
4.5,1,3.25
4.5,1,3.3
4.5,1,3.35
4.5,1,3.4
4.5,1,3.45
4.5,1,3.5
4.5,1,3.55
4.5,1,3.6
4.5,1,3.65
4.5,1,3.7
4.5,1,3.75
4.5,1,3.8
4.5,1,3.85
4.5,1,3.9
4.5,1,3.95
4.5,1,4
4.5,1,4.05
4.5,1,4.1
4.5,1,4.15
4.5,1,4.2
4.5,1,4.25
4.5,1,4.3
4.5,1,4.35
4.5,1,4.4
4.5,1,4.45
4.5,1,4.5
4.5,1,4.55
4.5,1,4.6
4.5,1,4.65
4.5,1,4.7
4.5,1,4.75
4.5,1,4.8
4.5,1,4.85
4.5,1,4.9
4.5,1,4.95
4.5,1,5
4.5,1.5,0
4.5,1.5,0.05
4.5,1.5,0.1
4.5,1.5,0.15
4.5,1.5,0.2
4.5,1.5,0.25
4.5,1.5,0.3
4.5,1.5,0.35
4.5,1.5,0.4
4.5,1.5,0.45
4.5,1.5,0.5
4.5,1.5,0.55
4.5,1.5,0.6
4.5,1.5,0.65
4.5,1.5,0.7
4.5,1.5,0.75
4.5,1.5,0.8
4.5,1.5,0.85
4.5,1.5,0.9
4.5,1.5,0.95
4.5,1.5,1
4.5,1.5,1.05
4.5,1.5,1.1
4.5,1.5,1.15
4.5,1.5,1.2
4.5,1.5,1.25
4.5,1.5,1.3
4.5,1.5,1.35
4.5,1.5,1.4
4.5,1.5,1.45
4.5,1.5,1.5
4.5,1.5,1.55
4.5,1.5,1.6
4.5,1.5,1.65
4.5,1.5,1.7
4.5,1.5,1.75
4.5,1.5,1.8
4.5,1.5,1.85
4.5,1.5,1.9
4.5,1.5,1.95
4.5,1.5,2
4.5,1.5,2.05
4.5,1.5,2.1
4.5,1.5,2.15
4.5,1.5,2.2
4.5,1.5,2.25
4.5,1.5,2.3
4.5,1.5,2.35
4.5,1.5,2.4
4.5,1.5,2.45
4.5,1.5,2.5
4.5,1.5,2.55
4.5,1.5,2.6
4.5,1.5,2.65
4.5,1.5,2.7
4.5,1.5,2.75
4.5,1.5,2.8
4.5,1.5,2.85
4.5,1.5,2.9
4.5,1.5,2.95
4.5,1.5,3
4.5,1.5,3.05
4.5,1.5,3.1
4.5,1.5,3.15
4.5,1.5,3.2
4.5,1.5,3.25
4.5,1.5,3.3
4.5,1.5,3.35
4.5,1.5,3.4
4.5,1.5,3.45
4.5,1.5,3.5
4.5,1.5,3.55
4.5,1.5,3.6
4.5,1.5,3.65
4.5,1.5,3.7
4.5,1.5,3.75
4.5,1.5,3.8
4.5,1.5,3.85
4.5,1.5,3.9
4.5,1.5,3.95
4.5,1.5,4
4.5,1.5,4.05
4.5,1.5,4.1
4.5,1.5,4.15
4.5,1.5,4.2
4.5,1.5,4.25
4.5,1.5,4.3
4.5,1.5,4.35
4.5,1.5,4.4
4.5,1.5,4.45
4.5,1.5,4.5
4.5,1.5,4.55
4.5,1.5,4.6
4.5,1.5,4.65
4.5,1.5,4.7
4.5,1.5,4.75
4.5,1.5,4.8
4.5,1.5,4.85
4.5,1.5,4.9
4.5,1.5,4.95
4.5,1.5,5
4.5,2,0
4.5,2,0.05
4.5,2,0.1
4.5,2,0.15
4.5,2,0.2
4.5,2,0.25
4.5,2,0.3
4.5,2,0.35
4.5,2,0.4
4.5,2,0.45
4.5,2,0.5
4.5,2,0.55
4.5,2,0.6
4.5,2,0.65
4.5,2,0.7
4.5,2,0.75
4.5,2,0.8
4.5,2,0.85
4.5,2,0.9
4.5,2,0.95
4.5,2,1
4.5,2,1.05
4.5,2,1.1
4.5,2,1.15
4.5,2,1.2
4.5,2,1.25
4.5,2,1.3
4.5,2,1.35
4.5,2,1.4
4.5,2,1.45
4.5,2,1.5
4.5,2,1.55
4.5,2,1.6
4.5,2,1.65
4.5,2,1.7
4.5,2,1.75
4.5,2,1.8
4.5,2,1.85
4.5,2,1.9
4.5,2,1.95
4.5,2,2
4.5,2,2.05
4.5,2,2.1
4.5,2,2.15
4.5,2,2.2
4.5,2,2.25
4.5,2,2.3
4.5,2,2.35
4.5,2,2.4
4.5,2,2.45
4.5,2,2.5
4.5,2,2.55
4.5,2,2.6
4.5,2,2.65
4.5,2,2.7
4.5,2,2.75
4.5,2,2.8
4.5,2,2.85
4.5,2,2.9
4.5,2,2.95
4.5,2,3
4.5,2,3.05
4.5,2,3.1
4.5,2,3.15
4.5,2,3.2
4.5,2,3.25
4.5,2,3.3
4.5,2,3.35
4.5,2,3.4
4.5,2,3.45
4.5,2,3.5
4.5,2,3.55
4.5,2,3.6
4.5,2,3.65
4.5,2,3.7
4.5,2,3.75
4.5,2,3.8
4.5,2,3.85
4.5,2,3.9
4.5,2,3.95
4.5,2,4
4.5,2,4.05
4.5,2,4.1
4.5,2,4.15
4.5,2,4.2
4.5,2,4.25
4.5,2,4.3
4.5,2,4.35
4.5,2,4.4
4.5,2,4.45
4.5,2,4.5
4.5,2,4.55
4.5,2,4.6
4.5,2,4.65
4.5,2,4.7
4.5,2,4.75
4.5,2,4.8
4.5,2,4.85
4.5,2,4.9
4.5,2,4.95
4.5,2,5
4.5,2.5,0
4.5,2.5,0.05
4.5,2.5,0.1
4.5,2.5,0.15
4.5,2.5,0.2
4.5,2.5,0.25
4.5,2.5,0.3
4.5,2.5,0.35
4.5,2.5,0.4
4.5,2.5,0.45
4.5,2.5,0.5
4.5,2.5,0.55
4.5,2.5,0.6
4.5,2.5,0.65
4.5,2.5,0.7
4.5,2.5,0.75
4.5,2.5,0.8
4.5,2.5,0.85
4.5,2.5,0.9
4.5,2.5,0.95
4.5,2.5,1
4.5,2.5,1.05
4.5,2.5,1.1
4.5,2.5,1.15
4.5,2.5,1.2
4.5,2.5,1.25
4.5,2.5,1.3
4.5,2.5,1.35
4.5,2.5,1.4
4.5,2.5,1.45
4.5,2.5,1.5
4.5,2.5,1.55
4.5,2.5,1.6
4.5,2.5,1.65
4.5,2.5,1.7
4.5,2.5,1.75
4.5,2.5,1.8
4.5,2.5,1.85
4.5,2.5,1.9
4.5,2.5,1.95
4.5,2.5,2
4.5,2.5,2.05
4.5,2.5,2.1
4.5,2.5,2.15
4.5,2.5,2.2
4.5,2.5,2.25
4.5,2.5,2.3
4.5,2.5,2.35
4.5,2.5,2.4
4.5,2.5,2.45
4.5,2.5,2.5
4.5,2.5,2.55
4.5,2.5,2.6
4.5,2.5,2.65
4.5,2.5,2.7
4.5,2.5,2.75
4.5,2.5,2.8
4.5,2.5,2.85
4.5,2.5,2.9
4.5,2.5,2.95
4.5,2.5,3
4.5,2.5,3.05
4.5,2.5,3.1
4.5,2.5,3.15
4.5,2.5,3.2
4.5,2.5,3.25
4.5,2.5,3.3
4.5,2.5,3.35
4.5,2.5,3.4
4.5,2.5,3.45
4.5,2.5,3.5
4.5,2.5,3.55
4.5,2.5,3.6
4.5,2.5,3.65
4.5,2.5,3.7
4.5,2.5,3.75
4.5,2.5,3.8
4.5,2.5,3.85
4.5,2.5,3.9
4.5,2.5,3.95
4.5,2.5,4
4.5,2.5,4.05
4.5,2.5,4.1
4.5,2.5,4.15
4.5,2.5,4.2
4.5,2.5,4.25
4.5,2.5,4.3
4.5,2.5,4.35
4.5,2.5,4.4
4.5,2.5,4.45
4.5,2.5,4.5
4.5,2.5,4.55
4.5,2.5,4.6
4.5,2.5,4.65
4.5,2.5,4.7
4.5,2.5,4.75
4.5,2.5,4.8
4.5,2.5,4.85
4.5,2.5,4.9
4.5,2.5,4.95
4.5,2.5,5
4.5,3,0
4.5,3,0.05
4.5,3,0.1
4.5,3,0.15
4.5,3,0.2
4.5,3,0.25
4.5,3,0.3
4.5,3,0.35
4.5,3,0.4
4.5,3,0.45
4.5,3,0.5
4.5,3,0.55
4.5,3,0.6
4.5,3,0.65
4.5,3,0.7
4.5,3,0.75
4.5,3,0.8
4.5,3,0.85
4.5,3,0.9
4.5,3,0.95
4.5,3,1
4.5,3,1.05
4.5,3,1.1
4.5,3,1.15
4.5,3,1.2
4.5,3,1.25
4.5,3,1.3
4.5,3,1.35
4.5,3,1.4
4.5,3,1.45
4.5,3,1.5
4.5,3,1.55
4.5,3,1.6
4.5,3,1.65
4.5,3,1.7
4.5,3,1.75
4.5,3,1.8
4.5,3,1.85
4.5,3,1.9
4.5,3,1.95
4.5,3,2
4.5,3,2.05
4.5,3,2.1
4.5,3,2.15
4.5,3,2.2
4.5,3,2.25
4.5,3,2.3
4.5,3,2.35
4.5,3,2.4
4.5,3,2.45
4.5,3,2.5
4.5,3,2.55
4.5,3,2.6
4.5,3,2.65
4.5,3,2.7
4.5,3,2.75
4.5,3,2.8
4.5,3,2.85
4.5,3,2.9
4.5,3,2.95
4.5,3,3
4.5,3,3.05
4.5,3,3.1
4.5,3,3.15
4.5,3,3.2
4.5,3,3.25
4.5,3,3.3
4.5,3,3.35
4.5,3,3.4
4.5,3,3.45
4.5,3,3.5
4.5,3,3.55
4.5,3,3.6
4.5,3,3.65
4.5,3,3.7
4.5,3,3.75
4.5,3,3.8
4.5,3,3.85
4.5,3,3.9
4.5,3,3.95
4.5,3,4
4.5,3,4.05
4.5,3,4.1
4.5,3,4.15
4.5,3,4.2
4.5,3,4.25
4.5,3,4.3
4.5,3,4.35
4.5,3,4.4
4.5,3,4.45
4.5,3,4.5
4.5,3,4.55
4.5,3,4.6
4.5,3,4.65
4.5,3,4.7
4.5,3,4.75
4.5,3,4.8
4.5,3,4.85
4.5,3,4.9
4.5,3,4.95
4.5,3,5
4.5,3.5,0
4.5,3.5,0.05
4.5,3.5,0.1
4.5,3.5,0.15
4.5,3.5,0.2
4.5,3.5,0.25
4.5,3.5,0.3
4.5,3.5,0.35
4.5,3.5,0.4
4.5,3.5,0.45
4.5,3.5,0.5
4.5,3.5,0.55
4.5,3.5,0.6
4.5,3.5,0.65
4.5,3.5,0.7
4.5,3.5,0.75
4.5,3.5,0.8
4.5,3.5,0.85
4.5,3.5,0.9
4.5,3.5,0.95
4.5,3.5,1
4.5,3.5,1.05
4.5,3.5,1.1
4.5,3.5,1.15
4.5,3.5,1.2
4.5,3.5,1.25
4.5,3.5,1.3
4.5,3.5,1.35
4.5,3.5,1.4
4.5,3.5,1.45
4.5,3.5,1.5
4.5,3.5,1.55
4.5,3.5,1.6
4.5,3.5,1.65
4.5,3.5,1.7
4.5,3.5,1.75
4.5,3.5,1.8
4.5,3.5,1.85
4.5,3.5,1.9
4.5,3.5,1.95
4.5,3.5,2
4.5,3.5,2.05
4.5,3.5,2.1
4.5,3.5,2.15
4.5,3.5,2.2
4.5,3.5,2.25
4.5,3.5,2.3
4.5,3.5,2.35
4.5,3.5,2.4
4.5,3.5,2.45
4.5,3.5,2.5
4.5,3.5,2.55
4.5,3.5,2.6
4.5,3.5,2.65
4.5,3.5,2.7
4.5,3.5,2.75
4.5,3.5,2.8
4.5,3.5,2.85
4.5,3.5,2.9
4.5,3.5,2.95
4.5,3.5,3
4.5,3.5,3.05
4.5,3.5,3.1
4.5,3.5,3.15
4.5,3.5,3.2
4.5,3.5,3.25
4.5,3.5,3.3
4.5,3.5,3.35
4.5,3.5,3.4
4.5,3.5,3.45
4.5,3.5,3.5
4.5,3.5,3.55
4.5,3.5,3.6
4.5,3.5,3.65
4.5,3.5,3.7
4.5,3.5,3.75
4.5,3.5,3.8
4.5,3.5,3.85
4.5,3.5,3.9
4.5,3.5,3.95
4.5,3.5,4
4.5,3.5,4.05
4.5,3.5,4.1
4.5,3.5,4.15
4.5,3.5,4.2
4.5,3.5,4.25
4.5,3.5,4.3
4.5,3.5,4.35
4.5,3.5,4.4
4.5,3.5,4.45
4.5,3.5,4.5
4.5,3.5,4.55
4.5,3.5,4.6
4.5,3.5,4.65
4.5,3.5,4.7
4.5,3.5,4.75
4.5,3.5,4.8
4.5,3.5,4.85
4.5,3.5,4.9
4.5,3.5,4.95
4.5,3.5,5
4.5,4,0
4.5,4,0.05
4.5,4,0.1
4.5,4,0.15
4.5,4,0.2
4.5,4,0.25
4.5,4,0.3
4.5,4,0.35
4.5,4,0.4
4.5,4,0.45
4.5,4,0.5
4.5,4,0.55
4.5,4,0.6
4.5,4,0.65
4.5,4,0.7
4.5,4,0.75
4.5,4,0.8
4.5,4,0.85
4.5,4,0.9
4.5,4,0.95
4.5,4,1
4.5,4,1.05
4.5,4,1.1
4.5,4,1.15
4.5,4,1.2
4.5,4,1.25
4.5,4,1.3
4.5,4,1.35
4.5,4,1.4
4.5,4,1.45
4.5,4,1.5
4.5,4,1.55
4.5,4,1.6
4.5,4,1.65
4.5,4,1.7
4.5,4,1.75
4.5,4,1.8
4.5,4,1.85
4.5,4,1.9
4.5,4,1.95
4.5,4,2
4.5,4,2.05
4.5,4,2.1
4.5,4,2.15
4.5,4,2.2
4.5,4,2.25
4.5,4,2.3
4.5,4,2.35
4.5,4,2.4
4.5,4,2.45
4.5,4,2.5
4.5,4,2.55
4.5,4,2.6
4.5,4,2.65
4.5,4,2.7
4.5,4,2.75
4.5,4,2.8
4.5,4,2.85
4.5,4,2.9
4.5,4,2.95
4.5,4,3
4.5,4,3.05
4.5,4,3.1
4.5,4,3.15
4.5,4,3.2
4.5,4,3.25
4.5,4,3.3
4.5,4,3.35
4.5,4,3.4
4.5,4,3.45
4.5,4,3.5
4.5,4,3.55
4.5,4,3.6
4.5,4,3.65
4.5,4,3.7
4.5,4,3.75
4.5,4,3.8
4.5,4,3.85
4.5,4,3.9
4.5,4,3.95
4.5,4,4
4.5,4,4.05
4.5,4,4.1
4.5,4,4.15
4.5,4,4.2
4.5,4,4.25
4.5,4,4.3
4.5,4,4.35
4.5,4,4.4
4.5,4,4.45
4.5,4,4.5
4.5,4,4.55
4.5,4,4.6
4.5,4,4.65
4.5,4,4.7
4.5,4,4.75
4.5,4,4.8
4.5,4,4.85
4.5,4,4.9
4.5,4,4.95
4.5,4,5
4.5,4.5,0
4.5,4.5,0.05
4.5,4.5,0.1
4.5,4.5,0.15
4.5,4.5,0.2
4.5,4.5,0.25
4.5,4.5,0.3
4.5,4.5,0.35
4.5,4.5,0.4
4.5,4.5,0.45
4.5,4.5,0.5
4.5,4.5,0.55
4.5,4.5,0.6
4.5,4.5,0.65
4.5,4.5,0.7
4.5,4.5,0.75
4.5,4.5,0.8
4.5,4.5,0.85
4.5,4.5,0.9
4.5,4.5,0.95
4.5,4.5,1
4.5,4.5,1.05
4.5,4.5,1.1
4.5,4.5,1.15
4.5,4.5,1.2
4.5,4.5,1.25
4.5,4.5,1.3
4.5,4.5,1.35
4.5,4.5,1.4
4.5,4.5,1.45
4.5,4.5,1.5
4.5,4.5,1.55
4.5,4.5,1.6
4.5,4.5,1.65
4.5,4.5,1.7
4.5,4.5,1.75
4.5,4.5,1.8
4.5,4.5,1.85
4.5,4.5,1.9
4.5,4.5,1.95
4.5,4.5,2
4.5,4.5,2.05
4.5,4.5,2.1
4.5,4.5,2.15
4.5,4.5,2.2
4.5,4.5,2.25
4.5,4.5,2.3
4.5,4.5,2.35
4.5,4.5,2.4
4.5,4.5,2.45
4.5,4.5,2.5
4.5,4.5,2.55
4.5,4.5,2.6
4.5,4.5,2.65
4.5,4.5,2.7
4.5,4.5,2.75
4.5,4.5,2.8
4.5,4.5,2.85
4.5,4.5,2.9
4.5,4.5,2.95
4.5,4.5,3
4.5,4.5,3.05
4.5,4.5,3.1
4.5,4.5,3.15
4.5,4.5,3.2
4.5,4.5,3.25
4.5,4.5,3.3
4.5,4.5,3.35
4.5,4.5,3.4
4.5,4.5,3.45
4.5,4.5,3.5
4.5,4.5,3.55
4.5,4.5,3.6
4.5,4.5,3.65
4.5,4.5,3.7
4.5,4.5,3.75
4.5,4.5,3.8
4.5,4.5,3.85
4.5,4.5,3.9
4.5,4.5,3.95
4.5,4.5,4
4.5,4.5,4.05
4.5,4.5,4.1
4.5,4.5,4.15
4.5,4.5,4.2
4.5,4.5,4.25
4.5,4.5,4.3
4.5,4.5,4.35
4.5,4.5,4.4
4.5,4.5,4.45
4.5,4.5,4.5
4.5,4.5,4.55
4.5,4.5,4.6
4.5,4.5,4.65
4.5,4.5,4.7
4.5,4.5,4.75
4.5,4.5,4.8
4.5,4.5,4.85
4.5,4.5,4.9
4.5,4.5,4.95
4.5,4.5,5
4.5,5,0
4.5,5,0.05
4.5,5,0.1
4.5,5,0.15
4.5,5,0.2
4.5,5,0.25
4.5,5,0.3
4.5,5,0.35
4.5,5,0.4
4.5,5,0.45
4.5,5,0.5
4.5,5,0.55
4.5,5,0.6
4.5,5,0.65
4.5,5,0.7
4.5,5,0.75
4.5,5,0.8
4.5,5,0.85
4.5,5,0.9
4.5,5,0.95
4.5,5,1
4.5,5,1.05
4.5,5,1.1
4.5,5,1.15
4.5,5,1.2
4.5,5,1.25
4.5,5,1.3
4.5,5,1.35
4.5,5,1.4
4.5,5,1.45
4.5,5,1.5
4.5,5,1.55
4.5,5,1.6
4.5,5,1.65
4.5,5,1.7
4.5,5,1.75
4.5,5,1.8
4.5,5,1.85
4.5,5,1.9
4.5,5,1.95
4.5,5,2
4.5,5,2.05
4.5,5,2.1
4.5,5,2.15
4.5,5,2.2
4.5,5,2.25
4.5,5,2.3
4.5,5,2.35
4.5,5,2.4
4.5,5,2.45
4.5,5,2.5
4.5,5,2.55
4.5,5,2.6
4.5,5,2.65
4.5,5,2.7
4.5,5,2.75
4.5,5,2.8
4.5,5,2.85
4.5,5,2.9
4.5,5,2.95
4.5,5,3
4.5,5,3.05
4.5,5,3.1
4.5,5,3.15
4.5,5,3.2
4.5,5,3.25
4.5,5,3.3
4.5,5,3.35
4.5,5,3.4
4.5,5,3.45
4.5,5,3.5
4.5,5,3.55
4.5,5,3.6
4.5,5,3.65
4.5,5,3.7
4.5,5,3.75
4.5,5,3.8
4.5,5,3.85
4.5,5,3.9
4.5,5,3.95
4.5,5,4
4.5,5,4.05
4.5,5,4.1
4.5,5,4.15
4.5,5,4.2
4.5,5,4.25
4.5,5,4.3
4.5,5,4.35
4.5,5,4.4
4.5,5,4.45
4.5,5,4.5
4.5,5,4.55
4.5,5,4.6
4.5,5,4.65
4.5,5,4.7
4.5,5,4.75
4.5,5,4.8
4.5,5,4.85
4.5,5,4.9
4.5,5,4.95
4.5,5,5
4.5,5.5,0
4.5,5.5,0.05
4.5,5.5,0.1
4.5,5.5,0.15
4.5,5.5,0.2
4.5,5.5,0.25
4.5,5.5,0.3
4.5,5.5,0.35
4.5,5.5,0.4
4.5,5.5,0.45
4.5,5.5,0.5
4.5,5.5,0.55
4.5,5.5,0.6
4.5,5.5,0.65
4.5,5.5,0.7
4.5,5.5,0.75
4.5,5.5,0.8
4.5,5.5,0.85
4.5,5.5,0.9
4.5,5.5,0.95
4.5,5.5,1
4.5,5.5,1.05
4.5,5.5,1.1
4.5,5.5,1.15
4.5,5.5,1.2
4.5,5.5,1.25
4.5,5.5,1.3
4.5,5.5,1.35
4.5,5.5,1.4
4.5,5.5,1.45
4.5,5.5,1.5
4.5,5.5,1.55
4.5,5.5,1.6
4.5,5.5,1.65
4.5,5.5,1.7
4.5,5.5,1.75
4.5,5.5,1.8
4.5,5.5,1.85
4.5,5.5,1.9
4.5,5.5,1.95
4.5,5.5,2
4.5,5.5,2.05
4.5,5.5,2.1
4.5,5.5,2.15
4.5,5.5,2.2
4.5,5.5,2.25
4.5,5.5,2.3
4.5,5.5,2.35
4.5,5.5,2.4
4.5,5.5,2.45
4.5,5.5,2.5
4.5,5.5,2.55
4.5,5.5,2.6
4.5,5.5,2.65
4.5,5.5,2.7
4.5,5.5,2.75
4.5,5.5,2.8
4.5,5.5,2.85
4.5,5.5,2.9
4.5,5.5,2.95
4.5,5.5,3
4.5,5.5,3.05
4.5,5.5,3.1
4.5,5.5,3.15
4.5,5.5,3.2
4.5,5.5,3.25
4.5,5.5,3.3
4.5,5.5,3.35
4.5,5.5,3.4
4.5,5.5,3.45
4.5,5.5,3.5
4.5,5.5,3.55
4.5,5.5,3.6
4.5,5.5,3.65
4.5,5.5,3.7
4.5,5.5,3.75
4.5,5.5,3.8
4.5,5.5,3.85
4.5,5.5,3.9
4.5,5.5,3.95
4.5,5.5,4
4.5,5.5,4.05
4.5,5.5,4.1
4.5,5.5,4.15
4.5,5.5,4.2
4.5,5.5,4.25
4.5,5.5,4.3
4.5,5.5,4.35
4.5,5.5,4.4
4.5,5.5,4.45
4.5,5.5,4.5
4.5,5.5,4.55
4.5,5.5,4.6
4.5,5.5,4.65
4.5,5.5,4.7
4.5,5.5,4.75
4.5,5.5,4.8
4.5,5.5,4.85
4.5,5.5,4.9
4.5,5.5,4.95
4.5,5.5,5
4.5,6,0
4.5,6,0.05
4.5,6,0.1
4.5,6,0.15
4.5,6,0.2
4.5,6,0.25
4.5,6,0.3
4.5,6,0.35
4.5,6,0.4
4.5,6,0.45
4.5,6,0.5
4.5,6,0.55
4.5,6,0.6
4.5,6,0.65
4.5,6,0.7
4.5,6,0.75
4.5,6,0.8
4.5,6,0.85
4.5,6,0.9
4.5,6,0.95
4.5,6,1
4.5,6,1.05
4.5,6,1.1
4.5,6,1.15
4.5,6,1.2
4.5,6,1.25
4.5,6,1.3
4.5,6,1.35
4.5,6,1.4
4.5,6,1.45
4.5,6,1.5
4.5,6,1.55
4.5,6,1.6
4.5,6,1.65
4.5,6,1.7
4.5,6,1.75
4.5,6,1.8
4.5,6,1.85
4.5,6,1.9
4.5,6,1.95
4.5,6,2
4.5,6,2.05
4.5,6,2.1
4.5,6,2.15
4.5,6,2.2
4.5,6,2.25
4.5,6,2.3
4.5,6,2.35
4.5,6,2.4
4.5,6,2.45
4.5,6,2.5
4.5,6,2.55
4.5,6,2.6
4.5,6,2.65
4.5,6,2.7
4.5,6,2.75
4.5,6,2.8
4.5,6,2.85
4.5,6,2.9
4.5,6,2.95
4.5,6,3
4.5,6,3.05
4.5,6,3.1
4.5,6,3.15
4.5,6,3.2
4.5,6,3.25
4.5,6,3.3
4.5,6,3.35
4.5,6,3.4
4.5,6,3.45
4.5,6,3.5
4.5,6,3.55
4.5,6,3.6
4.5,6,3.65
4.5,6,3.7
4.5,6,3.75
4.5,6,3.8
4.5,6,3.85
4.5,6,3.9
4.5,6,3.95
4.5,6,4
4.5,6,4.05
4.5,6,4.1
4.5,6,4.15
4.5,6,4.2
4.5,6,4.25
4.5,6,4.3
4.5,6,4.35
4.5,6,4.4
4.5,6,4.45
4.5,6,4.5
4.5,6,4.55
4.5,6,4.6
4.5,6,4.65
4.5,6,4.7
4.5,6,4.75
4.5,6,4.8
4.5,6,4.85
4.5,6,4.9
4.5,6,4.95
4.5,6,5
4.5,6.5,0
4.5,6.5,0.05
4.5,6.5,0.1
4.5,6.5,0.15
4.5,6.5,0.2
4.5,6.5,0.25
4.5,6.5,0.3
4.5,6.5,0.35
4.5,6.5,0.4
4.5,6.5,0.45
4.5,6.5,0.5
4.5,6.5,0.55
4.5,6.5,0.6
4.5,6.5,0.65
4.5,6.5,0.7
4.5,6.5,0.75
4.5,6.5,0.8
4.5,6.5,0.85
4.5,6.5,0.9
4.5,6.5,0.95
4.5,6.5,1
4.5,6.5,1.05
4.5,6.5,1.1
4.5,6.5,1.15
4.5,6.5,1.2
4.5,6.5,1.25
4.5,6.5,1.3
4.5,6.5,1.35
4.5,6.5,1.4
4.5,6.5,1.45
4.5,6.5,1.5
4.5,6.5,1.55
4.5,6.5,1.6
4.5,6.5,1.65
4.5,6.5,1.7
4.5,6.5,1.75
4.5,6.5,1.8
4.5,6.5,1.85
4.5,6.5,1.9
4.5,6.5,1.95
4.5,6.5,2
4.5,6.5,2.05
4.5,6.5,2.1
4.5,6.5,2.15
4.5,6.5,2.2
4.5,6.5,2.25
4.5,6.5,2.3
4.5,6.5,2.35
4.5,6.5,2.4
4.5,6.5,2.45
4.5,6.5,2.5
4.5,6.5,2.55
4.5,6.5,2.6
4.5,6.5,2.65
4.5,6.5,2.7
4.5,6.5,2.75
4.5,6.5,2.8
4.5,6.5,2.85
4.5,6.5,2.9
4.5,6.5,2.95
4.5,6.5,3
4.5,6.5,3.05
4.5,6.5,3.1
4.5,6.5,3.15
4.5,6.5,3.2
4.5,6.5,3.25
4.5,6.5,3.3
4.5,6.5,3.35
4.5,6.5,3.4
4.5,6.5,3.45
4.5,6.5,3.5
4.5,6.5,3.55
4.5,6.5,3.6
4.5,6.5,3.65
4.5,6.5,3.7
4.5,6.5,3.75
4.5,6.5,3.8
4.5,6.5,3.85
4.5,6.5,3.9
4.5,6.5,3.95
4.5,6.5,4
4.5,6.5,4.05
4.5,6.5,4.1
4.5,6.5,4.15
4.5,6.5,4.2
4.5,6.5,4.25
4.5,6.5,4.3
4.5,6.5,4.35
4.5,6.5,4.4
4.5,6.5,4.45
4.5,6.5,4.5
4.5,6.5,4.55
4.5,6.5,4.6
4.5,6.5,4.65
4.5,6.5,4.7
4.5,6.5,4.75
4.5,6.5,4.8
4.5,6.5,4.85
4.5,6.5,4.9
4.5,6.5,4.95
4.5,6.5,5
4.5,7,0
4.5,7,0.05
4.5,7,0.1
4.5,7,0.15
4.5,7,0.2
4.5,7,0.25
4.5,7,0.3
4.5,7,0.35
4.5,7,0.4
4.5,7,0.45
4.5,7,0.5
4.5,7,0.55
4.5,7,0.6
4.5,7,0.65
4.5,7,0.7
4.5,7,0.75
4.5,7,0.8
4.5,7,0.85
4.5,7,0.9
4.5,7,0.95
4.5,7,1
4.5,7,1.05
4.5,7,1.1
4.5,7,1.15
4.5,7,1.2
4.5,7,1.25
4.5,7,1.3
4.5,7,1.35
4.5,7,1.4
4.5,7,1.45
4.5,7,1.5
4.5,7,1.55
4.5,7,1.6
4.5,7,1.65
4.5,7,1.7
4.5,7,1.75
4.5,7,1.8
4.5,7,1.85
4.5,7,1.9
4.5,7,1.95
4.5,7,2
4.5,7,2.05
4.5,7,2.1
4.5,7,2.15
4.5,7,2.2
4.5,7,2.25
4.5,7,2.3
4.5,7,2.35
4.5,7,2.4
4.5,7,2.45
4.5,7,2.5
4.5,7,2.55
4.5,7,2.6
4.5,7,2.65
4.5,7,2.7
4.5,7,2.75
4.5,7,2.8
4.5,7,2.85
4.5,7,2.9
4.5,7,2.95
4.5,7,3
4.5,7,3.05
4.5,7,3.1
4.5,7,3.15
4.5,7,3.2
4.5,7,3.25
4.5,7,3.3
4.5,7,3.35
4.5,7,3.4
4.5,7,3.45
4.5,7,3.5
4.5,7,3.55
4.5,7,3.6
4.5,7,3.65
4.5,7,3.7
4.5,7,3.75
4.5,7,3.8
4.5,7,3.85
4.5,7,3.9
4.5,7,3.95
4.5,7,4
4.5,7,4.05
4.5,7,4.1
4.5,7,4.15
4.5,7,4.2
4.5,7,4.25
4.5,7,4.3
4.5,7,4.35
4.5,7,4.4
4.5,7,4.45
4.5,7,4.5
4.5,7,4.55
4.5,7,4.6
4.5,7,4.65
4.5,7,4.7
4.5,7,4.75
4.5,7,4.8
4.5,7,4.85
4.5,7,4.9
4.5,7,4.95
4.5,7,5
4.5,7.5,0
4.5,7.5,0.05
4.5,7.5,0.1
4.5,7.5,0.15
4.5,7.5,0.2
4.5,7.5,0.25
4.5,7.5,0.3
4.5,7.5,0.35
4.5,7.5,0.4
4.5,7.5,0.45
4.5,7.5,0.5
4.5,7.5,0.55
4.5,7.5,0.6
4.5,7.5,0.65
4.5,7.5,0.7
4.5,7.5,0.75
4.5,7.5,0.8
4.5,7.5,0.85
4.5,7.5,0.9
4.5,7.5,0.95
4.5,7.5,1
4.5,7.5,1.05
4.5,7.5,1.1
4.5,7.5,1.15
4.5,7.5,1.2
4.5,7.5,1.25
4.5,7.5,1.3
4.5,7.5,1.35
4.5,7.5,1.4
4.5,7.5,1.45
4.5,7.5,1.5
4.5,7.5,1.55
4.5,7.5,1.6
4.5,7.5,1.65
4.5,7.5,1.7
4.5,7.5,1.75
4.5,7.5,1.8
4.5,7.5,1.85
4.5,7.5,1.9
4.5,7.5,1.95
4.5,7.5,2
4.5,7.5,2.05
4.5,7.5,2.1
4.5,7.5,2.15
4.5,7.5,2.2
4.5,7.5,2.25
4.5,7.5,2.3
4.5,7.5,2.35
4.5,7.5,2.4
4.5,7.5,2.45
4.5,7.5,2.5
4.5,7.5,2.55
4.5,7.5,2.6
4.5,7.5,2.65
4.5,7.5,2.7
4.5,7.5,2.75
4.5,7.5,2.8
4.5,7.5,2.85
4.5,7.5,2.9
4.5,7.5,2.95
4.5,7.5,3
4.5,7.5,3.05
4.5,7.5,3.1
4.5,7.5,3.15
4.5,7.5,3.2
4.5,7.5,3.25
4.5,7.5,3.3
4.5,7.5,3.35
4.5,7.5,3.4
4.5,7.5,3.45
4.5,7.5,3.5
4.5,7.5,3.55
4.5,7.5,3.6
4.5,7.5,3.65
4.5,7.5,3.7
4.5,7.5,3.75
4.5,7.5,3.8
4.5,7.5,3.85
4.5,7.5,3.9
4.5,7.5,3.95
4.5,7.5,4
4.5,7.5,4.05
4.5,7.5,4.1
4.5,7.5,4.15
4.5,7.5,4.2
4.5,7.5,4.25
4.5,7.5,4.3
4.5,7.5,4.35
4.5,7.5,4.4
4.5,7.5,4.45
4.5,7.5,4.5
4.5,7.5,4.55
4.5,7.5,4.6
4.5,7.5,4.65
4.5,7.5,4.7
4.5,7.5,4.75
4.5,7.5,4.8
4.5,7.5,4.85
4.5,7.5,4.9
4.5,7.5,4.95
4.5,7.5,5
4.5,8,0
4.5,8,0.05
4.5,8,0.1
4.5,8,0.15
4.5,8,0.2
4.5,8,0.25
4.5,8,0.3
4.5,8,0.35
4.5,8,0.4
4.5,8,0.45
4.5,8,0.5
4.5,8,0.55
4.5,8,0.6
4.5,8,0.65
4.5,8,0.7
4.5,8,0.75
4.5,8,0.8
4.5,8,0.85
4.5,8,0.9
4.5,8,0.95
4.5,8,1
4.5,8,1.05
4.5,8,1.1
4.5,8,1.15
4.5,8,1.2
4.5,8,1.25
4.5,8,1.3
4.5,8,1.35
4.5,8,1.4
4.5,8,1.45
4.5,8,1.5
4.5,8,1.55
4.5,8,1.6
4.5,8,1.65
4.5,8,1.7
4.5,8,1.75
4.5,8,1.8
4.5,8,1.85
4.5,8,1.9
4.5,8,1.95
4.5,8,2
4.5,8,2.05
4.5,8,2.1
4.5,8,2.15
4.5,8,2.2
4.5,8,2.25
4.5,8,2.3
4.5,8,2.35
4.5,8,2.4
4.5,8,2.45
4.5,8,2.5
4.5,8,2.55
4.5,8,2.6
4.5,8,2.65
4.5,8,2.7
4.5,8,2.75
4.5,8,2.8
4.5,8,2.85
4.5,8,2.9
4.5,8,2.95
4.5,8,3
4.5,8,3.05
4.5,8,3.1
4.5,8,3.15
4.5,8,3.2
4.5,8,3.25
4.5,8,3.3
4.5,8,3.35
4.5,8,3.4
4.5,8,3.45
4.5,8,3.5
4.5,8,3.55
4.5,8,3.6
4.5,8,3.65
4.5,8,3.7
4.5,8,3.75
4.5,8,3.8
4.5,8,3.85
4.5,8,3.9
4.5,8,3.95
4.5,8,4
4.5,8,4.05
4.5,8,4.1
4.5,8,4.15
4.5,8,4.2
4.5,8,4.25
4.5,8,4.3
4.5,8,4.35
4.5,8,4.4
4.5,8,4.45
4.5,8,4.5
4.5,8,4.55
4.5,8,4.6
4.5,8,4.65
4.5,8,4.7
4.5,8,4.75
4.5,8,4.8
4.5,8,4.85
4.5,8,4.9
4.5,8,4.95
4.5,8,5
4.5,8.5,0
4.5,8.5,0.05
4.5,8.5,0.1
4.5,8.5,0.15
4.5,8.5,0.2
4.5,8.5,0.25
4.5,8.5,0.3
4.5,8.5,0.35
4.5,8.5,0.4
4.5,8.5,0.45
4.5,8.5,0.5
4.5,8.5,0.55
4.5,8.5,0.6
4.5,8.5,0.65
4.5,8.5,0.7
4.5,8.5,0.75
4.5,8.5,0.8
4.5,8.5,0.85
4.5,8.5,0.9
4.5,8.5,0.95
4.5,8.5,1
4.5,8.5,1.05
4.5,8.5,1.1
4.5,8.5,1.15
4.5,8.5,1.2
4.5,8.5,1.25
4.5,8.5,1.3
4.5,8.5,1.35
4.5,8.5,1.4
4.5,8.5,1.45
4.5,8.5,1.5
4.5,8.5,1.55
4.5,8.5,1.6
4.5,8.5,1.65
4.5,8.5,1.7
4.5,8.5,1.75
4.5,8.5,1.8
4.5,8.5,1.85
4.5,8.5,1.9
4.5,8.5,1.95
4.5,8.5,2
4.5,8.5,2.05
4.5,8.5,2.1
4.5,8.5,2.15
4.5,8.5,2.2
4.5,8.5,2.25
4.5,8.5,2.3
4.5,8.5,2.35
4.5,8.5,2.4
4.5,8.5,2.45
4.5,8.5,2.5
4.5,8.5,2.55
4.5,8.5,2.6
4.5,8.5,2.65
4.5,8.5,2.7
4.5,8.5,2.75
4.5,8.5,2.8
4.5,8.5,2.85
4.5,8.5,2.9
4.5,8.5,2.95
4.5,8.5,3
4.5,8.5,3.05
4.5,8.5,3.1
4.5,8.5,3.15
4.5,8.5,3.2
4.5,8.5,3.25
4.5,8.5,3.3
4.5,8.5,3.35
4.5,8.5,3.4
4.5,8.5,3.45
4.5,8.5,3.5
4.5,8.5,3.55
4.5,8.5,3.6
4.5,8.5,3.65
4.5,8.5,3.7
4.5,8.5,3.75
4.5,8.5,3.8
4.5,8.5,3.85
4.5,8.5,3.9
4.5,8.5,3.95
4.5,8.5,4
4.5,8.5,4.05
4.5,8.5,4.1
4.5,8.5,4.15
4.5,8.5,4.2
4.5,8.5,4.25
4.5,8.5,4.3
4.5,8.5,4.35
4.5,8.5,4.4
4.5,8.5,4.45
4.5,8.5,4.5
4.5,8.5,4.55
4.5,8.5,4.6
4.5,8.5,4.65
4.5,8.5,4.7
4.5,8.5,4.75
4.5,8.5,4.8
4.5,8.5,4.85
4.5,8.5,4.9
4.5,8.5,4.95
4.5,8.5,5
4.5,9,0
4.5,9,0.05
4.5,9,0.1
4.5,9,0.15
4.5,9,0.2
4.5,9,0.25
4.5,9,0.3
4.5,9,0.35
4.5,9,0.4
4.5,9,0.45
4.5,9,0.5
4.5,9,0.55
4.5,9,0.6
4.5,9,0.65
4.5,9,0.7
4.5,9,0.75
4.5,9,0.8
4.5,9,0.85
4.5,9,0.9
4.5,9,0.95
4.5,9,1
4.5,9,1.05
4.5,9,1.1
4.5,9,1.15
4.5,9,1.2
4.5,9,1.25
4.5,9,1.3
4.5,9,1.35
4.5,9,1.4
4.5,9,1.45
4.5,9,1.5
4.5,9,1.55
4.5,9,1.6
4.5,9,1.65
4.5,9,1.7
4.5,9,1.75
4.5,9,1.8
4.5,9,1.85
4.5,9,1.9
4.5,9,1.95
4.5,9,2
4.5,9,2.05
4.5,9,2.1
4.5,9,2.15
4.5,9,2.2
4.5,9,2.25
4.5,9,2.3
4.5,9,2.35
4.5,9,2.4
4.5,9,2.45
4.5,9,2.5
4.5,9,2.55
4.5,9,2.6
4.5,9,2.65
4.5,9,2.7
4.5,9,2.75
4.5,9,2.8
4.5,9,2.85
4.5,9,2.9
4.5,9,2.95
4.5,9,3
4.5,9,3.05
4.5,9,3.1
4.5,9,3.15
4.5,9,3.2
4.5,9,3.25
4.5,9,3.3
4.5,9,3.35
4.5,9,3.4
4.5,9,3.45
4.5,9,3.5
4.5,9,3.55
4.5,9,3.6
4.5,9,3.65
4.5,9,3.7
4.5,9,3.75
4.5,9,3.8
4.5,9,3.85
4.5,9,3.9
4.5,9,3.95
4.5,9,4
4.5,9,4.05
4.5,9,4.1
4.5,9,4.15
4.5,9,4.2
4.5,9,4.25
4.5,9,4.3
4.5,9,4.35
4.5,9,4.4
4.5,9,4.45
4.5,9,4.5
4.5,9,4.55
4.5,9,4.6
4.5,9,4.65
4.5,9,4.7
4.5,9,4.75
4.5,9,4.8
4.5,9,4.85
4.5,9,4.9
4.5,9,4.95
4.5,9,5
4.5,9.5,0
4.5,9.5,0.05
4.5,9.5,0.1
4.5,9.5,0.15
4.5,9.5,0.2
4.5,9.5,0.25
4.5,9.5,0.3
4.5,9.5,0.35
4.5,9.5,0.4
4.5,9.5,0.45
4.5,9.5,0.5
4.5,9.5,0.55
4.5,9.5,0.6
4.5,9.5,0.65
4.5,9.5,0.7
4.5,9.5,0.75
4.5,9.5,0.8
4.5,9.5,0.85
4.5,9.5,0.9
4.5,9.5,0.95
4.5,9.5,1
4.5,9.5,1.05
4.5,9.5,1.1
4.5,9.5,1.15
4.5,9.5,1.2
4.5,9.5,1.25
4.5,9.5,1.3
4.5,9.5,1.35
4.5,9.5,1.4
4.5,9.5,1.45
4.5,9.5,1.5
4.5,9.5,1.55
4.5,9.5,1.6
4.5,9.5,1.65
4.5,9.5,1.7
4.5,9.5,1.75
4.5,9.5,1.8
4.5,9.5,1.85
4.5,9.5,1.9
4.5,9.5,1.95
4.5,9.5,2
4.5,9.5,2.05
4.5,9.5,2.1
4.5,9.5,2.15
4.5,9.5,2.2
4.5,9.5,2.25
4.5,9.5,2.3
4.5,9.5,2.35
4.5,9.5,2.4
4.5,9.5,2.45
4.5,9.5,2.5
4.5,9.5,2.55
4.5,9.5,2.6
4.5,9.5,2.65
4.5,9.5,2.7
4.5,9.5,2.75
4.5,9.5,2.8
4.5,9.5,2.85
4.5,9.5,2.9
4.5,9.5,2.95
4.5,9.5,3
4.5,9.5,3.05
4.5,9.5,3.1
4.5,9.5,3.15
4.5,9.5,3.2
4.5,9.5,3.25
4.5,9.5,3.3
4.5,9.5,3.35
4.5,9.5,3.4
4.5,9.5,3.45
4.5,9.5,3.5
4.5,9.5,3.55
4.5,9.5,3.6
4.5,9.5,3.65
4.5,9.5,3.7
4.5,9.5,3.75
4.5,9.5,3.8
4.5,9.5,3.85
4.5,9.5,3.9
4.5,9.5,3.95
4.5,9.5,4
4.5,9.5,4.05
4.5,9.5,4.1
4.5,9.5,4.15
4.5,9.5,4.2
4.5,9.5,4.25
4.5,9.5,4.3
4.5,9.5,4.35
4.5,9.5,4.4
4.5,9.5,4.45
4.5,9.5,4.5
4.5,9.5,4.55
4.5,9.5,4.6
4.5,9.5,4.65
4.5,9.5,4.7
4.5,9.5,4.75
4.5,9.5,4.8
4.5,9.5,4.85
4.5,9.5,4.9
4.5,9.5,4.95
4.5,9.5,5
4.5,10,0
4.5,10,0.05
4.5,10,0.1
4.5,10,0.15
4.5,10,0.2
4.5,10,0.25
4.5,10,0.3
4.5,10,0.35
4.5,10,0.4
4.5,10,0.45
4.5,10,0.5
4.5,10,0.55
4.5,10,0.6
4.5,10,0.65
4.5,10,0.7
4.5,10,0.75
4.5,10,0.8
4.5,10,0.85
4.5,10,0.9
4.5,10,0.95
4.5,10,1
4.5,10,1.05
4.5,10,1.1
4.5,10,1.15
4.5,10,1.2
4.5,10,1.25
4.5,10,1.3
4.5,10,1.35
4.5,10,1.4
4.5,10,1.45
4.5,10,1.5
4.5,10,1.55
4.5,10,1.6
4.5,10,1.65
4.5,10,1.7
4.5,10,1.75
4.5,10,1.8
4.5,10,1.85
4.5,10,1.9
4.5,10,1.95
4.5,10,2
4.5,10,2.05
4.5,10,2.1
4.5,10,2.15
4.5,10,2.2
4.5,10,2.25
4.5,10,2.3
4.5,10,2.35
4.5,10,2.4
4.5,10,2.45
4.5,10,2.5
4.5,10,2.55
4.5,10,2.6
4.5,10,2.65
4.5,10,2.7
4.5,10,2.75
4.5,10,2.8
4.5,10,2.85
4.5,10,2.9
4.5,10,2.95
4.5,10,3
4.5,10,3.05
4.5,10,3.1
4.5,10,3.15
4.5,10,3.2
4.5,10,3.25
4.5,10,3.3
4.5,10,3.35
4.5,10,3.4
4.5,10,3.45
4.5,10,3.5
4.5,10,3.55
4.5,10,3.6
4.5,10,3.65
4.5,10,3.7
4.5,10,3.75
4.5,10,3.8
4.5,10,3.85
4.5,10,3.9
4.5,10,3.95
4.5,10,4
4.5,10,4.05
4.5,10,4.1
4.5,10,4.15
4.5,10,4.2
4.5,10,4.25
4.5,10,4.3
4.5,10,4.35
4.5,10,4.4
4.5,10,4.45
4.5,10,4.5
4.5,10,4.55
4.5,10,4.6
4.5,10,4.65
4.5,10,4.7
4.5,10,4.75
4.5,10,4.8
4.5,10,4.85
4.5,10,4.9
4.5,10,4.95
4.5,10,5
5,0,0
5,0,0.05
5,0,0.1
5,0,0.15
5,0,0.2
5,0,0.25
5,0,0.3
5,0,0.35
5,0,0.4
5,0,0.45
5,0,0.5
5,0,0.55
5,0,0.6
5,0,0.65
5,0,0.7
5,0,0.75
5,0,0.8
5,0,0.85
5,0,0.9
5,0,0.95
5,0,1
5,0,1.05
5,0,1.1
5,0,1.15
5,0,1.2
5,0,1.25
5,0,1.3
5,0,1.35
5,0,1.4
5,0,1.45
5,0,1.5
5,0,1.55
5,0,1.6
5,0,1.65
5,0,1.7
5,0,1.75
5,0,1.8
5,0,1.85
5,0,1.9
5,0,1.95
5,0,2
5,0,2.05
5,0,2.1
5,0,2.15
5,0,2.2
5,0,2.25
5,0,2.3
5,0,2.35
5,0,2.4
5,0,2.45
5,0,2.5
5,0,2.55
5,0,2.6
5,0,2.65
5,0,2.7
5,0,2.75
5,0,2.8
5,0,2.85
5,0,2.9
5,0,2.95
5,0,3
5,0,3.05
5,0,3.1
5,0,3.15
5,0,3.2
5,0,3.25
5,0,3.3
5,0,3.35
5,0,3.4
5,0,3.45
5,0,3.5
5,0,3.55
5,0,3.6
5,0,3.65
5,0,3.7
5,0,3.75
5,0,3.8
5,0,3.85
5,0,3.9
5,0,3.95
5,0,4
5,0,4.05
5,0,4.1
5,0,4.15
5,0,4.2
5,0,4.25
5,0,4.3
5,0,4.35
5,0,4.4
5,0,4.45
5,0,4.5
5,0,4.55
5,0,4.6
5,0,4.65
5,0,4.7
5,0,4.75
5,0,4.8
5,0,4.85
5,0,4.9
5,0,4.95
5,0,5
5,0.5,0
5,0.5,0.05
5,0.5,0.1
5,0.5,0.15
5,0.5,0.2
5,0.5,0.25
5,0.5,0.3
5,0.5,0.35
5,0.5,0.4
5,0.5,0.45
5,0.5,0.5
5,0.5,0.55
5,0.5,0.6
5,0.5,0.65
5,0.5,0.7
5,0.5,0.75
5,0.5,0.8
5,0.5,0.85
5,0.5,0.9
5,0.5,0.95
5,0.5,1
5,0.5,1.05
5,0.5,1.1
5,0.5,1.15
5,0.5,1.2
5,0.5,1.25
5,0.5,1.3
5,0.5,1.35
5,0.5,1.4
5,0.5,1.45
5,0.5,1.5
5,0.5,1.55
5,0.5,1.6
5,0.5,1.65
5,0.5,1.7
5,0.5,1.75
5,0.5,1.8
5,0.5,1.85
5,0.5,1.9
5,0.5,1.95
5,0.5,2
5,0.5,2.05
5,0.5,2.1
5,0.5,2.15
5,0.5,2.2
5,0.5,2.25
5,0.5,2.3
5,0.5,2.35
5,0.5,2.4
5,0.5,2.45
5,0.5,2.5
5,0.5,2.55
5,0.5,2.6
5,0.5,2.65
5,0.5,2.7
5,0.5,2.75
5,0.5,2.8
5,0.5,2.85
5,0.5,2.9
5,0.5,2.95
5,0.5,3
5,0.5,3.05
5,0.5,3.1
5,0.5,3.15
5,0.5,3.2
5,0.5,3.25
5,0.5,3.3
5,0.5,3.35
5,0.5,3.4
5,0.5,3.45
5,0.5,3.5
5,0.5,3.55
5,0.5,3.6
5,0.5,3.65
5,0.5,3.7
5,0.5,3.75
5,0.5,3.8
5,0.5,3.85
5,0.5,3.9
5,0.5,3.95
5,0.5,4
5,0.5,4.05
5,0.5,4.1
5,0.5,4.15
5,0.5,4.2
5,0.5,4.25
5,0.5,4.3
5,0.5,4.35
5,0.5,4.4
5,0.5,4.45
5,0.5,4.5
5,0.5,4.55
5,0.5,4.6
5,0.5,4.65
5,0.5,4.7
5,0.5,4.75
5,0.5,4.8
5,0.5,4.85
5,0.5,4.9
5,0.5,4.95
5,0.5,5
5,1,0
5,1,0.05
5,1,0.1
5,1,0.15
5,1,0.2
5,1,0.25
5,1,0.3
5,1,0.35
5,1,0.4
5,1,0.45
5,1,0.5
5,1,0.55
5,1,0.6
5,1,0.65
5,1,0.7
5,1,0.75
5,1,0.8
5,1,0.85
5,1,0.9
5,1,0.95
5,1,1
5,1,1.05
5,1,1.1
5,1,1.15
5,1,1.2
5,1,1.25
5,1,1.3
5,1,1.35
5,1,1.4
5,1,1.45
5,1,1.5
5,1,1.55
5,1,1.6
5,1,1.65
5,1,1.7
5,1,1.75
5,1,1.8
5,1,1.85
5,1,1.9
5,1,1.95
5,1,2
5,1,2.05
5,1,2.1
5,1,2.15
5,1,2.2
5,1,2.25
5,1,2.3
5,1,2.35
5,1,2.4
5,1,2.45
5,1,2.5
5,1,2.55
5,1,2.6
5,1,2.65
5,1,2.7
5,1,2.75
5,1,2.8
5,1,2.85
5,1,2.9
5,1,2.95
5,1,3
5,1,3.05
5,1,3.1
5,1,3.15
5,1,3.2
5,1,3.25
5,1,3.3
5,1,3.35
5,1,3.4
5,1,3.45
5,1,3.5
5,1,3.55
5,1,3.6
5,1,3.65
5,1,3.7
5,1,3.75
5,1,3.8
5,1,3.85
5,1,3.9
5,1,3.95
5,1,4
5,1,4.05
5,1,4.1
5,1,4.15
5,1,4.2
5,1,4.25
5,1,4.3
5,1,4.35
5,1,4.4
5,1,4.45
5,1,4.5
5,1,4.55
5,1,4.6
5,1,4.65
5,1,4.7
5,1,4.75
5,1,4.8
5,1,4.85
5,1,4.9
5,1,4.95
5,1,5
5,1.5,0
5,1.5,0.05
5,1.5,0.1
5,1.5,0.15
5,1.5,0.2
5,1.5,0.25
5,1.5,0.3
5,1.5,0.35
5,1.5,0.4
5,1.5,0.45
5,1.5,0.5
5,1.5,0.55
5,1.5,0.6
5,1.5,0.65
5,1.5,0.7
5,1.5,0.75
5,1.5,0.8
5,1.5,0.85
5,1.5,0.9
5,1.5,0.95
5,1.5,1
5,1.5,1.05
5,1.5,1.1
5,1.5,1.15
5,1.5,1.2
5,1.5,1.25
5,1.5,1.3
5,1.5,1.35
5,1.5,1.4
5,1.5,1.45
5,1.5,1.5
5,1.5,1.55
5,1.5,1.6
5,1.5,1.65
5,1.5,1.7
5,1.5,1.75
5,1.5,1.8
5,1.5,1.85
5,1.5,1.9
5,1.5,1.95
5,1.5,2
5,1.5,2.05
5,1.5,2.1
5,1.5,2.15
5,1.5,2.2
5,1.5,2.25
5,1.5,2.3
5,1.5,2.35
5,1.5,2.4
5,1.5,2.45
5,1.5,2.5
5,1.5,2.55
5,1.5,2.6
5,1.5,2.65
5,1.5,2.7
5,1.5,2.75
5,1.5,2.8
5,1.5,2.85
5,1.5,2.9
5,1.5,2.95
5,1.5,3
5,1.5,3.05
5,1.5,3.1
5,1.5,3.15
5,1.5,3.2
5,1.5,3.25
5,1.5,3.3
5,1.5,3.35
5,1.5,3.4
5,1.5,3.45
5,1.5,3.5
5,1.5,3.55
5,1.5,3.6
5,1.5,3.65
5,1.5,3.7
5,1.5,3.75
5,1.5,3.8
5,1.5,3.85
5,1.5,3.9
5,1.5,3.95
5,1.5,4
5,1.5,4.05
5,1.5,4.1
5,1.5,4.15
5,1.5,4.2
5,1.5,4.25
5,1.5,4.3
5,1.5,4.35
5,1.5,4.4
5,1.5,4.45
5,1.5,4.5
5,1.5,4.55
5,1.5,4.6
5,1.5,4.65
5,1.5,4.7
5,1.5,4.75
5,1.5,4.8
5,1.5,4.85
5,1.5,4.9
5,1.5,4.95
5,1.5,5
5,2,0
5,2,0.05
5,2,0.1
5,2,0.15
5,2,0.2
5,2,0.25
5,2,0.3
5,2,0.35
5,2,0.4
5,2,0.45
5,2,0.5
5,2,0.55
5,2,0.6
5,2,0.65
5,2,0.7
5,2,0.75
5,2,0.8
5,2,0.85
5,2,0.9
5,2,0.95
5,2,1
5,2,1.05
5,2,1.1
5,2,1.15
5,2,1.2
5,2,1.25
5,2,1.3
5,2,1.35
5,2,1.4
5,2,1.45
5,2,1.5
5,2,1.55
5,2,1.6
5,2,1.65
5,2,1.7
5,2,1.75
5,2,1.8
5,2,1.85
5,2,1.9
5,2,1.95
5,2,2
5,2,2.05
5,2,2.1
5,2,2.15
5,2,2.2
5,2,2.25
5,2,2.3
5,2,2.35
5,2,2.4
5,2,2.45
5,2,2.5
5,2,2.55
5,2,2.6
5,2,2.65
5,2,2.7
5,2,2.75
5,2,2.8
5,2,2.85
5,2,2.9
5,2,2.95
5,2,3
5,2,3.05
5,2,3.1
5,2,3.15
5,2,3.2
5,2,3.25
5,2,3.3
5,2,3.35
5,2,3.4
5,2,3.45
5,2,3.5
5,2,3.55
5,2,3.6
5,2,3.65
5,2,3.7
5,2,3.75
5,2,3.8
5,2,3.85
5,2,3.9
5,2,3.95
5,2,4
5,2,4.05
5,2,4.1
5,2,4.15
5,2,4.2
5,2,4.25
5,2,4.3
5,2,4.35
5,2,4.4
5,2,4.45
5,2,4.5
5,2,4.55
5,2,4.6
5,2,4.65
5,2,4.7
5,2,4.75
5,2,4.8
5,2,4.85
5,2,4.9
5,2,4.95
5,2,5
5,2.5,0
5,2.5,0.05
5,2.5,0.1
5,2.5,0.15
5,2.5,0.2
5,2.5,0.25
5,2.5,0.3
5,2.5,0.35
5,2.5,0.4
5,2.5,0.45
5,2.5,0.5
5,2.5,0.55
5,2.5,0.6
5,2.5,0.65
5,2.5,0.7
5,2.5,0.75
5,2.5,0.8
5,2.5,0.85
5,2.5,0.9
5,2.5,0.95
5,2.5,1
5,2.5,1.05
5,2.5,1.1
5,2.5,1.15
5,2.5,1.2
5,2.5,1.25
5,2.5,1.3
5,2.5,1.35
5,2.5,1.4
5,2.5,1.45
5,2.5,1.5
5,2.5,1.55
5,2.5,1.6
5,2.5,1.65
5,2.5,1.7
5,2.5,1.75
5,2.5,1.8
5,2.5,1.85
5,2.5,1.9
5,2.5,1.95
5,2.5,2
5,2.5,2.05
5,2.5,2.1
5,2.5,2.15
5,2.5,2.2
5,2.5,2.25
5,2.5,2.3
5,2.5,2.35
5,2.5,2.4
5,2.5,2.45
5,2.5,2.5
5,2.5,2.55
5,2.5,2.6
5,2.5,2.65
5,2.5,2.7
5,2.5,2.75
5,2.5,2.8
5,2.5,2.85
5,2.5,2.9
5,2.5,2.95
5,2.5,3
5,2.5,3.05
5,2.5,3.1
5,2.5,3.15
5,2.5,3.2
5,2.5,3.25
5,2.5,3.3
5,2.5,3.35
5,2.5,3.4
5,2.5,3.45
5,2.5,3.5
5,2.5,3.55
5,2.5,3.6
5,2.5,3.65
5,2.5,3.7
5,2.5,3.75
5,2.5,3.8
5,2.5,3.85
5,2.5,3.9
5,2.5,3.95
5,2.5,4
5,2.5,4.05
5,2.5,4.1
5,2.5,4.15
5,2.5,4.2
5,2.5,4.25
5,2.5,4.3
5,2.5,4.35
5,2.5,4.4
5,2.5,4.45
5,2.5,4.5
5,2.5,4.55
5,2.5,4.6
5,2.5,4.65
5,2.5,4.7
5,2.5,4.75
5,2.5,4.8
5,2.5,4.85
5,2.5,4.9
5,2.5,4.95
5,2.5,5
5,3,0
5,3,0.05
5,3,0.1
5,3,0.15
5,3,0.2
5,3,0.25
5,3,0.3
5,3,0.35
5,3,0.4
5,3,0.45
5,3,0.5
5,3,0.55
5,3,0.6
5,3,0.65
5,3,0.7
5,3,0.75
5,3,0.8
5,3,0.85
5,3,0.9
5,3,0.95
5,3,1
5,3,1.05
5,3,1.1
5,3,1.15
5,3,1.2
5,3,1.25
5,3,1.3
5,3,1.35
5,3,1.4
5,3,1.45
5,3,1.5
5,3,1.55
5,3,1.6
5,3,1.65
5,3,1.7
5,3,1.75
5,3,1.8
5,3,1.85
5,3,1.9
5,3,1.95
5,3,2
5,3,2.05
5,3,2.1
5,3,2.15
5,3,2.2
5,3,2.25
5,3,2.3
5,3,2.35
5,3,2.4
5,3,2.45
5,3,2.5
5,3,2.55
5,3,2.6
5,3,2.65
5,3,2.7
5,3,2.75
5,3,2.8
5,3,2.85
5,3,2.9
5,3,2.95
5,3,3
5,3,3.05
5,3,3.1
5,3,3.15
5,3,3.2
5,3,3.25
5,3,3.3
5,3,3.35
5,3,3.4
5,3,3.45
5,3,3.5
5,3,3.55
5,3,3.6
5,3,3.65
5,3,3.7
5,3,3.75
5,3,3.8
5,3,3.85
5,3,3.9
5,3,3.95
5,3,4
5,3,4.05
5,3,4.1
5,3,4.15
5,3,4.2
5,3,4.25
5,3,4.3
5,3,4.35
5,3,4.4
5,3,4.45
5,3,4.5
5,3,4.55
5,3,4.6
5,3,4.65
5,3,4.7
5,3,4.75
5,3,4.8
5,3,4.85
5,3,4.9
5,3,4.95
5,3,5
5,3.5,0
5,3.5,0.05
5,3.5,0.1
5,3.5,0.15
5,3.5,0.2
5,3.5,0.25
5,3.5,0.3
5,3.5,0.35
5,3.5,0.4
5,3.5,0.45
5,3.5,0.5
5,3.5,0.55
5,3.5,0.6
5,3.5,0.65
5,3.5,0.7
5,3.5,0.75
5,3.5,0.8
5,3.5,0.85
5,3.5,0.9
5,3.5,0.95
5,3.5,1
5,3.5,1.05
5,3.5,1.1
5,3.5,1.15
5,3.5,1.2
5,3.5,1.25
5,3.5,1.3
5,3.5,1.35
5,3.5,1.4
5,3.5,1.45
5,3.5,1.5
5,3.5,1.55
5,3.5,1.6
5,3.5,1.65
5,3.5,1.7
5,3.5,1.75
5,3.5,1.8
5,3.5,1.85
5,3.5,1.9
5,3.5,1.95
5,3.5,2
5,3.5,2.05
5,3.5,2.1
5,3.5,2.15
5,3.5,2.2
5,3.5,2.25
5,3.5,2.3
5,3.5,2.35
5,3.5,2.4
5,3.5,2.45
5,3.5,2.5
5,3.5,2.55
5,3.5,2.6
5,3.5,2.65
5,3.5,2.7
5,3.5,2.75
5,3.5,2.8
5,3.5,2.85
5,3.5,2.9
5,3.5,2.95
5,3.5,3
5,3.5,3.05
5,3.5,3.1
5,3.5,3.15
5,3.5,3.2
5,3.5,3.25
5,3.5,3.3
5,3.5,3.35
5,3.5,3.4
5,3.5,3.45
5,3.5,3.5
5,3.5,3.55
5,3.5,3.6
5,3.5,3.65
5,3.5,3.7
5,3.5,3.75
5,3.5,3.8
5,3.5,3.85
5,3.5,3.9
5,3.5,3.95
5,3.5,4
5,3.5,4.05
5,3.5,4.1
5,3.5,4.15
5,3.5,4.2
5,3.5,4.25
5,3.5,4.3
5,3.5,4.35
5,3.5,4.4
5,3.5,4.45
5,3.5,4.5
5,3.5,4.55
5,3.5,4.6
5,3.5,4.65
5,3.5,4.7
5,3.5,4.75
5,3.5,4.8
5,3.5,4.85
5,3.5,4.9
5,3.5,4.95
5,3.5,5
5,4,0
5,4,0.05
5,4,0.1
5,4,0.15
5,4,0.2
5,4,0.25
5,4,0.3
5,4,0.35
5,4,0.4
5,4,0.45
5,4,0.5
5,4,0.55
5,4,0.6
5,4,0.65
5,4,0.7
5,4,0.75
5,4,0.8
5,4,0.85
5,4,0.9
5,4,0.95
5,4,1
5,4,1.05
5,4,1.1
5,4,1.15
5,4,1.2
5,4,1.25
5,4,1.3
5,4,1.35
5,4,1.4
5,4,1.45
5,4,1.5
5,4,1.55
5,4,1.6
5,4,1.65
5,4,1.7
5,4,1.75
5,4,1.8
5,4,1.85
5,4,1.9
5,4,1.95
5,4,2
5,4,2.05
5,4,2.1
5,4,2.15
5,4,2.2
5,4,2.25
5,4,2.3
5,4,2.35
5,4,2.4
5,4,2.45
5,4,2.5
5,4,2.55
5,4,2.6
5,4,2.65
5,4,2.7
5,4,2.75
5,4,2.8
5,4,2.85
5,4,2.9
5,4,2.95
5,4,3
5,4,3.05
5,4,3.1
5,4,3.15
5,4,3.2
5,4,3.25
5,4,3.3
5,4,3.35
5,4,3.4
5,4,3.45
5,4,3.5
5,4,3.55
5,4,3.6
5,4,3.65
5,4,3.7
5,4,3.75
5,4,3.8
5,4,3.85
5,4,3.9
5,4,3.95
5,4,4
5,4,4.05
5,4,4.1
5,4,4.15
5,4,4.2
5,4,4.25
5,4,4.3
5,4,4.35
5,4,4.4
5,4,4.45
5,4,4.5
5,4,4.55
5,4,4.6
5,4,4.65
5,4,4.7
5,4,4.75
5,4,4.8
5,4,4.85
5,4,4.9
5,4,4.95
5,4,5
5,4.5,0
5,4.5,0.05
5,4.5,0.1
5,4.5,0.15
5,4.5,0.2
5,4.5,0.25
5,4.5,0.3
5,4.5,0.35
5,4.5,0.4
5,4.5,0.45
5,4.5,0.5
5,4.5,0.55
5,4.5,0.6
5,4.5,0.65
5,4.5,0.7
5,4.5,0.75
5,4.5,0.8
5,4.5,0.85
5,4.5,0.9
5,4.5,0.95
5,4.5,1
5,4.5,1.05
5,4.5,1.1
5,4.5,1.15
5,4.5,1.2
5,4.5,1.25
5,4.5,1.3
5,4.5,1.35
5,4.5,1.4
5,4.5,1.45
5,4.5,1.5
5,4.5,1.55
5,4.5,1.6
5,4.5,1.65
5,4.5,1.7
5,4.5,1.75
5,4.5,1.8
5,4.5,1.85
5,4.5,1.9
5,4.5,1.95
5,4.5,2
5,4.5,2.05
5,4.5,2.1
5,4.5,2.15
5,4.5,2.2
5,4.5,2.25
5,4.5,2.3
5,4.5,2.35
5,4.5,2.4
5,4.5,2.45
5,4.5,2.5
5,4.5,2.55
5,4.5,2.6
5,4.5,2.65
5,4.5,2.7
5,4.5,2.75
5,4.5,2.8
5,4.5,2.85
5,4.5,2.9
5,4.5,2.95
5,4.5,3
5,4.5,3.05
5,4.5,3.1
5,4.5,3.15
5,4.5,3.2
5,4.5,3.25
5,4.5,3.3
5,4.5,3.35
5,4.5,3.4
5,4.5,3.45
5,4.5,3.5
5,4.5,3.55
5,4.5,3.6
5,4.5,3.65
5,4.5,3.7
5,4.5,3.75
5,4.5,3.8
5,4.5,3.85
5,4.5,3.9
5,4.5,3.95
5,4.5,4
5,4.5,4.05
5,4.5,4.1
5,4.5,4.15
5,4.5,4.2
5,4.5,4.25
5,4.5,4.3
5,4.5,4.35
5,4.5,4.4
5,4.5,4.45
5,4.5,4.5
5,4.5,4.55
5,4.5,4.6
5,4.5,4.65
5,4.5,4.7
5,4.5,4.75
5,4.5,4.8
5,4.5,4.85
5,4.5,4.9
5,4.5,4.95
5,4.5,5
5,5,0
5,5,0.05
5,5,0.1
5,5,0.15
5,5,0.2
5,5,0.25
5,5,0.3
5,5,0.35
5,5,0.4
5,5,0.45
5,5,0.5
5,5,0.55
5,5,0.6
5,5,0.65
5,5,0.7
5,5,0.75
5,5,0.8
5,5,0.85
5,5,0.9
5,5,0.95
5,5,1
5,5,1.05
5,5,1.1
5,5,1.15
5,5,1.2
5,5,1.25
5,5,1.3
5,5,1.35
5,5,1.4
5,5,1.45
5,5,1.5
5,5,1.55
5,5,1.6
5,5,1.65
5,5,1.7
5,5,1.75
5,5,1.8
5,5,1.85
5,5,1.9
5,5,1.95
5,5,2
5,5,2.05
5,5,2.1
5,5,2.15
5,5,2.2
5,5,2.25
5,5,2.3
5,5,2.35
5,5,2.4
5,5,2.45
5,5,2.5
5,5,2.55
5,5,2.6
5,5,2.65
5,5,2.7
5,5,2.75
5,5,2.8
5,5,2.85
5,5,2.9
5,5,2.95
5,5,3
5,5,3.05
5,5,3.1
5,5,3.15
5,5,3.2
5,5,3.25
5,5,3.3
5,5,3.35
5,5,3.4
5,5,3.45
5,5,3.5
5,5,3.55
5,5,3.6
5,5,3.65
5,5,3.7
5,5,3.75
5,5,3.8
5,5,3.85
5,5,3.9
5,5,3.95
5,5,4
5,5,4.05
5,5,4.1
5,5,4.15
5,5,4.2
5,5,4.25
5,5,4.3
5,5,4.35
5,5,4.4
5,5,4.45
5,5,4.5
5,5,4.55
5,5,4.6
5,5,4.65
5,5,4.7
5,5,4.75
5,5,4.8
5,5,4.85
5,5,4.9
5,5,4.95
5,5,5
5,5.5,0
5,5.5,0.05
5,5.5,0.1
5,5.5,0.15
5,5.5,0.2
5,5.5,0.25
5,5.5,0.3
5,5.5,0.35
5,5.5,0.4
5,5.5,0.45
5,5.5,0.5
5,5.5,0.55
5,5.5,0.6
5,5.5,0.65
5,5.5,0.7
5,5.5,0.75
5,5.5,0.8
5,5.5,0.85
5,5.5,0.9
5,5.5,0.95
5,5.5,1
5,5.5,1.05
5,5.5,1.1
5,5.5,1.15
5,5.5,1.2
5,5.5,1.25
5,5.5,1.3
5,5.5,1.35
5,5.5,1.4
5,5.5,1.45
5,5.5,1.5
5,5.5,1.55
5,5.5,1.6
5,5.5,1.65
5,5.5,1.7
5,5.5,1.75
5,5.5,1.8
5,5.5,1.85
5,5.5,1.9
5,5.5,1.95
5,5.5,2
5,5.5,2.05
5,5.5,2.1
5,5.5,2.15
5,5.5,2.2
5,5.5,2.25
5,5.5,2.3
5,5.5,2.35
5,5.5,2.4
5,5.5,2.45
5,5.5,2.5
5,5.5,2.55
5,5.5,2.6
5,5.5,2.65
5,5.5,2.7
5,5.5,2.75
5,5.5,2.8
5,5.5,2.85
5,5.5,2.9
5,5.5,2.95
5,5.5,3
5,5.5,3.05
5,5.5,3.1
5,5.5,3.15
5,5.5,3.2
5,5.5,3.25
5,5.5,3.3
5,5.5,3.35
5,5.5,3.4
5,5.5,3.45
5,5.5,3.5
5,5.5,3.55
5,5.5,3.6
5,5.5,3.65
5,5.5,3.7
5,5.5,3.75
5,5.5,3.8
5,5.5,3.85
5,5.5,3.9
5,5.5,3.95
5,5.5,4
5,5.5,4.05
5,5.5,4.1
5,5.5,4.15
5,5.5,4.2
5,5.5,4.25
5,5.5,4.3
5,5.5,4.35
5,5.5,4.4
5,5.5,4.45
5,5.5,4.5
5,5.5,4.55
5,5.5,4.6
5,5.5,4.65
5,5.5,4.7
5,5.5,4.75
5,5.5,4.8
5,5.5,4.85
5,5.5,4.9
5,5.5,4.95
5,5.5,5
5,6,0
5,6,0.05
5,6,0.1
5,6,0.15
5,6,0.2
5,6,0.25
5,6,0.3
5,6,0.35
5,6,0.4
5,6,0.45
5,6,0.5
5,6,0.55
5,6,0.6
5,6,0.65
5,6,0.7
5,6,0.75
5,6,0.8
5,6,0.85
5,6,0.9
5,6,0.95
5,6,1
5,6,1.05
5,6,1.1
5,6,1.15
5,6,1.2
5,6,1.25
5,6,1.3
5,6,1.35
5,6,1.4
5,6,1.45
5,6,1.5
5,6,1.55
5,6,1.6
5,6,1.65
5,6,1.7
5,6,1.75
5,6,1.8
5,6,1.85
5,6,1.9
5,6,1.95
5,6,2
5,6,2.05
5,6,2.1
5,6,2.15
5,6,2.2
5,6,2.25
5,6,2.3
5,6,2.35
5,6,2.4
5,6,2.45
5,6,2.5
5,6,2.55
5,6,2.6
5,6,2.65
5,6,2.7
5,6,2.75
5,6,2.8
5,6,2.85
5,6,2.9
5,6,2.95
5,6,3
5,6,3.05
5,6,3.1
5,6,3.15
5,6,3.2
5,6,3.25
5,6,3.3
5,6,3.35
5,6,3.4
5,6,3.45
5,6,3.5
5,6,3.55
5,6,3.6
5,6,3.65
5,6,3.7
5,6,3.75
5,6,3.8
5,6,3.85
5,6,3.9
5,6,3.95
5,6,4
5,6,4.05
5,6,4.1
5,6,4.15
5,6,4.2
5,6,4.25
5,6,4.3
5,6,4.35
5,6,4.4
5,6,4.45
5,6,4.5
5,6,4.55
5,6,4.6
5,6,4.65
5,6,4.7
5,6,4.75
5,6,4.8
5,6,4.85
5,6,4.9
5,6,4.95
5,6,5
5,6.5,0
5,6.5,0.05
5,6.5,0.1
5,6.5,0.15
5,6.5,0.2
5,6.5,0.25
5,6.5,0.3
5,6.5,0.35
5,6.5,0.4
5,6.5,0.45
5,6.5,0.5
5,6.5,0.55
5,6.5,0.6
5,6.5,0.65
5,6.5,0.7
5,6.5,0.75
5,6.5,0.8
5,6.5,0.85
5,6.5,0.9
5,6.5,0.95
5,6.5,1
5,6.5,1.05
5,6.5,1.1
5,6.5,1.15
5,6.5,1.2
5,6.5,1.25
5,6.5,1.3
5,6.5,1.35
5,6.5,1.4
5,6.5,1.45
5,6.5,1.5
5,6.5,1.55
5,6.5,1.6
5,6.5,1.65
5,6.5,1.7
5,6.5,1.75
5,6.5,1.8
5,6.5,1.85
5,6.5,1.9
5,6.5,1.95
5,6.5,2
5,6.5,2.05
5,6.5,2.1
5,6.5,2.15
5,6.5,2.2
5,6.5,2.25
5,6.5,2.3
5,6.5,2.35
5,6.5,2.4
5,6.5,2.45
5,6.5,2.5
5,6.5,2.55
5,6.5,2.6
5,6.5,2.65
5,6.5,2.7
5,6.5,2.75
5,6.5,2.8
5,6.5,2.85
5,6.5,2.9
5,6.5,2.95
5,6.5,3
5,6.5,3.05
5,6.5,3.1
5,6.5,3.15
5,6.5,3.2
5,6.5,3.25
5,6.5,3.3
5,6.5,3.35
5,6.5,3.4
5,6.5,3.45
5,6.5,3.5
5,6.5,3.55
5,6.5,3.6
5,6.5,3.65
5,6.5,3.7
5,6.5,3.75
5,6.5,3.8
5,6.5,3.85
5,6.5,3.9
5,6.5,3.95
5,6.5,4
5,6.5,4.05
5,6.5,4.1
5,6.5,4.15
5,6.5,4.2
5,6.5,4.25
5,6.5,4.3
5,6.5,4.35
5,6.5,4.4
5,6.5,4.45
5,6.5,4.5
5,6.5,4.55
5,6.5,4.6
5,6.5,4.65
5,6.5,4.7
5,6.5,4.75
5,6.5,4.8
5,6.5,4.85
5,6.5,4.9
5,6.5,4.95
5,6.5,5
5,7,0
5,7,0.05
5,7,0.1
5,7,0.15
5,7,0.2
5,7,0.25
5,7,0.3
5,7,0.35
5,7,0.4
5,7,0.45
5,7,0.5
5,7,0.55
5,7,0.6
5,7,0.65
5,7,0.7
5,7,0.75
5,7,0.8
5,7,0.85
5,7,0.9
5,7,0.95
5,7,1
5,7,1.05
5,7,1.1
5,7,1.15
5,7,1.2
5,7,1.25
5,7,1.3
5,7,1.35
5,7,1.4
5,7,1.45
5,7,1.5
5,7,1.55
5,7,1.6
5,7,1.65
5,7,1.7
5,7,1.75
5,7,1.8
5,7,1.85
5,7,1.9
5,7,1.95
5,7,2
5,7,2.05
5,7,2.1
5,7,2.15
5,7,2.2
5,7,2.25
5,7,2.3
5,7,2.35
5,7,2.4
5,7,2.45
5,7,2.5
5,7,2.55
5,7,2.6
5,7,2.65
5,7,2.7
5,7,2.75
5,7,2.8
5,7,2.85
5,7,2.9
5,7,2.95
5,7,3
5,7,3.05
5,7,3.1
5,7,3.15
5,7,3.2
5,7,3.25
5,7,3.3
5,7,3.35
5,7,3.4
5,7,3.45
5,7,3.5
5,7,3.55
5,7,3.6
5,7,3.65
5,7,3.7
5,7,3.75
5,7,3.8
5,7,3.85
5,7,3.9
5,7,3.95
5,7,4
5,7,4.05
5,7,4.1
5,7,4.15
5,7,4.2
5,7,4.25
5,7,4.3
5,7,4.35
5,7,4.4
5,7,4.45
5,7,4.5
5,7,4.55
5,7,4.6
5,7,4.65
5,7,4.7
5,7,4.75
5,7,4.8
5,7,4.85
5,7,4.9
5,7,4.95
5,7,5
5,7.5,0
5,7.5,0.05
5,7.5,0.1
5,7.5,0.15
5,7.5,0.2
5,7.5,0.25
5,7.5,0.3
5,7.5,0.35
5,7.5,0.4
5,7.5,0.45
5,7.5,0.5
5,7.5,0.55
5,7.5,0.6
5,7.5,0.65
5,7.5,0.7
5,7.5,0.75
5,7.5,0.8
5,7.5,0.85
5,7.5,0.9
5,7.5,0.95
5,7.5,1
5,7.5,1.05
5,7.5,1.1
5,7.5,1.15
5,7.5,1.2
5,7.5,1.25
5,7.5,1.3
5,7.5,1.35
5,7.5,1.4
5,7.5,1.45
5,7.5,1.5
5,7.5,1.55
5,7.5,1.6
5,7.5,1.65
5,7.5,1.7
5,7.5,1.75
5,7.5,1.8
5,7.5,1.85
5,7.5,1.9
5,7.5,1.95
5,7.5,2
5,7.5,2.05
5,7.5,2.1
5,7.5,2.15
5,7.5,2.2
5,7.5,2.25
5,7.5,2.3
5,7.5,2.35
5,7.5,2.4
5,7.5,2.45
5,7.5,2.5
5,7.5,2.55
5,7.5,2.6
5,7.5,2.65
5,7.5,2.7
5,7.5,2.75
5,7.5,2.8
5,7.5,2.85
5,7.5,2.9
5,7.5,2.95
5,7.5,3
5,7.5,3.05
5,7.5,3.1
5,7.5,3.15
5,7.5,3.2
5,7.5,3.25
5,7.5,3.3
5,7.5,3.35
5,7.5,3.4
5,7.5,3.45
5,7.5,3.5
5,7.5,3.55
5,7.5,3.6
5,7.5,3.65
5,7.5,3.7
5,7.5,3.75
5,7.5,3.8
5,7.5,3.85
5,7.5,3.9
5,7.5,3.95
5,7.5,4
5,7.5,4.05
5,7.5,4.1
5,7.5,4.15
5,7.5,4.2
5,7.5,4.25
5,7.5,4.3
5,7.5,4.35
5,7.5,4.4
5,7.5,4.45
5,7.5,4.5
5,7.5,4.55
5,7.5,4.6
5,7.5,4.65
5,7.5,4.7
5,7.5,4.75
5,7.5,4.8
5,7.5,4.85
5,7.5,4.9
5,7.5,4.95
5,7.5,5
5,8,0
5,8,0.05
5,8,0.1
5,8,0.15
5,8,0.2
5,8,0.25
5,8,0.3
5,8,0.35
5,8,0.4
5,8,0.45
5,8,0.5
5,8,0.55
5,8,0.6
5,8,0.65
5,8,0.7
5,8,0.75
5,8,0.8
5,8,0.85
5,8,0.9
5,8,0.95
5,8,1
5,8,1.05
5,8,1.1
5,8,1.15
5,8,1.2
5,8,1.25
5,8,1.3
5,8,1.35
5,8,1.4
5,8,1.45
5,8,1.5
5,8,1.55
5,8,1.6
5,8,1.65
5,8,1.7
5,8,1.75
5,8,1.8
5,8,1.85
5,8,1.9
5,8,1.95
5,8,2
5,8,2.05
5,8,2.1
5,8,2.15
5,8,2.2
5,8,2.25
5,8,2.3
5,8,2.35
5,8,2.4
5,8,2.45
5,8,2.5
5,8,2.55
5,8,2.6
5,8,2.65
5,8,2.7
5,8,2.75
5,8,2.8
5,8,2.85
5,8,2.9
5,8,2.95
5,8,3
5,8,3.05
5,8,3.1
5,8,3.15
5,8,3.2
5,8,3.25
5,8,3.3
5,8,3.35
5,8,3.4
5,8,3.45
5,8,3.5
5,8,3.55
5,8,3.6
5,8,3.65
5,8,3.7
5,8,3.75
5,8,3.8
5,8,3.85
5,8,3.9
5,8,3.95
5,8,4
5,8,4.05
5,8,4.1
5,8,4.15
5,8,4.2
5,8,4.25
5,8,4.3
5,8,4.35
5,8,4.4
5,8,4.45
5,8,4.5
5,8,4.55
5,8,4.6
5,8,4.65
5,8,4.7
5,8,4.75
5,8,4.8
5,8,4.85
5,8,4.9
5,8,4.95
5,8,5
5,8.5,0
5,8.5,0.05
5,8.5,0.1
5,8.5,0.15
5,8.5,0.2
5,8.5,0.25
5,8.5,0.3
5,8.5,0.35
5,8.5,0.4
5,8.5,0.45
5,8.5,0.5
5,8.5,0.55
5,8.5,0.6
5,8.5,0.65
5,8.5,0.7
5,8.5,0.75
5,8.5,0.8
5,8.5,0.85
5,8.5,0.9
5,8.5,0.95
5,8.5,1
5,8.5,1.05
5,8.5,1.1
5,8.5,1.15
5,8.5,1.2
5,8.5,1.25
5,8.5,1.3
5,8.5,1.35
5,8.5,1.4
5,8.5,1.45
5,8.5,1.5
5,8.5,1.55
5,8.5,1.6
5,8.5,1.65
5,8.5,1.7
5,8.5,1.75
5,8.5,1.8
5,8.5,1.85
5,8.5,1.9
5,8.5,1.95
5,8.5,2
5,8.5,2.05
5,8.5,2.1
5,8.5,2.15
5,8.5,2.2
5,8.5,2.25
5,8.5,2.3
5,8.5,2.35
5,8.5,2.4
5,8.5,2.45
5,8.5,2.5
5,8.5,2.55
5,8.5,2.6
5,8.5,2.65
5,8.5,2.7
5,8.5,2.75
5,8.5,2.8
5,8.5,2.85
5,8.5,2.9
5,8.5,2.95
5,8.5,3
5,8.5,3.05
5,8.5,3.1
5,8.5,3.15
5,8.5,3.2
5,8.5,3.25
5,8.5,3.3
5,8.5,3.35
5,8.5,3.4
5,8.5,3.45
5,8.5,3.5
5,8.5,3.55
5,8.5,3.6
5,8.5,3.65
5,8.5,3.7
5,8.5,3.75
5,8.5,3.8
5,8.5,3.85
5,8.5,3.9
5,8.5,3.95
5,8.5,4
5,8.5,4.05
5,8.5,4.1
5,8.5,4.15
5,8.5,4.2
5,8.5,4.25
5,8.5,4.3
5,8.5,4.35
5,8.5,4.4
5,8.5,4.45
5,8.5,4.5
5,8.5,4.55
5,8.5,4.6
5,8.5,4.65
5,8.5,4.7
5,8.5,4.75
5,8.5,4.8
5,8.5,4.85
5,8.5,4.9
5,8.5,4.95
5,8.5,5
5,9,0
5,9,0.05
5,9,0.1
5,9,0.15
5,9,0.2
5,9,0.25
5,9,0.3
5,9,0.35
5,9,0.4
5,9,0.45
5,9,0.5
5,9,0.55
5,9,0.6
5,9,0.65
5,9,0.7
5,9,0.75
5,9,0.8
5,9,0.85
5,9,0.9
5,9,0.95
5,9,1
5,9,1.05
5,9,1.1
5,9,1.15
5,9,1.2
5,9,1.25
5,9,1.3
5,9,1.35
5,9,1.4
5,9,1.45
5,9,1.5
5,9,1.55
5,9,1.6
5,9,1.65
5,9,1.7
5,9,1.75
5,9,1.8
5,9,1.85
5,9,1.9
5,9,1.95
5,9,2
5,9,2.05
5,9,2.1
5,9,2.15
5,9,2.2
5,9,2.25
5,9,2.3
5,9,2.35
5,9,2.4
5,9,2.45
5,9,2.5
5,9,2.55
5,9,2.6
5,9,2.65
5,9,2.7
5,9,2.75
5,9,2.8
5,9,2.85
5,9,2.9
5,9,2.95
5,9,3
5,9,3.05
5,9,3.1
5,9,3.15
5,9,3.2
5,9,3.25
5,9,3.3
5,9,3.35
5,9,3.4
5,9,3.45
5,9,3.5
5,9,3.55
5,9,3.6
5,9,3.65
5,9,3.7
5,9,3.75
5,9,3.8
5,9,3.85
5,9,3.9
5,9,3.95
5,9,4
5,9,4.05
5,9,4.1
5,9,4.15
5,9,4.2
5,9,4.25
5,9,4.3
5,9,4.35
5,9,4.4
5,9,4.45
5,9,4.5
5,9,4.55
5,9,4.6
5,9,4.65
5,9,4.7
5,9,4.75
5,9,4.8
5,9,4.85
5,9,4.9
5,9,4.95
5,9,5
5,9.5,0
5,9.5,0.05
5,9.5,0.1
5,9.5,0.15
5,9.5,0.2
5,9.5,0.25
5,9.5,0.3
5,9.5,0.35
5,9.5,0.4
5,9.5,0.45
5,9.5,0.5
5,9.5,0.55
5,9.5,0.6
5,9.5,0.65
5,9.5,0.7
5,9.5,0.75
5,9.5,0.8
5,9.5,0.85
5,9.5,0.9
5,9.5,0.95
5,9.5,1
5,9.5,1.05
5,9.5,1.1
5,9.5,1.15
5,9.5,1.2
5,9.5,1.25
5,9.5,1.3
5,9.5,1.35
5,9.5,1.4
5,9.5,1.45
5,9.5,1.5
5,9.5,1.55
5,9.5,1.6
5,9.5,1.65
5,9.5,1.7
5,9.5,1.75
5,9.5,1.8
5,9.5,1.85
5,9.5,1.9
5,9.5,1.95
5,9.5,2
5,9.5,2.05
5,9.5,2.1
5,9.5,2.15
5,9.5,2.2
5,9.5,2.25
5,9.5,2.3
5,9.5,2.35
5,9.5,2.4
5,9.5,2.45
5,9.5,2.5
5,9.5,2.55
5,9.5,2.6
5,9.5,2.65
5,9.5,2.7
5,9.5,2.75
5,9.5,2.8
5,9.5,2.85
5,9.5,2.9
5,9.5,2.95
5,9.5,3
5,9.5,3.05
5,9.5,3.1
5,9.5,3.15
5,9.5,3.2
5,9.5,3.25
5,9.5,3.3
5,9.5,3.35
5,9.5,3.4
5,9.5,3.45
5,9.5,3.5
5,9.5,3.55
5,9.5,3.6
5,9.5,3.65
5,9.5,3.7
5,9.5,3.75
5,9.5,3.8
5,9.5,3.85
5,9.5,3.9
5,9.5,3.95
5,9.5,4
5,9.5,4.05
5,9.5,4.1
5,9.5,4.15
5,9.5,4.2
5,9.5,4.25
5,9.5,4.3
5,9.5,4.35
5,9.5,4.4
5,9.5,4.45
5,9.5,4.5
5,9.5,4.55
5,9.5,4.6
5,9.5,4.65
5,9.5,4.7
5,9.5,4.75
5,9.5,4.8
5,9.5,4.85
5,9.5,4.9
5,9.5,4.95
5,9.5,5
5,10,0
5,10,0.05
5,10,0.1
5,10,0.15
5,10,0.2
5,10,0.25
5,10,0.3
5,10,0.35
5,10,0.4
5,10,0.45
5,10,0.5
5,10,0.55
5,10,0.6
5,10,0.65
5,10,0.7
5,10,0.75
5,10,0.8
5,10,0.85
5,10,0.9
5,10,0.95
5,10,1
5,10,1.05
5,10,1.1
5,10,1.15
5,10,1.2
5,10,1.25
5,10,1.3
5,10,1.35
5,10,1.4
5,10,1.45
5,10,1.5
5,10,1.55
5,10,1.6
5,10,1.65
5,10,1.7
5,10,1.75
5,10,1.8
5,10,1.85
5,10,1.9
5,10,1.95
5,10,2
5,10,2.05
5,10,2.1
5,10,2.15
5,10,2.2
5,10,2.25
5,10,2.3
5,10,2.35
5,10,2.4
5,10,2.45
5,10,2.5
5,10,2.55
5,10,2.6
5,10,2.65
5,10,2.7
5,10,2.75
5,10,2.8
5,10,2.85
5,10,2.9
5,10,2.95
5,10,3
5,10,3.05
5,10,3.1
5,10,3.15
5,10,3.2
5,10,3.25
5,10,3.3
5,10,3.35
5,10,3.4
5,10,3.45
5,10,3.5
5,10,3.55
5,10,3.6
5,10,3.65
5,10,3.7
5,10,3.75
5,10,3.8
5,10,3.85
5,10,3.9
5,10,3.95
5,10,4
5,10,4.05
5,10,4.1
5,10,4.15
5,10,4.2
5,10,4.25
5,10,4.3
5,10,4.35
5,10,4.4
5,10,4.45
5,10,4.5
5,10,4.55
5,10,4.6
5,10,4.65
5,10,4.7
5,10,4.75
5,10,4.8
5,10,4.85
5,10,4.9
5,10,4.95
5,10,5
5.5,0,0
5.5,0,0.05
5.5,0,0.1
5.5,0,0.15
5.5,0,0.2
5.5,0,0.25
5.5,0,0.3
5.5,0,0.35
5.5,0,0.4
5.5,0,0.45
5.5,0,0.5
5.5,0,0.55
5.5,0,0.6
5.5,0,0.65
5.5,0,0.7
5.5,0,0.75
5.5,0,0.8
5.5,0,0.85
5.5,0,0.9
5.5,0,0.95
5.5,0,1
5.5,0,1.05
5.5,0,1.1
5.5,0,1.15
5.5,0,1.2
5.5,0,1.25
5.5,0,1.3
5.5,0,1.35
5.5,0,1.4
5.5,0,1.45
5.5,0,1.5
5.5,0,1.55
5.5,0,1.6
5.5,0,1.65
5.5,0,1.7
5.5,0,1.75
5.5,0,1.8
5.5,0,1.85
5.5,0,1.9
5.5,0,1.95
5.5,0,2
5.5,0,2.05
5.5,0,2.1
5.5,0,2.15
5.5,0,2.2
5.5,0,2.25
5.5,0,2.3
5.5,0,2.35
5.5,0,2.4
5.5,0,2.45
5.5,0,2.5
5.5,0,2.55
5.5,0,2.6
5.5,0,2.65
5.5,0,2.7
5.5,0,2.75
5.5,0,2.8
5.5,0,2.85
5.5,0,2.9
5.5,0,2.95
5.5,0,3
5.5,0,3.05
5.5,0,3.1
5.5,0,3.15
5.5,0,3.2
5.5,0,3.25
5.5,0,3.3
5.5,0,3.35
5.5,0,3.4
5.5,0,3.45
5.5,0,3.5
5.5,0,3.55
5.5,0,3.6
5.5,0,3.65
5.5,0,3.7
5.5,0,3.75
5.5,0,3.8
5.5,0,3.85
5.5,0,3.9
5.5,0,3.95
5.5,0,4
5.5,0,4.05
5.5,0,4.1
5.5,0,4.15
5.5,0,4.2
5.5,0,4.25
5.5,0,4.3
5.5,0,4.35
5.5,0,4.4
5.5,0,4.45
5.5,0,4.5
5.5,0,4.55
5.5,0,4.6
5.5,0,4.65
5.5,0,4.7
5.5,0,4.75
5.5,0,4.8
5.5,0,4.85
5.5,0,4.9
5.5,0,4.95
5.5,0,5
5.5,0.5,0
5.5,0.5,0.05
5.5,0.5,0.1
5.5,0.5,0.15
5.5,0.5,0.2
5.5,0.5,0.25
5.5,0.5,0.3
5.5,0.5,0.35
5.5,0.5,0.4
5.5,0.5,0.45
5.5,0.5,0.5
5.5,0.5,0.55
5.5,0.5,0.6
5.5,0.5,0.65
5.5,0.5,0.7
5.5,0.5,0.75
5.5,0.5,0.8
5.5,0.5,0.85
5.5,0.5,0.9
5.5,0.5,0.95
5.5,0.5,1
5.5,0.5,1.05
5.5,0.5,1.1
5.5,0.5,1.15
5.5,0.5,1.2
5.5,0.5,1.25
5.5,0.5,1.3
5.5,0.5,1.35
5.5,0.5,1.4
5.5,0.5,1.45
5.5,0.5,1.5
5.5,0.5,1.55
5.5,0.5,1.6
5.5,0.5,1.65
5.5,0.5,1.7
5.5,0.5,1.75
5.5,0.5,1.8
5.5,0.5,1.85
5.5,0.5,1.9
5.5,0.5,1.95
5.5,0.5,2
5.5,0.5,2.05
5.5,0.5,2.1
5.5,0.5,2.15
5.5,0.5,2.2
5.5,0.5,2.25
5.5,0.5,2.3
5.5,0.5,2.35
5.5,0.5,2.4
5.5,0.5,2.45
5.5,0.5,2.5
5.5,0.5,2.55
5.5,0.5,2.6
5.5,0.5,2.65
5.5,0.5,2.7
5.5,0.5,2.75
5.5,0.5,2.8
5.5,0.5,2.85
5.5,0.5,2.9
5.5,0.5,2.95
5.5,0.5,3
5.5,0.5,3.05
5.5,0.5,3.1
5.5,0.5,3.15
5.5,0.5,3.2
5.5,0.5,3.25
5.5,0.5,3.3
5.5,0.5,3.35
5.5,0.5,3.4
5.5,0.5,3.45
5.5,0.5,3.5
5.5,0.5,3.55
5.5,0.5,3.6
5.5,0.5,3.65
5.5,0.5,3.7
5.5,0.5,3.75
5.5,0.5,3.8
5.5,0.5,3.85
5.5,0.5,3.9
5.5,0.5,3.95
5.5,0.5,4
5.5,0.5,4.05
5.5,0.5,4.1
5.5,0.5,4.15
5.5,0.5,4.2
5.5,0.5,4.25
5.5,0.5,4.3
5.5,0.5,4.35
5.5,0.5,4.4
5.5,0.5,4.45
5.5,0.5,4.5
5.5,0.5,4.55
5.5,0.5,4.6
5.5,0.5,4.65
5.5,0.5,4.7
5.5,0.5,4.75
5.5,0.5,4.8
5.5,0.5,4.85
5.5,0.5,4.9
5.5,0.5,4.95
5.5,0.5,5
5.5,1,0
5.5,1,0.05
5.5,1,0.1
5.5,1,0.15
5.5,1,0.2
5.5,1,0.25
5.5,1,0.3
5.5,1,0.35
5.5,1,0.4
5.5,1,0.45
5.5,1,0.5
5.5,1,0.55
5.5,1,0.6
5.5,1,0.65
5.5,1,0.7
5.5,1,0.75
5.5,1,0.8
5.5,1,0.85
5.5,1,0.9
5.5,1,0.95
5.5,1,1
5.5,1,1.05
5.5,1,1.1
5.5,1,1.15
5.5,1,1.2
5.5,1,1.25
5.5,1,1.3
5.5,1,1.35
5.5,1,1.4
5.5,1,1.45
5.5,1,1.5
5.5,1,1.55
5.5,1,1.6
5.5,1,1.65
5.5,1,1.7
5.5,1,1.75
5.5,1,1.8
5.5,1,1.85
5.5,1,1.9
5.5,1,1.95
5.5,1,2
5.5,1,2.05
5.5,1,2.1
5.5,1,2.15
5.5,1,2.2
5.5,1,2.25
5.5,1,2.3
5.5,1,2.35
5.5,1,2.4
5.5,1,2.45
5.5,1,2.5
5.5,1,2.55
5.5,1,2.6
5.5,1,2.65
5.5,1,2.7
5.5,1,2.75
5.5,1,2.8
5.5,1,2.85
5.5,1,2.9
5.5,1,2.95
5.5,1,3
5.5,1,3.05
5.5,1,3.1
5.5,1,3.15
5.5,1,3.2
5.5,1,3.25
5.5,1,3.3
5.5,1,3.35
5.5,1,3.4
5.5,1,3.45
5.5,1,3.5
5.5,1,3.55
5.5,1,3.6
5.5,1,3.65
5.5,1,3.7
5.5,1,3.75
5.5,1,3.8
5.5,1,3.85
5.5,1,3.9
5.5,1,3.95
5.5,1,4
5.5,1,4.05
5.5,1,4.1
5.5,1,4.15
5.5,1,4.2
5.5,1,4.25
5.5,1,4.3
5.5,1,4.35
5.5,1,4.4
5.5,1,4.45
5.5,1,4.5
5.5,1,4.55
5.5,1,4.6
5.5,1,4.65
5.5,1,4.7
5.5,1,4.75
5.5,1,4.8
5.5,1,4.85
5.5,1,4.9
5.5,1,4.95
5.5,1,5
5.5,1.5,0
5.5,1.5,0.05
5.5,1.5,0.1
5.5,1.5,0.15
5.5,1.5,0.2
5.5,1.5,0.25
5.5,1.5,0.3
5.5,1.5,0.35
5.5,1.5,0.4
5.5,1.5,0.45
5.5,1.5,0.5
5.5,1.5,0.55
5.5,1.5,0.6
5.5,1.5,0.65
5.5,1.5,0.7
5.5,1.5,0.75
5.5,1.5,0.8
5.5,1.5,0.85
5.5,1.5,0.9
5.5,1.5,0.95
5.5,1.5,1
5.5,1.5,1.05
5.5,1.5,1.1
5.5,1.5,1.15
5.5,1.5,1.2
5.5,1.5,1.25
5.5,1.5,1.3
5.5,1.5,1.35
5.5,1.5,1.4
5.5,1.5,1.45
5.5,1.5,1.5
5.5,1.5,1.55
5.5,1.5,1.6
5.5,1.5,1.65
5.5,1.5,1.7
5.5,1.5,1.75
5.5,1.5,1.8
5.5,1.5,1.85
5.5,1.5,1.9
5.5,1.5,1.95
5.5,1.5,2
5.5,1.5,2.05
5.5,1.5,2.1
5.5,1.5,2.15
5.5,1.5,2.2
5.5,1.5,2.25
5.5,1.5,2.3
5.5,1.5,2.35
5.5,1.5,2.4
5.5,1.5,2.45
5.5,1.5,2.5
5.5,1.5,2.55
5.5,1.5,2.6
5.5,1.5,2.65
5.5,1.5,2.7
5.5,1.5,2.75
5.5,1.5,2.8
5.5,1.5,2.85
5.5,1.5,2.9
5.5,1.5,2.95
5.5,1.5,3
5.5,1.5,3.05
5.5,1.5,3.1
5.5,1.5,3.15
5.5,1.5,3.2
5.5,1.5,3.25
5.5,1.5,3.3
5.5,1.5,3.35
5.5,1.5,3.4
5.5,1.5,3.45
5.5,1.5,3.5
5.5,1.5,3.55
5.5,1.5,3.6
5.5,1.5,3.65
5.5,1.5,3.7
5.5,1.5,3.75
5.5,1.5,3.8
5.5,1.5,3.85
5.5,1.5,3.9
5.5,1.5,3.95
5.5,1.5,4
5.5,1.5,4.05
5.5,1.5,4.1
5.5,1.5,4.15
5.5,1.5,4.2
5.5,1.5,4.25
5.5,1.5,4.3
5.5,1.5,4.35
5.5,1.5,4.4
5.5,1.5,4.45
5.5,1.5,4.5
5.5,1.5,4.55
5.5,1.5,4.6
5.5,1.5,4.65
5.5,1.5,4.7
5.5,1.5,4.75
5.5,1.5,4.8
5.5,1.5,4.85
5.5,1.5,4.9
5.5,1.5,4.95
5.5,1.5,5
5.5,2,0
5.5,2,0.05
5.5,2,0.1
5.5,2,0.15
5.5,2,0.2
5.5,2,0.25
5.5,2,0.3
5.5,2,0.35
5.5,2,0.4
5.5,2,0.45
5.5,2,0.5
5.5,2,0.55
5.5,2,0.6
5.5,2,0.65
5.5,2,0.7
5.5,2,0.75
5.5,2,0.8
5.5,2,0.85
5.5,2,0.9
5.5,2,0.95
5.5,2,1
5.5,2,1.05
5.5,2,1.1
5.5,2,1.15
5.5,2,1.2
5.5,2,1.25
5.5,2,1.3
5.5,2,1.35
5.5,2,1.4
5.5,2,1.45
5.5,2,1.5
5.5,2,1.55
5.5,2,1.6
5.5,2,1.65
5.5,2,1.7
5.5,2,1.75
5.5,2,1.8
5.5,2,1.85
5.5,2,1.9
5.5,2,1.95
5.5,2,2
5.5,2,2.05
5.5,2,2.1
5.5,2,2.15
5.5,2,2.2
5.5,2,2.25
5.5,2,2.3
5.5,2,2.35
5.5,2,2.4
5.5,2,2.45
5.5,2,2.5
5.5,2,2.55
5.5,2,2.6
5.5,2,2.65
5.5,2,2.7
5.5,2,2.75
5.5,2,2.8
5.5,2,2.85
5.5,2,2.9
5.5,2,2.95
5.5,2,3
5.5,2,3.05
5.5,2,3.1
5.5,2,3.15
5.5,2,3.2
5.5,2,3.25
5.5,2,3.3
5.5,2,3.35
5.5,2,3.4
5.5,2,3.45
5.5,2,3.5
5.5,2,3.55
5.5,2,3.6
5.5,2,3.65
5.5,2,3.7
5.5,2,3.75
5.5,2,3.8
5.5,2,3.85
5.5,2,3.9
5.5,2,3.95
5.5,2,4
5.5,2,4.05
5.5,2,4.1
5.5,2,4.15
5.5,2,4.2
5.5,2,4.25
5.5,2,4.3
5.5,2,4.35
5.5,2,4.4
5.5,2,4.45
5.5,2,4.5
5.5,2,4.55
5.5,2,4.6
5.5,2,4.65
5.5,2,4.7
5.5,2,4.75
5.5,2,4.8
5.5,2,4.85
5.5,2,4.9
5.5,2,4.95
5.5,2,5
5.5,2.5,0
5.5,2.5,0.05
5.5,2.5,0.1
5.5,2.5,0.15
5.5,2.5,0.2
5.5,2.5,0.25
5.5,2.5,0.3
5.5,2.5,0.35
5.5,2.5,0.4
5.5,2.5,0.45
5.5,2.5,0.5
5.5,2.5,0.55
5.5,2.5,0.6
5.5,2.5,0.65
5.5,2.5,0.7
5.5,2.5,0.75
5.5,2.5,0.8
5.5,2.5,0.85
5.5,2.5,0.9
5.5,2.5,0.95
5.5,2.5,1
5.5,2.5,1.05
5.5,2.5,1.1
5.5,2.5,1.15
5.5,2.5,1.2
5.5,2.5,1.25
5.5,2.5,1.3
5.5,2.5,1.35
5.5,2.5,1.4
5.5,2.5,1.45
5.5,2.5,1.5
5.5,2.5,1.55
5.5,2.5,1.6
5.5,2.5,1.65
5.5,2.5,1.7
5.5,2.5,1.75
5.5,2.5,1.8
5.5,2.5,1.85
5.5,2.5,1.9
5.5,2.5,1.95
5.5,2.5,2
5.5,2.5,2.05
5.5,2.5,2.1
5.5,2.5,2.15
5.5,2.5,2.2
5.5,2.5,2.25
5.5,2.5,2.3
5.5,2.5,2.35
5.5,2.5,2.4
5.5,2.5,2.45
5.5,2.5,2.5
5.5,2.5,2.55
5.5,2.5,2.6
5.5,2.5,2.65
5.5,2.5,2.7
5.5,2.5,2.75
5.5,2.5,2.8
5.5,2.5,2.85
5.5,2.5,2.9
5.5,2.5,2.95
5.5,2.5,3
5.5,2.5,3.05
5.5,2.5,3.1
5.5,2.5,3.15
5.5,2.5,3.2
5.5,2.5,3.25
5.5,2.5,3.3
5.5,2.5,3.35
5.5,2.5,3.4
5.5,2.5,3.45
5.5,2.5,3.5
5.5,2.5,3.55
5.5,2.5,3.6
5.5,2.5,3.65
5.5,2.5,3.7
5.5,2.5,3.75
5.5,2.5,3.8
5.5,2.5,3.85
5.5,2.5,3.9
5.5,2.5,3.95
5.5,2.5,4
5.5,2.5,4.05
5.5,2.5,4.1
5.5,2.5,4.15
5.5,2.5,4.2
5.5,2.5,4.25
5.5,2.5,4.3
5.5,2.5,4.35
5.5,2.5,4.4
5.5,2.5,4.45
5.5,2.5,4.5
5.5,2.5,4.55
5.5,2.5,4.6
5.5,2.5,4.65
5.5,2.5,4.7
5.5,2.5,4.75
5.5,2.5,4.8
5.5,2.5,4.85
5.5,2.5,4.9
5.5,2.5,4.95
5.5,2.5,5
5.5,3,0
5.5,3,0.05
5.5,3,0.1
5.5,3,0.15
5.5,3,0.2
5.5,3,0.25
5.5,3,0.3
5.5,3,0.35
5.5,3,0.4
5.5,3,0.45
5.5,3,0.5
5.5,3,0.55
5.5,3,0.6
5.5,3,0.65
5.5,3,0.7
5.5,3,0.75
5.5,3,0.8
5.5,3,0.85
5.5,3,0.9
5.5,3,0.95
5.5,3,1
5.5,3,1.05
5.5,3,1.1
5.5,3,1.15
5.5,3,1.2
5.5,3,1.25
5.5,3,1.3
5.5,3,1.35
5.5,3,1.4
5.5,3,1.45
5.5,3,1.5
5.5,3,1.55
5.5,3,1.6
5.5,3,1.65
5.5,3,1.7
5.5,3,1.75
5.5,3,1.8
5.5,3,1.85
5.5,3,1.9
5.5,3,1.95
5.5,3,2
5.5,3,2.05
5.5,3,2.1
5.5,3,2.15
5.5,3,2.2
5.5,3,2.25
5.5,3,2.3
5.5,3,2.35
5.5,3,2.4
5.5,3,2.45
5.5,3,2.5
5.5,3,2.55
5.5,3,2.6
5.5,3,2.65
5.5,3,2.7
5.5,3,2.75
5.5,3,2.8
5.5,3,2.85
5.5,3,2.9
5.5,3,2.95
5.5,3,3
5.5,3,3.05
5.5,3,3.1
5.5,3,3.15
5.5,3,3.2
5.5,3,3.25
5.5,3,3.3
5.5,3,3.35
5.5,3,3.4
5.5,3,3.45
5.5,3,3.5
5.5,3,3.55
5.5,3,3.6
5.5,3,3.65
5.5,3,3.7
5.5,3,3.75
5.5,3,3.8
5.5,3,3.85
5.5,3,3.9
5.5,3,3.95
5.5,3,4
5.5,3,4.05
5.5,3,4.1
5.5,3,4.15
5.5,3,4.2
5.5,3,4.25
5.5,3,4.3
5.5,3,4.35
5.5,3,4.4
5.5,3,4.45
5.5,3,4.5
5.5,3,4.55
5.5,3,4.6
5.5,3,4.65
5.5,3,4.7
5.5,3,4.75
5.5,3,4.8
5.5,3,4.85
5.5,3,4.9
5.5,3,4.95
5.5,3,5
5.5,3.5,0
5.5,3.5,0.05
5.5,3.5,0.1
5.5,3.5,0.15
5.5,3.5,0.2
5.5,3.5,0.25
5.5,3.5,0.3
5.5,3.5,0.35
5.5,3.5,0.4
5.5,3.5,0.45
5.5,3.5,0.5
5.5,3.5,0.55
5.5,3.5,0.6
5.5,3.5,0.65
5.5,3.5,0.7
5.5,3.5,0.75
5.5,3.5,0.8
5.5,3.5,0.85
5.5,3.5,0.9
5.5,3.5,0.95
5.5,3.5,1
5.5,3.5,1.05
5.5,3.5,1.1
5.5,3.5,1.15
5.5,3.5,1.2
5.5,3.5,1.25
5.5,3.5,1.3
5.5,3.5,1.35
5.5,3.5,1.4
5.5,3.5,1.45
5.5,3.5,1.5
5.5,3.5,1.55
5.5,3.5,1.6
5.5,3.5,1.65
5.5,3.5,1.7
5.5,3.5,1.75
5.5,3.5,1.8
5.5,3.5,1.85
5.5,3.5,1.9
5.5,3.5,1.95
5.5,3.5,2
5.5,3.5,2.05
5.5,3.5,2.1
5.5,3.5,2.15
5.5,3.5,2.2
5.5,3.5,2.25
5.5,3.5,2.3
5.5,3.5,2.35
5.5,3.5,2.4
5.5,3.5,2.45
5.5,3.5,2.5
5.5,3.5,2.55
5.5,3.5,2.6
5.5,3.5,2.65
5.5,3.5,2.7
5.5,3.5,2.75
5.5,3.5,2.8
5.5,3.5,2.85
5.5,3.5,2.9
5.5,3.5,2.95
5.5,3.5,3
5.5,3.5,3.05
5.5,3.5,3.1
5.5,3.5,3.15
5.5,3.5,3.2
5.5,3.5,3.25
5.5,3.5,3.3
5.5,3.5,3.35
5.5,3.5,3.4
5.5,3.5,3.45
5.5,3.5,3.5
5.5,3.5,3.55
5.5,3.5,3.6
5.5,3.5,3.65
5.5,3.5,3.7
5.5,3.5,3.75
5.5,3.5,3.8
5.5,3.5,3.85
5.5,3.5,3.9
5.5,3.5,3.95
5.5,3.5,4
5.5,3.5,4.05
5.5,3.5,4.1
5.5,3.5,4.15
5.5,3.5,4.2
5.5,3.5,4.25
5.5,3.5,4.3
5.5,3.5,4.35
5.5,3.5,4.4
5.5,3.5,4.45
5.5,3.5,4.5
5.5,3.5,4.55
5.5,3.5,4.6
5.5,3.5,4.65
5.5,3.5,4.7
5.5,3.5,4.75
5.5,3.5,4.8
5.5,3.5,4.85
5.5,3.5,4.9
5.5,3.5,4.95
5.5,3.5,5
5.5,4,0
5.5,4,0.05
5.5,4,0.1
5.5,4,0.15
5.5,4,0.2
5.5,4,0.25
5.5,4,0.3
5.5,4,0.35
5.5,4,0.4
5.5,4,0.45
5.5,4,0.5
5.5,4,0.55
5.5,4,0.6
5.5,4,0.65
5.5,4,0.7
5.5,4,0.75
5.5,4,0.8
5.5,4,0.85
5.5,4,0.9
5.5,4,0.95
5.5,4,1
5.5,4,1.05
5.5,4,1.1
5.5,4,1.15
5.5,4,1.2
5.5,4,1.25
5.5,4,1.3
5.5,4,1.35
5.5,4,1.4
5.5,4,1.45
5.5,4,1.5
5.5,4,1.55
5.5,4,1.6
5.5,4,1.65
5.5,4,1.7
5.5,4,1.75
5.5,4,1.8
5.5,4,1.85
5.5,4,1.9
5.5,4,1.95
5.5,4,2
5.5,4,2.05
5.5,4,2.1
5.5,4,2.15
5.5,4,2.2
5.5,4,2.25
5.5,4,2.3
5.5,4,2.35
5.5,4,2.4
5.5,4,2.45
5.5,4,2.5
5.5,4,2.55
5.5,4,2.6
5.5,4,2.65
5.5,4,2.7
5.5,4,2.75
5.5,4,2.8
5.5,4,2.85
5.5,4,2.9
5.5,4,2.95
5.5,4,3
5.5,4,3.05
5.5,4,3.1
5.5,4,3.15
5.5,4,3.2
5.5,4,3.25
5.5,4,3.3
5.5,4,3.35
5.5,4,3.4
5.5,4,3.45
5.5,4,3.5
5.5,4,3.55
5.5,4,3.6
5.5,4,3.65
5.5,4,3.7
5.5,4,3.75
5.5,4,3.8
5.5,4,3.85
5.5,4,3.9
5.5,4,3.95
5.5,4,4
5.5,4,4.05
5.5,4,4.1
5.5,4,4.15
5.5,4,4.2
5.5,4,4.25
5.5,4,4.3
5.5,4,4.35
5.5,4,4.4
5.5,4,4.45
5.5,4,4.5
5.5,4,4.55
5.5,4,4.6
5.5,4,4.65
5.5,4,4.7
5.5,4,4.75
5.5,4,4.8
5.5,4,4.85
5.5,4,4.9
5.5,4,4.95
5.5,4,5
5.5,4.5,0
5.5,4.5,0.05
5.5,4.5,0.1
5.5,4.5,0.15
5.5,4.5,0.2
5.5,4.5,0.25
5.5,4.5,0.3
5.5,4.5,0.35
5.5,4.5,0.4
5.5,4.5,0.45
5.5,4.5,0.5
5.5,4.5,0.55
5.5,4.5,0.6
5.5,4.5,0.65
5.5,4.5,0.7
5.5,4.5,0.75
5.5,4.5,0.8
5.5,4.5,0.85
5.5,4.5,0.9
5.5,4.5,0.95
5.5,4.5,1
5.5,4.5,1.05
5.5,4.5,1.1
5.5,4.5,1.15
5.5,4.5,1.2
5.5,4.5,1.25
5.5,4.5,1.3
5.5,4.5,1.35
5.5,4.5,1.4
5.5,4.5,1.45
5.5,4.5,1.5
5.5,4.5,1.55
5.5,4.5,1.6
5.5,4.5,1.65
5.5,4.5,1.7
5.5,4.5,1.75
5.5,4.5,1.8
5.5,4.5,1.85
5.5,4.5,1.9
5.5,4.5,1.95
5.5,4.5,2
5.5,4.5,2.05
5.5,4.5,2.1
5.5,4.5,2.15
5.5,4.5,2.2
5.5,4.5,2.25
5.5,4.5,2.3
5.5,4.5,2.35
5.5,4.5,2.4
5.5,4.5,2.45
5.5,4.5,2.5
5.5,4.5,2.55
5.5,4.5,2.6
5.5,4.5,2.65
5.5,4.5,2.7
5.5,4.5,2.75
5.5,4.5,2.8
5.5,4.5,2.85
5.5,4.5,2.9
5.5,4.5,2.95
5.5,4.5,3
5.5,4.5,3.05
5.5,4.5,3.1
5.5,4.5,3.15
5.5,4.5,3.2
5.5,4.5,3.25
5.5,4.5,3.3
5.5,4.5,3.35
5.5,4.5,3.4
5.5,4.5,3.45
5.5,4.5,3.5
5.5,4.5,3.55
5.5,4.5,3.6
5.5,4.5,3.65
5.5,4.5,3.7
5.5,4.5,3.75
5.5,4.5,3.8
5.5,4.5,3.85
5.5,4.5,3.9
5.5,4.5,3.95
5.5,4.5,4
5.5,4.5,4.05
5.5,4.5,4.1
5.5,4.5,4.15
5.5,4.5,4.2
5.5,4.5,4.25
5.5,4.5,4.3
5.5,4.5,4.35
5.5,4.5,4.4
5.5,4.5,4.45
5.5,4.5,4.5
5.5,4.5,4.55
5.5,4.5,4.6
5.5,4.5,4.65
5.5,4.5,4.7
5.5,4.5,4.75
5.5,4.5,4.8
5.5,4.5,4.85
5.5,4.5,4.9
5.5,4.5,4.95
5.5,4.5,5
5.5,5,0
5.5,5,0.05
5.5,5,0.1
5.5,5,0.15
5.5,5,0.2
5.5,5,0.25
5.5,5,0.3
5.5,5,0.35
5.5,5,0.4
5.5,5,0.45
5.5,5,0.5
5.5,5,0.55
5.5,5,0.6
5.5,5,0.65
5.5,5,0.7
5.5,5,0.75
5.5,5,0.8
5.5,5,0.85
5.5,5,0.9
5.5,5,0.95
5.5,5,1
5.5,5,1.05
5.5,5,1.1
5.5,5,1.15
5.5,5,1.2
5.5,5,1.25
5.5,5,1.3
5.5,5,1.35
5.5,5,1.4
5.5,5,1.45
5.5,5,1.5
5.5,5,1.55
5.5,5,1.6
5.5,5,1.65
5.5,5,1.7
5.5,5,1.75
5.5,5,1.8
5.5,5,1.85
5.5,5,1.9
5.5,5,1.95
5.5,5,2
5.5,5,2.05
5.5,5,2.1
5.5,5,2.15
5.5,5,2.2
5.5,5,2.25
5.5,5,2.3
5.5,5,2.35
5.5,5,2.4
5.5,5,2.45
5.5,5,2.5
5.5,5,2.55
5.5,5,2.6
5.5,5,2.65
5.5,5,2.7
5.5,5,2.75
5.5,5,2.8
5.5,5,2.85
5.5,5,2.9
5.5,5,2.95
5.5,5,3
5.5,5,3.05
5.5,5,3.1
5.5,5,3.15
5.5,5,3.2
5.5,5,3.25
5.5,5,3.3
5.5,5,3.35
5.5,5,3.4
5.5,5,3.45
5.5,5,3.5
5.5,5,3.55
5.5,5,3.6
5.5,5,3.65
5.5,5,3.7
5.5,5,3.75
5.5,5,3.8
5.5,5,3.85
5.5,5,3.9
5.5,5,3.95
5.5,5,4
5.5,5,4.05
5.5,5,4.1
5.5,5,4.15
5.5,5,4.2
5.5,5,4.25
5.5,5,4.3
5.5,5,4.35
5.5,5,4.4
5.5,5,4.45
5.5,5,4.5
5.5,5,4.55
5.5,5,4.6
5.5,5,4.65
5.5,5,4.7
5.5,5,4.75
5.5,5,4.8
5.5,5,4.85
5.5,5,4.9
5.5,5,4.95
5.5,5,5
5.5,5.5,0
5.5,5.5,0.05
5.5,5.5,0.1
5.5,5.5,0.15
5.5,5.5,0.2
5.5,5.5,0.25
5.5,5.5,0.3
5.5,5.5,0.35
5.5,5.5,0.4
5.5,5.5,0.45
5.5,5.5,0.5
5.5,5.5,0.55
5.5,5.5,0.6
5.5,5.5,0.65
5.5,5.5,0.7
5.5,5.5,0.75
5.5,5.5,0.8
5.5,5.5,0.85
5.5,5.5,0.9
5.5,5.5,0.95
5.5,5.5,1
5.5,5.5,1.05
5.5,5.5,1.1
5.5,5.5,1.15
5.5,5.5,1.2
5.5,5.5,1.25
5.5,5.5,1.3
5.5,5.5,1.35
5.5,5.5,1.4
5.5,5.5,1.45
5.5,5.5,1.5
5.5,5.5,1.55
5.5,5.5,1.6
5.5,5.5,1.65
5.5,5.5,1.7
5.5,5.5,1.75
5.5,5.5,1.8
5.5,5.5,1.85
5.5,5.5,1.9
5.5,5.5,1.95
5.5,5.5,2
5.5,5.5,2.05
5.5,5.5,2.1
5.5,5.5,2.15
5.5,5.5,2.2
5.5,5.5,2.25
5.5,5.5,2.3
5.5,5.5,2.35
5.5,5.5,2.4
5.5,5.5,2.45
5.5,5.5,2.5
5.5,5.5,2.55
5.5,5.5,2.6
5.5,5.5,2.65
5.5,5.5,2.7
5.5,5.5,2.75
5.5,5.5,2.8
5.5,5.5,2.85
5.5,5.5,2.9
5.5,5.5,2.95
5.5,5.5,3
5.5,5.5,3.05
5.5,5.5,3.1
5.5,5.5,3.15
5.5,5.5,3.2
5.5,5.5,3.25
5.5,5.5,3.3
5.5,5.5,3.35
5.5,5.5,3.4
5.5,5.5,3.45
5.5,5.5,3.5
5.5,5.5,3.55
5.5,5.5,3.6
5.5,5.5,3.65
5.5,5.5,3.7
5.5,5.5,3.75
5.5,5.5,3.8
5.5,5.5,3.85
5.5,5.5,3.9
5.5,5.5,3.95
5.5,5.5,4
5.5,5.5,4.05
5.5,5.5,4.1
5.5,5.5,4.15
5.5,5.5,4.2
5.5,5.5,4.25
5.5,5.5,4.3
5.5,5.5,4.35
5.5,5.5,4.4
5.5,5.5,4.45
5.5,5.5,4.5
5.5,5.5,4.55
5.5,5.5,4.6
5.5,5.5,4.65
5.5,5.5,4.7
5.5,5.5,4.75
5.5,5.5,4.8
5.5,5.5,4.85
5.5,5.5,4.9
5.5,5.5,4.95
5.5,5.5,5
5.5,6,0
5.5,6,0.05
5.5,6,0.1
5.5,6,0.15
5.5,6,0.2
5.5,6,0.25
5.5,6,0.3
5.5,6,0.35
5.5,6,0.4
5.5,6,0.45
5.5,6,0.5
5.5,6,0.55
5.5,6,0.6
5.5,6,0.65
5.5,6,0.7
5.5,6,0.75
5.5,6,0.8
5.5,6,0.85
5.5,6,0.9
5.5,6,0.95
5.5,6,1
5.5,6,1.05
5.5,6,1.1
5.5,6,1.15
5.5,6,1.2
5.5,6,1.25
5.5,6,1.3
5.5,6,1.35
5.5,6,1.4
5.5,6,1.45
5.5,6,1.5
5.5,6,1.55
5.5,6,1.6
5.5,6,1.65
5.5,6,1.7
5.5,6,1.75
5.5,6,1.8
5.5,6,1.85
5.5,6,1.9
5.5,6,1.95
5.5,6,2
5.5,6,2.05
5.5,6,2.1
5.5,6,2.15
5.5,6,2.2
5.5,6,2.25
5.5,6,2.3
5.5,6,2.35
5.5,6,2.4
5.5,6,2.45
5.5,6,2.5
5.5,6,2.55
5.5,6,2.6
5.5,6,2.65
5.5,6,2.7
5.5,6,2.75
5.5,6,2.8
5.5,6,2.85
5.5,6,2.9
5.5,6,2.95
5.5,6,3
5.5,6,3.05
5.5,6,3.1
5.5,6,3.15
5.5,6,3.2
5.5,6,3.25
5.5,6,3.3
5.5,6,3.35
5.5,6,3.4
5.5,6,3.45
5.5,6,3.5
5.5,6,3.55
5.5,6,3.6
5.5,6,3.65
5.5,6,3.7
5.5,6,3.75
5.5,6,3.8
5.5,6,3.85
5.5,6,3.9
5.5,6,3.95
5.5,6,4
5.5,6,4.05
5.5,6,4.1
5.5,6,4.15
5.5,6,4.2
5.5,6,4.25
5.5,6,4.3
5.5,6,4.35
5.5,6,4.4
5.5,6,4.45
5.5,6,4.5
5.5,6,4.55
5.5,6,4.6
5.5,6,4.65
5.5,6,4.7
5.5,6,4.75
5.5,6,4.8
5.5,6,4.85
5.5,6,4.9
5.5,6,4.95
5.5,6,5
5.5,6.5,0
5.5,6.5,0.05
5.5,6.5,0.1
5.5,6.5,0.15
5.5,6.5,0.2
5.5,6.5,0.25
5.5,6.5,0.3
5.5,6.5,0.35
5.5,6.5,0.4
5.5,6.5,0.45
5.5,6.5,0.5
5.5,6.5,0.55
5.5,6.5,0.6
5.5,6.5,0.65
5.5,6.5,0.7
5.5,6.5,0.75
5.5,6.5,0.8
5.5,6.5,0.85
5.5,6.5,0.9
5.5,6.5,0.95
5.5,6.5,1
5.5,6.5,1.05
5.5,6.5,1.1
5.5,6.5,1.15
5.5,6.5,1.2
5.5,6.5,1.25
5.5,6.5,1.3
5.5,6.5,1.35
5.5,6.5,1.4
5.5,6.5,1.45
5.5,6.5,1.5
5.5,6.5,1.55
5.5,6.5,1.6
5.5,6.5,1.65
5.5,6.5,1.7
5.5,6.5,1.75
5.5,6.5,1.8
5.5,6.5,1.85
5.5,6.5,1.9
5.5,6.5,1.95
5.5,6.5,2
5.5,6.5,2.05
5.5,6.5,2.1
5.5,6.5,2.15
5.5,6.5,2.2
5.5,6.5,2.25
5.5,6.5,2.3
5.5,6.5,2.35
5.5,6.5,2.4
5.5,6.5,2.45
5.5,6.5,2.5
5.5,6.5,2.55
5.5,6.5,2.6
5.5,6.5,2.65
5.5,6.5,2.7
5.5,6.5,2.75
5.5,6.5,2.8
5.5,6.5,2.85
5.5,6.5,2.9
5.5,6.5,2.95
5.5,6.5,3
5.5,6.5,3.05
5.5,6.5,3.1
5.5,6.5,3.15
5.5,6.5,3.2
5.5,6.5,3.25
5.5,6.5,3.3
5.5,6.5,3.35
5.5,6.5,3.4
5.5,6.5,3.45
5.5,6.5,3.5
5.5,6.5,3.55
5.5,6.5,3.6
5.5,6.5,3.65
5.5,6.5,3.7
5.5,6.5,3.75
5.5,6.5,3.8
5.5,6.5,3.85
5.5,6.5,3.9
5.5,6.5,3.95
5.5,6.5,4
5.5,6.5,4.05
5.5,6.5,4.1
5.5,6.5,4.15
5.5,6.5,4.2
5.5,6.5,4.25
5.5,6.5,4.3
5.5,6.5,4.35
5.5,6.5,4.4
5.5,6.5,4.45
5.5,6.5,4.5
5.5,6.5,4.55
5.5,6.5,4.6
5.5,6.5,4.65
5.5,6.5,4.7
5.5,6.5,4.75
5.5,6.5,4.8
5.5,6.5,4.85
5.5,6.5,4.9
5.5,6.5,4.95
5.5,6.5,5
5.5,7,0
5.5,7,0.05
5.5,7,0.1
5.5,7,0.15
5.5,7,0.2
5.5,7,0.25
5.5,7,0.3
5.5,7,0.35
5.5,7,0.4
5.5,7,0.45
5.5,7,0.5
5.5,7,0.55
5.5,7,0.6
5.5,7,0.65
5.5,7,0.7
5.5,7,0.75
5.5,7,0.8
5.5,7,0.85
5.5,7,0.9
5.5,7,0.95
5.5,7,1
5.5,7,1.05
5.5,7,1.1
5.5,7,1.15
5.5,7,1.2
5.5,7,1.25
5.5,7,1.3
5.5,7,1.35
5.5,7,1.4
5.5,7,1.45
5.5,7,1.5
5.5,7,1.55
5.5,7,1.6
5.5,7,1.65
5.5,7,1.7
5.5,7,1.75
5.5,7,1.8
5.5,7,1.85
5.5,7,1.9
5.5,7,1.95
5.5,7,2
5.5,7,2.05
5.5,7,2.1
5.5,7,2.15
5.5,7,2.2
5.5,7,2.25
5.5,7,2.3
5.5,7,2.35
5.5,7,2.4
5.5,7,2.45
5.5,7,2.5
5.5,7,2.55
5.5,7,2.6
5.5,7,2.65
5.5,7,2.7
5.5,7,2.75
5.5,7,2.8
5.5,7,2.85
5.5,7,2.9
5.5,7,2.95
5.5,7,3
5.5,7,3.05
5.5,7,3.1
5.5,7,3.15
5.5,7,3.2
5.5,7,3.25
5.5,7,3.3
5.5,7,3.35
5.5,7,3.4
5.5,7,3.45
5.5,7,3.5
5.5,7,3.55
5.5,7,3.6
5.5,7,3.65
5.5,7,3.7
5.5,7,3.75
5.5,7,3.8
5.5,7,3.85
5.5,7,3.9
5.5,7,3.95
5.5,7,4
5.5,7,4.05
5.5,7,4.1
5.5,7,4.15
5.5,7,4.2
5.5,7,4.25
5.5,7,4.3
5.5,7,4.35
5.5,7,4.4
5.5,7,4.45
5.5,7,4.5
5.5,7,4.55
5.5,7,4.6
5.5,7,4.65
5.5,7,4.7
5.5,7,4.75
5.5,7,4.8
5.5,7,4.85
5.5,7,4.9
5.5,7,4.95
5.5,7,5
5.5,7.5,0
5.5,7.5,0.05
5.5,7.5,0.1
5.5,7.5,0.15
5.5,7.5,0.2
5.5,7.5,0.25
5.5,7.5,0.3
5.5,7.5,0.35
5.5,7.5,0.4
5.5,7.5,0.45
5.5,7.5,0.5
5.5,7.5,0.55
5.5,7.5,0.6
5.5,7.5,0.65
5.5,7.5,0.7
5.5,7.5,0.75
5.5,7.5,0.8
5.5,7.5,0.85
5.5,7.5,0.9
5.5,7.5,0.95
5.5,7.5,1
5.5,7.5,1.05
5.5,7.5,1.1
5.5,7.5,1.15
5.5,7.5,1.2
5.5,7.5,1.25
5.5,7.5,1.3
5.5,7.5,1.35
5.5,7.5,1.4
5.5,7.5,1.45
5.5,7.5,1.5
5.5,7.5,1.55
5.5,7.5,1.6
5.5,7.5,1.65
5.5,7.5,1.7
5.5,7.5,1.75
5.5,7.5,1.8
5.5,7.5,1.85
5.5,7.5,1.9
5.5,7.5,1.95
5.5,7.5,2
5.5,7.5,2.05
5.5,7.5,2.1
5.5,7.5,2.15
5.5,7.5,2.2
5.5,7.5,2.25
5.5,7.5,2.3
5.5,7.5,2.35
5.5,7.5,2.4
5.5,7.5,2.45
5.5,7.5,2.5
5.5,7.5,2.55
5.5,7.5,2.6
5.5,7.5,2.65
5.5,7.5,2.7
5.5,7.5,2.75
5.5,7.5,2.8
5.5,7.5,2.85
5.5,7.5,2.9
5.5,7.5,2.95
5.5,7.5,3
5.5,7.5,3.05
5.5,7.5,3.1
5.5,7.5,3.15
5.5,7.5,3.2
5.5,7.5,3.25
5.5,7.5,3.3
5.5,7.5,3.35
5.5,7.5,3.4
5.5,7.5,3.45
5.5,7.5,3.5
5.5,7.5,3.55
5.5,7.5,3.6
5.5,7.5,3.65
5.5,7.5,3.7
5.5,7.5,3.75
5.5,7.5,3.8
5.5,7.5,3.85
5.5,7.5,3.9
5.5,7.5,3.95
5.5,7.5,4
5.5,7.5,4.05
5.5,7.5,4.1
5.5,7.5,4.15
5.5,7.5,4.2
5.5,7.5,4.25
5.5,7.5,4.3
5.5,7.5,4.35
5.5,7.5,4.4
5.5,7.5,4.45
5.5,7.5,4.5
5.5,7.5,4.55
5.5,7.5,4.6
5.5,7.5,4.65
5.5,7.5,4.7
5.5,7.5,4.75
5.5,7.5,4.8
5.5,7.5,4.85
5.5,7.5,4.9
5.5,7.5,4.95
5.5,7.5,5
5.5,8,0
5.5,8,0.05
5.5,8,0.1
5.5,8,0.15
5.5,8,0.2
5.5,8,0.25
5.5,8,0.3
5.5,8,0.35
5.5,8,0.4
5.5,8,0.45
5.5,8,0.5
5.5,8,0.55
5.5,8,0.6
5.5,8,0.65
5.5,8,0.7
5.5,8,0.75
5.5,8,0.8
5.5,8,0.85
5.5,8,0.9
5.5,8,0.95
5.5,8,1
5.5,8,1.05
5.5,8,1.1
5.5,8,1.15
5.5,8,1.2
5.5,8,1.25
5.5,8,1.3
5.5,8,1.35
5.5,8,1.4
5.5,8,1.45
5.5,8,1.5
5.5,8,1.55
5.5,8,1.6
5.5,8,1.65
5.5,8,1.7
5.5,8,1.75
5.5,8,1.8
5.5,8,1.85
5.5,8,1.9
5.5,8,1.95
5.5,8,2
5.5,8,2.05
5.5,8,2.1
5.5,8,2.15
5.5,8,2.2
5.5,8,2.25
5.5,8,2.3
5.5,8,2.35
5.5,8,2.4
5.5,8,2.45
5.5,8,2.5
5.5,8,2.55
5.5,8,2.6
5.5,8,2.65
5.5,8,2.7
5.5,8,2.75
5.5,8,2.8
5.5,8,2.85
5.5,8,2.9
5.5,8,2.95
5.5,8,3
5.5,8,3.05
5.5,8,3.1
5.5,8,3.15
5.5,8,3.2
5.5,8,3.25
5.5,8,3.3
5.5,8,3.35
5.5,8,3.4
5.5,8,3.45
5.5,8,3.5
5.5,8,3.55
5.5,8,3.6
5.5,8,3.65
5.5,8,3.7
5.5,8,3.75
5.5,8,3.8
5.5,8,3.85
5.5,8,3.9
5.5,8,3.95
5.5,8,4
5.5,8,4.05
5.5,8,4.1
5.5,8,4.15
5.5,8,4.2
5.5,8,4.25
5.5,8,4.3
5.5,8,4.35
5.5,8,4.4
5.5,8,4.45
5.5,8,4.5
5.5,8,4.55
5.5,8,4.6
5.5,8,4.65
5.5,8,4.7
5.5,8,4.75
5.5,8,4.8
5.5,8,4.85
5.5,8,4.9
5.5,8,4.95
5.5,8,5
5.5,8.5,0
5.5,8.5,0.05
5.5,8.5,0.1
5.5,8.5,0.15
5.5,8.5,0.2
5.5,8.5,0.25
5.5,8.5,0.3
5.5,8.5,0.35
5.5,8.5,0.4
5.5,8.5,0.45
5.5,8.5,0.5
5.5,8.5,0.55
5.5,8.5,0.6
5.5,8.5,0.65
5.5,8.5,0.7
5.5,8.5,0.75
5.5,8.5,0.8
5.5,8.5,0.85
5.5,8.5,0.9
5.5,8.5,0.95
5.5,8.5,1
5.5,8.5,1.05
5.5,8.5,1.1
5.5,8.5,1.15
5.5,8.5,1.2
5.5,8.5,1.25
5.5,8.5,1.3
5.5,8.5,1.35
5.5,8.5,1.4
5.5,8.5,1.45
5.5,8.5,1.5
5.5,8.5,1.55
5.5,8.5,1.6
5.5,8.5,1.65
5.5,8.5,1.7
5.5,8.5,1.75
5.5,8.5,1.8
5.5,8.5,1.85
5.5,8.5,1.9
5.5,8.5,1.95
5.5,8.5,2
5.5,8.5,2.05
5.5,8.5,2.1
5.5,8.5,2.15
5.5,8.5,2.2
5.5,8.5,2.25
5.5,8.5,2.3
5.5,8.5,2.35
5.5,8.5,2.4
5.5,8.5,2.45
5.5,8.5,2.5
5.5,8.5,2.55
5.5,8.5,2.6
5.5,8.5,2.65
5.5,8.5,2.7
5.5,8.5,2.75
5.5,8.5,2.8
5.5,8.5,2.85
5.5,8.5,2.9
5.5,8.5,2.95
5.5,8.5,3
5.5,8.5,3.05
5.5,8.5,3.1
5.5,8.5,3.15
5.5,8.5,3.2
5.5,8.5,3.25
5.5,8.5,3.3
5.5,8.5,3.35
5.5,8.5,3.4
5.5,8.5,3.45
5.5,8.5,3.5
5.5,8.5,3.55
5.5,8.5,3.6
5.5,8.5,3.65
5.5,8.5,3.7
5.5,8.5,3.75
5.5,8.5,3.8
5.5,8.5,3.85
5.5,8.5,3.9
5.5,8.5,3.95
5.5,8.5,4
5.5,8.5,4.05
5.5,8.5,4.1
5.5,8.5,4.15
5.5,8.5,4.2
5.5,8.5,4.25
5.5,8.5,4.3
5.5,8.5,4.35
5.5,8.5,4.4
5.5,8.5,4.45
5.5,8.5,4.5
5.5,8.5,4.55
5.5,8.5,4.6
5.5,8.5,4.65
5.5,8.5,4.7
5.5,8.5,4.75
5.5,8.5,4.8
5.5,8.5,4.85
5.5,8.5,4.9
5.5,8.5,4.95
5.5,8.5,5
5.5,9,0
5.5,9,0.05
5.5,9,0.1
5.5,9,0.15
5.5,9,0.2
5.5,9,0.25
5.5,9,0.3
5.5,9,0.35
5.5,9,0.4
5.5,9,0.45
5.5,9,0.5
5.5,9,0.55
5.5,9,0.6
5.5,9,0.65
5.5,9,0.7
5.5,9,0.75
5.5,9,0.8
5.5,9,0.85
5.5,9,0.9
5.5,9,0.95
5.5,9,1
5.5,9,1.05
5.5,9,1.1
5.5,9,1.15
5.5,9,1.2
5.5,9,1.25
5.5,9,1.3
5.5,9,1.35
5.5,9,1.4
5.5,9,1.45
5.5,9,1.5
5.5,9,1.55
5.5,9,1.6
5.5,9,1.65
5.5,9,1.7
5.5,9,1.75
5.5,9,1.8
5.5,9,1.85
5.5,9,1.9
5.5,9,1.95
5.5,9,2
5.5,9,2.05
5.5,9,2.1
5.5,9,2.15
5.5,9,2.2
5.5,9,2.25
5.5,9,2.3
5.5,9,2.35
5.5,9,2.4
5.5,9,2.45
5.5,9,2.5
5.5,9,2.55
5.5,9,2.6
5.5,9,2.65
5.5,9,2.7
5.5,9,2.75
5.5,9,2.8
5.5,9,2.85
5.5,9,2.9
5.5,9,2.95
5.5,9,3
5.5,9,3.05
5.5,9,3.1
5.5,9,3.15
5.5,9,3.2
5.5,9,3.25
5.5,9,3.3
5.5,9,3.35
5.5,9,3.4
5.5,9,3.45
5.5,9,3.5
5.5,9,3.55
5.5,9,3.6
5.5,9,3.65
5.5,9,3.7
5.5,9,3.75
5.5,9,3.8
5.5,9,3.85
5.5,9,3.9
5.5,9,3.95
5.5,9,4
5.5,9,4.05
5.5,9,4.1
5.5,9,4.15
5.5,9,4.2
5.5,9,4.25
5.5,9,4.3
5.5,9,4.35
5.5,9,4.4
5.5,9,4.45
5.5,9,4.5
5.5,9,4.55
5.5,9,4.6
5.5,9,4.65
5.5,9,4.7
5.5,9,4.75
5.5,9,4.8
5.5,9,4.85
5.5,9,4.9
5.5,9,4.95
5.5,9,5
5.5,9.5,0
5.5,9.5,0.05
5.5,9.5,0.1
5.5,9.5,0.15
5.5,9.5,0.2
5.5,9.5,0.25
5.5,9.5,0.3
5.5,9.5,0.35
5.5,9.5,0.4
5.5,9.5,0.45
5.5,9.5,0.5
5.5,9.5,0.55
5.5,9.5,0.6
5.5,9.5,0.65
5.5,9.5,0.7
5.5,9.5,0.75
5.5,9.5,0.8
5.5,9.5,0.85
5.5,9.5,0.9
5.5,9.5,0.95
5.5,9.5,1
5.5,9.5,1.05
5.5,9.5,1.1
5.5,9.5,1.15
5.5,9.5,1.2
5.5,9.5,1.25
5.5,9.5,1.3
5.5,9.5,1.35
5.5,9.5,1.4
5.5,9.5,1.45
5.5,9.5,1.5
5.5,9.5,1.55
5.5,9.5,1.6
5.5,9.5,1.65
5.5,9.5,1.7
5.5,9.5,1.75
5.5,9.5,1.8
5.5,9.5,1.85
5.5,9.5,1.9
5.5,9.5,1.95
5.5,9.5,2
5.5,9.5,2.05
5.5,9.5,2.1
5.5,9.5,2.15
5.5,9.5,2.2
5.5,9.5,2.25
5.5,9.5,2.3
5.5,9.5,2.35
5.5,9.5,2.4
5.5,9.5,2.45
5.5,9.5,2.5
5.5,9.5,2.55
5.5,9.5,2.6
5.5,9.5,2.65
5.5,9.5,2.7
5.5,9.5,2.75
5.5,9.5,2.8
5.5,9.5,2.85
5.5,9.5,2.9
5.5,9.5,2.95
5.5,9.5,3
5.5,9.5,3.05
5.5,9.5,3.1
5.5,9.5,3.15
5.5,9.5,3.2
5.5,9.5,3.25
5.5,9.5,3.3
5.5,9.5,3.35
5.5,9.5,3.4
5.5,9.5,3.45
5.5,9.5,3.5
5.5,9.5,3.55
5.5,9.5,3.6
5.5,9.5,3.65
5.5,9.5,3.7
5.5,9.5,3.75
5.5,9.5,3.8
5.5,9.5,3.85
5.5,9.5,3.9
5.5,9.5,3.95
5.5,9.5,4
5.5,9.5,4.05
5.5,9.5,4.1
5.5,9.5,4.15
5.5,9.5,4.2
5.5,9.5,4.25
5.5,9.5,4.3
5.5,9.5,4.35
5.5,9.5,4.4
5.5,9.5,4.45
5.5,9.5,4.5
5.5,9.5,4.55
5.5,9.5,4.6
5.5,9.5,4.65
5.5,9.5,4.7
5.5,9.5,4.75
5.5,9.5,4.8
5.5,9.5,4.85
5.5,9.5,4.9
5.5,9.5,4.95
5.5,9.5,5
5.5,10,0
5.5,10,0.05
5.5,10,0.1
5.5,10,0.15
5.5,10,0.2
5.5,10,0.25
5.5,10,0.3
5.5,10,0.35
5.5,10,0.4
5.5,10,0.45
5.5,10,0.5
5.5,10,0.55
5.5,10,0.6
5.5,10,0.65
5.5,10,0.7
5.5,10,0.75
5.5,10,0.8
5.5,10,0.85
5.5,10,0.9
5.5,10,0.95
5.5,10,1
5.5,10,1.05
5.5,10,1.1
5.5,10,1.15
5.5,10,1.2
5.5,10,1.25
5.5,10,1.3
5.5,10,1.35
5.5,10,1.4
5.5,10,1.45
5.5,10,1.5
5.5,10,1.55
5.5,10,1.6
5.5,10,1.65
5.5,10,1.7
5.5,10,1.75
5.5,10,1.8
5.5,10,1.85
5.5,10,1.9
5.5,10,1.95
5.5,10,2
5.5,10,2.05
5.5,10,2.1
5.5,10,2.15
5.5,10,2.2
5.5,10,2.25
5.5,10,2.3
5.5,10,2.35
5.5,10,2.4
5.5,10,2.45
5.5,10,2.5
5.5,10,2.55
5.5,10,2.6
5.5,10,2.65
5.5,10,2.7
5.5,10,2.75
5.5,10,2.8
5.5,10,2.85
5.5,10,2.9
5.5,10,2.95
5.5,10,3
5.5,10,3.05
5.5,10,3.1
5.5,10,3.15
5.5,10,3.2
5.5,10,3.25
5.5,10,3.3
5.5,10,3.35
5.5,10,3.4
5.5,10,3.45
5.5,10,3.5
5.5,10,3.55
5.5,10,3.6
5.5,10,3.65
5.5,10,3.7
5.5,10,3.75
5.5,10,3.8
5.5,10,3.85
5.5,10,3.9
5.5,10,3.95
5.5,10,4
5.5,10,4.05
5.5,10,4.1
5.5,10,4.15
5.5,10,4.2
5.5,10,4.25
5.5,10,4.3
5.5,10,4.35
5.5,10,4.4
5.5,10,4.45
5.5,10,4.5
5.5,10,4.55
5.5,10,4.6
5.5,10,4.65
5.5,10,4.7
5.5,10,4.75
5.5,10,4.8
5.5,10,4.85
5.5,10,4.9
5.5,10,4.95
5.5,10,5
6,0,0
6,0,0.05
6,0,0.1
6,0,0.15
6,0,0.2
6,0,0.25
6,0,0.3
6,0,0.35
6,0,0.4
6,0,0.45
6,0,0.5
6,0,0.55
6,0,0.6
6,0,0.65
6,0,0.7
6,0,0.75
6,0,0.8
6,0,0.85
6,0,0.9
6,0,0.95
6,0,1
6,0,1.05
6,0,1.1
6,0,1.15
6,0,1.2
6,0,1.25
6,0,1.3
6,0,1.35
6,0,1.4
6,0,1.45
6,0,1.5
6,0,1.55
6,0,1.6
6,0,1.65
6,0,1.7
6,0,1.75
6,0,1.8
6,0,1.85
6,0,1.9
6,0,1.95
6,0,2
6,0,2.05
6,0,2.1
6,0,2.15
6,0,2.2
6,0,2.25
6,0,2.3
6,0,2.35
6,0,2.4
6,0,2.45
6,0,2.5
6,0,2.55
6,0,2.6
6,0,2.65
6,0,2.7
6,0,2.75
6,0,2.8
6,0,2.85
6,0,2.9
6,0,2.95
6,0,3
6,0,3.05
6,0,3.1
6,0,3.15
6,0,3.2
6,0,3.25
6,0,3.3
6,0,3.35
6,0,3.4
6,0,3.45
6,0,3.5
6,0,3.55
6,0,3.6
6,0,3.65
6,0,3.7
6,0,3.75
6,0,3.8
6,0,3.85
6,0,3.9
6,0,3.95
6,0,4
6,0,4.05
6,0,4.1
6,0,4.15
6,0,4.2
6,0,4.25
6,0,4.3
6,0,4.35
6,0,4.4
6,0,4.45
6,0,4.5
6,0,4.55
6,0,4.6
6,0,4.65
6,0,4.7
6,0,4.75
6,0,4.8
6,0,4.85
6,0,4.9
6,0,4.95
6,0,5
6,0.5,0
6,0.5,0.05
6,0.5,0.1
6,0.5,0.15
6,0.5,0.2
6,0.5,0.25
6,0.5,0.3
6,0.5,0.35
6,0.5,0.4
6,0.5,0.45
6,0.5,0.5
6,0.5,0.55
6,0.5,0.6
6,0.5,0.65
6,0.5,0.7
6,0.5,0.75
6,0.5,0.8
6,0.5,0.85
6,0.5,0.9
6,0.5,0.95
6,0.5,1
6,0.5,1.05
6,0.5,1.1
6,0.5,1.15
6,0.5,1.2
6,0.5,1.25
6,0.5,1.3
6,0.5,1.35
6,0.5,1.4
6,0.5,1.45
6,0.5,1.5
6,0.5,1.55
6,0.5,1.6
6,0.5,1.65
6,0.5,1.7
6,0.5,1.75
6,0.5,1.8
6,0.5,1.85
6,0.5,1.9
6,0.5,1.95
6,0.5,2
6,0.5,2.05
6,0.5,2.1
6,0.5,2.15
6,0.5,2.2
6,0.5,2.25
6,0.5,2.3
6,0.5,2.35
6,0.5,2.4
6,0.5,2.45
6,0.5,2.5
6,0.5,2.55
6,0.5,2.6
6,0.5,2.65
6,0.5,2.7
6,0.5,2.75
6,0.5,2.8
6,0.5,2.85
6,0.5,2.9
6,0.5,2.95
6,0.5,3
6,0.5,3.05
6,0.5,3.1
6,0.5,3.15
6,0.5,3.2
6,0.5,3.25
6,0.5,3.3
6,0.5,3.35
6,0.5,3.4
6,0.5,3.45
6,0.5,3.5
6,0.5,3.55
6,0.5,3.6
6,0.5,3.65
6,0.5,3.7
6,0.5,3.75
6,0.5,3.8
6,0.5,3.85
6,0.5,3.9
6,0.5,3.95
6,0.5,4
6,0.5,4.05
6,0.5,4.1
6,0.5,4.15
6,0.5,4.2
6,0.5,4.25
6,0.5,4.3
6,0.5,4.35
6,0.5,4.4
6,0.5,4.45
6,0.5,4.5
6,0.5,4.55
6,0.5,4.6
6,0.5,4.65
6,0.5,4.7
6,0.5,4.75
6,0.5,4.8
6,0.5,4.85
6,0.5,4.9
6,0.5,4.95
6,0.5,5
6,1,0
6,1,0.05
6,1,0.1
6,1,0.15
6,1,0.2
6,1,0.25
6,1,0.3
6,1,0.35
6,1,0.4
6,1,0.45
6,1,0.5
6,1,0.55
6,1,0.6
6,1,0.65
6,1,0.7
6,1,0.75
6,1,0.8
6,1,0.85
6,1,0.9
6,1,0.95
6,1,1
6,1,1.05
6,1,1.1
6,1,1.15
6,1,1.2
6,1,1.25
6,1,1.3
6,1,1.35
6,1,1.4
6,1,1.45
6,1,1.5
6,1,1.55
6,1,1.6
6,1,1.65
6,1,1.7
6,1,1.75
6,1,1.8
6,1,1.85
6,1,1.9
6,1,1.95
6,1,2
6,1,2.05
6,1,2.1
6,1,2.15
6,1,2.2
6,1,2.25
6,1,2.3
6,1,2.35
6,1,2.4
6,1,2.45
6,1,2.5
6,1,2.55
6,1,2.6
6,1,2.65
6,1,2.7
6,1,2.75
6,1,2.8
6,1,2.85
6,1,2.9
6,1,2.95
6,1,3
6,1,3.05
6,1,3.1
6,1,3.15
6,1,3.2
6,1,3.25
6,1,3.3
6,1,3.35
6,1,3.4
6,1,3.45
6,1,3.5
6,1,3.55
6,1,3.6
6,1,3.65
6,1,3.7
6,1,3.75
6,1,3.8
6,1,3.85
6,1,3.9
6,1,3.95
6,1,4
6,1,4.05
6,1,4.1
6,1,4.15
6,1,4.2
6,1,4.25
6,1,4.3
6,1,4.35
6,1,4.4
6,1,4.45
6,1,4.5
6,1,4.55
6,1,4.6
6,1,4.65
6,1,4.7
6,1,4.75
6,1,4.8
6,1,4.85
6,1,4.9
6,1,4.95
6,1,5
6,1.5,0
6,1.5,0.05
6,1.5,0.1
6,1.5,0.15
6,1.5,0.2
6,1.5,0.25
6,1.5,0.3
6,1.5,0.35
6,1.5,0.4
6,1.5,0.45
6,1.5,0.5
6,1.5,0.55
6,1.5,0.6
6,1.5,0.65
6,1.5,0.7
6,1.5,0.75
6,1.5,0.8
6,1.5,0.85
6,1.5,0.9
6,1.5,0.95
6,1.5,1
6,1.5,1.05
6,1.5,1.1
6,1.5,1.15
6,1.5,1.2
6,1.5,1.25
6,1.5,1.3
6,1.5,1.35
6,1.5,1.4
6,1.5,1.45
6,1.5,1.5
6,1.5,1.55
6,1.5,1.6
6,1.5,1.65
6,1.5,1.7
6,1.5,1.75
6,1.5,1.8
6,1.5,1.85
6,1.5,1.9
6,1.5,1.95
6,1.5,2
6,1.5,2.05
6,1.5,2.1
6,1.5,2.15
6,1.5,2.2
6,1.5,2.25
6,1.5,2.3
6,1.5,2.35
6,1.5,2.4
6,1.5,2.45
6,1.5,2.5
6,1.5,2.55
6,1.5,2.6
6,1.5,2.65
6,1.5,2.7
6,1.5,2.75
6,1.5,2.8
6,1.5,2.85
6,1.5,2.9
6,1.5,2.95
6,1.5,3
6,1.5,3.05
6,1.5,3.1
6,1.5,3.15
6,1.5,3.2
6,1.5,3.25
6,1.5,3.3
6,1.5,3.35
6,1.5,3.4
6,1.5,3.45
6,1.5,3.5
6,1.5,3.55
6,1.5,3.6
6,1.5,3.65
6,1.5,3.7
6,1.5,3.75
6,1.5,3.8
6,1.5,3.85
6,1.5,3.9
6,1.5,3.95
6,1.5,4
6,1.5,4.05
6,1.5,4.1
6,1.5,4.15
6,1.5,4.2
6,1.5,4.25
6,1.5,4.3
6,1.5,4.35
6,1.5,4.4
6,1.5,4.45
6,1.5,4.5
6,1.5,4.55
6,1.5,4.6
6,1.5,4.65
6,1.5,4.7
6,1.5,4.75
6,1.5,4.8
6,1.5,4.85
6,1.5,4.9
6,1.5,4.95
6,1.5,5
6,2,0
6,2,0.05
6,2,0.1
6,2,0.15
6,2,0.2
6,2,0.25
6,2,0.3
6,2,0.35
6,2,0.4
6,2,0.45
6,2,0.5
6,2,0.55
6,2,0.6
6,2,0.65
6,2,0.7
6,2,0.75
6,2,0.8
6,2,0.85
6,2,0.9
6,2,0.95
6,2,1
6,2,1.05
6,2,1.1
6,2,1.15
6,2,1.2
6,2,1.25
6,2,1.3
6,2,1.35
6,2,1.4
6,2,1.45
6,2,1.5
6,2,1.55
6,2,1.6
6,2,1.65
6,2,1.7
6,2,1.75
6,2,1.8
6,2,1.85
6,2,1.9
6,2,1.95
6,2,2
6,2,2.05
6,2,2.1
6,2,2.15
6,2,2.2
6,2,2.25
6,2,2.3
6,2,2.35
6,2,2.4
6,2,2.45
6,2,2.5
6,2,2.55
6,2,2.6
6,2,2.65
6,2,2.7
6,2,2.75
6,2,2.8
6,2,2.85
6,2,2.9
6,2,2.95
6,2,3
6,2,3.05
6,2,3.1
6,2,3.15
6,2,3.2
6,2,3.25
6,2,3.3
6,2,3.35
6,2,3.4
6,2,3.45
6,2,3.5
6,2,3.55
6,2,3.6
6,2,3.65
6,2,3.7
6,2,3.75
6,2,3.8
6,2,3.85
6,2,3.9
6,2,3.95
6,2,4
6,2,4.05
6,2,4.1
6,2,4.15
6,2,4.2
6,2,4.25
6,2,4.3
6,2,4.35
6,2,4.4
6,2,4.45
6,2,4.5
6,2,4.55
6,2,4.6
6,2,4.65
6,2,4.7
6,2,4.75
6,2,4.8
6,2,4.85
6,2,4.9
6,2,4.95
6,2,5
6,2.5,0
6,2.5,0.05
6,2.5,0.1
6,2.5,0.15
6,2.5,0.2
6,2.5,0.25
6,2.5,0.3
6,2.5,0.35
6,2.5,0.4
6,2.5,0.45
6,2.5,0.5
6,2.5,0.55
6,2.5,0.6
6,2.5,0.65
6,2.5,0.7
6,2.5,0.75
6,2.5,0.8
6,2.5,0.85
6,2.5,0.9
6,2.5,0.95
6,2.5,1
6,2.5,1.05
6,2.5,1.1
6,2.5,1.15
6,2.5,1.2
6,2.5,1.25
6,2.5,1.3
6,2.5,1.35
6,2.5,1.4
6,2.5,1.45
6,2.5,1.5
6,2.5,1.55
6,2.5,1.6
6,2.5,1.65
6,2.5,1.7
6,2.5,1.75
6,2.5,1.8
6,2.5,1.85
6,2.5,1.9
6,2.5,1.95
6,2.5,2
6,2.5,2.05
6,2.5,2.1
6,2.5,2.15
6,2.5,2.2
6,2.5,2.25
6,2.5,2.3
6,2.5,2.35
6,2.5,2.4
6,2.5,2.45
6,2.5,2.5
6,2.5,2.55
6,2.5,2.6
6,2.5,2.65
6,2.5,2.7
6,2.5,2.75
6,2.5,2.8
6,2.5,2.85
6,2.5,2.9
6,2.5,2.95
6,2.5,3
6,2.5,3.05
6,2.5,3.1
6,2.5,3.15
6,2.5,3.2
6,2.5,3.25
6,2.5,3.3
6,2.5,3.35
6,2.5,3.4
6,2.5,3.45
6,2.5,3.5
6,2.5,3.55
6,2.5,3.6
6,2.5,3.65
6,2.5,3.7
6,2.5,3.75
6,2.5,3.8
6,2.5,3.85
6,2.5,3.9
6,2.5,3.95
6,2.5,4
6,2.5,4.05
6,2.5,4.1
6,2.5,4.15
6,2.5,4.2
6,2.5,4.25
6,2.5,4.3
6,2.5,4.35
6,2.5,4.4
6,2.5,4.45
6,2.5,4.5
6,2.5,4.55
6,2.5,4.6
6,2.5,4.65
6,2.5,4.7
6,2.5,4.75
6,2.5,4.8
6,2.5,4.85
6,2.5,4.9
6,2.5,4.95
6,2.5,5
6,3,0
6,3,0.05
6,3,0.1
6,3,0.15
6,3,0.2
6,3,0.25
6,3,0.3
6,3,0.35
6,3,0.4
6,3,0.45
6,3,0.5
6,3,0.55
6,3,0.6
6,3,0.65
6,3,0.7
6,3,0.75
6,3,0.8
6,3,0.85
6,3,0.9
6,3,0.95
6,3,1
6,3,1.05
6,3,1.1
6,3,1.15
6,3,1.2
6,3,1.25
6,3,1.3
6,3,1.35
6,3,1.4
6,3,1.45
6,3,1.5
6,3,1.55
6,3,1.6
6,3,1.65
6,3,1.7
6,3,1.75
6,3,1.8
6,3,1.85
6,3,1.9
6,3,1.95
6,3,2
6,3,2.05
6,3,2.1
6,3,2.15
6,3,2.2
6,3,2.25
6,3,2.3
6,3,2.35
6,3,2.4
6,3,2.45
6,3,2.5
6,3,2.55
6,3,2.6
6,3,2.65
6,3,2.7
6,3,2.75
6,3,2.8
6,3,2.85
6,3,2.9
6,3,2.95
6,3,3
6,3,3.05
6,3,3.1
6,3,3.15
6,3,3.2
6,3,3.25
6,3,3.3
6,3,3.35
6,3,3.4
6,3,3.45
6,3,3.5
6,3,3.55
6,3,3.6
6,3,3.65
6,3,3.7
6,3,3.75
6,3,3.8
6,3,3.85
6,3,3.9
6,3,3.95
6,3,4
6,3,4.05
6,3,4.1
6,3,4.15
6,3,4.2
6,3,4.25
6,3,4.3
6,3,4.35
6,3,4.4
6,3,4.45
6,3,4.5
6,3,4.55
6,3,4.6
6,3,4.65
6,3,4.7
6,3,4.75
6,3,4.8
6,3,4.85
6,3,4.9
6,3,4.95
6,3,5
6,3.5,0
6,3.5,0.05
6,3.5,0.1
6,3.5,0.15
6,3.5,0.2
6,3.5,0.25
6,3.5,0.3
6,3.5,0.35
6,3.5,0.4
6,3.5,0.45
6,3.5,0.5
6,3.5,0.55
6,3.5,0.6
6,3.5,0.65
6,3.5,0.7
6,3.5,0.75
6,3.5,0.8
6,3.5,0.85
6,3.5,0.9
6,3.5,0.95
6,3.5,1
6,3.5,1.05
6,3.5,1.1
6,3.5,1.15
6,3.5,1.2
6,3.5,1.25
6,3.5,1.3
6,3.5,1.35
6,3.5,1.4
6,3.5,1.45
6,3.5,1.5
6,3.5,1.55
6,3.5,1.6
6,3.5,1.65
6,3.5,1.7
6,3.5,1.75
6,3.5,1.8
6,3.5,1.85
6,3.5,1.9
6,3.5,1.95
6,3.5,2
6,3.5,2.05
6,3.5,2.1
6,3.5,2.15
6,3.5,2.2
6,3.5,2.25
6,3.5,2.3
6,3.5,2.35
6,3.5,2.4
6,3.5,2.45
6,3.5,2.5
6,3.5,2.55
6,3.5,2.6
6,3.5,2.65
6,3.5,2.7
6,3.5,2.75
6,3.5,2.8
6,3.5,2.85
6,3.5,2.9
6,3.5,2.95
6,3.5,3
6,3.5,3.05
6,3.5,3.1
6,3.5,3.15
6,3.5,3.2
6,3.5,3.25
6,3.5,3.3
6,3.5,3.35
6,3.5,3.4
6,3.5,3.45
6,3.5,3.5
6,3.5,3.55
6,3.5,3.6
6,3.5,3.65
6,3.5,3.7
6,3.5,3.75
6,3.5,3.8
6,3.5,3.85
6,3.5,3.9
6,3.5,3.95
6,3.5,4
6,3.5,4.05
6,3.5,4.1
6,3.5,4.15
6,3.5,4.2
6,3.5,4.25
6,3.5,4.3
6,3.5,4.35
6,3.5,4.4
6,3.5,4.45
6,3.5,4.5
6,3.5,4.55
6,3.5,4.6
6,3.5,4.65
6,3.5,4.7
6,3.5,4.75
6,3.5,4.8
6,3.5,4.85
6,3.5,4.9
6,3.5,4.95
6,3.5,5
6,4,0
6,4,0.05
6,4,0.1
6,4,0.15
6,4,0.2
6,4,0.25
6,4,0.3
6,4,0.35
6,4,0.4
6,4,0.45
6,4,0.5
6,4,0.55
6,4,0.6
6,4,0.65
6,4,0.7
6,4,0.75
6,4,0.8
6,4,0.85
6,4,0.9
6,4,0.95
6,4,1
6,4,1.05
6,4,1.1
6,4,1.15
6,4,1.2
6,4,1.25
6,4,1.3
6,4,1.35
6,4,1.4
6,4,1.45
6,4,1.5
6,4,1.55
6,4,1.6
6,4,1.65
6,4,1.7
6,4,1.75
6,4,1.8
6,4,1.85
6,4,1.9
6,4,1.95
6,4,2
6,4,2.05
6,4,2.1
6,4,2.15
6,4,2.2
6,4,2.25
6,4,2.3
6,4,2.35
6,4,2.4
6,4,2.45
6,4,2.5
6,4,2.55
6,4,2.6
6,4,2.65
6,4,2.7
6,4,2.75
6,4,2.8
6,4,2.85
6,4,2.9
6,4,2.95
6,4,3
6,4,3.05
6,4,3.1
6,4,3.15
6,4,3.2
6,4,3.25
6,4,3.3
6,4,3.35
6,4,3.4
6,4,3.45
6,4,3.5
6,4,3.55
6,4,3.6
6,4,3.65
6,4,3.7
6,4,3.75
6,4,3.8
6,4,3.85
6,4,3.9
6,4,3.95
6,4,4
6,4,4.05
6,4,4.1
6,4,4.15
6,4,4.2
6,4,4.25
6,4,4.3
6,4,4.35
6,4,4.4
6,4,4.45
6,4,4.5
6,4,4.55
6,4,4.6
6,4,4.65
6,4,4.7
6,4,4.75
6,4,4.8
6,4,4.85
6,4,4.9
6,4,4.95
6,4,5
6,4.5,0
6,4.5,0.05
6,4.5,0.1
6,4.5,0.15
6,4.5,0.2
6,4.5,0.25
6,4.5,0.3
6,4.5,0.35
6,4.5,0.4
6,4.5,0.45
6,4.5,0.5
6,4.5,0.55
6,4.5,0.6
6,4.5,0.65
6,4.5,0.7
6,4.5,0.75
6,4.5,0.8
6,4.5,0.85
6,4.5,0.9
6,4.5,0.95
6,4.5,1
6,4.5,1.05
6,4.5,1.1
6,4.5,1.15
6,4.5,1.2
6,4.5,1.25
6,4.5,1.3
6,4.5,1.35
6,4.5,1.4
6,4.5,1.45
6,4.5,1.5
6,4.5,1.55
6,4.5,1.6
6,4.5,1.65
6,4.5,1.7
6,4.5,1.75
6,4.5,1.8
6,4.5,1.85
6,4.5,1.9
6,4.5,1.95
6,4.5,2
6,4.5,2.05
6,4.5,2.1
6,4.5,2.15
6,4.5,2.2
6,4.5,2.25
6,4.5,2.3
6,4.5,2.35
6,4.5,2.4
6,4.5,2.45
6,4.5,2.5
6,4.5,2.55
6,4.5,2.6
6,4.5,2.65
6,4.5,2.7
6,4.5,2.75
6,4.5,2.8
6,4.5,2.85
6,4.5,2.9
6,4.5,2.95
6,4.5,3
6,4.5,3.05
6,4.5,3.1
6,4.5,3.15
6,4.5,3.2
6,4.5,3.25
6,4.5,3.3
6,4.5,3.35
6,4.5,3.4
6,4.5,3.45
6,4.5,3.5
6,4.5,3.55
6,4.5,3.6
6,4.5,3.65
6,4.5,3.7
6,4.5,3.75
6,4.5,3.8
6,4.5,3.85
6,4.5,3.9
6,4.5,3.95
6,4.5,4
6,4.5,4.05
6,4.5,4.1
6,4.5,4.15
6,4.5,4.2
6,4.5,4.25
6,4.5,4.3
6,4.5,4.35
6,4.5,4.4
6,4.5,4.45
6,4.5,4.5
6,4.5,4.55
6,4.5,4.6
6,4.5,4.65
6,4.5,4.7
6,4.5,4.75
6,4.5,4.8
6,4.5,4.85
6,4.5,4.9
6,4.5,4.95
6,4.5,5
6,5,0
6,5,0.05
6,5,0.1
6,5,0.15
6,5,0.2
6,5,0.25
6,5,0.3
6,5,0.35
6,5,0.4
6,5,0.45
6,5,0.5
6,5,0.55
6,5,0.6
6,5,0.65
6,5,0.7
6,5,0.75
6,5,0.8
6,5,0.85
6,5,0.9
6,5,0.95
6,5,1
6,5,1.05
6,5,1.1
6,5,1.15
6,5,1.2
6,5,1.25
6,5,1.3
6,5,1.35
6,5,1.4
6,5,1.45
6,5,1.5
6,5,1.55
6,5,1.6
6,5,1.65
6,5,1.7
6,5,1.75
6,5,1.8
6,5,1.85
6,5,1.9
6,5,1.95
6,5,2
6,5,2.05
6,5,2.1
6,5,2.15
6,5,2.2
6,5,2.25
6,5,2.3
6,5,2.35
6,5,2.4
6,5,2.45
6,5,2.5
6,5,2.55
6,5,2.6
6,5,2.65
6,5,2.7
6,5,2.75
6,5,2.8
6,5,2.85
6,5,2.9
6,5,2.95
6,5,3
6,5,3.05
6,5,3.1
6,5,3.15
6,5,3.2
6,5,3.25
6,5,3.3
6,5,3.35
6,5,3.4
6,5,3.45
6,5,3.5
6,5,3.55
6,5,3.6
6,5,3.65
6,5,3.7
6,5,3.75
6,5,3.8
6,5,3.85
6,5,3.9
6,5,3.95
6,5,4
6,5,4.05
6,5,4.1
6,5,4.15
6,5,4.2
6,5,4.25
6,5,4.3
6,5,4.35
6,5,4.4
6,5,4.45
6,5,4.5
6,5,4.55
6,5,4.6
6,5,4.65
6,5,4.7
6,5,4.75
6,5,4.8
6,5,4.85
6,5,4.9
6,5,4.95
6,5,5
6,5.5,0
6,5.5,0.05
6,5.5,0.1
6,5.5,0.15
6,5.5,0.2
6,5.5,0.25
6,5.5,0.3
6,5.5,0.35
6,5.5,0.4
6,5.5,0.45
6,5.5,0.5
6,5.5,0.55
6,5.5,0.6
6,5.5,0.65
6,5.5,0.7
6,5.5,0.75
6,5.5,0.8
6,5.5,0.85
6,5.5,0.9
6,5.5,0.95
6,5.5,1
6,5.5,1.05
6,5.5,1.1
6,5.5,1.15
6,5.5,1.2
6,5.5,1.25
6,5.5,1.3
6,5.5,1.35
6,5.5,1.4
6,5.5,1.45
6,5.5,1.5
6,5.5,1.55
6,5.5,1.6
6,5.5,1.65
6,5.5,1.7
6,5.5,1.75
6,5.5,1.8
6,5.5,1.85
6,5.5,1.9
6,5.5,1.95
6,5.5,2
6,5.5,2.05
6,5.5,2.1
6,5.5,2.15
6,5.5,2.2
6,5.5,2.25
6,5.5,2.3
6,5.5,2.35
6,5.5,2.4
6,5.5,2.45
6,5.5,2.5
6,5.5,2.55
6,5.5,2.6
6,5.5,2.65
6,5.5,2.7
6,5.5,2.75
6,5.5,2.8
6,5.5,2.85
6,5.5,2.9
6,5.5,2.95
6,5.5,3
6,5.5,3.05
6,5.5,3.1
6,5.5,3.15
6,5.5,3.2
6,5.5,3.25
6,5.5,3.3
6,5.5,3.35
6,5.5,3.4
6,5.5,3.45
6,5.5,3.5
6,5.5,3.55
6,5.5,3.6
6,5.5,3.65
6,5.5,3.7
6,5.5,3.75
6,5.5,3.8
6,5.5,3.85
6,5.5,3.9
6,5.5,3.95
6,5.5,4
6,5.5,4.05
6,5.5,4.1
6,5.5,4.15
6,5.5,4.2
6,5.5,4.25
6,5.5,4.3
6,5.5,4.35
6,5.5,4.4
6,5.5,4.45
6,5.5,4.5
6,5.5,4.55
6,5.5,4.6
6,5.5,4.65
6,5.5,4.7
6,5.5,4.75
6,5.5,4.8
6,5.5,4.85
6,5.5,4.9
6,5.5,4.95
6,5.5,5
6,6,0
6,6,0.05
6,6,0.1
6,6,0.15
6,6,0.2
6,6,0.25
6,6,0.3
6,6,0.35
6,6,0.4
6,6,0.45
6,6,0.5
6,6,0.55
6,6,0.6
6,6,0.65
6,6,0.7
6,6,0.75
6,6,0.8
6,6,0.85
6,6,0.9
6,6,0.95
6,6,1
6,6,1.05
6,6,1.1
6,6,1.15
6,6,1.2
6,6,1.25
6,6,1.3
6,6,1.35
6,6,1.4
6,6,1.45
6,6,1.5
6,6,1.55
6,6,1.6
6,6,1.65
6,6,1.7
6,6,1.75
6,6,1.8
6,6,1.85
6,6,1.9
6,6,1.95
6,6,2
6,6,2.05
6,6,2.1
6,6,2.15
6,6,2.2
6,6,2.25
6,6,2.3
6,6,2.35
6,6,2.4
6,6,2.45
6,6,2.5
6,6,2.55
6,6,2.6
6,6,2.65
6,6,2.7
6,6,2.75
6,6,2.8
6,6,2.85
6,6,2.9
6,6,2.95
6,6,3
6,6,3.05
6,6,3.1
6,6,3.15
6,6,3.2
6,6,3.25
6,6,3.3
6,6,3.35
6,6,3.4
6,6,3.45
6,6,3.5
6,6,3.55
6,6,3.6
6,6,3.65
6,6,3.7
6,6,3.75
6,6,3.8
6,6,3.85
6,6,3.9
6,6,3.95
6,6,4
6,6,4.05
6,6,4.1
6,6,4.15
6,6,4.2
6,6,4.25
6,6,4.3
6,6,4.35
6,6,4.4
6,6,4.45
6,6,4.5
6,6,4.55
6,6,4.6
6,6,4.65
6,6,4.7
6,6,4.75
6,6,4.8
6,6,4.85
6,6,4.9
6,6,4.95
6,6,5
6,6.5,0
6,6.5,0.05
6,6.5,0.1
6,6.5,0.15
6,6.5,0.2
6,6.5,0.25
6,6.5,0.3
6,6.5,0.35
6,6.5,0.4
6,6.5,0.45
6,6.5,0.5
6,6.5,0.55
6,6.5,0.6
6,6.5,0.65
6,6.5,0.7
6,6.5,0.75
6,6.5,0.8
6,6.5,0.85
6,6.5,0.9
6,6.5,0.95
6,6.5,1
6,6.5,1.05
6,6.5,1.1
6,6.5,1.15
6,6.5,1.2
6,6.5,1.25
6,6.5,1.3
6,6.5,1.35
6,6.5,1.4
6,6.5,1.45
6,6.5,1.5
6,6.5,1.55
6,6.5,1.6
6,6.5,1.65
6,6.5,1.7
6,6.5,1.75
6,6.5,1.8
6,6.5,1.85
6,6.5,1.9
6,6.5,1.95
6,6.5,2
6,6.5,2.05
6,6.5,2.1
6,6.5,2.15
6,6.5,2.2
6,6.5,2.25
6,6.5,2.3
6,6.5,2.35
6,6.5,2.4
6,6.5,2.45
6,6.5,2.5
6,6.5,2.55
6,6.5,2.6
6,6.5,2.65
6,6.5,2.7
6,6.5,2.75
6,6.5,2.8
6,6.5,2.85
6,6.5,2.9
6,6.5,2.95
6,6.5,3
6,6.5,3.05
6,6.5,3.1
6,6.5,3.15
6,6.5,3.2
6,6.5,3.25
6,6.5,3.3
6,6.5,3.35
6,6.5,3.4
6,6.5,3.45
6,6.5,3.5
6,6.5,3.55
6,6.5,3.6
6,6.5,3.65
6,6.5,3.7
6,6.5,3.75
6,6.5,3.8
6,6.5,3.85
6,6.5,3.9
6,6.5,3.95
6,6.5,4
6,6.5,4.05
6,6.5,4.1
6,6.5,4.15
6,6.5,4.2
6,6.5,4.25
6,6.5,4.3
6,6.5,4.35
6,6.5,4.4
6,6.5,4.45
6,6.5,4.5
6,6.5,4.55
6,6.5,4.6
6,6.5,4.65
6,6.5,4.7
6,6.5,4.75
6,6.5,4.8
6,6.5,4.85
6,6.5,4.9
6,6.5,4.95
6,6.5,5
6,7,0
6,7,0.05
6,7,0.1
6,7,0.15
6,7,0.2
6,7,0.25
6,7,0.3
6,7,0.35
6,7,0.4
6,7,0.45
6,7,0.5
6,7,0.55
6,7,0.6
6,7,0.65
6,7,0.7
6,7,0.75
6,7,0.8
6,7,0.85
6,7,0.9
6,7,0.95
6,7,1
6,7,1.05
6,7,1.1
6,7,1.15
6,7,1.2
6,7,1.25
6,7,1.3
6,7,1.35
6,7,1.4
6,7,1.45
6,7,1.5
6,7,1.55
6,7,1.6
6,7,1.65
6,7,1.7
6,7,1.75
6,7,1.8
6,7,1.85
6,7,1.9
6,7,1.95
6,7,2
6,7,2.05
6,7,2.1
6,7,2.15
6,7,2.2
6,7,2.25
6,7,2.3
6,7,2.35
6,7,2.4
6,7,2.45
6,7,2.5
6,7,2.55
6,7,2.6
6,7,2.65
6,7,2.7
6,7,2.75
6,7,2.8
6,7,2.85
6,7,2.9
6,7,2.95
6,7,3
6,7,3.05
6,7,3.1
6,7,3.15
6,7,3.2
6,7,3.25
6,7,3.3
6,7,3.35
6,7,3.4
6,7,3.45
6,7,3.5
6,7,3.55
6,7,3.6
6,7,3.65
6,7,3.7
6,7,3.75
6,7,3.8
6,7,3.85
6,7,3.9
6,7,3.95
6,7,4
6,7,4.05
6,7,4.1
6,7,4.15
6,7,4.2
6,7,4.25
6,7,4.3
6,7,4.35
6,7,4.4
6,7,4.45
6,7,4.5
6,7,4.55
6,7,4.6
6,7,4.65
6,7,4.7
6,7,4.75
6,7,4.8
6,7,4.85
6,7,4.9
6,7,4.95
6,7,5
6,7.5,0
6,7.5,0.05
6,7.5,0.1
6,7.5,0.15
6,7.5,0.2
6,7.5,0.25
6,7.5,0.3
6,7.5,0.35
6,7.5,0.4
6,7.5,0.45
6,7.5,0.5
6,7.5,0.55
6,7.5,0.6
6,7.5,0.65
6,7.5,0.7
6,7.5,0.75
6,7.5,0.8
6,7.5,0.85
6,7.5,0.9
6,7.5,0.95
6,7.5,1
6,7.5,1.05
6,7.5,1.1
6,7.5,1.15
6,7.5,1.2
6,7.5,1.25
6,7.5,1.3
6,7.5,1.35
6,7.5,1.4
6,7.5,1.45
6,7.5,1.5
6,7.5,1.55
6,7.5,1.6
6,7.5,1.65
6,7.5,1.7
6,7.5,1.75
6,7.5,1.8
6,7.5,1.85
6,7.5,1.9
6,7.5,1.95
6,7.5,2
6,7.5,2.05
6,7.5,2.1
6,7.5,2.15
6,7.5,2.2
6,7.5,2.25
6,7.5,2.3
6,7.5,2.35
6,7.5,2.4
6,7.5,2.45
6,7.5,2.5
6,7.5,2.55
6,7.5,2.6
6,7.5,2.65
6,7.5,2.7
6,7.5,2.75
6,7.5,2.8
6,7.5,2.85
6,7.5,2.9
6,7.5,2.95
6,7.5,3
6,7.5,3.05
6,7.5,3.1
6,7.5,3.15
6,7.5,3.2
6,7.5,3.25
6,7.5,3.3
6,7.5,3.35
6,7.5,3.4
6,7.5,3.45
6,7.5,3.5
6,7.5,3.55
6,7.5,3.6
6,7.5,3.65
6,7.5,3.7
6,7.5,3.75
6,7.5,3.8
6,7.5,3.85
6,7.5,3.9
6,7.5,3.95
6,7.5,4
6,7.5,4.05
6,7.5,4.1
6,7.5,4.15
6,7.5,4.2
6,7.5,4.25
6,7.5,4.3
6,7.5,4.35
6,7.5,4.4
6,7.5,4.45
6,7.5,4.5
6,7.5,4.55
6,7.5,4.6
6,7.5,4.65
6,7.5,4.7
6,7.5,4.75
6,7.5,4.8
6,7.5,4.85
6,7.5,4.9
6,7.5,4.95
6,7.5,5
6,8,0
6,8,0.05
6,8,0.1
6,8,0.15
6,8,0.2
6,8,0.25
6,8,0.3
6,8,0.35
6,8,0.4
6,8,0.45
6,8,0.5
6,8,0.55
6,8,0.6
6,8,0.65
6,8,0.7
6,8,0.75
6,8,0.8
6,8,0.85
6,8,0.9
6,8,0.95
6,8,1
6,8,1.05
6,8,1.1
6,8,1.15
6,8,1.2
6,8,1.25
6,8,1.3
6,8,1.35
6,8,1.4
6,8,1.45
6,8,1.5
6,8,1.55
6,8,1.6
6,8,1.65
6,8,1.7
6,8,1.75
6,8,1.8
6,8,1.85
6,8,1.9
6,8,1.95
6,8,2
6,8,2.05
6,8,2.1
6,8,2.15
6,8,2.2
6,8,2.25
6,8,2.3
6,8,2.35
6,8,2.4
6,8,2.45
6,8,2.5
6,8,2.55
6,8,2.6
6,8,2.65
6,8,2.7
6,8,2.75
6,8,2.8
6,8,2.85
6,8,2.9
6,8,2.95
6,8,3
6,8,3.05
6,8,3.1
6,8,3.15
6,8,3.2
6,8,3.25
6,8,3.3
6,8,3.35
6,8,3.4
6,8,3.45
6,8,3.5
6,8,3.55
6,8,3.6
6,8,3.65
6,8,3.7
6,8,3.75
6,8,3.8
6,8,3.85
6,8,3.9
6,8,3.95
6,8,4
6,8,4.05
6,8,4.1
6,8,4.15
6,8,4.2
6,8,4.25
6,8,4.3
6,8,4.35
6,8,4.4
6,8,4.45
6,8,4.5
6,8,4.55
6,8,4.6
6,8,4.65
6,8,4.7
6,8,4.75
6,8,4.8
6,8,4.85
6,8,4.9
6,8,4.95
6,8,5
6,8.5,0
6,8.5,0.05
6,8.5,0.1
6,8.5,0.15
6,8.5,0.2
6,8.5,0.25
6,8.5,0.3
6,8.5,0.35
6,8.5,0.4
6,8.5,0.45
6,8.5,0.5
6,8.5,0.55
6,8.5,0.6
6,8.5,0.65
6,8.5,0.7
6,8.5,0.75
6,8.5,0.8
6,8.5,0.85
6,8.5,0.9
6,8.5,0.95
6,8.5,1
6,8.5,1.05
6,8.5,1.1
6,8.5,1.15
6,8.5,1.2
6,8.5,1.25
6,8.5,1.3
6,8.5,1.35
6,8.5,1.4
6,8.5,1.45
6,8.5,1.5
6,8.5,1.55
6,8.5,1.6
6,8.5,1.65
6,8.5,1.7
6,8.5,1.75
6,8.5,1.8
6,8.5,1.85
6,8.5,1.9
6,8.5,1.95
6,8.5,2
6,8.5,2.05
6,8.5,2.1
6,8.5,2.15
6,8.5,2.2
6,8.5,2.25
6,8.5,2.3
6,8.5,2.35
6,8.5,2.4
6,8.5,2.45
6,8.5,2.5
6,8.5,2.55
6,8.5,2.6
6,8.5,2.65
6,8.5,2.7
6,8.5,2.75
6,8.5,2.8
6,8.5,2.85
6,8.5,2.9
6,8.5,2.95
6,8.5,3
6,8.5,3.05
6,8.5,3.1
6,8.5,3.15
6,8.5,3.2
6,8.5,3.25
6,8.5,3.3
6,8.5,3.35
6,8.5,3.4
6,8.5,3.45
6,8.5,3.5
6,8.5,3.55
6,8.5,3.6
6,8.5,3.65
6,8.5,3.7
6,8.5,3.75
6,8.5,3.8
6,8.5,3.85
6,8.5,3.9
6,8.5,3.95
6,8.5,4
6,8.5,4.05
6,8.5,4.1
6,8.5,4.15
6,8.5,4.2
6,8.5,4.25
6,8.5,4.3
6,8.5,4.35
6,8.5,4.4
6,8.5,4.45
6,8.5,4.5
6,8.5,4.55
6,8.5,4.6
6,8.5,4.65
6,8.5,4.7
6,8.5,4.75
6,8.5,4.8
6,8.5,4.85
6,8.5,4.9
6,8.5,4.95
6,8.5,5
6,9,0
6,9,0.05
6,9,0.1
6,9,0.15
6,9,0.2
6,9,0.25
6,9,0.3
6,9,0.35
6,9,0.4
6,9,0.45
6,9,0.5
6,9,0.55
6,9,0.6
6,9,0.65
6,9,0.7
6,9,0.75
6,9,0.8
6,9,0.85
6,9,0.9
6,9,0.95
6,9,1
6,9,1.05
6,9,1.1
6,9,1.15
6,9,1.2
6,9,1.25
6,9,1.3
6,9,1.35
6,9,1.4
6,9,1.45
6,9,1.5
6,9,1.55
6,9,1.6
6,9,1.65
6,9,1.7
6,9,1.75
6,9,1.8
6,9,1.85
6,9,1.9
6,9,1.95
6,9,2
6,9,2.05
6,9,2.1
6,9,2.15
6,9,2.2
6,9,2.25
6,9,2.3
6,9,2.35
6,9,2.4
6,9,2.45
6,9,2.5
6,9,2.55
6,9,2.6
6,9,2.65
6,9,2.7
6,9,2.75
6,9,2.8
6,9,2.85
6,9,2.9
6,9,2.95
6,9,3
6,9,3.05
6,9,3.1
6,9,3.15
6,9,3.2
6,9,3.25
6,9,3.3
6,9,3.35
6,9,3.4
6,9,3.45
6,9,3.5
6,9,3.55
6,9,3.6
6,9,3.65
6,9,3.7
6,9,3.75
6,9,3.8
6,9,3.85
6,9,3.9
6,9,3.95
6,9,4
6,9,4.05
6,9,4.1
6,9,4.15
6,9,4.2
6,9,4.25
6,9,4.3
6,9,4.35
6,9,4.4
6,9,4.45
6,9,4.5
6,9,4.55
6,9,4.6
6,9,4.65
6,9,4.7
6,9,4.75
6,9,4.8
6,9,4.85
6,9,4.9
6,9,4.95
6,9,5
6,9.5,0
6,9.5,0.05
6,9.5,0.1
6,9.5,0.15
6,9.5,0.2
6,9.5,0.25
6,9.5,0.3
6,9.5,0.35
6,9.5,0.4
6,9.5,0.45
6,9.5,0.5
6,9.5,0.55
6,9.5,0.6
6,9.5,0.65
6,9.5,0.7
6,9.5,0.75
6,9.5,0.8
6,9.5,0.85
6,9.5,0.9
6,9.5,0.95
6,9.5,1
6,9.5,1.05
6,9.5,1.1
6,9.5,1.15
6,9.5,1.2
6,9.5,1.25
6,9.5,1.3
6,9.5,1.35
6,9.5,1.4
6,9.5,1.45
6,9.5,1.5
6,9.5,1.55
6,9.5,1.6
6,9.5,1.65
6,9.5,1.7
6,9.5,1.75
6,9.5,1.8
6,9.5,1.85
6,9.5,1.9
6,9.5,1.95
6,9.5,2
6,9.5,2.05
6,9.5,2.1
6,9.5,2.15
6,9.5,2.2
6,9.5,2.25
6,9.5,2.3
6,9.5,2.35
6,9.5,2.4
6,9.5,2.45
6,9.5,2.5
6,9.5,2.55
6,9.5,2.6
6,9.5,2.65
6,9.5,2.7
6,9.5,2.75
6,9.5,2.8
6,9.5,2.85
6,9.5,2.9
6,9.5,2.95
6,9.5,3
6,9.5,3.05
6,9.5,3.1
6,9.5,3.15
6,9.5,3.2
6,9.5,3.25
6,9.5,3.3
6,9.5,3.35
6,9.5,3.4
6,9.5,3.45
6,9.5,3.5
6,9.5,3.55
6,9.5,3.6
6,9.5,3.65
6,9.5,3.7
6,9.5,3.75
6,9.5,3.8
6,9.5,3.85
6,9.5,3.9
6,9.5,3.95
6,9.5,4
6,9.5,4.05
6,9.5,4.1
6,9.5,4.15
6,9.5,4.2
6,9.5,4.25
6,9.5,4.3
6,9.5,4.35
6,9.5,4.4
6,9.5,4.45
6,9.5,4.5
6,9.5,4.55
6,9.5,4.6
6,9.5,4.65
6,9.5,4.7
6,9.5,4.75
6,9.5,4.8
6,9.5,4.85
6,9.5,4.9
6,9.5,4.95
6,9.5,5
6,10,0
6,10,0.05
6,10,0.1
6,10,0.15
6,10,0.2
6,10,0.25
6,10,0.3
6,10,0.35
6,10,0.4
6,10,0.45
6,10,0.5
6,10,0.55
6,10,0.6
6,10,0.65
6,10,0.7
6,10,0.75
6,10,0.8
6,10,0.85
6,10,0.9
6,10,0.95
6,10,1
6,10,1.05
6,10,1.1
6,10,1.15
6,10,1.2
6,10,1.25
6,10,1.3
6,10,1.35
6,10,1.4
6,10,1.45
6,10,1.5
6,10,1.55
6,10,1.6
6,10,1.65
6,10,1.7
6,10,1.75
6,10,1.8
6,10,1.85
6,10,1.9
6,10,1.95
6,10,2
6,10,2.05
6,10,2.1
6,10,2.15
6,10,2.2
6,10,2.25
6,10,2.3
6,10,2.35
6,10,2.4
6,10,2.45
6,10,2.5
6,10,2.55
6,10,2.6
6,10,2.65
6,10,2.7
6,10,2.75
6,10,2.8
6,10,2.85
6,10,2.9
6,10,2.95
6,10,3
6,10,3.05
6,10,3.1
6,10,3.15
6,10,3.2
6,10,3.25
6,10,3.3
6,10,3.35
6,10,3.4
6,10,3.45
6,10,3.5
6,10,3.55
6,10,3.6
6,10,3.65
6,10,3.7
6,10,3.75
6,10,3.8
6,10,3.85
6,10,3.9
6,10,3.95
6,10,4
6,10,4.05
6,10,4.1
6,10,4.15
6,10,4.2
6,10,4.25
6,10,4.3
6,10,4.35
6,10,4.4
6,10,4.45
6,10,4.5
6,10,4.55
6,10,4.6
6,10,4.65
6,10,4.7
6,10,4.75
6,10,4.8
6,10,4.85
6,10,4.9
6,10,4.95
6,10,5
6.5,0,0
6.5,0,0.05
6.5,0,0.1
6.5,0,0.15
6.5,0,0.2
6.5,0,0.25
6.5,0,0.3
6.5,0,0.35
6.5,0,0.4
6.5,0,0.45
6.5,0,0.5
6.5,0,0.55
6.5,0,0.6
6.5,0,0.65
6.5,0,0.7
6.5,0,0.75
6.5,0,0.8
6.5,0,0.85
6.5,0,0.9
6.5,0,0.95
6.5,0,1
6.5,0,1.05
6.5,0,1.1
6.5,0,1.15
6.5,0,1.2
6.5,0,1.25
6.5,0,1.3
6.5,0,1.35
6.5,0,1.4
6.5,0,1.45
6.5,0,1.5
6.5,0,1.55
6.5,0,1.6
6.5,0,1.65
6.5,0,1.7
6.5,0,1.75
6.5,0,1.8
6.5,0,1.85
6.5,0,1.9
6.5,0,1.95
6.5,0,2
6.5,0,2.05
6.5,0,2.1
6.5,0,2.15
6.5,0,2.2
6.5,0,2.25
6.5,0,2.3
6.5,0,2.35
6.5,0,2.4
6.5,0,2.45
6.5,0,2.5
6.5,0,2.55
6.5,0,2.6
6.5,0,2.65
6.5,0,2.7
6.5,0,2.75
6.5,0,2.8
6.5,0,2.85
6.5,0,2.9
6.5,0,2.95
6.5,0,3
6.5,0,3.05
6.5,0,3.1
6.5,0,3.15
6.5,0,3.2
6.5,0,3.25
6.5,0,3.3
6.5,0,3.35
6.5,0,3.4
6.5,0,3.45
6.5,0,3.5
6.5,0,3.55
6.5,0,3.6
6.5,0,3.65
6.5,0,3.7
6.5,0,3.75
6.5,0,3.8
6.5,0,3.85
6.5,0,3.9
6.5,0,3.95
6.5,0,4
6.5,0,4.05
6.5,0,4.1
6.5,0,4.15
6.5,0,4.2
6.5,0,4.25
6.5,0,4.3
6.5,0,4.35
6.5,0,4.4
6.5,0,4.45
6.5,0,4.5
6.5,0,4.55
6.5,0,4.6
6.5,0,4.65
6.5,0,4.7
6.5,0,4.75
6.5,0,4.8
6.5,0,4.85
6.5,0,4.9
6.5,0,4.95
6.5,0,5
6.5,0.5,0
6.5,0.5,0.05
6.5,0.5,0.1
6.5,0.5,0.15
6.5,0.5,0.2
6.5,0.5,0.25
6.5,0.5,0.3
6.5,0.5,0.35
6.5,0.5,0.4
6.5,0.5,0.45
6.5,0.5,0.5
6.5,0.5,0.55
6.5,0.5,0.6
6.5,0.5,0.65
6.5,0.5,0.7
6.5,0.5,0.75
6.5,0.5,0.8
6.5,0.5,0.85
6.5,0.5,0.9
6.5,0.5,0.95
6.5,0.5,1
6.5,0.5,1.05
6.5,0.5,1.1
6.5,0.5,1.15
6.5,0.5,1.2
6.5,0.5,1.25
6.5,0.5,1.3
6.5,0.5,1.35
6.5,0.5,1.4
6.5,0.5,1.45
6.5,0.5,1.5
6.5,0.5,1.55
6.5,0.5,1.6
6.5,0.5,1.65
6.5,0.5,1.7
6.5,0.5,1.75
6.5,0.5,1.8
6.5,0.5,1.85
6.5,0.5,1.9
6.5,0.5,1.95
6.5,0.5,2
6.5,0.5,2.05
6.5,0.5,2.1
6.5,0.5,2.15
6.5,0.5,2.2
6.5,0.5,2.25
6.5,0.5,2.3
6.5,0.5,2.35
6.5,0.5,2.4
6.5,0.5,2.45
6.5,0.5,2.5
6.5,0.5,2.55
6.5,0.5,2.6
6.5,0.5,2.65
6.5,0.5,2.7
6.5,0.5,2.75
6.5,0.5,2.8
6.5,0.5,2.85
6.5,0.5,2.9
6.5,0.5,2.95
6.5,0.5,3
6.5,0.5,3.05
6.5,0.5,3.1
6.5,0.5,3.15
6.5,0.5,3.2
6.5,0.5,3.25
6.5,0.5,3.3
6.5,0.5,3.35
6.5,0.5,3.4
6.5,0.5,3.45
6.5,0.5,3.5
6.5,0.5,3.55
6.5,0.5,3.6
6.5,0.5,3.65
6.5,0.5,3.7
6.5,0.5,3.75
6.5,0.5,3.8
6.5,0.5,3.85
6.5,0.5,3.9
6.5,0.5,3.95
6.5,0.5,4
6.5,0.5,4.05
6.5,0.5,4.1
6.5,0.5,4.15
6.5,0.5,4.2
6.5,0.5,4.25
6.5,0.5,4.3
6.5,0.5,4.35
6.5,0.5,4.4
6.5,0.5,4.45
6.5,0.5,4.5
6.5,0.5,4.55
6.5,0.5,4.6
6.5,0.5,4.65
6.5,0.5,4.7
6.5,0.5,4.75
6.5,0.5,4.8
6.5,0.5,4.85
6.5,0.5,4.9
6.5,0.5,4.95
6.5,0.5,5
6.5,1,0
6.5,1,0.05
6.5,1,0.1
6.5,1,0.15
6.5,1,0.2
6.5,1,0.25
6.5,1,0.3
6.5,1,0.35
6.5,1,0.4
6.5,1,0.45
6.5,1,0.5
6.5,1,0.55
6.5,1,0.6
6.5,1,0.65
6.5,1,0.7
6.5,1,0.75
6.5,1,0.8
6.5,1,0.85
6.5,1,0.9
6.5,1,0.95
6.5,1,1
6.5,1,1.05
6.5,1,1.1
6.5,1,1.15
6.5,1,1.2
6.5,1,1.25
6.5,1,1.3
6.5,1,1.35
6.5,1,1.4
6.5,1,1.45
6.5,1,1.5
6.5,1,1.55
6.5,1,1.6
6.5,1,1.65
6.5,1,1.7
6.5,1,1.75
6.5,1,1.8
6.5,1,1.85
6.5,1,1.9
6.5,1,1.95
6.5,1,2
6.5,1,2.05
6.5,1,2.1
6.5,1,2.15
6.5,1,2.2
6.5,1,2.25
6.5,1,2.3
6.5,1,2.35
6.5,1,2.4
6.5,1,2.45
6.5,1,2.5
6.5,1,2.55
6.5,1,2.6
6.5,1,2.65
6.5,1,2.7
6.5,1,2.75
6.5,1,2.8
6.5,1,2.85
6.5,1,2.9
6.5,1,2.95
6.5,1,3
6.5,1,3.05
6.5,1,3.1
6.5,1,3.15
6.5,1,3.2
6.5,1,3.25
6.5,1,3.3
6.5,1,3.35
6.5,1,3.4
6.5,1,3.45
6.5,1,3.5
6.5,1,3.55
6.5,1,3.6
6.5,1,3.65
6.5,1,3.7
6.5,1,3.75
6.5,1,3.8
6.5,1,3.85
6.5,1,3.9
6.5,1,3.95
6.5,1,4
6.5,1,4.05
6.5,1,4.1
6.5,1,4.15
6.5,1,4.2
6.5,1,4.25
6.5,1,4.3
6.5,1,4.35
6.5,1,4.4
6.5,1,4.45
6.5,1,4.5
6.5,1,4.55
6.5,1,4.6
6.5,1,4.65
6.5,1,4.7
6.5,1,4.75
6.5,1,4.8
6.5,1,4.85
6.5,1,4.9
6.5,1,4.95
6.5,1,5
6.5,1.5,0
6.5,1.5,0.05
6.5,1.5,0.1
6.5,1.5,0.15
6.5,1.5,0.2
6.5,1.5,0.25
6.5,1.5,0.3
6.5,1.5,0.35
6.5,1.5,0.4
6.5,1.5,0.45
6.5,1.5,0.5
6.5,1.5,0.55
6.5,1.5,0.6
6.5,1.5,0.65
6.5,1.5,0.7
6.5,1.5,0.75
6.5,1.5,0.8
6.5,1.5,0.85
6.5,1.5,0.9
6.5,1.5,0.95
6.5,1.5,1
6.5,1.5,1.05
6.5,1.5,1.1
6.5,1.5,1.15
6.5,1.5,1.2
6.5,1.5,1.25
6.5,1.5,1.3
6.5,1.5,1.35
6.5,1.5,1.4
6.5,1.5,1.45
6.5,1.5,1.5
6.5,1.5,1.55
6.5,1.5,1.6
6.5,1.5,1.65
6.5,1.5,1.7
6.5,1.5,1.75
6.5,1.5,1.8
6.5,1.5,1.85
6.5,1.5,1.9
6.5,1.5,1.95
6.5,1.5,2
6.5,1.5,2.05
6.5,1.5,2.1
6.5,1.5,2.15
6.5,1.5,2.2
6.5,1.5,2.25
6.5,1.5,2.3
6.5,1.5,2.35
6.5,1.5,2.4
6.5,1.5,2.45
6.5,1.5,2.5
6.5,1.5,2.55
6.5,1.5,2.6
6.5,1.5,2.65
6.5,1.5,2.7
6.5,1.5,2.75
6.5,1.5,2.8
6.5,1.5,2.85
6.5,1.5,2.9
6.5,1.5,2.95
6.5,1.5,3
6.5,1.5,3.05
6.5,1.5,3.1
6.5,1.5,3.15
6.5,1.5,3.2
6.5,1.5,3.25
6.5,1.5,3.3
6.5,1.5,3.35
6.5,1.5,3.4
6.5,1.5,3.45
6.5,1.5,3.5
6.5,1.5,3.55
6.5,1.5,3.6
6.5,1.5,3.65
6.5,1.5,3.7
6.5,1.5,3.75
6.5,1.5,3.8
6.5,1.5,3.85
6.5,1.5,3.9
6.5,1.5,3.95
6.5,1.5,4
6.5,1.5,4.05
6.5,1.5,4.1
6.5,1.5,4.15
6.5,1.5,4.2
6.5,1.5,4.25
6.5,1.5,4.3
6.5,1.5,4.35
6.5,1.5,4.4
6.5,1.5,4.45
6.5,1.5,4.5
6.5,1.5,4.55
6.5,1.5,4.6
6.5,1.5,4.65
6.5,1.5,4.7
6.5,1.5,4.75
6.5,1.5,4.8
6.5,1.5,4.85
6.5,1.5,4.9
6.5,1.5,4.95
6.5,1.5,5
6.5,2,0
6.5,2,0.05
6.5,2,0.1
6.5,2,0.15
6.5,2,0.2
6.5,2,0.25
6.5,2,0.3
6.5,2,0.35
6.5,2,0.4
6.5,2,0.45
6.5,2,0.5
6.5,2,0.55
6.5,2,0.6
6.5,2,0.65
6.5,2,0.7
6.5,2,0.75
6.5,2,0.8
6.5,2,0.85
6.5,2,0.9
6.5,2,0.95
6.5,2,1
6.5,2,1.05
6.5,2,1.1
6.5,2,1.15
6.5,2,1.2
6.5,2,1.25
6.5,2,1.3
6.5,2,1.35
6.5,2,1.4
6.5,2,1.45
6.5,2,1.5
6.5,2,1.55
6.5,2,1.6
6.5,2,1.65
6.5,2,1.7
6.5,2,1.75
6.5,2,1.8
6.5,2,1.85
6.5,2,1.9
6.5,2,1.95
6.5,2,2
6.5,2,2.05
6.5,2,2.1
6.5,2,2.15
6.5,2,2.2
6.5,2,2.25
6.5,2,2.3
6.5,2,2.35
6.5,2,2.4
6.5,2,2.45
6.5,2,2.5
6.5,2,2.55
6.5,2,2.6
6.5,2,2.65
6.5,2,2.7
6.5,2,2.75
6.5,2,2.8
6.5,2,2.85
6.5,2,2.9
6.5,2,2.95
6.5,2,3
6.5,2,3.05
6.5,2,3.1
6.5,2,3.15
6.5,2,3.2
6.5,2,3.25
6.5,2,3.3
6.5,2,3.35
6.5,2,3.4
6.5,2,3.45
6.5,2,3.5
6.5,2,3.55
6.5,2,3.6
6.5,2,3.65
6.5,2,3.7
6.5,2,3.75
6.5,2,3.8
6.5,2,3.85
6.5,2,3.9
6.5,2,3.95
6.5,2,4
6.5,2,4.05
6.5,2,4.1
6.5,2,4.15
6.5,2,4.2
6.5,2,4.25
6.5,2,4.3
6.5,2,4.35
6.5,2,4.4
6.5,2,4.45
6.5,2,4.5
6.5,2,4.55
6.5,2,4.6
6.5,2,4.65
6.5,2,4.7
6.5,2,4.75
6.5,2,4.8
6.5,2,4.85
6.5,2,4.9
6.5,2,4.95
6.5,2,5
6.5,2.5,0
6.5,2.5,0.05
6.5,2.5,0.1
6.5,2.5,0.15
6.5,2.5,0.2
6.5,2.5,0.25
6.5,2.5,0.3
6.5,2.5,0.35
6.5,2.5,0.4
6.5,2.5,0.45
6.5,2.5,0.5
6.5,2.5,0.55
6.5,2.5,0.6
6.5,2.5,0.65
6.5,2.5,0.7
6.5,2.5,0.75
6.5,2.5,0.8
6.5,2.5,0.85
6.5,2.5,0.9
6.5,2.5,0.95
6.5,2.5,1
6.5,2.5,1.05
6.5,2.5,1.1
6.5,2.5,1.15
6.5,2.5,1.2
6.5,2.5,1.25
6.5,2.5,1.3
6.5,2.5,1.35
6.5,2.5,1.4
6.5,2.5,1.45
6.5,2.5,1.5
6.5,2.5,1.55
6.5,2.5,1.6
6.5,2.5,1.65
6.5,2.5,1.7
6.5,2.5,1.75
6.5,2.5,1.8
6.5,2.5,1.85
6.5,2.5,1.9
6.5,2.5,1.95
6.5,2.5,2
6.5,2.5,2.05
6.5,2.5,2.1
6.5,2.5,2.15
6.5,2.5,2.2
6.5,2.5,2.25
6.5,2.5,2.3
6.5,2.5,2.35
6.5,2.5,2.4
6.5,2.5,2.45
6.5,2.5,2.5
6.5,2.5,2.55
6.5,2.5,2.6
6.5,2.5,2.65
6.5,2.5,2.7
6.5,2.5,2.75
6.5,2.5,2.8
6.5,2.5,2.85
6.5,2.5,2.9
6.5,2.5,2.95
6.5,2.5,3
6.5,2.5,3.05
6.5,2.5,3.1
6.5,2.5,3.15
6.5,2.5,3.2
6.5,2.5,3.25
6.5,2.5,3.3
6.5,2.5,3.35
6.5,2.5,3.4
6.5,2.5,3.45
6.5,2.5,3.5
6.5,2.5,3.55
6.5,2.5,3.6
6.5,2.5,3.65
6.5,2.5,3.7
6.5,2.5,3.75
6.5,2.5,3.8
6.5,2.5,3.85
6.5,2.5,3.9
6.5,2.5,3.95
6.5,2.5,4
6.5,2.5,4.05
6.5,2.5,4.1
6.5,2.5,4.15
6.5,2.5,4.2
6.5,2.5,4.25
6.5,2.5,4.3
6.5,2.5,4.35
6.5,2.5,4.4
6.5,2.5,4.45
6.5,2.5,4.5
6.5,2.5,4.55
6.5,2.5,4.6
6.5,2.5,4.65
6.5,2.5,4.7
6.5,2.5,4.75
6.5,2.5,4.8
6.5,2.5,4.85
6.5,2.5,4.9
6.5,2.5,4.95
6.5,2.5,5
6.5,3,0
6.5,3,0.05
6.5,3,0.1
6.5,3,0.15
6.5,3,0.2
6.5,3,0.25
6.5,3,0.3
6.5,3,0.35
6.5,3,0.4
6.5,3,0.45
6.5,3,0.5
6.5,3,0.55
6.5,3,0.6
6.5,3,0.65
6.5,3,0.7
6.5,3,0.75
6.5,3,0.8
6.5,3,0.85
6.5,3,0.9
6.5,3,0.95
6.5,3,1
6.5,3,1.05
6.5,3,1.1
6.5,3,1.15
6.5,3,1.2
6.5,3,1.25
6.5,3,1.3
6.5,3,1.35
6.5,3,1.4
6.5,3,1.45
6.5,3,1.5
6.5,3,1.55
6.5,3,1.6
6.5,3,1.65
6.5,3,1.7
6.5,3,1.75
6.5,3,1.8
6.5,3,1.85
6.5,3,1.9
6.5,3,1.95
6.5,3,2
6.5,3,2.05
6.5,3,2.1
6.5,3,2.15
6.5,3,2.2
6.5,3,2.25
6.5,3,2.3
6.5,3,2.35
6.5,3,2.4
6.5,3,2.45
6.5,3,2.5
6.5,3,2.55
6.5,3,2.6
6.5,3,2.65
6.5,3,2.7
6.5,3,2.75
6.5,3,2.8
6.5,3,2.85
6.5,3,2.9
6.5,3,2.95
6.5,3,3
6.5,3,3.05
6.5,3,3.1
6.5,3,3.15
6.5,3,3.2
6.5,3,3.25
6.5,3,3.3
6.5,3,3.35
6.5,3,3.4
6.5,3,3.45
6.5,3,3.5
6.5,3,3.55
6.5,3,3.6
6.5,3,3.65
6.5,3,3.7
6.5,3,3.75
6.5,3,3.8
6.5,3,3.85
6.5,3,3.9
6.5,3,3.95
6.5,3,4
6.5,3,4.05
6.5,3,4.1
6.5,3,4.15
6.5,3,4.2
6.5,3,4.25
6.5,3,4.3
6.5,3,4.35
6.5,3,4.4
6.5,3,4.45
6.5,3,4.5
6.5,3,4.55
6.5,3,4.6
6.5,3,4.65
6.5,3,4.7
6.5,3,4.75
6.5,3,4.8
6.5,3,4.85
6.5,3,4.9
6.5,3,4.95
6.5,3,5
6.5,3.5,0
6.5,3.5,0.05
6.5,3.5,0.1
6.5,3.5,0.15
6.5,3.5,0.2
6.5,3.5,0.25
6.5,3.5,0.3
6.5,3.5,0.35
6.5,3.5,0.4
6.5,3.5,0.45
6.5,3.5,0.5
6.5,3.5,0.55
6.5,3.5,0.6
6.5,3.5,0.65
6.5,3.5,0.7
6.5,3.5,0.75
6.5,3.5,0.8
6.5,3.5,0.85
6.5,3.5,0.9
6.5,3.5,0.95
6.5,3.5,1
6.5,3.5,1.05
6.5,3.5,1.1
6.5,3.5,1.15
6.5,3.5,1.2
6.5,3.5,1.25
6.5,3.5,1.3
6.5,3.5,1.35
6.5,3.5,1.4
6.5,3.5,1.45
6.5,3.5,1.5
6.5,3.5,1.55
6.5,3.5,1.6
6.5,3.5,1.65
6.5,3.5,1.7
6.5,3.5,1.75
6.5,3.5,1.8
6.5,3.5,1.85
6.5,3.5,1.9
6.5,3.5,1.95
6.5,3.5,2
6.5,3.5,2.05
6.5,3.5,2.1
6.5,3.5,2.15
6.5,3.5,2.2
6.5,3.5,2.25
6.5,3.5,2.3
6.5,3.5,2.35
6.5,3.5,2.4
6.5,3.5,2.45
6.5,3.5,2.5
6.5,3.5,2.55
6.5,3.5,2.6
6.5,3.5,2.65
6.5,3.5,2.7
6.5,3.5,2.75
6.5,3.5,2.8
6.5,3.5,2.85
6.5,3.5,2.9
6.5,3.5,2.95
6.5,3.5,3
6.5,3.5,3.05
6.5,3.5,3.1
6.5,3.5,3.15
6.5,3.5,3.2
6.5,3.5,3.25
6.5,3.5,3.3
6.5,3.5,3.35
6.5,3.5,3.4
6.5,3.5,3.45
6.5,3.5,3.5
6.5,3.5,3.55
6.5,3.5,3.6
6.5,3.5,3.65
6.5,3.5,3.7
6.5,3.5,3.75
6.5,3.5,3.8
6.5,3.5,3.85
6.5,3.5,3.9
6.5,3.5,3.95
6.5,3.5,4
6.5,3.5,4.05
6.5,3.5,4.1
6.5,3.5,4.15
6.5,3.5,4.2
6.5,3.5,4.25
6.5,3.5,4.3
6.5,3.5,4.35
6.5,3.5,4.4
6.5,3.5,4.45
6.5,3.5,4.5
6.5,3.5,4.55
6.5,3.5,4.6
6.5,3.5,4.65
6.5,3.5,4.7
6.5,3.5,4.75
6.5,3.5,4.8
6.5,3.5,4.85
6.5,3.5,4.9
6.5,3.5,4.95
6.5,3.5,5
6.5,4,0
6.5,4,0.05
6.5,4,0.1
6.5,4,0.15
6.5,4,0.2
6.5,4,0.25
6.5,4,0.3
6.5,4,0.35
6.5,4,0.4
6.5,4,0.45
6.5,4,0.5
6.5,4,0.55
6.5,4,0.6
6.5,4,0.65
6.5,4,0.7
6.5,4,0.75
6.5,4,0.8
6.5,4,0.85
6.5,4,0.9
6.5,4,0.95
6.5,4,1
6.5,4,1.05
6.5,4,1.1
6.5,4,1.15
6.5,4,1.2
6.5,4,1.25
6.5,4,1.3
6.5,4,1.35
6.5,4,1.4
6.5,4,1.45
6.5,4,1.5
6.5,4,1.55
6.5,4,1.6
6.5,4,1.65
6.5,4,1.7
6.5,4,1.75
6.5,4,1.8
6.5,4,1.85
6.5,4,1.9
6.5,4,1.95
6.5,4,2
6.5,4,2.05
6.5,4,2.1
6.5,4,2.15
6.5,4,2.2
6.5,4,2.25
6.5,4,2.3
6.5,4,2.35
6.5,4,2.4
6.5,4,2.45
6.5,4,2.5
6.5,4,2.55
6.5,4,2.6
6.5,4,2.65
6.5,4,2.7
6.5,4,2.75
6.5,4,2.8
6.5,4,2.85
6.5,4,2.9
6.5,4,2.95
6.5,4,3
6.5,4,3.05
6.5,4,3.1
6.5,4,3.15
6.5,4,3.2
6.5,4,3.25
6.5,4,3.3
6.5,4,3.35
6.5,4,3.4
6.5,4,3.45
6.5,4,3.5
6.5,4,3.55
6.5,4,3.6
6.5,4,3.65
6.5,4,3.7
6.5,4,3.75
6.5,4,3.8
6.5,4,3.85
6.5,4,3.9
6.5,4,3.95
6.5,4,4
6.5,4,4.05
6.5,4,4.1
6.5,4,4.15
6.5,4,4.2
6.5,4,4.25
6.5,4,4.3
6.5,4,4.35
6.5,4,4.4
6.5,4,4.45
6.5,4,4.5
6.5,4,4.55
6.5,4,4.6
6.5,4,4.65
6.5,4,4.7
6.5,4,4.75
6.5,4,4.8
6.5,4,4.85
6.5,4,4.9
6.5,4,4.95
6.5,4,5
6.5,4.5,0
6.5,4.5,0.05
6.5,4.5,0.1
6.5,4.5,0.15
6.5,4.5,0.2
6.5,4.5,0.25
6.5,4.5,0.3
6.5,4.5,0.35
6.5,4.5,0.4
6.5,4.5,0.45
6.5,4.5,0.5
6.5,4.5,0.55
6.5,4.5,0.6
6.5,4.5,0.65
6.5,4.5,0.7
6.5,4.5,0.75
6.5,4.5,0.8
6.5,4.5,0.85
6.5,4.5,0.9
6.5,4.5,0.95
6.5,4.5,1
6.5,4.5,1.05
6.5,4.5,1.1
6.5,4.5,1.15
6.5,4.5,1.2
6.5,4.5,1.25
6.5,4.5,1.3
6.5,4.5,1.35
6.5,4.5,1.4
6.5,4.5,1.45
6.5,4.5,1.5
6.5,4.5,1.55
6.5,4.5,1.6
6.5,4.5,1.65
6.5,4.5,1.7
6.5,4.5,1.75
6.5,4.5,1.8
6.5,4.5,1.85
6.5,4.5,1.9
6.5,4.5,1.95
6.5,4.5,2
6.5,4.5,2.05
6.5,4.5,2.1
6.5,4.5,2.15
6.5,4.5,2.2
6.5,4.5,2.25
6.5,4.5,2.3
6.5,4.5,2.35
6.5,4.5,2.4
6.5,4.5,2.45
6.5,4.5,2.5
6.5,4.5,2.55
6.5,4.5,2.6
6.5,4.5,2.65
6.5,4.5,2.7
6.5,4.5,2.75
6.5,4.5,2.8
6.5,4.5,2.85
6.5,4.5,2.9
6.5,4.5,2.95
6.5,4.5,3
6.5,4.5,3.05
6.5,4.5,3.1
6.5,4.5,3.15
6.5,4.5,3.2
6.5,4.5,3.25
6.5,4.5,3.3
6.5,4.5,3.35
6.5,4.5,3.4
6.5,4.5,3.45
6.5,4.5,3.5
6.5,4.5,3.55
6.5,4.5,3.6
6.5,4.5,3.65
6.5,4.5,3.7
6.5,4.5,3.75
6.5,4.5,3.8
6.5,4.5,3.85
6.5,4.5,3.9
6.5,4.5,3.95
6.5,4.5,4
6.5,4.5,4.05
6.5,4.5,4.1
6.5,4.5,4.15
6.5,4.5,4.2
6.5,4.5,4.25
6.5,4.5,4.3
6.5,4.5,4.35
6.5,4.5,4.4
6.5,4.5,4.45
6.5,4.5,4.5
6.5,4.5,4.55
6.5,4.5,4.6
6.5,4.5,4.65
6.5,4.5,4.7
6.5,4.5,4.75
6.5,4.5,4.8
6.5,4.5,4.85
6.5,4.5,4.9
6.5,4.5,4.95
6.5,4.5,5
6.5,5,0
6.5,5,0.05
6.5,5,0.1
6.5,5,0.15
6.5,5,0.2
6.5,5,0.25
6.5,5,0.3
6.5,5,0.35
6.5,5,0.4
6.5,5,0.45
6.5,5,0.5
6.5,5,0.55
6.5,5,0.6
6.5,5,0.65
6.5,5,0.7
6.5,5,0.75
6.5,5,0.8
6.5,5,0.85
6.5,5,0.9
6.5,5,0.95
6.5,5,1
6.5,5,1.05
6.5,5,1.1
6.5,5,1.15
6.5,5,1.2
6.5,5,1.25
6.5,5,1.3
6.5,5,1.35
6.5,5,1.4
6.5,5,1.45
6.5,5,1.5
6.5,5,1.55
6.5,5,1.6
6.5,5,1.65
6.5,5,1.7
6.5,5,1.75
6.5,5,1.8
6.5,5,1.85
6.5,5,1.9
6.5,5,1.95
6.5,5,2
6.5,5,2.05
6.5,5,2.1
6.5,5,2.15
6.5,5,2.2
6.5,5,2.25
6.5,5,2.3
6.5,5,2.35
6.5,5,2.4
6.5,5,2.45
6.5,5,2.5
6.5,5,2.55
6.5,5,2.6
6.5,5,2.65
6.5,5,2.7
6.5,5,2.75
6.5,5,2.8
6.5,5,2.85
6.5,5,2.9
6.5,5,2.95
6.5,5,3
6.5,5,3.05
6.5,5,3.1
6.5,5,3.15
6.5,5,3.2
6.5,5,3.25
6.5,5,3.3
6.5,5,3.35
6.5,5,3.4
6.5,5,3.45
6.5,5,3.5
6.5,5,3.55
6.5,5,3.6
6.5,5,3.65
6.5,5,3.7
6.5,5,3.75
6.5,5,3.8
6.5,5,3.85
6.5,5,3.9
6.5,5,3.95
6.5,5,4
6.5,5,4.05
6.5,5,4.1
6.5,5,4.15
6.5,5,4.2
6.5,5,4.25
6.5,5,4.3
6.5,5,4.35
6.5,5,4.4
6.5,5,4.45
6.5,5,4.5
6.5,5,4.55
6.5,5,4.6
6.5,5,4.65
6.5,5,4.7
6.5,5,4.75
6.5,5,4.8
6.5,5,4.85
6.5,5,4.9
6.5,5,4.95
6.5,5,5
6.5,5.5,0
6.5,5.5,0.05
6.5,5.5,0.1
6.5,5.5,0.15
6.5,5.5,0.2
6.5,5.5,0.25
6.5,5.5,0.3
6.5,5.5,0.35
6.5,5.5,0.4
6.5,5.5,0.45
6.5,5.5,0.5
6.5,5.5,0.55
6.5,5.5,0.6
6.5,5.5,0.65
6.5,5.5,0.7
6.5,5.5,0.75
6.5,5.5,0.8
6.5,5.5,0.85
6.5,5.5,0.9
6.5,5.5,0.95
6.5,5.5,1
6.5,5.5,1.05
6.5,5.5,1.1
6.5,5.5,1.15
6.5,5.5,1.2
6.5,5.5,1.25
6.5,5.5,1.3
6.5,5.5,1.35
6.5,5.5,1.4
6.5,5.5,1.45
6.5,5.5,1.5
6.5,5.5,1.55
6.5,5.5,1.6
6.5,5.5,1.65
6.5,5.5,1.7
6.5,5.5,1.75
6.5,5.5,1.8
6.5,5.5,1.85
6.5,5.5,1.9
6.5,5.5,1.95
6.5,5.5,2
6.5,5.5,2.05
6.5,5.5,2.1
6.5,5.5,2.15
6.5,5.5,2.2
6.5,5.5,2.25
6.5,5.5,2.3
6.5,5.5,2.35
6.5,5.5,2.4
6.5,5.5,2.45
6.5,5.5,2.5
6.5,5.5,2.55
6.5,5.5,2.6
6.5,5.5,2.65
6.5,5.5,2.7
6.5,5.5,2.75
6.5,5.5,2.8
6.5,5.5,2.85
6.5,5.5,2.9
6.5,5.5,2.95
6.5,5.5,3
6.5,5.5,3.05
6.5,5.5,3.1
6.5,5.5,3.15
6.5,5.5,3.2
6.5,5.5,3.25
6.5,5.5,3.3
6.5,5.5,3.35
6.5,5.5,3.4
6.5,5.5,3.45
6.5,5.5,3.5
6.5,5.5,3.55
6.5,5.5,3.6
6.5,5.5,3.65
6.5,5.5,3.7
6.5,5.5,3.75
6.5,5.5,3.8
6.5,5.5,3.85
6.5,5.5,3.9
6.5,5.5,3.95
6.5,5.5,4
6.5,5.5,4.05
6.5,5.5,4.1
6.5,5.5,4.15
6.5,5.5,4.2
6.5,5.5,4.25
6.5,5.5,4.3
6.5,5.5,4.35
6.5,5.5,4.4
6.5,5.5,4.45
6.5,5.5,4.5
6.5,5.5,4.55
6.5,5.5,4.6
6.5,5.5,4.65
6.5,5.5,4.7
6.5,5.5,4.75
6.5,5.5,4.8
6.5,5.5,4.85
6.5,5.5,4.9
6.5,5.5,4.95
6.5,5.5,5
6.5,6,0
6.5,6,0.05
6.5,6,0.1
6.5,6,0.15
6.5,6,0.2
6.5,6,0.25
6.5,6,0.3
6.5,6,0.35
6.5,6,0.4
6.5,6,0.45
6.5,6,0.5
6.5,6,0.55
6.5,6,0.6
6.5,6,0.65
6.5,6,0.7
6.5,6,0.75
6.5,6,0.8
6.5,6,0.85
6.5,6,0.9
6.5,6,0.95
6.5,6,1
6.5,6,1.05
6.5,6,1.1
6.5,6,1.15
6.5,6,1.2
6.5,6,1.25
6.5,6,1.3
6.5,6,1.35
6.5,6,1.4
6.5,6,1.45
6.5,6,1.5
6.5,6,1.55
6.5,6,1.6
6.5,6,1.65
6.5,6,1.7
6.5,6,1.75
6.5,6,1.8
6.5,6,1.85
6.5,6,1.9
6.5,6,1.95
6.5,6,2
6.5,6,2.05
6.5,6,2.1
6.5,6,2.15
6.5,6,2.2
6.5,6,2.25
6.5,6,2.3
6.5,6,2.35
6.5,6,2.4
6.5,6,2.45
6.5,6,2.5
6.5,6,2.55
6.5,6,2.6
6.5,6,2.65
6.5,6,2.7
6.5,6,2.75
6.5,6,2.8
6.5,6,2.85
6.5,6,2.9
6.5,6,2.95
6.5,6,3
6.5,6,3.05
6.5,6,3.1
6.5,6,3.15
6.5,6,3.2
6.5,6,3.25
6.5,6,3.3
6.5,6,3.35
6.5,6,3.4
6.5,6,3.45
6.5,6,3.5
6.5,6,3.55
6.5,6,3.6
6.5,6,3.65
6.5,6,3.7
6.5,6,3.75
6.5,6,3.8
6.5,6,3.85
6.5,6,3.9
6.5,6,3.95
6.5,6,4
6.5,6,4.05
6.5,6,4.1
6.5,6,4.15
6.5,6,4.2
6.5,6,4.25
6.5,6,4.3
6.5,6,4.35
6.5,6,4.4
6.5,6,4.45
6.5,6,4.5
6.5,6,4.55
6.5,6,4.6
6.5,6,4.65
6.5,6,4.7
6.5,6,4.75
6.5,6,4.8
6.5,6,4.85
6.5,6,4.9
6.5,6,4.95
6.5,6,5
6.5,6.5,0
6.5,6.5,0.05
6.5,6.5,0.1
6.5,6.5,0.15
6.5,6.5,0.2
6.5,6.5,0.25
6.5,6.5,0.3
6.5,6.5,0.35
6.5,6.5,0.4
6.5,6.5,0.45
6.5,6.5,0.5
6.5,6.5,0.55
6.5,6.5,0.6
6.5,6.5,0.65
6.5,6.5,0.7
6.5,6.5,0.75
6.5,6.5,0.8
6.5,6.5,0.85
6.5,6.5,0.9
6.5,6.5,0.95
6.5,6.5,1
6.5,6.5,1.05
6.5,6.5,1.1
6.5,6.5,1.15
6.5,6.5,1.2
6.5,6.5,1.25
6.5,6.5,1.3
6.5,6.5,1.35
6.5,6.5,1.4
6.5,6.5,1.45
6.5,6.5,1.5
6.5,6.5,1.55
6.5,6.5,1.6
6.5,6.5,1.65
6.5,6.5,1.7
6.5,6.5,1.75
6.5,6.5,1.8
6.5,6.5,1.85
6.5,6.5,1.9
6.5,6.5,1.95
6.5,6.5,2
6.5,6.5,2.05
6.5,6.5,2.1
6.5,6.5,2.15
6.5,6.5,2.2
6.5,6.5,2.25
6.5,6.5,2.3
6.5,6.5,2.35
6.5,6.5,2.4
6.5,6.5,2.45
6.5,6.5,2.5
6.5,6.5,2.55
6.5,6.5,2.6
6.5,6.5,2.65
6.5,6.5,2.7
6.5,6.5,2.75
6.5,6.5,2.8
6.5,6.5,2.85
6.5,6.5,2.9
6.5,6.5,2.95
6.5,6.5,3
6.5,6.5,3.05
6.5,6.5,3.1
6.5,6.5,3.15
6.5,6.5,3.2
6.5,6.5,3.25
6.5,6.5,3.3
6.5,6.5,3.35
6.5,6.5,3.4
6.5,6.5,3.45
6.5,6.5,3.5
6.5,6.5,3.55
6.5,6.5,3.6
6.5,6.5,3.65
6.5,6.5,3.7
6.5,6.5,3.75
6.5,6.5,3.8
6.5,6.5,3.85
6.5,6.5,3.9
6.5,6.5,3.95
6.5,6.5,4
6.5,6.5,4.05
6.5,6.5,4.1
6.5,6.5,4.15
6.5,6.5,4.2
6.5,6.5,4.25
6.5,6.5,4.3
6.5,6.5,4.35
6.5,6.5,4.4
6.5,6.5,4.45
6.5,6.5,4.5
6.5,6.5,4.55
6.5,6.5,4.6
6.5,6.5,4.65
6.5,6.5,4.7
6.5,6.5,4.75
6.5,6.5,4.8
6.5,6.5,4.85
6.5,6.5,4.9
6.5,6.5,4.95
6.5,6.5,5
6.5,7,0
6.5,7,0.05
6.5,7,0.1
6.5,7,0.15
6.5,7,0.2
6.5,7,0.25
6.5,7,0.3
6.5,7,0.35
6.5,7,0.4
6.5,7,0.45
6.5,7,0.5
6.5,7,0.55
6.5,7,0.6
6.5,7,0.65
6.5,7,0.7
6.5,7,0.75
6.5,7,0.8
6.5,7,0.85
6.5,7,0.9
6.5,7,0.95
6.5,7,1
6.5,7,1.05
6.5,7,1.1
6.5,7,1.15
6.5,7,1.2
6.5,7,1.25
6.5,7,1.3
6.5,7,1.35
6.5,7,1.4
6.5,7,1.45
6.5,7,1.5
6.5,7,1.55
6.5,7,1.6
6.5,7,1.65
6.5,7,1.7
6.5,7,1.75
6.5,7,1.8
6.5,7,1.85
6.5,7,1.9
6.5,7,1.95
6.5,7,2
6.5,7,2.05
6.5,7,2.1
6.5,7,2.15
6.5,7,2.2
6.5,7,2.25
6.5,7,2.3
6.5,7,2.35
6.5,7,2.4
6.5,7,2.45
6.5,7,2.5
6.5,7,2.55
6.5,7,2.6
6.5,7,2.65
6.5,7,2.7
6.5,7,2.75
6.5,7,2.8
6.5,7,2.85
6.5,7,2.9
6.5,7,2.95
6.5,7,3
6.5,7,3.05
6.5,7,3.1
6.5,7,3.15
6.5,7,3.2
6.5,7,3.25
6.5,7,3.3
6.5,7,3.35
6.5,7,3.4
6.5,7,3.45
6.5,7,3.5
6.5,7,3.55
6.5,7,3.6
6.5,7,3.65
6.5,7,3.7
6.5,7,3.75
6.5,7,3.8
6.5,7,3.85
6.5,7,3.9
6.5,7,3.95
6.5,7,4
6.5,7,4.05
6.5,7,4.1
6.5,7,4.15
6.5,7,4.2
6.5,7,4.25
6.5,7,4.3
6.5,7,4.35
6.5,7,4.4
6.5,7,4.45
6.5,7,4.5
6.5,7,4.55
6.5,7,4.6
6.5,7,4.65
6.5,7,4.7
6.5,7,4.75
6.5,7,4.8
6.5,7,4.85
6.5,7,4.9
6.5,7,4.95
6.5,7,5
6.5,7.5,0
6.5,7.5,0.05
6.5,7.5,0.1
6.5,7.5,0.15
6.5,7.5,0.2
6.5,7.5,0.25
6.5,7.5,0.3
6.5,7.5,0.35
6.5,7.5,0.4
6.5,7.5,0.45
6.5,7.5,0.5
6.5,7.5,0.55
6.5,7.5,0.6
6.5,7.5,0.65
6.5,7.5,0.7
6.5,7.5,0.75
6.5,7.5,0.8
6.5,7.5,0.85
6.5,7.5,0.9
6.5,7.5,0.95
6.5,7.5,1
6.5,7.5,1.05
6.5,7.5,1.1
6.5,7.5,1.15
6.5,7.5,1.2
6.5,7.5,1.25
6.5,7.5,1.3
6.5,7.5,1.35
6.5,7.5,1.4
6.5,7.5,1.45
6.5,7.5,1.5
6.5,7.5,1.55
6.5,7.5,1.6
6.5,7.5,1.65
6.5,7.5,1.7
6.5,7.5,1.75
6.5,7.5,1.8
6.5,7.5,1.85
6.5,7.5,1.9
6.5,7.5,1.95
6.5,7.5,2
6.5,7.5,2.05
6.5,7.5,2.1
6.5,7.5,2.15
6.5,7.5,2.2
6.5,7.5,2.25
6.5,7.5,2.3
6.5,7.5,2.35
6.5,7.5,2.4
6.5,7.5,2.45
6.5,7.5,2.5
6.5,7.5,2.55
6.5,7.5,2.6
6.5,7.5,2.65
6.5,7.5,2.7
6.5,7.5,2.75
6.5,7.5,2.8
6.5,7.5,2.85
6.5,7.5,2.9
6.5,7.5,2.95
6.5,7.5,3
6.5,7.5,3.05
6.5,7.5,3.1
6.5,7.5,3.15
6.5,7.5,3.2
6.5,7.5,3.25
6.5,7.5,3.3
6.5,7.5,3.35
6.5,7.5,3.4
6.5,7.5,3.45
6.5,7.5,3.5
6.5,7.5,3.55
6.5,7.5,3.6
6.5,7.5,3.65
6.5,7.5,3.7
6.5,7.5,3.75
6.5,7.5,3.8
6.5,7.5,3.85
6.5,7.5,3.9
6.5,7.5,3.95
6.5,7.5,4
6.5,7.5,4.05
6.5,7.5,4.1
6.5,7.5,4.15
6.5,7.5,4.2
6.5,7.5,4.25
6.5,7.5,4.3
6.5,7.5,4.35
6.5,7.5,4.4
6.5,7.5,4.45
6.5,7.5,4.5
6.5,7.5,4.55
6.5,7.5,4.6
6.5,7.5,4.65
6.5,7.5,4.7
6.5,7.5,4.75
6.5,7.5,4.8
6.5,7.5,4.85
6.5,7.5,4.9
6.5,7.5,4.95
6.5,7.5,5
6.5,8,0
6.5,8,0.05
6.5,8,0.1
6.5,8,0.15
6.5,8,0.2
6.5,8,0.25
6.5,8,0.3
6.5,8,0.35
6.5,8,0.4
6.5,8,0.45
6.5,8,0.5
6.5,8,0.55
6.5,8,0.6
6.5,8,0.65
6.5,8,0.7
6.5,8,0.75
6.5,8,0.8
6.5,8,0.85
6.5,8,0.9
6.5,8,0.95
6.5,8,1
6.5,8,1.05
6.5,8,1.1
6.5,8,1.15
6.5,8,1.2
6.5,8,1.25
6.5,8,1.3
6.5,8,1.35
6.5,8,1.4
6.5,8,1.45
6.5,8,1.5
6.5,8,1.55
6.5,8,1.6
6.5,8,1.65
6.5,8,1.7
6.5,8,1.75
6.5,8,1.8
6.5,8,1.85
6.5,8,1.9
6.5,8,1.95
6.5,8,2
6.5,8,2.05
6.5,8,2.1
6.5,8,2.15
6.5,8,2.2
6.5,8,2.25
6.5,8,2.3
6.5,8,2.35
6.5,8,2.4
6.5,8,2.45
6.5,8,2.5
6.5,8,2.55
6.5,8,2.6
6.5,8,2.65
6.5,8,2.7
6.5,8,2.75
6.5,8,2.8
6.5,8,2.85
6.5,8,2.9
6.5,8,2.95
6.5,8,3
6.5,8,3.05
6.5,8,3.1
6.5,8,3.15
6.5,8,3.2
6.5,8,3.25
6.5,8,3.3
6.5,8,3.35
6.5,8,3.4
6.5,8,3.45
6.5,8,3.5
6.5,8,3.55
6.5,8,3.6
6.5,8,3.65
6.5,8,3.7
6.5,8,3.75
6.5,8,3.8
6.5,8,3.85
6.5,8,3.9
6.5,8,3.95
6.5,8,4
6.5,8,4.05
6.5,8,4.1
6.5,8,4.15
6.5,8,4.2
6.5,8,4.25
6.5,8,4.3
6.5,8,4.35
6.5,8,4.4
6.5,8,4.45
6.5,8,4.5
6.5,8,4.55
6.5,8,4.6
6.5,8,4.65
6.5,8,4.7
6.5,8,4.75
6.5,8,4.8
6.5,8,4.85
6.5,8,4.9
6.5,8,4.95
6.5,8,5
6.5,8.5,0
6.5,8.5,0.05
6.5,8.5,0.1
6.5,8.5,0.15
6.5,8.5,0.2
6.5,8.5,0.25
6.5,8.5,0.3
6.5,8.5,0.35
6.5,8.5,0.4
6.5,8.5,0.45
6.5,8.5,0.5
6.5,8.5,0.55
6.5,8.5,0.6
6.5,8.5,0.65
6.5,8.5,0.7
6.5,8.5,0.75
6.5,8.5,0.8
6.5,8.5,0.85
6.5,8.5,0.9
6.5,8.5,0.95
6.5,8.5,1
6.5,8.5,1.05
6.5,8.5,1.1
6.5,8.5,1.15
6.5,8.5,1.2
6.5,8.5,1.25
6.5,8.5,1.3
6.5,8.5,1.35
6.5,8.5,1.4
6.5,8.5,1.45
6.5,8.5,1.5
6.5,8.5,1.55
6.5,8.5,1.6
6.5,8.5,1.65
6.5,8.5,1.7
6.5,8.5,1.75
6.5,8.5,1.8
6.5,8.5,1.85
6.5,8.5,1.9
6.5,8.5,1.95
6.5,8.5,2
6.5,8.5,2.05
6.5,8.5,2.1
6.5,8.5,2.15
6.5,8.5,2.2
6.5,8.5,2.25
6.5,8.5,2.3
6.5,8.5,2.35
6.5,8.5,2.4
6.5,8.5,2.45
6.5,8.5,2.5
6.5,8.5,2.55
6.5,8.5,2.6
6.5,8.5,2.65
6.5,8.5,2.7
6.5,8.5,2.75
6.5,8.5,2.8
6.5,8.5,2.85
6.5,8.5,2.9
6.5,8.5,2.95
6.5,8.5,3
6.5,8.5,3.05
6.5,8.5,3.1
6.5,8.5,3.15
6.5,8.5,3.2
6.5,8.5,3.25
6.5,8.5,3.3
6.5,8.5,3.35
6.5,8.5,3.4
6.5,8.5,3.45
6.5,8.5,3.5
6.5,8.5,3.55
6.5,8.5,3.6
6.5,8.5,3.65
6.5,8.5,3.7
6.5,8.5,3.75
6.5,8.5,3.8
6.5,8.5,3.85
6.5,8.5,3.9
6.5,8.5,3.95
6.5,8.5,4
6.5,8.5,4.05
6.5,8.5,4.1
6.5,8.5,4.15
6.5,8.5,4.2
6.5,8.5,4.25
6.5,8.5,4.3
6.5,8.5,4.35
6.5,8.5,4.4
6.5,8.5,4.45
6.5,8.5,4.5
6.5,8.5,4.55
6.5,8.5,4.6
6.5,8.5,4.65
6.5,8.5,4.7
6.5,8.5,4.75
6.5,8.5,4.8
6.5,8.5,4.85
6.5,8.5,4.9
6.5,8.5,4.95
6.5,8.5,5
6.5,9,0
6.5,9,0.05
6.5,9,0.1
6.5,9,0.15
6.5,9,0.2
6.5,9,0.25
6.5,9,0.3
6.5,9,0.35
6.5,9,0.4
6.5,9,0.45
6.5,9,0.5
6.5,9,0.55
6.5,9,0.6
6.5,9,0.65
6.5,9,0.7
6.5,9,0.75
6.5,9,0.8
6.5,9,0.85
6.5,9,0.9
6.5,9,0.95
6.5,9,1
6.5,9,1.05
6.5,9,1.1
6.5,9,1.15
6.5,9,1.2
6.5,9,1.25
6.5,9,1.3
6.5,9,1.35
6.5,9,1.4
6.5,9,1.45
6.5,9,1.5
6.5,9,1.55
6.5,9,1.6
6.5,9,1.65
6.5,9,1.7
6.5,9,1.75
6.5,9,1.8
6.5,9,1.85
6.5,9,1.9
6.5,9,1.95
6.5,9,2
6.5,9,2.05
6.5,9,2.1
6.5,9,2.15
6.5,9,2.2
6.5,9,2.25
6.5,9,2.3
6.5,9,2.35
6.5,9,2.4
6.5,9,2.45
6.5,9,2.5
6.5,9,2.55
6.5,9,2.6
6.5,9,2.65
6.5,9,2.7
6.5,9,2.75
6.5,9,2.8
6.5,9,2.85
6.5,9,2.9
6.5,9,2.95
6.5,9,3
6.5,9,3.05
6.5,9,3.1
6.5,9,3.15
6.5,9,3.2
6.5,9,3.25
6.5,9,3.3
6.5,9,3.35
6.5,9,3.4
6.5,9,3.45
6.5,9,3.5
6.5,9,3.55
6.5,9,3.6
6.5,9,3.65
6.5,9,3.7
6.5,9,3.75
6.5,9,3.8
6.5,9,3.85
6.5,9,3.9
6.5,9,3.95
6.5,9,4
6.5,9,4.05
6.5,9,4.1
6.5,9,4.15
6.5,9,4.2
6.5,9,4.25
6.5,9,4.3
6.5,9,4.35
6.5,9,4.4
6.5,9,4.45
6.5,9,4.5
6.5,9,4.55
6.5,9,4.6
6.5,9,4.65
6.5,9,4.7
6.5,9,4.75
6.5,9,4.8
6.5,9,4.85
6.5,9,4.9
6.5,9,4.95
6.5,9,5
6.5,9.5,0
6.5,9.5,0.05
6.5,9.5,0.1
6.5,9.5,0.15
6.5,9.5,0.2
6.5,9.5,0.25
6.5,9.5,0.3
6.5,9.5,0.35
6.5,9.5,0.4
6.5,9.5,0.45
6.5,9.5,0.5
6.5,9.5,0.55
6.5,9.5,0.6
6.5,9.5,0.65
6.5,9.5,0.7
6.5,9.5,0.75
6.5,9.5,0.8
6.5,9.5,0.85
6.5,9.5,0.9
6.5,9.5,0.95
6.5,9.5,1
6.5,9.5,1.05
6.5,9.5,1.1
6.5,9.5,1.15
6.5,9.5,1.2
6.5,9.5,1.25
6.5,9.5,1.3
6.5,9.5,1.35
6.5,9.5,1.4
6.5,9.5,1.45
6.5,9.5,1.5
6.5,9.5,1.55
6.5,9.5,1.6
6.5,9.5,1.65
6.5,9.5,1.7
6.5,9.5,1.75
6.5,9.5,1.8
6.5,9.5,1.85
6.5,9.5,1.9
6.5,9.5,1.95
6.5,9.5,2
6.5,9.5,2.05
6.5,9.5,2.1
6.5,9.5,2.15
6.5,9.5,2.2
6.5,9.5,2.25
6.5,9.5,2.3
6.5,9.5,2.35
6.5,9.5,2.4
6.5,9.5,2.45
6.5,9.5,2.5
6.5,9.5,2.55
6.5,9.5,2.6
6.5,9.5,2.65
6.5,9.5,2.7
6.5,9.5,2.75
6.5,9.5,2.8
6.5,9.5,2.85
6.5,9.5,2.9
6.5,9.5,2.95
6.5,9.5,3
6.5,9.5,3.05
6.5,9.5,3.1
6.5,9.5,3.15
6.5,9.5,3.2
6.5,9.5,3.25
6.5,9.5,3.3
6.5,9.5,3.35
6.5,9.5,3.4
6.5,9.5,3.45
6.5,9.5,3.5
6.5,9.5,3.55
6.5,9.5,3.6
6.5,9.5,3.65
6.5,9.5,3.7
6.5,9.5,3.75
6.5,9.5,3.8
6.5,9.5,3.85
6.5,9.5,3.9
6.5,9.5,3.95
6.5,9.5,4
6.5,9.5,4.05
6.5,9.5,4.1
6.5,9.5,4.15
6.5,9.5,4.2
6.5,9.5,4.25
6.5,9.5,4.3
6.5,9.5,4.35
6.5,9.5,4.4
6.5,9.5,4.45
6.5,9.5,4.5
6.5,9.5,4.55
6.5,9.5,4.6
6.5,9.5,4.65
6.5,9.5,4.7
6.5,9.5,4.75
6.5,9.5,4.8
6.5,9.5,4.85
6.5,9.5,4.9
6.5,9.5,4.95
6.5,9.5,5
6.5,10,0
6.5,10,0.05
6.5,10,0.1
6.5,10,0.15
6.5,10,0.2
6.5,10,0.25
6.5,10,0.3
6.5,10,0.35
6.5,10,0.4
6.5,10,0.45
6.5,10,0.5
6.5,10,0.55
6.5,10,0.6
6.5,10,0.65
6.5,10,0.7
6.5,10,0.75
6.5,10,0.8
6.5,10,0.85
6.5,10,0.9
6.5,10,0.95
6.5,10,1
6.5,10,1.05
6.5,10,1.1
6.5,10,1.15
6.5,10,1.2
6.5,10,1.25
6.5,10,1.3
6.5,10,1.35
6.5,10,1.4
6.5,10,1.45
6.5,10,1.5
6.5,10,1.55
6.5,10,1.6
6.5,10,1.65
6.5,10,1.7
6.5,10,1.75
6.5,10,1.8
6.5,10,1.85
6.5,10,1.9
6.5,10,1.95
6.5,10,2
6.5,10,2.05
6.5,10,2.1
6.5,10,2.15
6.5,10,2.2
6.5,10,2.25
6.5,10,2.3
6.5,10,2.35
6.5,10,2.4
6.5,10,2.45
6.5,10,2.5
6.5,10,2.55
6.5,10,2.6
6.5,10,2.65
6.5,10,2.7
6.5,10,2.75
6.5,10,2.8
6.5,10,2.85
6.5,10,2.9
6.5,10,2.95
6.5,10,3
6.5,10,3.05
6.5,10,3.1
6.5,10,3.15
6.5,10,3.2
6.5,10,3.25
6.5,10,3.3
6.5,10,3.35
6.5,10,3.4
6.5,10,3.45
6.5,10,3.5
6.5,10,3.55
6.5,10,3.6
6.5,10,3.65
6.5,10,3.7
6.5,10,3.75
6.5,10,3.8
6.5,10,3.85
6.5,10,3.9
6.5,10,3.95
6.5,10,4
6.5,10,4.05
6.5,10,4.1
6.5,10,4.15
6.5,10,4.2
6.5,10,4.25
6.5,10,4.3
6.5,10,4.35
6.5,10,4.4
6.5,10,4.45
6.5,10,4.5
6.5,10,4.55
6.5,10,4.6
6.5,10,4.65
6.5,10,4.7
6.5,10,4.75
6.5,10,4.8
6.5,10,4.85
6.5,10,4.9
6.5,10,4.95
6.5,10,5
7,0,0
7,0,0.05
7,0,0.1
7,0,0.15
7,0,0.2
7,0,0.25
7,0,0.3
7,0,0.35
7,0,0.4
7,0,0.45
7,0,0.5
7,0,0.55
7,0,0.6
7,0,0.65
7,0,0.7
7,0,0.75
7,0,0.8
7,0,0.85
7,0,0.9
7,0,0.95
7,0,1
7,0,1.05
7,0,1.1
7,0,1.15
7,0,1.2
7,0,1.25
7,0,1.3
7,0,1.35
7,0,1.4
7,0,1.45
7,0,1.5
7,0,1.55
7,0,1.6
7,0,1.65
7,0,1.7
7,0,1.75
7,0,1.8
7,0,1.85
7,0,1.9
7,0,1.95
7,0,2
7,0,2.05
7,0,2.1
7,0,2.15
7,0,2.2
7,0,2.25
7,0,2.3
7,0,2.35
7,0,2.4
7,0,2.45
7,0,2.5
7,0,2.55
7,0,2.6
7,0,2.65
7,0,2.7
7,0,2.75
7,0,2.8
7,0,2.85
7,0,2.9
7,0,2.95
7,0,3
7,0,3.05
7,0,3.1
7,0,3.15
7,0,3.2
7,0,3.25
7,0,3.3
7,0,3.35
7,0,3.4
7,0,3.45
7,0,3.5
7,0,3.55
7,0,3.6
7,0,3.65
7,0,3.7
7,0,3.75
7,0,3.8
7,0,3.85
7,0,3.9
7,0,3.95
7,0,4
7,0,4.05
7,0,4.1
7,0,4.15
7,0,4.2
7,0,4.25
7,0,4.3
7,0,4.35
7,0,4.4
7,0,4.45
7,0,4.5
7,0,4.55
7,0,4.6
7,0,4.65
7,0,4.7
7,0,4.75
7,0,4.8
7,0,4.85
7,0,4.9
7,0,4.95
7,0,5
7,0.5,0
7,0.5,0.05
7,0.5,0.1
7,0.5,0.15
7,0.5,0.2
7,0.5,0.25
7,0.5,0.3
7,0.5,0.35
7,0.5,0.4
7,0.5,0.45
7,0.5,0.5
7,0.5,0.55
7,0.5,0.6
7,0.5,0.65
7,0.5,0.7
7,0.5,0.75
7,0.5,0.8
7,0.5,0.85
7,0.5,0.9
7,0.5,0.95
7,0.5,1
7,0.5,1.05
7,0.5,1.1
7,0.5,1.15
7,0.5,1.2
7,0.5,1.25
7,0.5,1.3
7,0.5,1.35
7,0.5,1.4
7,0.5,1.45
7,0.5,1.5
7,0.5,1.55
7,0.5,1.6
7,0.5,1.65
7,0.5,1.7
7,0.5,1.75
7,0.5,1.8
7,0.5,1.85
7,0.5,1.9
7,0.5,1.95
7,0.5,2
7,0.5,2.05
7,0.5,2.1
7,0.5,2.15
7,0.5,2.2
7,0.5,2.25
7,0.5,2.3
7,0.5,2.35
7,0.5,2.4
7,0.5,2.45
7,0.5,2.5
7,0.5,2.55
7,0.5,2.6
7,0.5,2.65
7,0.5,2.7
7,0.5,2.75
7,0.5,2.8
7,0.5,2.85
7,0.5,2.9
7,0.5,2.95
7,0.5,3
7,0.5,3.05
7,0.5,3.1
7,0.5,3.15
7,0.5,3.2
7,0.5,3.25
7,0.5,3.3
7,0.5,3.35
7,0.5,3.4
7,0.5,3.45
7,0.5,3.5
7,0.5,3.55
7,0.5,3.6
7,0.5,3.65
7,0.5,3.7
7,0.5,3.75
7,0.5,3.8
7,0.5,3.85
7,0.5,3.9
7,0.5,3.95
7,0.5,4
7,0.5,4.05
7,0.5,4.1
7,0.5,4.15
7,0.5,4.2
7,0.5,4.25
7,0.5,4.3
7,0.5,4.35
7,0.5,4.4
7,0.5,4.45
7,0.5,4.5
7,0.5,4.55
7,0.5,4.6
7,0.5,4.65
7,0.5,4.7
7,0.5,4.75
7,0.5,4.8
7,0.5,4.85
7,0.5,4.9
7,0.5,4.95
7,0.5,5
7,1,0
7,1,0.05
7,1,0.1
7,1,0.15
7,1,0.2
7,1,0.25
7,1,0.3
7,1,0.35
7,1,0.4
7,1,0.45
7,1,0.5
7,1,0.55
7,1,0.6
7,1,0.65
7,1,0.7
7,1,0.75
7,1,0.8
7,1,0.85
7,1,0.9
7,1,0.95
7,1,1
7,1,1.05
7,1,1.1
7,1,1.15
7,1,1.2
7,1,1.25
7,1,1.3
7,1,1.35
7,1,1.4
7,1,1.45
7,1,1.5
7,1,1.55
7,1,1.6
7,1,1.65
7,1,1.7
7,1,1.75
7,1,1.8
7,1,1.85
7,1,1.9
7,1,1.95
7,1,2
7,1,2.05
7,1,2.1
7,1,2.15
7,1,2.2
7,1,2.25
7,1,2.3
7,1,2.35
7,1,2.4
7,1,2.45
7,1,2.5
7,1,2.55
7,1,2.6
7,1,2.65
7,1,2.7
7,1,2.75
7,1,2.8
7,1,2.85
7,1,2.9
7,1,2.95
7,1,3
7,1,3.05
7,1,3.1
7,1,3.15
7,1,3.2
7,1,3.25
7,1,3.3
7,1,3.35
7,1,3.4
7,1,3.45
7,1,3.5
7,1,3.55
7,1,3.6
7,1,3.65
7,1,3.7
7,1,3.75
7,1,3.8
7,1,3.85
7,1,3.9
7,1,3.95
7,1,4
7,1,4.05
7,1,4.1
7,1,4.15
7,1,4.2
7,1,4.25
7,1,4.3
7,1,4.35
7,1,4.4
7,1,4.45
7,1,4.5
7,1,4.55
7,1,4.6
7,1,4.65
7,1,4.7
7,1,4.75
7,1,4.8
7,1,4.85
7,1,4.9
7,1,4.95
7,1,5
7,1.5,0
7,1.5,0.05
7,1.5,0.1
7,1.5,0.15
7,1.5,0.2
7,1.5,0.25
7,1.5,0.3
7,1.5,0.35
7,1.5,0.4
7,1.5,0.45
7,1.5,0.5
7,1.5,0.55
7,1.5,0.6
7,1.5,0.65
7,1.5,0.7
7,1.5,0.75
7,1.5,0.8
7,1.5,0.85
7,1.5,0.9
7,1.5,0.95
7,1.5,1
7,1.5,1.05
7,1.5,1.1
7,1.5,1.15
7,1.5,1.2
7,1.5,1.25
7,1.5,1.3
7,1.5,1.35
7,1.5,1.4
7,1.5,1.45
7,1.5,1.5
7,1.5,1.55
7,1.5,1.6
7,1.5,1.65
7,1.5,1.7
7,1.5,1.75
7,1.5,1.8
7,1.5,1.85
7,1.5,1.9
7,1.5,1.95
7,1.5,2
7,1.5,2.05
7,1.5,2.1
7,1.5,2.15
7,1.5,2.2
7,1.5,2.25
7,1.5,2.3
7,1.5,2.35
7,1.5,2.4
7,1.5,2.45
7,1.5,2.5
7,1.5,2.55
7,1.5,2.6
7,1.5,2.65
7,1.5,2.7
7,1.5,2.75
7,1.5,2.8
7,1.5,2.85
7,1.5,2.9
7,1.5,2.95
7,1.5,3
7,1.5,3.05
7,1.5,3.1
7,1.5,3.15
7,1.5,3.2
7,1.5,3.25
7,1.5,3.3
7,1.5,3.35
7,1.5,3.4
7,1.5,3.45
7,1.5,3.5
7,1.5,3.55
7,1.5,3.6
7,1.5,3.65
7,1.5,3.7
7,1.5,3.75
7,1.5,3.8
7,1.5,3.85
7,1.5,3.9
7,1.5,3.95
7,1.5,4
7,1.5,4.05
7,1.5,4.1
7,1.5,4.15
7,1.5,4.2
7,1.5,4.25
7,1.5,4.3
7,1.5,4.35
7,1.5,4.4
7,1.5,4.45
7,1.5,4.5
7,1.5,4.55
7,1.5,4.6
7,1.5,4.65
7,1.5,4.7
7,1.5,4.75
7,1.5,4.8
7,1.5,4.85
7,1.5,4.9
7,1.5,4.95
7,1.5,5
7,2,0
7,2,0.05
7,2,0.1
7,2,0.15
7,2,0.2
7,2,0.25
7,2,0.3
7,2,0.35
7,2,0.4
7,2,0.45
7,2,0.5
7,2,0.55
7,2,0.6
7,2,0.65
7,2,0.7
7,2,0.75
7,2,0.8
7,2,0.85
7,2,0.9
7,2,0.95
7,2,1
7,2,1.05
7,2,1.1
7,2,1.15
7,2,1.2
7,2,1.25
7,2,1.3
7,2,1.35
7,2,1.4
7,2,1.45
7,2,1.5
7,2,1.55
7,2,1.6
7,2,1.65
7,2,1.7
7,2,1.75
7,2,1.8
7,2,1.85
7,2,1.9
7,2,1.95
7,2,2
7,2,2.05
7,2,2.1
7,2,2.15
7,2,2.2
7,2,2.25
7,2,2.3
7,2,2.35
7,2,2.4
7,2,2.45
7,2,2.5
7,2,2.55
7,2,2.6
7,2,2.65
7,2,2.7
7,2,2.75
7,2,2.8
7,2,2.85
7,2,2.9
7,2,2.95
7,2,3
7,2,3.05
7,2,3.1
7,2,3.15
7,2,3.2
7,2,3.25
7,2,3.3
7,2,3.35
7,2,3.4
7,2,3.45
7,2,3.5
7,2,3.55
7,2,3.6
7,2,3.65
7,2,3.7
7,2,3.75
7,2,3.8
7,2,3.85
7,2,3.9
7,2,3.95
7,2,4
7,2,4.05
7,2,4.1
7,2,4.15
7,2,4.2
7,2,4.25
7,2,4.3
7,2,4.35
7,2,4.4
7,2,4.45
7,2,4.5
7,2,4.55
7,2,4.6
7,2,4.65
7,2,4.7
7,2,4.75
7,2,4.8
7,2,4.85
7,2,4.9
7,2,4.95
7,2,5
7,2.5,0
7,2.5,0.05
7,2.5,0.1
7,2.5,0.15
7,2.5,0.2
7,2.5,0.25
7,2.5,0.3
7,2.5,0.35
7,2.5,0.4
7,2.5,0.45
7,2.5,0.5
7,2.5,0.55
7,2.5,0.6
7,2.5,0.65
7,2.5,0.7
7,2.5,0.75
7,2.5,0.8
7,2.5,0.85
7,2.5,0.9
7,2.5,0.95
7,2.5,1
7,2.5,1.05
7,2.5,1.1
7,2.5,1.15
7,2.5,1.2
7,2.5,1.25
7,2.5,1.3
7,2.5,1.35
7,2.5,1.4
7,2.5,1.45
7,2.5,1.5
7,2.5,1.55
7,2.5,1.6
7,2.5,1.65
7,2.5,1.7
7,2.5,1.75
7,2.5,1.8
7,2.5,1.85
7,2.5,1.9
7,2.5,1.95
7,2.5,2
7,2.5,2.05
7,2.5,2.1
7,2.5,2.15
7,2.5,2.2
7,2.5,2.25
7,2.5,2.3
7,2.5,2.35
7,2.5,2.4
7,2.5,2.45
7,2.5,2.5
7,2.5,2.55
7,2.5,2.6
7,2.5,2.65
7,2.5,2.7
7,2.5,2.75
7,2.5,2.8
7,2.5,2.85
7,2.5,2.9
7,2.5,2.95
7,2.5,3
7,2.5,3.05
7,2.5,3.1
7,2.5,3.15
7,2.5,3.2
7,2.5,3.25
7,2.5,3.3
7,2.5,3.35
7,2.5,3.4
7,2.5,3.45
7,2.5,3.5
7,2.5,3.55
7,2.5,3.6
7,2.5,3.65
7,2.5,3.7
7,2.5,3.75
7,2.5,3.8
7,2.5,3.85
7,2.5,3.9
7,2.5,3.95
7,2.5,4
7,2.5,4.05
7,2.5,4.1
7,2.5,4.15
7,2.5,4.2
7,2.5,4.25
7,2.5,4.3
7,2.5,4.35
7,2.5,4.4
7,2.5,4.45
7,2.5,4.5
7,2.5,4.55
7,2.5,4.6
7,2.5,4.65
7,2.5,4.7
7,2.5,4.75
7,2.5,4.8
7,2.5,4.85
7,2.5,4.9
7,2.5,4.95
7,2.5,5
7,3,0
7,3,0.05
7,3,0.1
7,3,0.15
7,3,0.2
7,3,0.25
7,3,0.3
7,3,0.35
7,3,0.4
7,3,0.45
7,3,0.5
7,3,0.55
7,3,0.6
7,3,0.65
7,3,0.7
7,3,0.75
7,3,0.8
7,3,0.85
7,3,0.9
7,3,0.95
7,3,1
7,3,1.05
7,3,1.1
7,3,1.15
7,3,1.2
7,3,1.25
7,3,1.3
7,3,1.35
7,3,1.4
7,3,1.45
7,3,1.5
7,3,1.55
7,3,1.6
7,3,1.65
7,3,1.7
7,3,1.75
7,3,1.8
7,3,1.85
7,3,1.9
7,3,1.95
7,3,2
7,3,2.05
7,3,2.1
7,3,2.15
7,3,2.2
7,3,2.25
7,3,2.3
7,3,2.35
7,3,2.4
7,3,2.45
7,3,2.5
7,3,2.55
7,3,2.6
7,3,2.65
7,3,2.7
7,3,2.75
7,3,2.8
7,3,2.85
7,3,2.9
7,3,2.95
7,3,3
7,3,3.05
7,3,3.1
7,3,3.15
7,3,3.2
7,3,3.25
7,3,3.3
7,3,3.35
7,3,3.4
7,3,3.45
7,3,3.5
7,3,3.55
7,3,3.6
7,3,3.65
7,3,3.7
7,3,3.75
7,3,3.8
7,3,3.85
7,3,3.9
7,3,3.95
7,3,4
7,3,4.05
7,3,4.1
7,3,4.15
7,3,4.2
7,3,4.25
7,3,4.3
7,3,4.35
7,3,4.4
7,3,4.45
7,3,4.5
7,3,4.55
7,3,4.6
7,3,4.65
7,3,4.7
7,3,4.75
7,3,4.8
7,3,4.85
7,3,4.9
7,3,4.95
7,3,5
7,3.5,0
7,3.5,0.05
7,3.5,0.1
7,3.5,0.15
7,3.5,0.2
7,3.5,0.25
7,3.5,0.3
7,3.5,0.35
7,3.5,0.4
7,3.5,0.45
7,3.5,0.5
7,3.5,0.55
7,3.5,0.6
7,3.5,0.65
7,3.5,0.7
7,3.5,0.75
7,3.5,0.8
7,3.5,0.85
7,3.5,0.9
7,3.5,0.95
7,3.5,1
7,3.5,1.05
7,3.5,1.1
7,3.5,1.15
7,3.5,1.2
7,3.5,1.25
7,3.5,1.3
7,3.5,1.35
7,3.5,1.4
7,3.5,1.45
7,3.5,1.5
7,3.5,1.55
7,3.5,1.6
7,3.5,1.65
7,3.5,1.7
7,3.5,1.75
7,3.5,1.8
7,3.5,1.85
7,3.5,1.9
7,3.5,1.95
7,3.5,2
7,3.5,2.05
7,3.5,2.1
7,3.5,2.15
7,3.5,2.2
7,3.5,2.25
7,3.5,2.3
7,3.5,2.35
7,3.5,2.4
7,3.5,2.45
7,3.5,2.5
7,3.5,2.55
7,3.5,2.6
7,3.5,2.65
7,3.5,2.7
7,3.5,2.75
7,3.5,2.8
7,3.5,2.85
7,3.5,2.9
7,3.5,2.95
7,3.5,3
7,3.5,3.05
7,3.5,3.1
7,3.5,3.15
7,3.5,3.2
7,3.5,3.25
7,3.5,3.3
7,3.5,3.35
7,3.5,3.4
7,3.5,3.45
7,3.5,3.5
7,3.5,3.55
7,3.5,3.6
7,3.5,3.65
7,3.5,3.7
7,3.5,3.75
7,3.5,3.8
7,3.5,3.85
7,3.5,3.9
7,3.5,3.95
7,3.5,4
7,3.5,4.05
7,3.5,4.1
7,3.5,4.15
7,3.5,4.2
7,3.5,4.25
7,3.5,4.3
7,3.5,4.35
7,3.5,4.4
7,3.5,4.45
7,3.5,4.5
7,3.5,4.55
7,3.5,4.6
7,3.5,4.65
7,3.5,4.7
7,3.5,4.75
7,3.5,4.8
7,3.5,4.85
7,3.5,4.9
7,3.5,4.95
7,3.5,5
7,4,0
7,4,0.05
7,4,0.1
7,4,0.15
7,4,0.2
7,4,0.25
7,4,0.3
7,4,0.35
7,4,0.4
7,4,0.45
7,4,0.5
7,4,0.55
7,4,0.6
7,4,0.65
7,4,0.7
7,4,0.75
7,4,0.8
7,4,0.85
7,4,0.9
7,4,0.95
7,4,1
7,4,1.05
7,4,1.1
7,4,1.15
7,4,1.2
7,4,1.25
7,4,1.3
7,4,1.35
7,4,1.4
7,4,1.45
7,4,1.5
7,4,1.55
7,4,1.6
7,4,1.65
7,4,1.7
7,4,1.75
7,4,1.8
7,4,1.85
7,4,1.9
7,4,1.95
7,4,2
7,4,2.05
7,4,2.1
7,4,2.15
7,4,2.2
7,4,2.25
7,4,2.3
7,4,2.35
7,4,2.4
7,4,2.45
7,4,2.5
7,4,2.55
7,4,2.6
7,4,2.65
7,4,2.7
7,4,2.75
7,4,2.8
7,4,2.85
7,4,2.9
7,4,2.95
7,4,3
7,4,3.05
7,4,3.1
7,4,3.15
7,4,3.2
7,4,3.25
7,4,3.3
7,4,3.35
7,4,3.4
7,4,3.45
7,4,3.5
7,4,3.55
7,4,3.6
7,4,3.65
7,4,3.7
7,4,3.75
7,4,3.8
7,4,3.85
7,4,3.9
7,4,3.95
7,4,4
7,4,4.05
7,4,4.1
7,4,4.15
7,4,4.2
7,4,4.25
7,4,4.3
7,4,4.35
7,4,4.4
7,4,4.45
7,4,4.5
7,4,4.55
7,4,4.6
7,4,4.65
7,4,4.7
7,4,4.75
7,4,4.8
7,4,4.85
7,4,4.9
7,4,4.95
7,4,5
7,4.5,0
7,4.5,0.05
7,4.5,0.1
7,4.5,0.15
7,4.5,0.2
7,4.5,0.25
7,4.5,0.3
7,4.5,0.35
7,4.5,0.4
7,4.5,0.45
7,4.5,0.5
7,4.5,0.55
7,4.5,0.6
7,4.5,0.65
7,4.5,0.7
7,4.5,0.75
7,4.5,0.8
7,4.5,0.85
7,4.5,0.9
7,4.5,0.95
7,4.5,1
7,4.5,1.05
7,4.5,1.1
7,4.5,1.15
7,4.5,1.2
7,4.5,1.25
7,4.5,1.3
7,4.5,1.35
7,4.5,1.4
7,4.5,1.45
7,4.5,1.5
7,4.5,1.55
7,4.5,1.6
7,4.5,1.65
7,4.5,1.7
7,4.5,1.75
7,4.5,1.8
7,4.5,1.85
7,4.5,1.9
7,4.5,1.95
7,4.5,2
7,4.5,2.05
7,4.5,2.1
7,4.5,2.15
7,4.5,2.2
7,4.5,2.25
7,4.5,2.3
7,4.5,2.35
7,4.5,2.4
7,4.5,2.45
7,4.5,2.5
7,4.5,2.55
7,4.5,2.6
7,4.5,2.65
7,4.5,2.7
7,4.5,2.75
7,4.5,2.8
7,4.5,2.85
7,4.5,2.9
7,4.5,2.95
7,4.5,3
7,4.5,3.05
7,4.5,3.1
7,4.5,3.15
7,4.5,3.2
7,4.5,3.25
7,4.5,3.3
7,4.5,3.35
7,4.5,3.4
7,4.5,3.45
7,4.5,3.5
7,4.5,3.55
7,4.5,3.6
7,4.5,3.65
7,4.5,3.7
7,4.5,3.75
7,4.5,3.8
7,4.5,3.85
7,4.5,3.9
7,4.5,3.95
7,4.5,4
7,4.5,4.05
7,4.5,4.1
7,4.5,4.15
7,4.5,4.2
7,4.5,4.25
7,4.5,4.3
7,4.5,4.35
7,4.5,4.4
7,4.5,4.45
7,4.5,4.5
7,4.5,4.55
7,4.5,4.6
7,4.5,4.65
7,4.5,4.7
7,4.5,4.75
7,4.5,4.8
7,4.5,4.85
7,4.5,4.9
7,4.5,4.95
7,4.5,5
7,5,0
7,5,0.05
7,5,0.1
7,5,0.15
7,5,0.2
7,5,0.25
7,5,0.3
7,5,0.35
7,5,0.4
7,5,0.45
7,5,0.5
7,5,0.55
7,5,0.6
7,5,0.65
7,5,0.7
7,5,0.75
7,5,0.8
7,5,0.85
7,5,0.9
7,5,0.95
7,5,1
7,5,1.05
7,5,1.1
7,5,1.15
7,5,1.2
7,5,1.25
7,5,1.3
7,5,1.35
7,5,1.4
7,5,1.45
7,5,1.5
7,5,1.55
7,5,1.6
7,5,1.65
7,5,1.7
7,5,1.75
7,5,1.8
7,5,1.85
7,5,1.9
7,5,1.95
7,5,2
7,5,2.05
7,5,2.1
7,5,2.15
7,5,2.2
7,5,2.25
7,5,2.3
7,5,2.35
7,5,2.4
7,5,2.45
7,5,2.5
7,5,2.55
7,5,2.6
7,5,2.65
7,5,2.7
7,5,2.75
7,5,2.8
7,5,2.85
7,5,2.9
7,5,2.95
7,5,3
7,5,3.05
7,5,3.1
7,5,3.15
7,5,3.2
7,5,3.25
7,5,3.3
7,5,3.35
7,5,3.4
7,5,3.45
7,5,3.5
7,5,3.55
7,5,3.6
7,5,3.65
7,5,3.7
7,5,3.75
7,5,3.8
7,5,3.85
7,5,3.9
7,5,3.95
7,5,4
7,5,4.05
7,5,4.1
7,5,4.15
7,5,4.2
7,5,4.25
7,5,4.3
7,5,4.35
7,5,4.4
7,5,4.45
7,5,4.5
7,5,4.55
7,5,4.6
7,5,4.65
7,5,4.7
7,5,4.75
7,5,4.8
7,5,4.85
7,5,4.9
7,5,4.95
7,5,5
7,5.5,0
7,5.5,0.05
7,5.5,0.1
7,5.5,0.15
7,5.5,0.2
7,5.5,0.25
7,5.5,0.3
7,5.5,0.35
7,5.5,0.4
7,5.5,0.45
7,5.5,0.5
7,5.5,0.55
7,5.5,0.6
7,5.5,0.65
7,5.5,0.7
7,5.5,0.75
7,5.5,0.8
7,5.5,0.85
7,5.5,0.9
7,5.5,0.95
7,5.5,1
7,5.5,1.05
7,5.5,1.1
7,5.5,1.15
7,5.5,1.2
7,5.5,1.25
7,5.5,1.3
7,5.5,1.35
7,5.5,1.4
7,5.5,1.45
7,5.5,1.5
7,5.5,1.55
7,5.5,1.6
7,5.5,1.65
7,5.5,1.7
7,5.5,1.75
7,5.5,1.8
7,5.5,1.85
7,5.5,1.9
7,5.5,1.95
7,5.5,2
7,5.5,2.05
7,5.5,2.1
7,5.5,2.15
7,5.5,2.2
7,5.5,2.25
7,5.5,2.3
7,5.5,2.35
7,5.5,2.4
7,5.5,2.45
7,5.5,2.5
7,5.5,2.55
7,5.5,2.6
7,5.5,2.65
7,5.5,2.7
7,5.5,2.75
7,5.5,2.8
7,5.5,2.85
7,5.5,2.9
7,5.5,2.95
7,5.5,3
7,5.5,3.05
7,5.5,3.1
7,5.5,3.15
7,5.5,3.2
7,5.5,3.25
7,5.5,3.3
7,5.5,3.35
7,5.5,3.4
7,5.5,3.45
7,5.5,3.5
7,5.5,3.55
7,5.5,3.6
7,5.5,3.65
7,5.5,3.7
7,5.5,3.75
7,5.5,3.8
7,5.5,3.85
7,5.5,3.9
7,5.5,3.95
7,5.5,4
7,5.5,4.05
7,5.5,4.1
7,5.5,4.15
7,5.5,4.2
7,5.5,4.25
7,5.5,4.3
7,5.5,4.35
7,5.5,4.4
7,5.5,4.45
7,5.5,4.5
7,5.5,4.55
7,5.5,4.6
7,5.5,4.65
7,5.5,4.7
7,5.5,4.75
7,5.5,4.8
7,5.5,4.85
7,5.5,4.9
7,5.5,4.95
7,5.5,5
7,6,0
7,6,0.05
7,6,0.1
7,6,0.15
7,6,0.2
7,6,0.25
7,6,0.3
7,6,0.35
7,6,0.4
7,6,0.45
7,6,0.5
7,6,0.55
7,6,0.6
7,6,0.65
7,6,0.7
7,6,0.75
7,6,0.8
7,6,0.85
7,6,0.9
7,6,0.95
7,6,1
7,6,1.05
7,6,1.1
7,6,1.15
7,6,1.2
7,6,1.25
7,6,1.3
7,6,1.35
7,6,1.4
7,6,1.45
7,6,1.5
7,6,1.55
7,6,1.6
7,6,1.65
7,6,1.7
7,6,1.75
7,6,1.8
7,6,1.85
7,6,1.9
7,6,1.95
7,6,2
7,6,2.05
7,6,2.1
7,6,2.15
7,6,2.2
7,6,2.25
7,6,2.3
7,6,2.35
7,6,2.4
7,6,2.45
7,6,2.5
7,6,2.55
7,6,2.6
7,6,2.65
7,6,2.7
7,6,2.75
7,6,2.8
7,6,2.85
7,6,2.9
7,6,2.95
7,6,3
7,6,3.05
7,6,3.1
7,6,3.15
7,6,3.2
7,6,3.25
7,6,3.3
7,6,3.35
7,6,3.4
7,6,3.45
7,6,3.5
7,6,3.55
7,6,3.6
7,6,3.65
7,6,3.7
7,6,3.75
7,6,3.8
7,6,3.85
7,6,3.9
7,6,3.95
7,6,4
7,6,4.05
7,6,4.1
7,6,4.15
7,6,4.2
7,6,4.25
7,6,4.3
7,6,4.35
7,6,4.4
7,6,4.45
7,6,4.5
7,6,4.55
7,6,4.6
7,6,4.65
7,6,4.7
7,6,4.75
7,6,4.8
7,6,4.85
7,6,4.9
7,6,4.95
7,6,5
7,6.5,0
7,6.5,0.05
7,6.5,0.1
7,6.5,0.15
7,6.5,0.2
7,6.5,0.25
7,6.5,0.3
7,6.5,0.35
7,6.5,0.4
7,6.5,0.45
7,6.5,0.5
7,6.5,0.55
7,6.5,0.6
7,6.5,0.65
7,6.5,0.7
7,6.5,0.75
7,6.5,0.8
7,6.5,0.85
7,6.5,0.9
7,6.5,0.95
7,6.5,1
7,6.5,1.05
7,6.5,1.1
7,6.5,1.15
7,6.5,1.2
7,6.5,1.25
7,6.5,1.3
7,6.5,1.35
7,6.5,1.4
7,6.5,1.45
7,6.5,1.5
7,6.5,1.55
7,6.5,1.6
7,6.5,1.65
7,6.5,1.7
7,6.5,1.75
7,6.5,1.8
7,6.5,1.85
7,6.5,1.9
7,6.5,1.95
7,6.5,2
7,6.5,2.05
7,6.5,2.1
7,6.5,2.15
7,6.5,2.2
7,6.5,2.25
7,6.5,2.3
7,6.5,2.35
7,6.5,2.4
7,6.5,2.45
7,6.5,2.5
7,6.5,2.55
7,6.5,2.6
7,6.5,2.65
7,6.5,2.7
7,6.5,2.75
7,6.5,2.8
7,6.5,2.85
7,6.5,2.9
7,6.5,2.95
7,6.5,3
7,6.5,3.05
7,6.5,3.1
7,6.5,3.15
7,6.5,3.2
7,6.5,3.25
7,6.5,3.3
7,6.5,3.35
7,6.5,3.4
7,6.5,3.45
7,6.5,3.5
7,6.5,3.55
7,6.5,3.6
7,6.5,3.65
7,6.5,3.7
7,6.5,3.75
7,6.5,3.8
7,6.5,3.85
7,6.5,3.9
7,6.5,3.95
7,6.5,4
7,6.5,4.05
7,6.5,4.1
7,6.5,4.15
7,6.5,4.2
7,6.5,4.25
7,6.5,4.3
7,6.5,4.35
7,6.5,4.4
7,6.5,4.45
7,6.5,4.5
7,6.5,4.55
7,6.5,4.6
7,6.5,4.65
7,6.5,4.7
7,6.5,4.75
7,6.5,4.8
7,6.5,4.85
7,6.5,4.9
7,6.5,4.95
7,6.5,5
7,7,0
7,7,0.05
7,7,0.1
7,7,0.15
7,7,0.2
7,7,0.25
7,7,0.3
7,7,0.35
7,7,0.4
7,7,0.45
7,7,0.5
7,7,0.55
7,7,0.6
7,7,0.65
7,7,0.7
7,7,0.75
7,7,0.8
7,7,0.85
7,7,0.9
7,7,0.95
7,7,1
7,7,1.05
7,7,1.1
7,7,1.15
7,7,1.2
7,7,1.25
7,7,1.3
7,7,1.35
7,7,1.4
7,7,1.45
7,7,1.5
7,7,1.55
7,7,1.6
7,7,1.65
7,7,1.7
7,7,1.75
7,7,1.8
7,7,1.85
7,7,1.9
7,7,1.95
7,7,2
7,7,2.05
7,7,2.1
7,7,2.15
7,7,2.2
7,7,2.25
7,7,2.3
7,7,2.35
7,7,2.4
7,7,2.45
7,7,2.5
7,7,2.55
7,7,2.6
7,7,2.65
7,7,2.7
7,7,2.75
7,7,2.8
7,7,2.85
7,7,2.9
7,7,2.95
7,7,3
7,7,3.05
7,7,3.1
7,7,3.15
7,7,3.2
7,7,3.25
7,7,3.3
7,7,3.35
7,7,3.4
7,7,3.45
7,7,3.5
7,7,3.55
7,7,3.6
7,7,3.65
7,7,3.7
7,7,3.75
7,7,3.8
7,7,3.85
7,7,3.9
7,7,3.95
7,7,4
7,7,4.05
7,7,4.1
7,7,4.15
7,7,4.2
7,7,4.25
7,7,4.3
7,7,4.35
7,7,4.4
7,7,4.45
7,7,4.5
7,7,4.55
7,7,4.6
7,7,4.65
7,7,4.7
7,7,4.75
7,7,4.8
7,7,4.85
7,7,4.9
7,7,4.95
7,7,5
7,7.5,0
7,7.5,0.05
7,7.5,0.1
7,7.5,0.15
7,7.5,0.2
7,7.5,0.25
7,7.5,0.3
7,7.5,0.35
7,7.5,0.4
7,7.5,0.45
7,7.5,0.5
7,7.5,0.55
7,7.5,0.6
7,7.5,0.65
7,7.5,0.7
7,7.5,0.75
7,7.5,0.8
7,7.5,0.85
7,7.5,0.9
7,7.5,0.95
7,7.5,1
7,7.5,1.05
7,7.5,1.1
7,7.5,1.15
7,7.5,1.2
7,7.5,1.25
7,7.5,1.3
7,7.5,1.35
7,7.5,1.4
7,7.5,1.45
7,7.5,1.5
7,7.5,1.55
7,7.5,1.6
7,7.5,1.65
7,7.5,1.7
7,7.5,1.75
7,7.5,1.8
7,7.5,1.85
7,7.5,1.9
7,7.5,1.95
7,7.5,2
7,7.5,2.05
7,7.5,2.1
7,7.5,2.15
7,7.5,2.2
7,7.5,2.25
7,7.5,2.3
7,7.5,2.35
7,7.5,2.4
7,7.5,2.45
7,7.5,2.5
7,7.5,2.55
7,7.5,2.6
7,7.5,2.65
7,7.5,2.7
7,7.5,2.75
7,7.5,2.8
7,7.5,2.85
7,7.5,2.9
7,7.5,2.95
7,7.5,3
7,7.5,3.05
7,7.5,3.1
7,7.5,3.15
7,7.5,3.2
7,7.5,3.25
7,7.5,3.3
7,7.5,3.35
7,7.5,3.4
7,7.5,3.45
7,7.5,3.5
7,7.5,3.55
7,7.5,3.6
7,7.5,3.65
7,7.5,3.7
7,7.5,3.75
7,7.5,3.8
7,7.5,3.85
7,7.5,3.9
7,7.5,3.95
7,7.5,4
7,7.5,4.05
7,7.5,4.1
7,7.5,4.15
7,7.5,4.2
7,7.5,4.25
7,7.5,4.3
7,7.5,4.35
7,7.5,4.4
7,7.5,4.45
7,7.5,4.5
7,7.5,4.55
7,7.5,4.6
7,7.5,4.65
7,7.5,4.7
7,7.5,4.75
7,7.5,4.8
7,7.5,4.85
7,7.5,4.9
7,7.5,4.95
7,7.5,5
7,8,0
7,8,0.05
7,8,0.1
7,8,0.15
7,8,0.2
7,8,0.25
7,8,0.3
7,8,0.35
7,8,0.4
7,8,0.45
7,8,0.5
7,8,0.55
7,8,0.6
7,8,0.65
7,8,0.7
7,8,0.75
7,8,0.8
7,8,0.85
7,8,0.9
7,8,0.95
7,8,1
7,8,1.05
7,8,1.1
7,8,1.15
7,8,1.2
7,8,1.25
7,8,1.3
7,8,1.35
7,8,1.4
7,8,1.45
7,8,1.5
7,8,1.55
7,8,1.6
7,8,1.65
7,8,1.7
7,8,1.75
7,8,1.8
7,8,1.85
7,8,1.9
7,8,1.95
7,8,2
7,8,2.05
7,8,2.1
7,8,2.15
7,8,2.2
7,8,2.25
7,8,2.3
7,8,2.35
7,8,2.4
7,8,2.45
7,8,2.5
7,8,2.55
7,8,2.6
7,8,2.65
7,8,2.7
7,8,2.75
7,8,2.8
7,8,2.85
7,8,2.9
7,8,2.95
7,8,3
7,8,3.05
7,8,3.1
7,8,3.15
7,8,3.2
7,8,3.25
7,8,3.3
7,8,3.35
7,8,3.4
7,8,3.45
7,8,3.5
7,8,3.55
7,8,3.6
7,8,3.65
7,8,3.7
7,8,3.75
7,8,3.8
7,8,3.85
7,8,3.9
7,8,3.95
7,8,4
7,8,4.05
7,8,4.1
7,8,4.15
7,8,4.2
7,8,4.25
7,8,4.3
7,8,4.35
7,8,4.4
7,8,4.45
7,8,4.5
7,8,4.55
7,8,4.6
7,8,4.65
7,8,4.7
7,8,4.75
7,8,4.8
7,8,4.85
7,8,4.9
7,8,4.95
7,8,5
7,8.5,0
7,8.5,0.05
7,8.5,0.1
7,8.5,0.15
7,8.5,0.2
7,8.5,0.25
7,8.5,0.3
7,8.5,0.35
7,8.5,0.4
7,8.5,0.45
7,8.5,0.5
7,8.5,0.55
7,8.5,0.6
7,8.5,0.65
7,8.5,0.7
7,8.5,0.75
7,8.5,0.8
7,8.5,0.85
7,8.5,0.9
7,8.5,0.95
7,8.5,1
7,8.5,1.05
7,8.5,1.1
7,8.5,1.15
7,8.5,1.2
7,8.5,1.25
7,8.5,1.3
7,8.5,1.35
7,8.5,1.4
7,8.5,1.45
7,8.5,1.5
7,8.5,1.55
7,8.5,1.6
7,8.5,1.65
7,8.5,1.7
7,8.5,1.75
7,8.5,1.8
7,8.5,1.85
7,8.5,1.9
7,8.5,1.95
7,8.5,2
7,8.5,2.05
7,8.5,2.1
7,8.5,2.15
7,8.5,2.2
7,8.5,2.25
7,8.5,2.3
7,8.5,2.35
7,8.5,2.4
7,8.5,2.45
7,8.5,2.5
7,8.5,2.55
7,8.5,2.6
7,8.5,2.65
7,8.5,2.7
7,8.5,2.75
7,8.5,2.8
7,8.5,2.85
7,8.5,2.9
7,8.5,2.95
7,8.5,3
7,8.5,3.05
7,8.5,3.1
7,8.5,3.15
7,8.5,3.2
7,8.5,3.25
7,8.5,3.3
7,8.5,3.35
7,8.5,3.4
7,8.5,3.45
7,8.5,3.5
7,8.5,3.55
7,8.5,3.6
7,8.5,3.65
7,8.5,3.7
7,8.5,3.75
7,8.5,3.8
7,8.5,3.85
7,8.5,3.9
7,8.5,3.95
7,8.5,4
7,8.5,4.05
7,8.5,4.1
7,8.5,4.15
7,8.5,4.2
7,8.5,4.25
7,8.5,4.3
7,8.5,4.35
7,8.5,4.4
7,8.5,4.45
7,8.5,4.5
7,8.5,4.55
7,8.5,4.6
7,8.5,4.65
7,8.5,4.7
7,8.5,4.75
7,8.5,4.8
7,8.5,4.85
7,8.5,4.9
7,8.5,4.95
7,8.5,5
7,9,0
7,9,0.05
7,9,0.1
7,9,0.15
7,9,0.2
7,9,0.25
7,9,0.3
7,9,0.35
7,9,0.4
7,9,0.45
7,9,0.5
7,9,0.55
7,9,0.6
7,9,0.65
7,9,0.7
7,9,0.75
7,9,0.8
7,9,0.85
7,9,0.9
7,9,0.95
7,9,1
7,9,1.05
7,9,1.1
7,9,1.15
7,9,1.2
7,9,1.25
7,9,1.3
7,9,1.35
7,9,1.4
7,9,1.45
7,9,1.5
7,9,1.55
7,9,1.6
7,9,1.65
7,9,1.7
7,9,1.75
7,9,1.8
7,9,1.85
7,9,1.9
7,9,1.95
7,9,2
7,9,2.05
7,9,2.1
7,9,2.15
7,9,2.2
7,9,2.25
7,9,2.3
7,9,2.35
7,9,2.4
7,9,2.45
7,9,2.5
7,9,2.55
7,9,2.6
7,9,2.65
7,9,2.7
7,9,2.75
7,9,2.8
7,9,2.85
7,9,2.9
7,9,2.95
7,9,3
7,9,3.05
7,9,3.1
7,9,3.15
7,9,3.2
7,9,3.25
7,9,3.3
7,9,3.35
7,9,3.4
7,9,3.45
7,9,3.5
7,9,3.55
7,9,3.6
7,9,3.65
7,9,3.7
7,9,3.75
7,9,3.8
7,9,3.85
7,9,3.9
7,9,3.95
7,9,4
7,9,4.05
7,9,4.1
7,9,4.15
7,9,4.2
7,9,4.25
7,9,4.3
7,9,4.35
7,9,4.4
7,9,4.45
7,9,4.5
7,9,4.55
7,9,4.6
7,9,4.65
7,9,4.7
7,9,4.75
7,9,4.8
7,9,4.85
7,9,4.9
7,9,4.95
7,9,5
7,9.5,0
7,9.5,0.05
7,9.5,0.1
7,9.5,0.15
7,9.5,0.2
7,9.5,0.25
7,9.5,0.3
7,9.5,0.35
7,9.5,0.4
7,9.5,0.45
7,9.5,0.5
7,9.5,0.55
7,9.5,0.6
7,9.5,0.65
7,9.5,0.7
7,9.5,0.75
7,9.5,0.8
7,9.5,0.85
7,9.5,0.9
7,9.5,0.95
7,9.5,1
7,9.5,1.05
7,9.5,1.1
7,9.5,1.15
7,9.5,1.2
7,9.5,1.25
7,9.5,1.3
7,9.5,1.35
7,9.5,1.4
7,9.5,1.45
7,9.5,1.5
7,9.5,1.55
7,9.5,1.6
7,9.5,1.65
7,9.5,1.7
7,9.5,1.75
7,9.5,1.8
7,9.5,1.85
7,9.5,1.9
7,9.5,1.95
7,9.5,2
7,9.5,2.05
7,9.5,2.1
7,9.5,2.15
7,9.5,2.2
7,9.5,2.25
7,9.5,2.3
7,9.5,2.35
7,9.5,2.4
7,9.5,2.45
7,9.5,2.5
7,9.5,2.55
7,9.5,2.6
7,9.5,2.65
7,9.5,2.7
7,9.5,2.75
7,9.5,2.8
7,9.5,2.85
7,9.5,2.9
7,9.5,2.95
7,9.5,3
7,9.5,3.05
7,9.5,3.1
7,9.5,3.15
7,9.5,3.2
7,9.5,3.25
7,9.5,3.3
7,9.5,3.35
7,9.5,3.4
7,9.5,3.45
7,9.5,3.5
7,9.5,3.55
7,9.5,3.6
7,9.5,3.65
7,9.5,3.7
7,9.5,3.75
7,9.5,3.8
7,9.5,3.85
7,9.5,3.9
7,9.5,3.95
7,9.5,4
7,9.5,4.05
7,9.5,4.1
7,9.5,4.15
7,9.5,4.2
7,9.5,4.25
7,9.5,4.3
7,9.5,4.35
7,9.5,4.4
7,9.5,4.45
7,9.5,4.5
7,9.5,4.55
7,9.5,4.6
7,9.5,4.65
7,9.5,4.7
7,9.5,4.75
7,9.5,4.8
7,9.5,4.85
7,9.5,4.9
7,9.5,4.95
7,9.5,5
7,10,0
7,10,0.05
7,10,0.1
7,10,0.15
7,10,0.2
7,10,0.25
7,10,0.3
7,10,0.35
7,10,0.4
7,10,0.45
7,10,0.5
7,10,0.55
7,10,0.6
7,10,0.65
7,10,0.7
7,10,0.75
7,10,0.8
7,10,0.85
7,10,0.9
7,10,0.95
7,10,1
7,10,1.05
7,10,1.1
7,10,1.15
7,10,1.2
7,10,1.25
7,10,1.3
7,10,1.35
7,10,1.4
7,10,1.45
7,10,1.5
7,10,1.55
7,10,1.6
7,10,1.65
7,10,1.7
7,10,1.75
7,10,1.8
7,10,1.85
7,10,1.9
7,10,1.95
7,10,2
7,10,2.05
7,10,2.1
7,10,2.15
7,10,2.2
7,10,2.25
7,10,2.3
7,10,2.35
7,10,2.4
7,10,2.45
7,10,2.5
7,10,2.55
7,10,2.6
7,10,2.65
7,10,2.7
7,10,2.75
7,10,2.8
7,10,2.85
7,10,2.9
7,10,2.95
7,10,3
7,10,3.05
7,10,3.1
7,10,3.15
7,10,3.2
7,10,3.25
7,10,3.3
7,10,3.35
7,10,3.4
7,10,3.45
7,10,3.5
7,10,3.55
7,10,3.6
7,10,3.65
7,10,3.7
7,10,3.75
7,10,3.8
7,10,3.85
7,10,3.9
7,10,3.95
7,10,4
7,10,4.05
7,10,4.1
7,10,4.15
7,10,4.2
7,10,4.25
7,10,4.3
7,10,4.35
7,10,4.4
7,10,4.45
7,10,4.5
7,10,4.55
7,10,4.6
7,10,4.65
7,10,4.7
7,10,4.75
7,10,4.8
7,10,4.85
7,10,4.9
7,10,4.95
7,10,5
7.5,0,0
7.5,0,0.05
7.5,0,0.1
7.5,0,0.15
7.5,0,0.2
7.5,0,0.25
7.5,0,0.3
7.5,0,0.35
7.5,0,0.4
7.5,0,0.45
7.5,0,0.5
7.5,0,0.55
7.5,0,0.6
7.5,0,0.65
7.5,0,0.7
7.5,0,0.75
7.5,0,0.8
7.5,0,0.85
7.5,0,0.9
7.5,0,0.95
7.5,0,1
7.5,0,1.05
7.5,0,1.1
7.5,0,1.15
7.5,0,1.2
7.5,0,1.25
7.5,0,1.3
7.5,0,1.35
7.5,0,1.4
7.5,0,1.45
7.5,0,1.5
7.5,0,1.55
7.5,0,1.6
7.5,0,1.65
7.5,0,1.7
7.5,0,1.75
7.5,0,1.8
7.5,0,1.85
7.5,0,1.9
7.5,0,1.95
7.5,0,2
7.5,0,2.05
7.5,0,2.1
7.5,0,2.15
7.5,0,2.2
7.5,0,2.25
7.5,0,2.3
7.5,0,2.35
7.5,0,2.4
7.5,0,2.45
7.5,0,2.5
7.5,0,2.55
7.5,0,2.6
7.5,0,2.65
7.5,0,2.7
7.5,0,2.75
7.5,0,2.8
7.5,0,2.85
7.5,0,2.9
7.5,0,2.95
7.5,0,3
7.5,0,3.05
7.5,0,3.1
7.5,0,3.15
7.5,0,3.2
7.5,0,3.25
7.5,0,3.3
7.5,0,3.35
7.5,0,3.4
7.5,0,3.45
7.5,0,3.5
7.5,0,3.55
7.5,0,3.6
7.5,0,3.65
7.5,0,3.7
7.5,0,3.75
7.5,0,3.8
7.5,0,3.85
7.5,0,3.9
7.5,0,3.95
7.5,0,4
7.5,0,4.05
7.5,0,4.1
7.5,0,4.15
7.5,0,4.2
7.5,0,4.25
7.5,0,4.3
7.5,0,4.35
7.5,0,4.4
7.5,0,4.45
7.5,0,4.5
7.5,0,4.55
7.5,0,4.6
7.5,0,4.65
7.5,0,4.7
7.5,0,4.75
7.5,0,4.8
7.5,0,4.85
7.5,0,4.9
7.5,0,4.95
7.5,0,5
7.5,0.5,0
7.5,0.5,0.05
7.5,0.5,0.1
7.5,0.5,0.15
7.5,0.5,0.2
7.5,0.5,0.25
7.5,0.5,0.3
7.5,0.5,0.35
7.5,0.5,0.4
7.5,0.5,0.45
7.5,0.5,0.5
7.5,0.5,0.55
7.5,0.5,0.6
7.5,0.5,0.65
7.5,0.5,0.7
7.5,0.5,0.75
7.5,0.5,0.8
7.5,0.5,0.85
7.5,0.5,0.9
7.5,0.5,0.95
7.5,0.5,1
7.5,0.5,1.05
7.5,0.5,1.1
7.5,0.5,1.15
7.5,0.5,1.2
7.5,0.5,1.25
7.5,0.5,1.3
7.5,0.5,1.35
7.5,0.5,1.4
7.5,0.5,1.45
7.5,0.5,1.5
7.5,0.5,1.55
7.5,0.5,1.6
7.5,0.5,1.65
7.5,0.5,1.7
7.5,0.5,1.75
7.5,0.5,1.8
7.5,0.5,1.85
7.5,0.5,1.9
7.5,0.5,1.95
7.5,0.5,2
7.5,0.5,2.05
7.5,0.5,2.1
7.5,0.5,2.15
7.5,0.5,2.2
7.5,0.5,2.25
7.5,0.5,2.3
7.5,0.5,2.35
7.5,0.5,2.4
7.5,0.5,2.45
7.5,0.5,2.5
7.5,0.5,2.55
7.5,0.5,2.6
7.5,0.5,2.65
7.5,0.5,2.7
7.5,0.5,2.75
7.5,0.5,2.8
7.5,0.5,2.85
7.5,0.5,2.9
7.5,0.5,2.95
7.5,0.5,3
7.5,0.5,3.05
7.5,0.5,3.1
7.5,0.5,3.15
7.5,0.5,3.2
7.5,0.5,3.25
7.5,0.5,3.3
7.5,0.5,3.35
7.5,0.5,3.4
7.5,0.5,3.45
7.5,0.5,3.5
7.5,0.5,3.55
7.5,0.5,3.6
7.5,0.5,3.65
7.5,0.5,3.7
7.5,0.5,3.75
7.5,0.5,3.8
7.5,0.5,3.85
7.5,0.5,3.9
7.5,0.5,3.95
7.5,0.5,4
7.5,0.5,4.05
7.5,0.5,4.1
7.5,0.5,4.15
7.5,0.5,4.2
7.5,0.5,4.25
7.5,0.5,4.3
7.5,0.5,4.35
7.5,0.5,4.4
7.5,0.5,4.45
7.5,0.5,4.5
7.5,0.5,4.55
7.5,0.5,4.6
7.5,0.5,4.65
7.5,0.5,4.7
7.5,0.5,4.75
7.5,0.5,4.8
7.5,0.5,4.85
7.5,0.5,4.9
7.5,0.5,4.95
7.5,0.5,5
7.5,1,0
7.5,1,0.05
7.5,1,0.1
7.5,1,0.15
7.5,1,0.2
7.5,1,0.25
7.5,1,0.3
7.5,1,0.35
7.5,1,0.4
7.5,1,0.45
7.5,1,0.5
7.5,1,0.55
7.5,1,0.6
7.5,1,0.65
7.5,1,0.7
7.5,1,0.75
7.5,1,0.8
7.5,1,0.85
7.5,1,0.9
7.5,1,0.95
7.5,1,1
7.5,1,1.05
7.5,1,1.1
7.5,1,1.15
7.5,1,1.2
7.5,1,1.25
7.5,1,1.3
7.5,1,1.35
7.5,1,1.4
7.5,1,1.45
7.5,1,1.5
7.5,1,1.55
7.5,1,1.6
7.5,1,1.65
7.5,1,1.7
7.5,1,1.75
7.5,1,1.8
7.5,1,1.85
7.5,1,1.9
7.5,1,1.95
7.5,1,2
7.5,1,2.05
7.5,1,2.1
7.5,1,2.15
7.5,1,2.2
7.5,1,2.25
7.5,1,2.3
7.5,1,2.35
7.5,1,2.4
7.5,1,2.45
7.5,1,2.5
7.5,1,2.55
7.5,1,2.6
7.5,1,2.65
7.5,1,2.7
7.5,1,2.75
7.5,1,2.8
7.5,1,2.85
7.5,1,2.9
7.5,1,2.95
7.5,1,3
7.5,1,3.05
7.5,1,3.1
7.5,1,3.15
7.5,1,3.2
7.5,1,3.25
7.5,1,3.3
7.5,1,3.35
7.5,1,3.4
7.5,1,3.45
7.5,1,3.5
7.5,1,3.55
7.5,1,3.6
7.5,1,3.65
7.5,1,3.7
7.5,1,3.75
7.5,1,3.8
7.5,1,3.85
7.5,1,3.9
7.5,1,3.95
7.5,1,4
7.5,1,4.05
7.5,1,4.1
7.5,1,4.15
7.5,1,4.2
7.5,1,4.25
7.5,1,4.3
7.5,1,4.35
7.5,1,4.4
7.5,1,4.45
7.5,1,4.5
7.5,1,4.55
7.5,1,4.6
7.5,1,4.65
7.5,1,4.7
7.5,1,4.75
7.5,1,4.8
7.5,1,4.85
7.5,1,4.9
7.5,1,4.95
7.5,1,5
7.5,1.5,0
7.5,1.5,0.05
7.5,1.5,0.1
7.5,1.5,0.15
7.5,1.5,0.2
7.5,1.5,0.25
7.5,1.5,0.3
7.5,1.5,0.35
7.5,1.5,0.4
7.5,1.5,0.45
7.5,1.5,0.5
7.5,1.5,0.55
7.5,1.5,0.6
7.5,1.5,0.65
7.5,1.5,0.7
7.5,1.5,0.75
7.5,1.5,0.8
7.5,1.5,0.85
7.5,1.5,0.9
7.5,1.5,0.95
7.5,1.5,1
7.5,1.5,1.05
7.5,1.5,1.1
7.5,1.5,1.15
7.5,1.5,1.2
7.5,1.5,1.25
7.5,1.5,1.3
7.5,1.5,1.35
7.5,1.5,1.4
7.5,1.5,1.45
7.5,1.5,1.5
7.5,1.5,1.55
7.5,1.5,1.6
7.5,1.5,1.65
7.5,1.5,1.7
7.5,1.5,1.75
7.5,1.5,1.8
7.5,1.5,1.85
7.5,1.5,1.9
7.5,1.5,1.95
7.5,1.5,2
7.5,1.5,2.05
7.5,1.5,2.1
7.5,1.5,2.15
7.5,1.5,2.2
7.5,1.5,2.25
7.5,1.5,2.3
7.5,1.5,2.35
7.5,1.5,2.4
7.5,1.5,2.45
7.5,1.5,2.5
7.5,1.5,2.55
7.5,1.5,2.6
7.5,1.5,2.65
7.5,1.5,2.7
7.5,1.5,2.75
7.5,1.5,2.8
7.5,1.5,2.85
7.5,1.5,2.9
7.5,1.5,2.95
7.5,1.5,3
7.5,1.5,3.05
7.5,1.5,3.1
7.5,1.5,3.15
7.5,1.5,3.2
7.5,1.5,3.25
7.5,1.5,3.3
7.5,1.5,3.35
7.5,1.5,3.4
7.5,1.5,3.45
7.5,1.5,3.5
7.5,1.5,3.55
7.5,1.5,3.6
7.5,1.5,3.65
7.5,1.5,3.7
7.5,1.5,3.75
7.5,1.5,3.8
7.5,1.5,3.85
7.5,1.5,3.9
7.5,1.5,3.95
7.5,1.5,4
7.5,1.5,4.05
7.5,1.5,4.1
7.5,1.5,4.15
7.5,1.5,4.2
7.5,1.5,4.25
7.5,1.5,4.3
7.5,1.5,4.35
7.5,1.5,4.4
7.5,1.5,4.45
7.5,1.5,4.5
7.5,1.5,4.55
7.5,1.5,4.6
7.5,1.5,4.65
7.5,1.5,4.7
7.5,1.5,4.75
7.5,1.5,4.8
7.5,1.5,4.85
7.5,1.5,4.9
7.5,1.5,4.95
7.5,1.5,5
7.5,2,0
7.5,2,0.05
7.5,2,0.1
7.5,2,0.15
7.5,2,0.2
7.5,2,0.25
7.5,2,0.3
7.5,2,0.35
7.5,2,0.4
7.5,2,0.45
7.5,2,0.5
7.5,2,0.55
7.5,2,0.6
7.5,2,0.65
7.5,2,0.7
7.5,2,0.75
7.5,2,0.8
7.5,2,0.85
7.5,2,0.9
7.5,2,0.95
7.5,2,1
7.5,2,1.05
7.5,2,1.1
7.5,2,1.15
7.5,2,1.2
7.5,2,1.25
7.5,2,1.3
7.5,2,1.35
7.5,2,1.4
7.5,2,1.45
7.5,2,1.5
7.5,2,1.55
7.5,2,1.6
7.5,2,1.65
7.5,2,1.7
7.5,2,1.75
7.5,2,1.8
7.5,2,1.85
7.5,2,1.9
7.5,2,1.95
7.5,2,2
7.5,2,2.05
7.5,2,2.1
7.5,2,2.15
7.5,2,2.2
7.5,2,2.25
7.5,2,2.3
7.5,2,2.35
7.5,2,2.4
7.5,2,2.45
7.5,2,2.5
7.5,2,2.55
7.5,2,2.6
7.5,2,2.65
7.5,2,2.7
7.5,2,2.75
7.5,2,2.8
7.5,2,2.85
7.5,2,2.9
7.5,2,2.95
7.5,2,3
7.5,2,3.05
7.5,2,3.1
7.5,2,3.15
7.5,2,3.2
7.5,2,3.25
7.5,2,3.3
7.5,2,3.35
7.5,2,3.4
7.5,2,3.45
7.5,2,3.5
7.5,2,3.55
7.5,2,3.6
7.5,2,3.65
7.5,2,3.7
7.5,2,3.75
7.5,2,3.8
7.5,2,3.85
7.5,2,3.9
7.5,2,3.95
7.5,2,4
7.5,2,4.05
7.5,2,4.1
7.5,2,4.15
7.5,2,4.2
7.5,2,4.25
7.5,2,4.3
7.5,2,4.35
7.5,2,4.4
7.5,2,4.45
7.5,2,4.5
7.5,2,4.55
7.5,2,4.6
7.5,2,4.65
7.5,2,4.7
7.5,2,4.75
7.5,2,4.8
7.5,2,4.85
7.5,2,4.9
7.5,2,4.95
7.5,2,5
7.5,2.5,0
7.5,2.5,0.05
7.5,2.5,0.1
7.5,2.5,0.15
7.5,2.5,0.2
7.5,2.5,0.25
7.5,2.5,0.3
7.5,2.5,0.35
7.5,2.5,0.4
7.5,2.5,0.45
7.5,2.5,0.5
7.5,2.5,0.55
7.5,2.5,0.6
7.5,2.5,0.65
7.5,2.5,0.7
7.5,2.5,0.75
7.5,2.5,0.8
7.5,2.5,0.85
7.5,2.5,0.9
7.5,2.5,0.95
7.5,2.5,1
7.5,2.5,1.05
7.5,2.5,1.1
7.5,2.5,1.15
7.5,2.5,1.2
7.5,2.5,1.25
7.5,2.5,1.3
7.5,2.5,1.35
7.5,2.5,1.4
7.5,2.5,1.45
7.5,2.5,1.5
7.5,2.5,1.55
7.5,2.5,1.6
7.5,2.5,1.65
7.5,2.5,1.7
7.5,2.5,1.75
7.5,2.5,1.8
7.5,2.5,1.85
7.5,2.5,1.9
7.5,2.5,1.95
7.5,2.5,2
7.5,2.5,2.05
7.5,2.5,2.1
7.5,2.5,2.15
7.5,2.5,2.2
7.5,2.5,2.25
7.5,2.5,2.3
7.5,2.5,2.35
7.5,2.5,2.4
7.5,2.5,2.45
7.5,2.5,2.5
7.5,2.5,2.55
7.5,2.5,2.6
7.5,2.5,2.65
7.5,2.5,2.7
7.5,2.5,2.75
7.5,2.5,2.8
7.5,2.5,2.85
7.5,2.5,2.9
7.5,2.5,2.95
7.5,2.5,3
7.5,2.5,3.05
7.5,2.5,3.1
7.5,2.5,3.15
7.5,2.5,3.2
7.5,2.5,3.25
7.5,2.5,3.3
7.5,2.5,3.35
7.5,2.5,3.4
7.5,2.5,3.45
7.5,2.5,3.5
7.5,2.5,3.55
7.5,2.5,3.6
7.5,2.5,3.65
7.5,2.5,3.7
7.5,2.5,3.75
7.5,2.5,3.8
7.5,2.5,3.85
7.5,2.5,3.9
7.5,2.5,3.95
7.5,2.5,4
7.5,2.5,4.05
7.5,2.5,4.1
7.5,2.5,4.15
7.5,2.5,4.2
7.5,2.5,4.25
7.5,2.5,4.3
7.5,2.5,4.35
7.5,2.5,4.4
7.5,2.5,4.45
7.5,2.5,4.5
7.5,2.5,4.55
7.5,2.5,4.6
7.5,2.5,4.65
7.5,2.5,4.7
7.5,2.5,4.75
7.5,2.5,4.8
7.5,2.5,4.85
7.5,2.5,4.9
7.5,2.5,4.95
7.5,2.5,5
7.5,3,0
7.5,3,0.05
7.5,3,0.1
7.5,3,0.15
7.5,3,0.2
7.5,3,0.25
7.5,3,0.3
7.5,3,0.35
7.5,3,0.4
7.5,3,0.45
7.5,3,0.5
7.5,3,0.55
7.5,3,0.6
7.5,3,0.65
7.5,3,0.7
7.5,3,0.75
7.5,3,0.8
7.5,3,0.85
7.5,3,0.9
7.5,3,0.95
7.5,3,1
7.5,3,1.05
7.5,3,1.1
7.5,3,1.15
7.5,3,1.2
7.5,3,1.25
7.5,3,1.3
7.5,3,1.35
7.5,3,1.4
7.5,3,1.45
7.5,3,1.5
7.5,3,1.55
7.5,3,1.6
7.5,3,1.65
7.5,3,1.7
7.5,3,1.75
7.5,3,1.8
7.5,3,1.85
7.5,3,1.9
7.5,3,1.95
7.5,3,2
7.5,3,2.05
7.5,3,2.1
7.5,3,2.15
7.5,3,2.2
7.5,3,2.25
7.5,3,2.3
7.5,3,2.35
7.5,3,2.4
7.5,3,2.45
7.5,3,2.5
7.5,3,2.55
7.5,3,2.6
7.5,3,2.65
7.5,3,2.7
7.5,3,2.75
7.5,3,2.8
7.5,3,2.85
7.5,3,2.9
7.5,3,2.95
7.5,3,3
7.5,3,3.05
7.5,3,3.1
7.5,3,3.15
7.5,3,3.2
7.5,3,3.25
7.5,3,3.3
7.5,3,3.35
7.5,3,3.4
7.5,3,3.45
7.5,3,3.5
7.5,3,3.55
7.5,3,3.6
7.5,3,3.65
7.5,3,3.7
7.5,3,3.75
7.5,3,3.8
7.5,3,3.85
7.5,3,3.9
7.5,3,3.95
7.5,3,4
7.5,3,4.05
7.5,3,4.1
7.5,3,4.15
7.5,3,4.2
7.5,3,4.25
7.5,3,4.3
7.5,3,4.35
7.5,3,4.4
7.5,3,4.45
7.5,3,4.5
7.5,3,4.55
7.5,3,4.6
7.5,3,4.65
7.5,3,4.7
7.5,3,4.75
7.5,3,4.8
7.5,3,4.85
7.5,3,4.9
7.5,3,4.95
7.5,3,5
7.5,3.5,0
7.5,3.5,0.05
7.5,3.5,0.1
7.5,3.5,0.15
7.5,3.5,0.2
7.5,3.5,0.25
7.5,3.5,0.3
7.5,3.5,0.35
7.5,3.5,0.4
7.5,3.5,0.45
7.5,3.5,0.5
7.5,3.5,0.55
7.5,3.5,0.6
7.5,3.5,0.65
7.5,3.5,0.7
7.5,3.5,0.75
7.5,3.5,0.8
7.5,3.5,0.85
7.5,3.5,0.9
7.5,3.5,0.95
7.5,3.5,1
7.5,3.5,1.05
7.5,3.5,1.1
7.5,3.5,1.15
7.5,3.5,1.2
7.5,3.5,1.25
7.5,3.5,1.3
7.5,3.5,1.35
7.5,3.5,1.4
7.5,3.5,1.45
7.5,3.5,1.5
7.5,3.5,1.55
7.5,3.5,1.6
7.5,3.5,1.65
7.5,3.5,1.7
7.5,3.5,1.75
7.5,3.5,1.8
7.5,3.5,1.85
7.5,3.5,1.9
7.5,3.5,1.95
7.5,3.5,2
7.5,3.5,2.05
7.5,3.5,2.1
7.5,3.5,2.15
7.5,3.5,2.2
7.5,3.5,2.25
7.5,3.5,2.3
7.5,3.5,2.35
7.5,3.5,2.4
7.5,3.5,2.45
7.5,3.5,2.5
7.5,3.5,2.55
7.5,3.5,2.6
7.5,3.5,2.65
7.5,3.5,2.7
7.5,3.5,2.75
7.5,3.5,2.8
7.5,3.5,2.85
7.5,3.5,2.9
7.5,3.5,2.95
7.5,3.5,3
7.5,3.5,3.05
7.5,3.5,3.1
7.5,3.5,3.15
7.5,3.5,3.2
7.5,3.5,3.25
7.5,3.5,3.3
7.5,3.5,3.35
7.5,3.5,3.4
7.5,3.5,3.45
7.5,3.5,3.5
7.5,3.5,3.55
7.5,3.5,3.6
7.5,3.5,3.65
7.5,3.5,3.7
7.5,3.5,3.75
7.5,3.5,3.8
7.5,3.5,3.85
7.5,3.5,3.9
7.5,3.5,3.95
7.5,3.5,4
7.5,3.5,4.05
7.5,3.5,4.1
7.5,3.5,4.15
7.5,3.5,4.2
7.5,3.5,4.25
7.5,3.5,4.3
7.5,3.5,4.35
7.5,3.5,4.4
7.5,3.5,4.45
7.5,3.5,4.5
7.5,3.5,4.55
7.5,3.5,4.6
7.5,3.5,4.65
7.5,3.5,4.7
7.5,3.5,4.75
7.5,3.5,4.8
7.5,3.5,4.85
7.5,3.5,4.9
7.5,3.5,4.95
7.5,3.5,5
7.5,4,0
7.5,4,0.05
7.5,4,0.1
7.5,4,0.15
7.5,4,0.2
7.5,4,0.25
7.5,4,0.3
7.5,4,0.35
7.5,4,0.4
7.5,4,0.45
7.5,4,0.5
7.5,4,0.55
7.5,4,0.6
7.5,4,0.65
7.5,4,0.7
7.5,4,0.75
7.5,4,0.8
7.5,4,0.85
7.5,4,0.9
7.5,4,0.95
7.5,4,1
7.5,4,1.05
7.5,4,1.1
7.5,4,1.15
7.5,4,1.2
7.5,4,1.25
7.5,4,1.3
7.5,4,1.35
7.5,4,1.4
7.5,4,1.45
7.5,4,1.5
7.5,4,1.55
7.5,4,1.6
7.5,4,1.65
7.5,4,1.7
7.5,4,1.75
7.5,4,1.8
7.5,4,1.85
7.5,4,1.9
7.5,4,1.95
7.5,4,2
7.5,4,2.05
7.5,4,2.1
7.5,4,2.15
7.5,4,2.2
7.5,4,2.25
7.5,4,2.3
7.5,4,2.35
7.5,4,2.4
7.5,4,2.45
7.5,4,2.5
7.5,4,2.55
7.5,4,2.6
7.5,4,2.65
7.5,4,2.7
7.5,4,2.75
7.5,4,2.8
7.5,4,2.85
7.5,4,2.9
7.5,4,2.95
7.5,4,3
7.5,4,3.05
7.5,4,3.1
7.5,4,3.15
7.5,4,3.2
7.5,4,3.25
7.5,4,3.3
7.5,4,3.35
7.5,4,3.4
7.5,4,3.45
7.5,4,3.5
7.5,4,3.55
7.5,4,3.6
7.5,4,3.65
7.5,4,3.7
7.5,4,3.75
7.5,4,3.8
7.5,4,3.85
7.5,4,3.9
7.5,4,3.95
7.5,4,4
7.5,4,4.05
7.5,4,4.1
7.5,4,4.15
7.5,4,4.2
7.5,4,4.25
7.5,4,4.3
7.5,4,4.35
7.5,4,4.4
7.5,4,4.45
7.5,4,4.5
7.5,4,4.55
7.5,4,4.6
7.5,4,4.65
7.5,4,4.7
7.5,4,4.75
7.5,4,4.8
7.5,4,4.85
7.5,4,4.9
7.5,4,4.95
7.5,4,5
7.5,4.5,0
7.5,4.5,0.05
7.5,4.5,0.1
7.5,4.5,0.15
7.5,4.5,0.2
7.5,4.5,0.25
7.5,4.5,0.3
7.5,4.5,0.35
7.5,4.5,0.4
7.5,4.5,0.45
7.5,4.5,0.5
7.5,4.5,0.55
7.5,4.5,0.6
7.5,4.5,0.65
7.5,4.5,0.7
7.5,4.5,0.75
7.5,4.5,0.8
7.5,4.5,0.85
7.5,4.5,0.9
7.5,4.5,0.95
7.5,4.5,1
7.5,4.5,1.05
7.5,4.5,1.1
7.5,4.5,1.15
7.5,4.5,1.2
7.5,4.5,1.25
7.5,4.5,1.3
7.5,4.5,1.35
7.5,4.5,1.4
7.5,4.5,1.45
7.5,4.5,1.5
7.5,4.5,1.55
7.5,4.5,1.6
7.5,4.5,1.65
7.5,4.5,1.7
7.5,4.5,1.75
7.5,4.5,1.8
7.5,4.5,1.85
7.5,4.5,1.9
7.5,4.5,1.95
7.5,4.5,2
7.5,4.5,2.05
7.5,4.5,2.1
7.5,4.5,2.15
7.5,4.5,2.2
7.5,4.5,2.25
7.5,4.5,2.3
7.5,4.5,2.35
7.5,4.5,2.4
7.5,4.5,2.45
7.5,4.5,2.5
7.5,4.5,2.55
7.5,4.5,2.6
7.5,4.5,2.65
7.5,4.5,2.7
7.5,4.5,2.75
7.5,4.5,2.8
7.5,4.5,2.85
7.5,4.5,2.9
7.5,4.5,2.95
7.5,4.5,3
7.5,4.5,3.05
7.5,4.5,3.1
7.5,4.5,3.15
7.5,4.5,3.2
7.5,4.5,3.25
7.5,4.5,3.3
7.5,4.5,3.35
7.5,4.5,3.4
7.5,4.5,3.45
7.5,4.5,3.5
7.5,4.5,3.55
7.5,4.5,3.6
7.5,4.5,3.65
7.5,4.5,3.7
7.5,4.5,3.75
7.5,4.5,3.8
7.5,4.5,3.85
7.5,4.5,3.9
7.5,4.5,3.95
7.5,4.5,4
7.5,4.5,4.05
7.5,4.5,4.1
7.5,4.5,4.15
7.5,4.5,4.2
7.5,4.5,4.25
7.5,4.5,4.3
7.5,4.5,4.35
7.5,4.5,4.4
7.5,4.5,4.45
7.5,4.5,4.5
7.5,4.5,4.55
7.5,4.5,4.6
7.5,4.5,4.65
7.5,4.5,4.7
7.5,4.5,4.75
7.5,4.5,4.8
7.5,4.5,4.85
7.5,4.5,4.9
7.5,4.5,4.95
7.5,4.5,5
7.5,5,0
7.5,5,0.05
7.5,5,0.1
7.5,5,0.15
7.5,5,0.2
7.5,5,0.25
7.5,5,0.3
7.5,5,0.35
7.5,5,0.4
7.5,5,0.45
7.5,5,0.5
7.5,5,0.55
7.5,5,0.6
7.5,5,0.65
7.5,5,0.7
7.5,5,0.75
7.5,5,0.8
7.5,5,0.85
7.5,5,0.9
7.5,5,0.95
7.5,5,1
7.5,5,1.05
7.5,5,1.1
7.5,5,1.15
7.5,5,1.2
7.5,5,1.25
7.5,5,1.3
7.5,5,1.35
7.5,5,1.4
7.5,5,1.45
7.5,5,1.5
7.5,5,1.55
7.5,5,1.6
7.5,5,1.65
7.5,5,1.7
7.5,5,1.75
7.5,5,1.8
7.5,5,1.85
7.5,5,1.9
7.5,5,1.95
7.5,5,2
7.5,5,2.05
7.5,5,2.1
7.5,5,2.15
7.5,5,2.2
7.5,5,2.25
7.5,5,2.3
7.5,5,2.35
7.5,5,2.4
7.5,5,2.45
7.5,5,2.5
7.5,5,2.55
7.5,5,2.6
7.5,5,2.65
7.5,5,2.7
7.5,5,2.75
7.5,5,2.8
7.5,5,2.85
7.5,5,2.9
7.5,5,2.95
7.5,5,3
7.5,5,3.05
7.5,5,3.1
7.5,5,3.15
7.5,5,3.2
7.5,5,3.25
7.5,5,3.3
7.5,5,3.35
7.5,5,3.4
7.5,5,3.45
7.5,5,3.5
7.5,5,3.55
7.5,5,3.6
7.5,5,3.65
7.5,5,3.7
7.5,5,3.75
7.5,5,3.8
7.5,5,3.85
7.5,5,3.9
7.5,5,3.95
7.5,5,4
7.5,5,4.05
7.5,5,4.1
7.5,5,4.15
7.5,5,4.2
7.5,5,4.25
7.5,5,4.3
7.5,5,4.35
7.5,5,4.4
7.5,5,4.45
7.5,5,4.5
7.5,5,4.55
7.5,5,4.6
7.5,5,4.65
7.5,5,4.7
7.5,5,4.75
7.5,5,4.8
7.5,5,4.85
7.5,5,4.9
7.5,5,4.95
7.5,5,5
7.5,5.5,0
7.5,5.5,0.05
7.5,5.5,0.1
7.5,5.5,0.15
7.5,5.5,0.2
7.5,5.5,0.25
7.5,5.5,0.3
7.5,5.5,0.35
7.5,5.5,0.4
7.5,5.5,0.45
7.5,5.5,0.5
7.5,5.5,0.55
7.5,5.5,0.6
7.5,5.5,0.65
7.5,5.5,0.7
7.5,5.5,0.75
7.5,5.5,0.8
7.5,5.5,0.85
7.5,5.5,0.9
7.5,5.5,0.95
7.5,5.5,1
7.5,5.5,1.05
7.5,5.5,1.1
7.5,5.5,1.15
7.5,5.5,1.2
7.5,5.5,1.25
7.5,5.5,1.3
7.5,5.5,1.35
7.5,5.5,1.4
7.5,5.5,1.45
7.5,5.5,1.5
7.5,5.5,1.55
7.5,5.5,1.6
7.5,5.5,1.65
7.5,5.5,1.7
7.5,5.5,1.75
7.5,5.5,1.8
7.5,5.5,1.85
7.5,5.5,1.9
7.5,5.5,1.95
7.5,5.5,2
7.5,5.5,2.05
7.5,5.5,2.1
7.5,5.5,2.15
7.5,5.5,2.2
7.5,5.5,2.25
7.5,5.5,2.3
7.5,5.5,2.35
7.5,5.5,2.4
7.5,5.5,2.45
7.5,5.5,2.5
7.5,5.5,2.55
7.5,5.5,2.6
7.5,5.5,2.65
7.5,5.5,2.7
7.5,5.5,2.75
7.5,5.5,2.8
7.5,5.5,2.85
7.5,5.5,2.9
7.5,5.5,2.95
7.5,5.5,3
7.5,5.5,3.05
7.5,5.5,3.1
7.5,5.5,3.15
7.5,5.5,3.2
7.5,5.5,3.25
7.5,5.5,3.3
7.5,5.5,3.35
7.5,5.5,3.4
7.5,5.5,3.45
7.5,5.5,3.5
7.5,5.5,3.55
7.5,5.5,3.6
7.5,5.5,3.65
7.5,5.5,3.7
7.5,5.5,3.75
7.5,5.5,3.8
7.5,5.5,3.85
7.5,5.5,3.9
7.5,5.5,3.95
7.5,5.5,4
7.5,5.5,4.05
7.5,5.5,4.1
7.5,5.5,4.15
7.5,5.5,4.2
7.5,5.5,4.25
7.5,5.5,4.3
7.5,5.5,4.35
7.5,5.5,4.4
7.5,5.5,4.45
7.5,5.5,4.5
7.5,5.5,4.55
7.5,5.5,4.6
7.5,5.5,4.65
7.5,5.5,4.7
7.5,5.5,4.75
7.5,5.5,4.8
7.5,5.5,4.85
7.5,5.5,4.9
7.5,5.5,4.95
7.5,5.5,5
7.5,6,0
7.5,6,0.05
7.5,6,0.1
7.5,6,0.15
7.5,6,0.2
7.5,6,0.25
7.5,6,0.3
7.5,6,0.35
7.5,6,0.4
7.5,6,0.45
7.5,6,0.5
7.5,6,0.55
7.5,6,0.6
7.5,6,0.65
7.5,6,0.7
7.5,6,0.75
7.5,6,0.8
7.5,6,0.85
7.5,6,0.9
7.5,6,0.95
7.5,6,1
7.5,6,1.05
7.5,6,1.1
7.5,6,1.15
7.5,6,1.2
7.5,6,1.25
7.5,6,1.3
7.5,6,1.35
7.5,6,1.4
7.5,6,1.45
7.5,6,1.5
7.5,6,1.55
7.5,6,1.6
7.5,6,1.65
7.5,6,1.7
7.5,6,1.75
7.5,6,1.8
7.5,6,1.85
7.5,6,1.9
7.5,6,1.95
7.5,6,2
7.5,6,2.05
7.5,6,2.1
7.5,6,2.15
7.5,6,2.2
7.5,6,2.25
7.5,6,2.3
7.5,6,2.35
7.5,6,2.4
7.5,6,2.45
7.5,6,2.5
7.5,6,2.55
7.5,6,2.6
7.5,6,2.65
7.5,6,2.7
7.5,6,2.75
7.5,6,2.8
7.5,6,2.85
7.5,6,2.9
7.5,6,2.95
7.5,6,3
7.5,6,3.05
7.5,6,3.1
7.5,6,3.15
7.5,6,3.2
7.5,6,3.25
7.5,6,3.3
7.5,6,3.35
7.5,6,3.4
7.5,6,3.45
7.5,6,3.5
7.5,6,3.55
7.5,6,3.6
7.5,6,3.65
7.5,6,3.7
7.5,6,3.75
7.5,6,3.8
7.5,6,3.85
7.5,6,3.9
7.5,6,3.95
7.5,6,4
7.5,6,4.05
7.5,6,4.1
7.5,6,4.15
7.5,6,4.2
7.5,6,4.25
7.5,6,4.3
7.5,6,4.35
7.5,6,4.4
7.5,6,4.45
7.5,6,4.5
7.5,6,4.55
7.5,6,4.6
7.5,6,4.65
7.5,6,4.7
7.5,6,4.75
7.5,6,4.8
7.5,6,4.85
7.5,6,4.9
7.5,6,4.95
7.5,6,5
7.5,6.5,0
7.5,6.5,0.05
7.5,6.5,0.1
7.5,6.5,0.15
7.5,6.5,0.2
7.5,6.5,0.25
7.5,6.5,0.3
7.5,6.5,0.35
7.5,6.5,0.4
7.5,6.5,0.45
7.5,6.5,0.5
7.5,6.5,0.55
7.5,6.5,0.6
7.5,6.5,0.65
7.5,6.5,0.7
7.5,6.5,0.75
7.5,6.5,0.8
7.5,6.5,0.85
7.5,6.5,0.9
7.5,6.5,0.95
7.5,6.5,1
7.5,6.5,1.05
7.5,6.5,1.1
7.5,6.5,1.15
7.5,6.5,1.2
7.5,6.5,1.25
7.5,6.5,1.3
7.5,6.5,1.35
7.5,6.5,1.4
7.5,6.5,1.45
7.5,6.5,1.5
7.5,6.5,1.55
7.5,6.5,1.6
7.5,6.5,1.65
7.5,6.5,1.7
7.5,6.5,1.75
7.5,6.5,1.8
7.5,6.5,1.85
7.5,6.5,1.9
7.5,6.5,1.95
7.5,6.5,2
7.5,6.5,2.05
7.5,6.5,2.1
7.5,6.5,2.15
7.5,6.5,2.2
7.5,6.5,2.25
7.5,6.5,2.3
7.5,6.5,2.35
7.5,6.5,2.4
7.5,6.5,2.45
7.5,6.5,2.5
7.5,6.5,2.55
7.5,6.5,2.6
7.5,6.5,2.65
7.5,6.5,2.7
7.5,6.5,2.75
7.5,6.5,2.8
7.5,6.5,2.85
7.5,6.5,2.9
7.5,6.5,2.95
7.5,6.5,3
7.5,6.5,3.05
7.5,6.5,3.1
7.5,6.5,3.15
7.5,6.5,3.2
7.5,6.5,3.25
7.5,6.5,3.3
7.5,6.5,3.35
7.5,6.5,3.4
7.5,6.5,3.45
7.5,6.5,3.5
7.5,6.5,3.55
7.5,6.5,3.6
7.5,6.5,3.65
7.5,6.5,3.7
7.5,6.5,3.75
7.5,6.5,3.8
7.5,6.5,3.85
7.5,6.5,3.9
7.5,6.5,3.95
7.5,6.5,4
7.5,6.5,4.05
7.5,6.5,4.1
7.5,6.5,4.15
7.5,6.5,4.2
7.5,6.5,4.25
7.5,6.5,4.3
7.5,6.5,4.35
7.5,6.5,4.4
7.5,6.5,4.45
7.5,6.5,4.5
7.5,6.5,4.55
7.5,6.5,4.6
7.5,6.5,4.65
7.5,6.5,4.7
7.5,6.5,4.75
7.5,6.5,4.8
7.5,6.5,4.85
7.5,6.5,4.9
7.5,6.5,4.95
7.5,6.5,5
7.5,7,0
7.5,7,0.05
7.5,7,0.1
7.5,7,0.15
7.5,7,0.2
7.5,7,0.25
7.5,7,0.3
7.5,7,0.35
7.5,7,0.4
7.5,7,0.45
7.5,7,0.5
7.5,7,0.55
7.5,7,0.6
7.5,7,0.65
7.5,7,0.7
7.5,7,0.75
7.5,7,0.8
7.5,7,0.85
7.5,7,0.9
7.5,7,0.95
7.5,7,1
7.5,7,1.05
7.5,7,1.1
7.5,7,1.15
7.5,7,1.2
7.5,7,1.25
7.5,7,1.3
7.5,7,1.35
7.5,7,1.4
7.5,7,1.45
7.5,7,1.5
7.5,7,1.55
7.5,7,1.6
7.5,7,1.65
7.5,7,1.7
7.5,7,1.75
7.5,7,1.8
7.5,7,1.85
7.5,7,1.9
7.5,7,1.95
7.5,7,2
7.5,7,2.05
7.5,7,2.1
7.5,7,2.15
7.5,7,2.2
7.5,7,2.25
7.5,7,2.3
7.5,7,2.35
7.5,7,2.4
7.5,7,2.45
7.5,7,2.5
7.5,7,2.55
7.5,7,2.6
7.5,7,2.65
7.5,7,2.7
7.5,7,2.75
7.5,7,2.8
7.5,7,2.85
7.5,7,2.9
7.5,7,2.95
7.5,7,3
7.5,7,3.05
7.5,7,3.1
7.5,7,3.15
7.5,7,3.2
7.5,7,3.25
7.5,7,3.3
7.5,7,3.35
7.5,7,3.4
7.5,7,3.45
7.5,7,3.5
7.5,7,3.55
7.5,7,3.6
7.5,7,3.65
7.5,7,3.7
7.5,7,3.75
7.5,7,3.8
7.5,7,3.85
7.5,7,3.9
7.5,7,3.95
7.5,7,4
7.5,7,4.05
7.5,7,4.1
7.5,7,4.15
7.5,7,4.2
7.5,7,4.25
7.5,7,4.3
7.5,7,4.35
7.5,7,4.4
7.5,7,4.45
7.5,7,4.5
7.5,7,4.55
7.5,7,4.6
7.5,7,4.65
7.5,7,4.7
7.5,7,4.75
7.5,7,4.8
7.5,7,4.85
7.5,7,4.9
7.5,7,4.95
7.5,7,5
7.5,7.5,0
7.5,7.5,0.05
7.5,7.5,0.1
7.5,7.5,0.15
7.5,7.5,0.2
7.5,7.5,0.25
7.5,7.5,0.3
7.5,7.5,0.35
7.5,7.5,0.4
7.5,7.5,0.45
7.5,7.5,0.5
7.5,7.5,0.55
7.5,7.5,0.6
7.5,7.5,0.65
7.5,7.5,0.7
7.5,7.5,0.75
7.5,7.5,0.8
7.5,7.5,0.85
7.5,7.5,0.9
7.5,7.5,0.95
7.5,7.5,1
7.5,7.5,1.05
7.5,7.5,1.1
7.5,7.5,1.15
7.5,7.5,1.2
7.5,7.5,1.25
7.5,7.5,1.3
7.5,7.5,1.35
7.5,7.5,1.4
7.5,7.5,1.45
7.5,7.5,1.5
7.5,7.5,1.55
7.5,7.5,1.6
7.5,7.5,1.65
7.5,7.5,1.7
7.5,7.5,1.75
7.5,7.5,1.8
7.5,7.5,1.85
7.5,7.5,1.9
7.5,7.5,1.95
7.5,7.5,2
7.5,7.5,2.05
7.5,7.5,2.1
7.5,7.5,2.15
7.5,7.5,2.2
7.5,7.5,2.25
7.5,7.5,2.3
7.5,7.5,2.35
7.5,7.5,2.4
7.5,7.5,2.45
7.5,7.5,2.5
7.5,7.5,2.55
7.5,7.5,2.6
7.5,7.5,2.65
7.5,7.5,2.7
7.5,7.5,2.75
7.5,7.5,2.8
7.5,7.5,2.85
7.5,7.5,2.9
7.5,7.5,2.95
7.5,7.5,3
7.5,7.5,3.05
7.5,7.5,3.1
7.5,7.5,3.15
7.5,7.5,3.2
7.5,7.5,3.25
7.5,7.5,3.3
7.5,7.5,3.35
7.5,7.5,3.4
7.5,7.5,3.45
7.5,7.5,3.5
7.5,7.5,3.55
7.5,7.5,3.6
7.5,7.5,3.65
7.5,7.5,3.7
7.5,7.5,3.75
7.5,7.5,3.8
7.5,7.5,3.85
7.5,7.5,3.9
7.5,7.5,3.95
7.5,7.5,4
7.5,7.5,4.05
7.5,7.5,4.1
7.5,7.5,4.15
7.5,7.5,4.2
7.5,7.5,4.25
7.5,7.5,4.3
7.5,7.5,4.35
7.5,7.5,4.4
7.5,7.5,4.45
7.5,7.5,4.5
7.5,7.5,4.55
7.5,7.5,4.6
7.5,7.5,4.65
7.5,7.5,4.7
7.5,7.5,4.75
7.5,7.5,4.8
7.5,7.5,4.85
7.5,7.5,4.9
7.5,7.5,4.95
7.5,7.5,5
7.5,8,0
7.5,8,0.05
7.5,8,0.1
7.5,8,0.15
7.5,8,0.2
7.5,8,0.25
7.5,8,0.3
7.5,8,0.35
7.5,8,0.4
7.5,8,0.45
7.5,8,0.5
7.5,8,0.55
7.5,8,0.6
7.5,8,0.65
7.5,8,0.7
7.5,8,0.75
7.5,8,0.8
7.5,8,0.85
7.5,8,0.9
7.5,8,0.95
7.5,8,1
7.5,8,1.05
7.5,8,1.1
7.5,8,1.15
7.5,8,1.2
7.5,8,1.25
7.5,8,1.3
7.5,8,1.35
7.5,8,1.4
7.5,8,1.45
7.5,8,1.5
7.5,8,1.55
7.5,8,1.6
7.5,8,1.65
7.5,8,1.7
7.5,8,1.75
7.5,8,1.8
7.5,8,1.85
7.5,8,1.9
7.5,8,1.95
7.5,8,2
7.5,8,2.05
7.5,8,2.1
7.5,8,2.15
7.5,8,2.2
7.5,8,2.25
7.5,8,2.3
7.5,8,2.35
7.5,8,2.4
7.5,8,2.45
7.5,8,2.5
7.5,8,2.55
7.5,8,2.6
7.5,8,2.65
7.5,8,2.7
7.5,8,2.75
7.5,8,2.8
7.5,8,2.85
7.5,8,2.9
7.5,8,2.95
7.5,8,3
7.5,8,3.05
7.5,8,3.1
7.5,8,3.15
7.5,8,3.2
7.5,8,3.25
7.5,8,3.3
7.5,8,3.35
7.5,8,3.4
7.5,8,3.45
7.5,8,3.5
7.5,8,3.55
7.5,8,3.6
7.5,8,3.65
7.5,8,3.7
7.5,8,3.75
7.5,8,3.8
7.5,8,3.85
7.5,8,3.9
7.5,8,3.95
7.5,8,4
7.5,8,4.05
7.5,8,4.1
7.5,8,4.15
7.5,8,4.2
7.5,8,4.25
7.5,8,4.3
7.5,8,4.35
7.5,8,4.4
7.5,8,4.45
7.5,8,4.5
7.5,8,4.55
7.5,8,4.6
7.5,8,4.65
7.5,8,4.7
7.5,8,4.75
7.5,8,4.8
7.5,8,4.85
7.5,8,4.9
7.5,8,4.95
7.5,8,5
7.5,8.5,0
7.5,8.5,0.05
7.5,8.5,0.1
7.5,8.5,0.15
7.5,8.5,0.2
7.5,8.5,0.25
7.5,8.5,0.3
7.5,8.5,0.35
7.5,8.5,0.4
7.5,8.5,0.45
7.5,8.5,0.5
7.5,8.5,0.55
7.5,8.5,0.6
7.5,8.5,0.65
7.5,8.5,0.7
7.5,8.5,0.75
7.5,8.5,0.8
7.5,8.5,0.85
7.5,8.5,0.9
7.5,8.5,0.95
7.5,8.5,1
7.5,8.5,1.05
7.5,8.5,1.1
7.5,8.5,1.15
7.5,8.5,1.2
7.5,8.5,1.25
7.5,8.5,1.3
7.5,8.5,1.35
7.5,8.5,1.4
7.5,8.5,1.45
7.5,8.5,1.5
7.5,8.5,1.55
7.5,8.5,1.6
7.5,8.5,1.65
7.5,8.5,1.7
7.5,8.5,1.75
7.5,8.5,1.8
7.5,8.5,1.85
7.5,8.5,1.9
7.5,8.5,1.95
7.5,8.5,2
7.5,8.5,2.05
7.5,8.5,2.1
7.5,8.5,2.15
7.5,8.5,2.2
7.5,8.5,2.25
7.5,8.5,2.3
7.5,8.5,2.35
7.5,8.5,2.4
7.5,8.5,2.45
7.5,8.5,2.5
7.5,8.5,2.55
7.5,8.5,2.6
7.5,8.5,2.65
7.5,8.5,2.7
7.5,8.5,2.75
7.5,8.5,2.8
7.5,8.5,2.85
7.5,8.5,2.9
7.5,8.5,2.95
7.5,8.5,3
7.5,8.5,3.05
7.5,8.5,3.1
7.5,8.5,3.15
7.5,8.5,3.2
7.5,8.5,3.25
7.5,8.5,3.3
7.5,8.5,3.35
7.5,8.5,3.4
7.5,8.5,3.45
7.5,8.5,3.5
7.5,8.5,3.55
7.5,8.5,3.6
7.5,8.5,3.65
7.5,8.5,3.7
7.5,8.5,3.75
7.5,8.5,3.8
7.5,8.5,3.85
7.5,8.5,3.9
7.5,8.5,3.95
7.5,8.5,4
7.5,8.5,4.05
7.5,8.5,4.1
7.5,8.5,4.15
7.5,8.5,4.2
7.5,8.5,4.25
7.5,8.5,4.3
7.5,8.5,4.35
7.5,8.5,4.4
7.5,8.5,4.45
7.5,8.5,4.5
7.5,8.5,4.55
7.5,8.5,4.6
7.5,8.5,4.65
7.5,8.5,4.7
7.5,8.5,4.75
7.5,8.5,4.8
7.5,8.5,4.85
7.5,8.5,4.9
7.5,8.5,4.95
7.5,8.5,5
7.5,9,0
7.5,9,0.05
7.5,9,0.1
7.5,9,0.15
7.5,9,0.2
7.5,9,0.25
7.5,9,0.3
7.5,9,0.35
7.5,9,0.4
7.5,9,0.45
7.5,9,0.5
7.5,9,0.55
7.5,9,0.6
7.5,9,0.65
7.5,9,0.7
7.5,9,0.75
7.5,9,0.8
7.5,9,0.85
7.5,9,0.9
7.5,9,0.95
7.5,9,1
7.5,9,1.05
7.5,9,1.1
7.5,9,1.15
7.5,9,1.2
7.5,9,1.25
7.5,9,1.3
7.5,9,1.35
7.5,9,1.4
7.5,9,1.45
7.5,9,1.5
7.5,9,1.55
7.5,9,1.6
7.5,9,1.65
7.5,9,1.7
7.5,9,1.75
7.5,9,1.8
7.5,9,1.85
7.5,9,1.9
7.5,9,1.95
7.5,9,2
7.5,9,2.05
7.5,9,2.1
7.5,9,2.15
7.5,9,2.2
7.5,9,2.25
7.5,9,2.3
7.5,9,2.35
7.5,9,2.4
7.5,9,2.45
7.5,9,2.5
7.5,9,2.55
7.5,9,2.6
7.5,9,2.65
7.5,9,2.7
7.5,9,2.75
7.5,9,2.8
7.5,9,2.85
7.5,9,2.9
7.5,9,2.95
7.5,9,3
7.5,9,3.05
7.5,9,3.1
7.5,9,3.15
7.5,9,3.2
7.5,9,3.25
7.5,9,3.3
7.5,9,3.35
7.5,9,3.4
7.5,9,3.45
7.5,9,3.5
7.5,9,3.55
7.5,9,3.6
7.5,9,3.65
7.5,9,3.7
7.5,9,3.75
7.5,9,3.8
7.5,9,3.85
7.5,9,3.9
7.5,9,3.95
7.5,9,4
7.5,9,4.05
7.5,9,4.1
7.5,9,4.15
7.5,9,4.2
7.5,9,4.25
7.5,9,4.3
7.5,9,4.35
7.5,9,4.4
7.5,9,4.45
7.5,9,4.5
7.5,9,4.55
7.5,9,4.6
7.5,9,4.65
7.5,9,4.7
7.5,9,4.75
7.5,9,4.8
7.5,9,4.85
7.5,9,4.9
7.5,9,4.95
7.5,9,5
7.5,9.5,0
7.5,9.5,0.05
7.5,9.5,0.1
7.5,9.5,0.15
7.5,9.5,0.2
7.5,9.5,0.25
7.5,9.5,0.3
7.5,9.5,0.35
7.5,9.5,0.4
7.5,9.5,0.45
7.5,9.5,0.5
7.5,9.5,0.55
7.5,9.5,0.6
7.5,9.5,0.65
7.5,9.5,0.7
7.5,9.5,0.75
7.5,9.5,0.8
7.5,9.5,0.85
7.5,9.5,0.9
7.5,9.5,0.95
7.5,9.5,1
7.5,9.5,1.05
7.5,9.5,1.1
7.5,9.5,1.15
7.5,9.5,1.2
7.5,9.5,1.25
7.5,9.5,1.3
7.5,9.5,1.35
7.5,9.5,1.4
7.5,9.5,1.45
7.5,9.5,1.5
7.5,9.5,1.55
7.5,9.5,1.6
7.5,9.5,1.65
7.5,9.5,1.7
7.5,9.5,1.75
7.5,9.5,1.8
7.5,9.5,1.85
7.5,9.5,1.9
7.5,9.5,1.95
7.5,9.5,2
7.5,9.5,2.05
7.5,9.5,2.1
7.5,9.5,2.15
7.5,9.5,2.2
7.5,9.5,2.25
7.5,9.5,2.3
7.5,9.5,2.35
7.5,9.5,2.4
7.5,9.5,2.45
7.5,9.5,2.5
7.5,9.5,2.55
7.5,9.5,2.6
7.5,9.5,2.65
7.5,9.5,2.7
7.5,9.5,2.75
7.5,9.5,2.8
7.5,9.5,2.85
7.5,9.5,2.9
7.5,9.5,2.95
7.5,9.5,3
7.5,9.5,3.05
7.5,9.5,3.1
7.5,9.5,3.15
7.5,9.5,3.2
7.5,9.5,3.25
7.5,9.5,3.3
7.5,9.5,3.35
7.5,9.5,3.4
7.5,9.5,3.45
7.5,9.5,3.5
7.5,9.5,3.55
7.5,9.5,3.6
7.5,9.5,3.65
7.5,9.5,3.7
7.5,9.5,3.75
7.5,9.5,3.8
7.5,9.5,3.85
7.5,9.5,3.9
7.5,9.5,3.95
7.5,9.5,4
7.5,9.5,4.05
7.5,9.5,4.1
7.5,9.5,4.15
7.5,9.5,4.2
7.5,9.5,4.25
7.5,9.5,4.3
7.5,9.5,4.35
7.5,9.5,4.4
7.5,9.5,4.45
7.5,9.5,4.5
7.5,9.5,4.55
7.5,9.5,4.6
7.5,9.5,4.65
7.5,9.5,4.7
7.5,9.5,4.75
7.5,9.5,4.8
7.5,9.5,4.85
7.5,9.5,4.9
7.5,9.5,4.95
7.5,9.5,5
7.5,10,0
7.5,10,0.05
7.5,10,0.1
7.5,10,0.15
7.5,10,0.2
7.5,10,0.25
7.5,10,0.3
7.5,10,0.35
7.5,10,0.4
7.5,10,0.45
7.5,10,0.5
7.5,10,0.55
7.5,10,0.6
7.5,10,0.65
7.5,10,0.7
7.5,10,0.75
7.5,10,0.8
7.5,10,0.85
7.5,10,0.9
7.5,10,0.95
7.5,10,1
7.5,10,1.05
7.5,10,1.1
7.5,10,1.15
7.5,10,1.2
7.5,10,1.25
7.5,10,1.3
7.5,10,1.35
7.5,10,1.4
7.5,10,1.45
7.5,10,1.5
7.5,10,1.55
7.5,10,1.6
7.5,10,1.65
7.5,10,1.7
7.5,10,1.75
7.5,10,1.8
7.5,10,1.85
7.5,10,1.9
7.5,10,1.95
7.5,10,2
7.5,10,2.05
7.5,10,2.1
7.5,10,2.15
7.5,10,2.2
7.5,10,2.25
7.5,10,2.3
7.5,10,2.35
7.5,10,2.4
7.5,10,2.45
7.5,10,2.5
7.5,10,2.55
7.5,10,2.6
7.5,10,2.65
7.5,10,2.7
7.5,10,2.75
7.5,10,2.8
7.5,10,2.85
7.5,10,2.9
7.5,10,2.95
7.5,10,3
7.5,10,3.05
7.5,10,3.1
7.5,10,3.15
7.5,10,3.2
7.5,10,3.25
7.5,10,3.3
7.5,10,3.35
7.5,10,3.4
7.5,10,3.45
7.5,10,3.5
7.5,10,3.55
7.5,10,3.6
7.5,10,3.65
7.5,10,3.7
7.5,10,3.75
7.5,10,3.8
7.5,10,3.85
7.5,10,3.9
7.5,10,3.95
7.5,10,4
7.5,10,4.05
7.5,10,4.1
7.5,10,4.15
7.5,10,4.2
7.5,10,4.25
7.5,10,4.3
7.5,10,4.35
7.5,10,4.4
7.5,10,4.45
7.5,10,4.5
7.5,10,4.55
7.5,10,4.6
7.5,10,4.65
7.5,10,4.7
7.5,10,4.75
7.5,10,4.8
7.5,10,4.85
7.5,10,4.9
7.5,10,4.95
7.5,10,5
8,0,0
8,0,0.05
8,0,0.1
8,0,0.15
8,0,0.2
8,0,0.25
8,0,0.3
8,0,0.35
8,0,0.4
8,0,0.45
8,0,0.5
8,0,0.55
8,0,0.6
8,0,0.65
8,0,0.7
8,0,0.75
8,0,0.8
8,0,0.85
8,0,0.9
8,0,0.95
8,0,1
8,0,1.05
8,0,1.1
8,0,1.15
8,0,1.2
8,0,1.25
8,0,1.3
8,0,1.35
8,0,1.4
8,0,1.45
8,0,1.5
8,0,1.55
8,0,1.6
8,0,1.65
8,0,1.7
8,0,1.75
8,0,1.8
8,0,1.85
8,0,1.9
8,0,1.95
8,0,2
8,0,2.05
8,0,2.1
8,0,2.15
8,0,2.2
8,0,2.25
8,0,2.3
8,0,2.35
8,0,2.4
8,0,2.45
8,0,2.5
8,0,2.55
8,0,2.6
8,0,2.65
8,0,2.7
8,0,2.75
8,0,2.8
8,0,2.85
8,0,2.9
8,0,2.95
8,0,3
8,0,3.05
8,0,3.1
8,0,3.15
8,0,3.2
8,0,3.25
8,0,3.3
8,0,3.35
8,0,3.4
8,0,3.45
8,0,3.5
8,0,3.55
8,0,3.6
8,0,3.65
8,0,3.7
8,0,3.75
8,0,3.8
8,0,3.85
8,0,3.9
8,0,3.95
8,0,4
8,0,4.05
8,0,4.1
8,0,4.15
8,0,4.2
8,0,4.25
8,0,4.3
8,0,4.35
8,0,4.4
8,0,4.45
8,0,4.5
8,0,4.55
8,0,4.6
8,0,4.65
8,0,4.7
8,0,4.75
8,0,4.8
8,0,4.85
8,0,4.9
8,0,4.95
8,0,5
8,0.5,0
8,0.5,0.05
8,0.5,0.1
8,0.5,0.15
8,0.5,0.2
8,0.5,0.25
8,0.5,0.3
8,0.5,0.35
8,0.5,0.4
8,0.5,0.45
8,0.5,0.5
8,0.5,0.55
8,0.5,0.6
8,0.5,0.65
8,0.5,0.7
8,0.5,0.75
8,0.5,0.8
8,0.5,0.85
8,0.5,0.9
8,0.5,0.95
8,0.5,1
8,0.5,1.05
8,0.5,1.1
8,0.5,1.15
8,0.5,1.2
8,0.5,1.25
8,0.5,1.3
8,0.5,1.35
8,0.5,1.4
8,0.5,1.45
8,0.5,1.5
8,0.5,1.55
8,0.5,1.6
8,0.5,1.65
8,0.5,1.7
8,0.5,1.75
8,0.5,1.8
8,0.5,1.85
8,0.5,1.9
8,0.5,1.95
8,0.5,2
8,0.5,2.05
8,0.5,2.1
8,0.5,2.15
8,0.5,2.2
8,0.5,2.25
8,0.5,2.3
8,0.5,2.35
8,0.5,2.4
8,0.5,2.45
8,0.5,2.5
8,0.5,2.55
8,0.5,2.6
8,0.5,2.65
8,0.5,2.7
8,0.5,2.75
8,0.5,2.8
8,0.5,2.85
8,0.5,2.9
8,0.5,2.95
8,0.5,3
8,0.5,3.05
8,0.5,3.1
8,0.5,3.15
8,0.5,3.2
8,0.5,3.25
8,0.5,3.3
8,0.5,3.35
8,0.5,3.4
8,0.5,3.45
8,0.5,3.5
8,0.5,3.55
8,0.5,3.6
8,0.5,3.65
8,0.5,3.7
8,0.5,3.75
8,0.5,3.8
8,0.5,3.85
8,0.5,3.9
8,0.5,3.95
8,0.5,4
8,0.5,4.05
8,0.5,4.1
8,0.5,4.15
8,0.5,4.2
8,0.5,4.25
8,0.5,4.3
8,0.5,4.35
8,0.5,4.4
8,0.5,4.45
8,0.5,4.5
8,0.5,4.55
8,0.5,4.6
8,0.5,4.65
8,0.5,4.7
8,0.5,4.75
8,0.5,4.8
8,0.5,4.85
8,0.5,4.9
8,0.5,4.95
8,0.5,5
8,1,0
8,1,0.05
8,1,0.1
8,1,0.15
8,1,0.2
8,1,0.25
8,1,0.3
8,1,0.35
8,1,0.4
8,1,0.45
8,1,0.5
8,1,0.55
8,1,0.6
8,1,0.65
8,1,0.7
8,1,0.75
8,1,0.8
8,1,0.85
8,1,0.9
8,1,0.95
8,1,1
8,1,1.05
8,1,1.1
8,1,1.15
8,1,1.2
8,1,1.25
8,1,1.3
8,1,1.35
8,1,1.4
8,1,1.45
8,1,1.5
8,1,1.55
8,1,1.6
8,1,1.65
8,1,1.7
8,1,1.75
8,1,1.8
8,1,1.85
8,1,1.9
8,1,1.95
8,1,2
8,1,2.05
8,1,2.1
8,1,2.15
8,1,2.2
8,1,2.25
8,1,2.3
8,1,2.35
8,1,2.4
8,1,2.45
8,1,2.5
8,1,2.55
8,1,2.6
8,1,2.65
8,1,2.7
8,1,2.75
8,1,2.8
8,1,2.85
8,1,2.9
8,1,2.95
8,1,3
8,1,3.05
8,1,3.1
8,1,3.15
8,1,3.2
8,1,3.25
8,1,3.3
8,1,3.35
8,1,3.4
8,1,3.45
8,1,3.5
8,1,3.55
8,1,3.6
8,1,3.65
8,1,3.7
8,1,3.75
8,1,3.8
8,1,3.85
8,1,3.9
8,1,3.95
8,1,4
8,1,4.05
8,1,4.1
8,1,4.15
8,1,4.2
8,1,4.25
8,1,4.3
8,1,4.35
8,1,4.4
8,1,4.45
8,1,4.5
8,1,4.55
8,1,4.6
8,1,4.65
8,1,4.7
8,1,4.75
8,1,4.8
8,1,4.85
8,1,4.9
8,1,4.95
8,1,5
8,1.5,0
8,1.5,0.05
8,1.5,0.1
8,1.5,0.15
8,1.5,0.2
8,1.5,0.25
8,1.5,0.3
8,1.5,0.35
8,1.5,0.4
8,1.5,0.45
8,1.5,0.5
8,1.5,0.55
8,1.5,0.6
8,1.5,0.65
8,1.5,0.7
8,1.5,0.75
8,1.5,0.8
8,1.5,0.85
8,1.5,0.9
8,1.5,0.95
8,1.5,1
8,1.5,1.05
8,1.5,1.1
8,1.5,1.15
8,1.5,1.2
8,1.5,1.25
8,1.5,1.3
8,1.5,1.35
8,1.5,1.4
8,1.5,1.45
8,1.5,1.5
8,1.5,1.55
8,1.5,1.6
8,1.5,1.65
8,1.5,1.7
8,1.5,1.75
8,1.5,1.8
8,1.5,1.85
8,1.5,1.9
8,1.5,1.95
8,1.5,2
8,1.5,2.05
8,1.5,2.1
8,1.5,2.15
8,1.5,2.2
8,1.5,2.25
8,1.5,2.3
8,1.5,2.35
8,1.5,2.4
8,1.5,2.45
8,1.5,2.5
8,1.5,2.55
8,1.5,2.6
8,1.5,2.65
8,1.5,2.7
8,1.5,2.75
8,1.5,2.8
8,1.5,2.85
8,1.5,2.9
8,1.5,2.95
8,1.5,3
8,1.5,3.05
8,1.5,3.1
8,1.5,3.15
8,1.5,3.2
8,1.5,3.25
8,1.5,3.3
8,1.5,3.35
8,1.5,3.4
8,1.5,3.45
8,1.5,3.5
8,1.5,3.55
8,1.5,3.6
8,1.5,3.65
8,1.5,3.7
8,1.5,3.75
8,1.5,3.8
8,1.5,3.85
8,1.5,3.9
8,1.5,3.95
8,1.5,4
8,1.5,4.05
8,1.5,4.1
8,1.5,4.15
8,1.5,4.2
8,1.5,4.25
8,1.5,4.3
8,1.5,4.35
8,1.5,4.4
8,1.5,4.45
8,1.5,4.5
8,1.5,4.55
8,1.5,4.6
8,1.5,4.65
8,1.5,4.7
8,1.5,4.75
8,1.5,4.8
8,1.5,4.85
8,1.5,4.9
8,1.5,4.95
8,1.5,5
8,2,0
8,2,0.05
8,2,0.1
8,2,0.15
8,2,0.2
8,2,0.25
8,2,0.3
8,2,0.35
8,2,0.4
8,2,0.45
8,2,0.5
8,2,0.55
8,2,0.6
8,2,0.65
8,2,0.7
8,2,0.75
8,2,0.8
8,2,0.85
8,2,0.9
8,2,0.95
8,2,1
8,2,1.05
8,2,1.1
8,2,1.15
8,2,1.2
8,2,1.25
8,2,1.3
8,2,1.35
8,2,1.4
8,2,1.45
8,2,1.5
8,2,1.55
8,2,1.6
8,2,1.65
8,2,1.7
8,2,1.75
8,2,1.8
8,2,1.85
8,2,1.9
8,2,1.95
8,2,2
8,2,2.05
8,2,2.1
8,2,2.15
8,2,2.2
8,2,2.25
8,2,2.3
8,2,2.35
8,2,2.4
8,2,2.45
8,2,2.5
8,2,2.55
8,2,2.6
8,2,2.65
8,2,2.7
8,2,2.75
8,2,2.8
8,2,2.85
8,2,2.9
8,2,2.95
8,2,3
8,2,3.05
8,2,3.1
8,2,3.15
8,2,3.2
8,2,3.25
8,2,3.3
8,2,3.35
8,2,3.4
8,2,3.45
8,2,3.5
8,2,3.55
8,2,3.6
8,2,3.65
8,2,3.7
8,2,3.75
8,2,3.8
8,2,3.85
8,2,3.9
8,2,3.95
8,2,4
8,2,4.05
8,2,4.1
8,2,4.15
8,2,4.2
8,2,4.25
8,2,4.3
8,2,4.35
8,2,4.4
8,2,4.45
8,2,4.5
8,2,4.55
8,2,4.6
8,2,4.65
8,2,4.7
8,2,4.75
8,2,4.8
8,2,4.85
8,2,4.9
8,2,4.95
8,2,5
8,2.5,0
8,2.5,0.05
8,2.5,0.1
8,2.5,0.15
8,2.5,0.2
8,2.5,0.25
8,2.5,0.3
8,2.5,0.35
8,2.5,0.4
8,2.5,0.45
8,2.5,0.5
8,2.5,0.55
8,2.5,0.6
8,2.5,0.65
8,2.5,0.7
8,2.5,0.75
8,2.5,0.8
8,2.5,0.85
8,2.5,0.9
8,2.5,0.95
8,2.5,1
8,2.5,1.05
8,2.5,1.1
8,2.5,1.15
8,2.5,1.2
8,2.5,1.25
8,2.5,1.3
8,2.5,1.35
8,2.5,1.4
8,2.5,1.45
8,2.5,1.5
8,2.5,1.55
8,2.5,1.6
8,2.5,1.65
8,2.5,1.7
8,2.5,1.75
8,2.5,1.8
8,2.5,1.85
8,2.5,1.9
8,2.5,1.95
8,2.5,2
8,2.5,2.05
8,2.5,2.1
8,2.5,2.15
8,2.5,2.2
8,2.5,2.25
8,2.5,2.3
8,2.5,2.35
8,2.5,2.4
8,2.5,2.45
8,2.5,2.5
8,2.5,2.55
8,2.5,2.6
8,2.5,2.65
8,2.5,2.7
8,2.5,2.75
8,2.5,2.8
8,2.5,2.85
8,2.5,2.9
8,2.5,2.95
8,2.5,3
8,2.5,3.05
8,2.5,3.1
8,2.5,3.15
8,2.5,3.2
8,2.5,3.25
8,2.5,3.3
8,2.5,3.35
8,2.5,3.4
8,2.5,3.45
8,2.5,3.5
8,2.5,3.55
8,2.5,3.6
8,2.5,3.65
8,2.5,3.7
8,2.5,3.75
8,2.5,3.8
8,2.5,3.85
8,2.5,3.9
8,2.5,3.95
8,2.5,4
8,2.5,4.05
8,2.5,4.1
8,2.5,4.15
8,2.5,4.2
8,2.5,4.25
8,2.5,4.3
8,2.5,4.35
8,2.5,4.4
8,2.5,4.45
8,2.5,4.5
8,2.5,4.55
8,2.5,4.6
8,2.5,4.65
8,2.5,4.7
8,2.5,4.75
8,2.5,4.8
8,2.5,4.85
8,2.5,4.9
8,2.5,4.95
8,2.5,5
8,3,0
8,3,0.05
8,3,0.1
8,3,0.15
8,3,0.2
8,3,0.25
8,3,0.3
8,3,0.35
8,3,0.4
8,3,0.45
8,3,0.5
8,3,0.55
8,3,0.6
8,3,0.65
8,3,0.7
8,3,0.75
8,3,0.8
8,3,0.85
8,3,0.9
8,3,0.95
8,3,1
8,3,1.05
8,3,1.1
8,3,1.15
8,3,1.2
8,3,1.25
8,3,1.3
8,3,1.35
8,3,1.4
8,3,1.45
8,3,1.5
8,3,1.55
8,3,1.6
8,3,1.65
8,3,1.7
8,3,1.75
8,3,1.8
8,3,1.85
8,3,1.9
8,3,1.95
8,3,2
8,3,2.05
8,3,2.1
8,3,2.15
8,3,2.2
8,3,2.25
8,3,2.3
8,3,2.35
8,3,2.4
8,3,2.45
8,3,2.5
8,3,2.55
8,3,2.6
8,3,2.65
8,3,2.7
8,3,2.75
8,3,2.8
8,3,2.85
8,3,2.9
8,3,2.95
8,3,3
8,3,3.05
8,3,3.1
8,3,3.15
8,3,3.2
8,3,3.25
8,3,3.3
8,3,3.35
8,3,3.4
8,3,3.45
8,3,3.5
8,3,3.55
8,3,3.6
8,3,3.65
8,3,3.7
8,3,3.75
8,3,3.8
8,3,3.85
8,3,3.9
8,3,3.95
8,3,4
8,3,4.05
8,3,4.1
8,3,4.15
8,3,4.2
8,3,4.25
8,3,4.3
8,3,4.35
8,3,4.4
8,3,4.45
8,3,4.5
8,3,4.55
8,3,4.6
8,3,4.65
8,3,4.7
8,3,4.75
8,3,4.8
8,3,4.85
8,3,4.9
8,3,4.95
8,3,5
8,3.5,0
8,3.5,0.05
8,3.5,0.1
8,3.5,0.15
8,3.5,0.2
8,3.5,0.25
8,3.5,0.3
8,3.5,0.35
8,3.5,0.4
8,3.5,0.45
8,3.5,0.5
8,3.5,0.55
8,3.5,0.6
8,3.5,0.65
8,3.5,0.7
8,3.5,0.75
8,3.5,0.8
8,3.5,0.85
8,3.5,0.9
8,3.5,0.95
8,3.5,1
8,3.5,1.05
8,3.5,1.1
8,3.5,1.15
8,3.5,1.2
8,3.5,1.25
8,3.5,1.3
8,3.5,1.35
8,3.5,1.4
8,3.5,1.45
8,3.5,1.5
8,3.5,1.55
8,3.5,1.6
8,3.5,1.65
8,3.5,1.7
8,3.5,1.75
8,3.5,1.8
8,3.5,1.85
8,3.5,1.9
8,3.5,1.95
8,3.5,2
8,3.5,2.05
8,3.5,2.1
8,3.5,2.15
8,3.5,2.2
8,3.5,2.25
8,3.5,2.3
8,3.5,2.35
8,3.5,2.4
8,3.5,2.45
8,3.5,2.5
8,3.5,2.55
8,3.5,2.6
8,3.5,2.65
8,3.5,2.7
8,3.5,2.75
8,3.5,2.8
8,3.5,2.85
8,3.5,2.9
8,3.5,2.95
8,3.5,3
8,3.5,3.05
8,3.5,3.1
8,3.5,3.15
8,3.5,3.2
8,3.5,3.25
8,3.5,3.3
8,3.5,3.35
8,3.5,3.4
8,3.5,3.45
8,3.5,3.5
8,3.5,3.55
8,3.5,3.6
8,3.5,3.65
8,3.5,3.7
8,3.5,3.75
8,3.5,3.8
8,3.5,3.85
8,3.5,3.9
8,3.5,3.95
8,3.5,4
8,3.5,4.05
8,3.5,4.1
8,3.5,4.15
8,3.5,4.2
8,3.5,4.25
8,3.5,4.3
8,3.5,4.35
8,3.5,4.4
8,3.5,4.45
8,3.5,4.5
8,3.5,4.55
8,3.5,4.6
8,3.5,4.65
8,3.5,4.7
8,3.5,4.75
8,3.5,4.8
8,3.5,4.85
8,3.5,4.9
8,3.5,4.95
8,3.5,5
8,4,0
8,4,0.05
8,4,0.1
8,4,0.15
8,4,0.2
8,4,0.25
8,4,0.3
8,4,0.35
8,4,0.4
8,4,0.45
8,4,0.5
8,4,0.55
8,4,0.6
8,4,0.65
8,4,0.7
8,4,0.75
8,4,0.8
8,4,0.85
8,4,0.9
8,4,0.95
8,4,1
8,4,1.05
8,4,1.1
8,4,1.15
8,4,1.2
8,4,1.25
8,4,1.3
8,4,1.35
8,4,1.4
8,4,1.45
8,4,1.5
8,4,1.55
8,4,1.6
8,4,1.65
8,4,1.7
8,4,1.75
8,4,1.8
8,4,1.85
8,4,1.9
8,4,1.95
8,4,2
8,4,2.05
8,4,2.1
8,4,2.15
8,4,2.2
8,4,2.25
8,4,2.3
8,4,2.35
8,4,2.4
8,4,2.45
8,4,2.5
8,4,2.55
8,4,2.6
8,4,2.65
8,4,2.7
8,4,2.75
8,4,2.8
8,4,2.85
8,4,2.9
8,4,2.95
8,4,3
8,4,3.05
8,4,3.1
8,4,3.15
8,4,3.2
8,4,3.25
8,4,3.3
8,4,3.35
8,4,3.4
8,4,3.45
8,4,3.5
8,4,3.55
8,4,3.6
8,4,3.65
8,4,3.7
8,4,3.75
8,4,3.8
8,4,3.85
8,4,3.9
8,4,3.95
8,4,4
8,4,4.05
8,4,4.1
8,4,4.15
8,4,4.2
8,4,4.25
8,4,4.3
8,4,4.35
8,4,4.4
8,4,4.45
8,4,4.5
8,4,4.55
8,4,4.6
8,4,4.65
8,4,4.7
8,4,4.75
8,4,4.8
8,4,4.85
8,4,4.9
8,4,4.95
8,4,5
8,4.5,0
8,4.5,0.05
8,4.5,0.1
8,4.5,0.15
8,4.5,0.2
8,4.5,0.25
8,4.5,0.3
8,4.5,0.35
8,4.5,0.4
8,4.5,0.45
8,4.5,0.5
8,4.5,0.55
8,4.5,0.6
8,4.5,0.65
8,4.5,0.7
8,4.5,0.75
8,4.5,0.8
8,4.5,0.85
8,4.5,0.9
8,4.5,0.95
8,4.5,1
8,4.5,1.05
8,4.5,1.1
8,4.5,1.15
8,4.5,1.2
8,4.5,1.25
8,4.5,1.3
8,4.5,1.35
8,4.5,1.4
8,4.5,1.45
8,4.5,1.5
8,4.5,1.55
8,4.5,1.6
8,4.5,1.65
8,4.5,1.7
8,4.5,1.75
8,4.5,1.8
8,4.5,1.85
8,4.5,1.9
8,4.5,1.95
8,4.5,2
8,4.5,2.05
8,4.5,2.1
8,4.5,2.15
8,4.5,2.2
8,4.5,2.25
8,4.5,2.3
8,4.5,2.35
8,4.5,2.4
8,4.5,2.45
8,4.5,2.5
8,4.5,2.55
8,4.5,2.6
8,4.5,2.65
8,4.5,2.7
8,4.5,2.75
8,4.5,2.8
8,4.5,2.85
8,4.5,2.9
8,4.5,2.95
8,4.5,3
8,4.5,3.05
8,4.5,3.1
8,4.5,3.15
8,4.5,3.2
8,4.5,3.25
8,4.5,3.3
8,4.5,3.35
8,4.5,3.4
8,4.5,3.45
8,4.5,3.5
8,4.5,3.55
8,4.5,3.6
8,4.5,3.65
8,4.5,3.7
8,4.5,3.75
8,4.5,3.8
8,4.5,3.85
8,4.5,3.9
8,4.5,3.95
8,4.5,4
8,4.5,4.05
8,4.5,4.1
8,4.5,4.15
8,4.5,4.2
8,4.5,4.25
8,4.5,4.3
8,4.5,4.35
8,4.5,4.4
8,4.5,4.45
8,4.5,4.5
8,4.5,4.55
8,4.5,4.6
8,4.5,4.65
8,4.5,4.7
8,4.5,4.75
8,4.5,4.8
8,4.5,4.85
8,4.5,4.9
8,4.5,4.95
8,4.5,5
8,5,0
8,5,0.05
8,5,0.1
8,5,0.15
8,5,0.2
8,5,0.25
8,5,0.3
8,5,0.35
8,5,0.4
8,5,0.45
8,5,0.5
8,5,0.55
8,5,0.6
8,5,0.65
8,5,0.7
8,5,0.75
8,5,0.8
8,5,0.85
8,5,0.9
8,5,0.95
8,5,1
8,5,1.05
8,5,1.1
8,5,1.15
8,5,1.2
8,5,1.25
8,5,1.3
8,5,1.35
8,5,1.4
8,5,1.45
8,5,1.5
8,5,1.55
8,5,1.6
8,5,1.65
8,5,1.7
8,5,1.75
8,5,1.8
8,5,1.85
8,5,1.9
8,5,1.95
8,5,2
8,5,2.05
8,5,2.1
8,5,2.15
8,5,2.2
8,5,2.25
8,5,2.3
8,5,2.35
8,5,2.4
8,5,2.45
8,5,2.5
8,5,2.55
8,5,2.6
8,5,2.65
8,5,2.7
8,5,2.75
8,5,2.8
8,5,2.85
8,5,2.9
8,5,2.95
8,5,3
8,5,3.05
8,5,3.1
8,5,3.15
8,5,3.2
8,5,3.25
8,5,3.3
8,5,3.35
8,5,3.4
8,5,3.45
8,5,3.5
8,5,3.55
8,5,3.6
8,5,3.65
8,5,3.7
8,5,3.75
8,5,3.8
8,5,3.85
8,5,3.9
8,5,3.95
8,5,4
8,5,4.05
8,5,4.1
8,5,4.15
8,5,4.2
8,5,4.25
8,5,4.3
8,5,4.35
8,5,4.4
8,5,4.45
8,5,4.5
8,5,4.55
8,5,4.6
8,5,4.65
8,5,4.7
8,5,4.75
8,5,4.8
8,5,4.85
8,5,4.9
8,5,4.95
8,5,5
8,5.5,0
8,5.5,0.05
8,5.5,0.1
8,5.5,0.15
8,5.5,0.2
8,5.5,0.25
8,5.5,0.3
8,5.5,0.35
8,5.5,0.4
8,5.5,0.45
8,5.5,0.5
8,5.5,0.55
8,5.5,0.6
8,5.5,0.65
8,5.5,0.7
8,5.5,0.75
8,5.5,0.8
8,5.5,0.85
8,5.5,0.9
8,5.5,0.95
8,5.5,1
8,5.5,1.05
8,5.5,1.1
8,5.5,1.15
8,5.5,1.2
8,5.5,1.25
8,5.5,1.3
8,5.5,1.35
8,5.5,1.4
8,5.5,1.45
8,5.5,1.5
8,5.5,1.55
8,5.5,1.6
8,5.5,1.65
8,5.5,1.7
8,5.5,1.75
8,5.5,1.8
8,5.5,1.85
8,5.5,1.9
8,5.5,1.95
8,5.5,2
8,5.5,2.05
8,5.5,2.1
8,5.5,2.15
8,5.5,2.2
8,5.5,2.25
8,5.5,2.3
8,5.5,2.35
8,5.5,2.4
8,5.5,2.45
8,5.5,2.5
8,5.5,2.55
8,5.5,2.6
8,5.5,2.65
8,5.5,2.7
8,5.5,2.75
8,5.5,2.8
8,5.5,2.85
8,5.5,2.9
8,5.5,2.95
8,5.5,3
8,5.5,3.05
8,5.5,3.1
8,5.5,3.15
8,5.5,3.2
8,5.5,3.25
8,5.5,3.3
8,5.5,3.35
8,5.5,3.4
8,5.5,3.45
8,5.5,3.5
8,5.5,3.55
8,5.5,3.6
8,5.5,3.65
8,5.5,3.7
8,5.5,3.75
8,5.5,3.8
8,5.5,3.85
8,5.5,3.9
8,5.5,3.95
8,5.5,4
8,5.5,4.05
8,5.5,4.1
8,5.5,4.15
8,5.5,4.2
8,5.5,4.25
8,5.5,4.3
8,5.5,4.35
8,5.5,4.4
8,5.5,4.45
8,5.5,4.5
8,5.5,4.55
8,5.5,4.6
8,5.5,4.65
8,5.5,4.7
8,5.5,4.75
8,5.5,4.8
8,5.5,4.85
8,5.5,4.9
8,5.5,4.95
8,5.5,5
8,6,0
8,6,0.05
8,6,0.1
8,6,0.15
8,6,0.2
8,6,0.25
8,6,0.3
8,6,0.35
8,6,0.4
8,6,0.45
8,6,0.5
8,6,0.55
8,6,0.6
8,6,0.65
8,6,0.7
8,6,0.75
8,6,0.8
8,6,0.85
8,6,0.9
8,6,0.95
8,6,1
8,6,1.05
8,6,1.1
8,6,1.15
8,6,1.2
8,6,1.25
8,6,1.3
8,6,1.35
8,6,1.4
8,6,1.45
8,6,1.5
8,6,1.55
8,6,1.6
8,6,1.65
8,6,1.7
8,6,1.75
8,6,1.8
8,6,1.85
8,6,1.9
8,6,1.95
8,6,2
8,6,2.05
8,6,2.1
8,6,2.15
8,6,2.2
8,6,2.25
8,6,2.3
8,6,2.35
8,6,2.4
8,6,2.45
8,6,2.5
8,6,2.55
8,6,2.6
8,6,2.65
8,6,2.7
8,6,2.75
8,6,2.8
8,6,2.85
8,6,2.9
8,6,2.95
8,6,3
8,6,3.05
8,6,3.1
8,6,3.15
8,6,3.2
8,6,3.25
8,6,3.3
8,6,3.35
8,6,3.4
8,6,3.45
8,6,3.5
8,6,3.55
8,6,3.6
8,6,3.65
8,6,3.7
8,6,3.75
8,6,3.8
8,6,3.85
8,6,3.9
8,6,3.95
8,6,4
8,6,4.05
8,6,4.1
8,6,4.15
8,6,4.2
8,6,4.25
8,6,4.3
8,6,4.35
8,6,4.4
8,6,4.45
8,6,4.5
8,6,4.55
8,6,4.6
8,6,4.65
8,6,4.7
8,6,4.75
8,6,4.8
8,6,4.85
8,6,4.9
8,6,4.95
8,6,5
8,6.5,0
8,6.5,0.05
8,6.5,0.1
8,6.5,0.15
8,6.5,0.2
8,6.5,0.25
8,6.5,0.3
8,6.5,0.35
8,6.5,0.4
8,6.5,0.45
8,6.5,0.5
8,6.5,0.55
8,6.5,0.6
8,6.5,0.65
8,6.5,0.7
8,6.5,0.75
8,6.5,0.8
8,6.5,0.85
8,6.5,0.9
8,6.5,0.95
8,6.5,1
8,6.5,1.05
8,6.5,1.1
8,6.5,1.15
8,6.5,1.2
8,6.5,1.25
8,6.5,1.3
8,6.5,1.35
8,6.5,1.4
8,6.5,1.45
8,6.5,1.5
8,6.5,1.55
8,6.5,1.6
8,6.5,1.65
8,6.5,1.7
8,6.5,1.75
8,6.5,1.8
8,6.5,1.85
8,6.5,1.9
8,6.5,1.95
8,6.5,2
8,6.5,2.05
8,6.5,2.1
8,6.5,2.15
8,6.5,2.2
8,6.5,2.25
8,6.5,2.3
8,6.5,2.35
8,6.5,2.4
8,6.5,2.45
8,6.5,2.5
8,6.5,2.55
8,6.5,2.6
8,6.5,2.65
8,6.5,2.7
8,6.5,2.75
8,6.5,2.8
8,6.5,2.85
8,6.5,2.9
8,6.5,2.95
8,6.5,3
8,6.5,3.05
8,6.5,3.1
8,6.5,3.15
8,6.5,3.2
8,6.5,3.25
8,6.5,3.3
8,6.5,3.35
8,6.5,3.4
8,6.5,3.45
8,6.5,3.5
8,6.5,3.55
8,6.5,3.6
8,6.5,3.65
8,6.5,3.7
8,6.5,3.75
8,6.5,3.8
8,6.5,3.85
8,6.5,3.9
8,6.5,3.95
8,6.5,4
8,6.5,4.05
8,6.5,4.1
8,6.5,4.15
8,6.5,4.2
8,6.5,4.25
8,6.5,4.3
8,6.5,4.35
8,6.5,4.4
8,6.5,4.45
8,6.5,4.5
8,6.5,4.55
8,6.5,4.6
8,6.5,4.65
8,6.5,4.7
8,6.5,4.75
8,6.5,4.8
8,6.5,4.85
8,6.5,4.9
8,6.5,4.95
8,6.5,5
8,7,0
8,7,0.05
8,7,0.1
8,7,0.15
8,7,0.2
8,7,0.25
8,7,0.3
8,7,0.35
8,7,0.4
8,7,0.45
8,7,0.5
8,7,0.55
8,7,0.6
8,7,0.65
8,7,0.7
8,7,0.75
8,7,0.8
8,7,0.85
8,7,0.9
8,7,0.95
8,7,1
8,7,1.05
8,7,1.1
8,7,1.15
8,7,1.2
8,7,1.25
8,7,1.3
8,7,1.35
8,7,1.4
8,7,1.45
8,7,1.5
8,7,1.55
8,7,1.6
8,7,1.65
8,7,1.7
8,7,1.75
8,7,1.8
8,7,1.85
8,7,1.9
8,7,1.95
8,7,2
8,7,2.05
8,7,2.1
8,7,2.15
8,7,2.2
8,7,2.25
8,7,2.3
8,7,2.35
8,7,2.4
8,7,2.45
8,7,2.5
8,7,2.55
8,7,2.6
8,7,2.65
8,7,2.7
8,7,2.75
8,7,2.8
8,7,2.85
8,7,2.9
8,7,2.95
8,7,3
8,7,3.05
8,7,3.1
8,7,3.15
8,7,3.2
8,7,3.25
8,7,3.3
8,7,3.35
8,7,3.4
8,7,3.45
8,7,3.5
8,7,3.55
8,7,3.6
8,7,3.65
8,7,3.7
8,7,3.75
8,7,3.8
8,7,3.85
8,7,3.9
8,7,3.95
8,7,4
8,7,4.05
8,7,4.1
8,7,4.15
8,7,4.2
8,7,4.25
8,7,4.3
8,7,4.35
8,7,4.4
8,7,4.45
8,7,4.5
8,7,4.55
8,7,4.6
8,7,4.65
8,7,4.7
8,7,4.75
8,7,4.8
8,7,4.85
8,7,4.9
8,7,4.95
8,7,5
8,7.5,0
8,7.5,0.05
8,7.5,0.1
8,7.5,0.15
8,7.5,0.2
8,7.5,0.25
8,7.5,0.3
8,7.5,0.35
8,7.5,0.4
8,7.5,0.45
8,7.5,0.5
8,7.5,0.55
8,7.5,0.6
8,7.5,0.65
8,7.5,0.7
8,7.5,0.75
8,7.5,0.8
8,7.5,0.85
8,7.5,0.9
8,7.5,0.95
8,7.5,1
8,7.5,1.05
8,7.5,1.1
8,7.5,1.15
8,7.5,1.2
8,7.5,1.25
8,7.5,1.3
8,7.5,1.35
8,7.5,1.4
8,7.5,1.45
8,7.5,1.5
8,7.5,1.55
8,7.5,1.6
8,7.5,1.65
8,7.5,1.7
8,7.5,1.75
8,7.5,1.8
8,7.5,1.85
8,7.5,1.9
8,7.5,1.95
8,7.5,2
8,7.5,2.05
8,7.5,2.1
8,7.5,2.15
8,7.5,2.2
8,7.5,2.25
8,7.5,2.3
8,7.5,2.35
8,7.5,2.4
8,7.5,2.45
8,7.5,2.5
8,7.5,2.55
8,7.5,2.6
8,7.5,2.65
8,7.5,2.7
8,7.5,2.75
8,7.5,2.8
8,7.5,2.85
8,7.5,2.9
8,7.5,2.95
8,7.5,3
8,7.5,3.05
8,7.5,3.1
8,7.5,3.15
8,7.5,3.2
8,7.5,3.25
8,7.5,3.3
8,7.5,3.35
8,7.5,3.4
8,7.5,3.45
8,7.5,3.5
8,7.5,3.55
8,7.5,3.6
8,7.5,3.65
8,7.5,3.7
8,7.5,3.75
8,7.5,3.8
8,7.5,3.85
8,7.5,3.9
8,7.5,3.95
8,7.5,4
8,7.5,4.05
8,7.5,4.1
8,7.5,4.15
8,7.5,4.2
8,7.5,4.25
8,7.5,4.3
8,7.5,4.35
8,7.5,4.4
8,7.5,4.45
8,7.5,4.5
8,7.5,4.55
8,7.5,4.6
8,7.5,4.65
8,7.5,4.7
8,7.5,4.75
8,7.5,4.8
8,7.5,4.85
8,7.5,4.9
8,7.5,4.95
8,7.5,5
8,8,0
8,8,0.05
8,8,0.1
8,8,0.15
8,8,0.2
8,8,0.25
8,8,0.3
8,8,0.35
8,8,0.4
8,8,0.45
8,8,0.5
8,8,0.55
8,8,0.6
8,8,0.65
8,8,0.7
8,8,0.75
8,8,0.8
8,8,0.85
8,8,0.9
8,8,0.95
8,8,1
8,8,1.05
8,8,1.1
8,8,1.15
8,8,1.2
8,8,1.25
8,8,1.3
8,8,1.35
8,8,1.4
8,8,1.45
8,8,1.5
8,8,1.55
8,8,1.6
8,8,1.65
8,8,1.7
8,8,1.75
8,8,1.8
8,8,1.85
8,8,1.9
8,8,1.95
8,8,2
8,8,2.05
8,8,2.1
8,8,2.15
8,8,2.2
8,8,2.25
8,8,2.3
8,8,2.35
8,8,2.4
8,8,2.45
8,8,2.5
8,8,2.55
8,8,2.6
8,8,2.65
8,8,2.7
8,8,2.75
8,8,2.8
8,8,2.85
8,8,2.9
8,8,2.95
8,8,3
8,8,3.05
8,8,3.1
8,8,3.15
8,8,3.2
8,8,3.25
8,8,3.3
8,8,3.35
8,8,3.4
8,8,3.45
8,8,3.5
8,8,3.55
8,8,3.6
8,8,3.65
8,8,3.7
8,8,3.75
8,8,3.8
8,8,3.85
8,8,3.9
8,8,3.95
8,8,4
8,8,4.05
8,8,4.1
8,8,4.15
8,8,4.2
8,8,4.25
8,8,4.3
8,8,4.35
8,8,4.4
8,8,4.45
8,8,4.5
8,8,4.55
8,8,4.6
8,8,4.65
8,8,4.7
8,8,4.75
8,8,4.8
8,8,4.85
8,8,4.9
8,8,4.95
8,8,5
8,8.5,0
8,8.5,0.05
8,8.5,0.1
8,8.5,0.15
8,8.5,0.2
8,8.5,0.25
8,8.5,0.3
8,8.5,0.35
8,8.5,0.4
8,8.5,0.45
8,8.5,0.5
8,8.5,0.55
8,8.5,0.6
8,8.5,0.65
8,8.5,0.7
8,8.5,0.75
8,8.5,0.8
8,8.5,0.85
8,8.5,0.9
8,8.5,0.95
8,8.5,1
8,8.5,1.05
8,8.5,1.1
8,8.5,1.15
8,8.5,1.2
8,8.5,1.25
8,8.5,1.3
8,8.5,1.35
8,8.5,1.4
8,8.5,1.45
8,8.5,1.5
8,8.5,1.55
8,8.5,1.6
8,8.5,1.65
8,8.5,1.7
8,8.5,1.75
8,8.5,1.8
8,8.5,1.85
8,8.5,1.9
8,8.5,1.95
8,8.5,2
8,8.5,2.05
8,8.5,2.1
8,8.5,2.15
8,8.5,2.2
8,8.5,2.25
8,8.5,2.3
8,8.5,2.35
8,8.5,2.4
8,8.5,2.45
8,8.5,2.5
8,8.5,2.55
8,8.5,2.6
8,8.5,2.65
8,8.5,2.7
8,8.5,2.75
8,8.5,2.8
8,8.5,2.85
8,8.5,2.9
8,8.5,2.95
8,8.5,3
8,8.5,3.05
8,8.5,3.1
8,8.5,3.15
8,8.5,3.2
8,8.5,3.25
8,8.5,3.3
8,8.5,3.35
8,8.5,3.4
8,8.5,3.45
8,8.5,3.5
8,8.5,3.55
8,8.5,3.6
8,8.5,3.65
8,8.5,3.7
8,8.5,3.75
8,8.5,3.8
8,8.5,3.85
8,8.5,3.9
8,8.5,3.95
8,8.5,4
8,8.5,4.05
8,8.5,4.1
8,8.5,4.15
8,8.5,4.2
8,8.5,4.25
8,8.5,4.3
8,8.5,4.35
8,8.5,4.4
8,8.5,4.45
8,8.5,4.5
8,8.5,4.55
8,8.5,4.6
8,8.5,4.65
8,8.5,4.7
8,8.5,4.75
8,8.5,4.8
8,8.5,4.85
8,8.5,4.9
8,8.5,4.95
8,8.5,5
8,9,0
8,9,0.05
8,9,0.1
8,9,0.15
8,9,0.2
8,9,0.25
8,9,0.3
8,9,0.35
8,9,0.4
8,9,0.45
8,9,0.5
8,9,0.55
8,9,0.6
8,9,0.65
8,9,0.7
8,9,0.75
8,9,0.8
8,9,0.85
8,9,0.9
8,9,0.95
8,9,1
8,9,1.05
8,9,1.1
8,9,1.15
8,9,1.2
8,9,1.25
8,9,1.3
8,9,1.35
8,9,1.4
8,9,1.45
8,9,1.5
8,9,1.55
8,9,1.6
8,9,1.65
8,9,1.7
8,9,1.75
8,9,1.8
8,9,1.85
8,9,1.9
8,9,1.95
8,9,2
8,9,2.05
8,9,2.1
8,9,2.15
8,9,2.2
8,9,2.25
8,9,2.3
8,9,2.35
8,9,2.4
8,9,2.45
8,9,2.5
8,9,2.55
8,9,2.6
8,9,2.65
8,9,2.7
8,9,2.75
8,9,2.8
8,9,2.85
8,9,2.9
8,9,2.95
8,9,3
8,9,3.05
8,9,3.1
8,9,3.15
8,9,3.2
8,9,3.25
8,9,3.3
8,9,3.35
8,9,3.4
8,9,3.45
8,9,3.5
8,9,3.55
8,9,3.6
8,9,3.65
8,9,3.7
8,9,3.75
8,9,3.8
8,9,3.85
8,9,3.9
8,9,3.95
8,9,4
8,9,4.05
8,9,4.1
8,9,4.15
8,9,4.2
8,9,4.25
8,9,4.3
8,9,4.35
8,9,4.4
8,9,4.45
8,9,4.5
8,9,4.55
8,9,4.6
8,9,4.65
8,9,4.7
8,9,4.75
8,9,4.8
8,9,4.85
8,9,4.9
8,9,4.95
8,9,5
8,9.5,0
8,9.5,0.05
8,9.5,0.1
8,9.5,0.15
8,9.5,0.2
8,9.5,0.25
8,9.5,0.3
8,9.5,0.35
8,9.5,0.4
8,9.5,0.45
8,9.5,0.5
8,9.5,0.55
8,9.5,0.6
8,9.5,0.65
8,9.5,0.7
8,9.5,0.75
8,9.5,0.8
8,9.5,0.85
8,9.5,0.9
8,9.5,0.95
8,9.5,1
8,9.5,1.05
8,9.5,1.1
8,9.5,1.15
8,9.5,1.2
8,9.5,1.25
8,9.5,1.3
8,9.5,1.35
8,9.5,1.4
8,9.5,1.45
8,9.5,1.5
8,9.5,1.55
8,9.5,1.6
8,9.5,1.65
8,9.5,1.7
8,9.5,1.75
8,9.5,1.8
8,9.5,1.85
8,9.5,1.9
8,9.5,1.95
8,9.5,2
8,9.5,2.05
8,9.5,2.1
8,9.5,2.15
8,9.5,2.2
8,9.5,2.25
8,9.5,2.3
8,9.5,2.35
8,9.5,2.4
8,9.5,2.45
8,9.5,2.5
8,9.5,2.55
8,9.5,2.6
8,9.5,2.65
8,9.5,2.7
8,9.5,2.75
8,9.5,2.8
8,9.5,2.85
8,9.5,2.9
8,9.5,2.95
8,9.5,3
8,9.5,3.05
8,9.5,3.1
8,9.5,3.15
8,9.5,3.2
8,9.5,3.25
8,9.5,3.3
8,9.5,3.35
8,9.5,3.4
8,9.5,3.45
8,9.5,3.5
8,9.5,3.55
8,9.5,3.6
8,9.5,3.65
8,9.5,3.7
8,9.5,3.75
8,9.5,3.8
8,9.5,3.85
8,9.5,3.9
8,9.5,3.95
8,9.5,4
8,9.5,4.05
8,9.5,4.1
8,9.5,4.15
8,9.5,4.2
8,9.5,4.25
8,9.5,4.3
8,9.5,4.35
8,9.5,4.4
8,9.5,4.45
8,9.5,4.5
8,9.5,4.55
8,9.5,4.6
8,9.5,4.65
8,9.5,4.7
8,9.5,4.75
8,9.5,4.8
8,9.5,4.85
8,9.5,4.9
8,9.5,4.95
8,9.5,5
8,10,0
8,10,0.05
8,10,0.1
8,10,0.15
8,10,0.2
8,10,0.25
8,10,0.3
8,10,0.35
8,10,0.4
8,10,0.45
8,10,0.5
8,10,0.55
8,10,0.6
8,10,0.65
8,10,0.7
8,10,0.75
8,10,0.8
8,10,0.85
8,10,0.9
8,10,0.95
8,10,1
8,10,1.05
8,10,1.1
8,10,1.15
8,10,1.2
8,10,1.25
8,10,1.3
8,10,1.35
8,10,1.4
8,10,1.45
8,10,1.5
8,10,1.55
8,10,1.6
8,10,1.65
8,10,1.7
8,10,1.75
8,10,1.8
8,10,1.85
8,10,1.9
8,10,1.95
8,10,2
8,10,2.05
8,10,2.1
8,10,2.15
8,10,2.2
8,10,2.25
8,10,2.3
8,10,2.35
8,10,2.4
8,10,2.45
8,10,2.5
8,10,2.55
8,10,2.6
8,10,2.65
8,10,2.7
8,10,2.75
8,10,2.8
8,10,2.85
8,10,2.9
8,10,2.95
8,10,3
8,10,3.05
8,10,3.1
8,10,3.15
8,10,3.2
8,10,3.25
8,10,3.3
8,10,3.35
8,10,3.4
8,10,3.45
8,10,3.5
8,10,3.55
8,10,3.6
8,10,3.65
8,10,3.7
8,10,3.75
8,10,3.8
8,10,3.85
8,10,3.9
8,10,3.95
8,10,4
8,10,4.05
8,10,4.1
8,10,4.15
8,10,4.2
8,10,4.25
8,10,4.3
8,10,4.35
8,10,4.4
8,10,4.45
8,10,4.5
8,10,4.55
8,10,4.6
8,10,4.65
8,10,4.7
8,10,4.75
8,10,4.8
8,10,4.85
8,10,4.9
8,10,4.95
8,10,5
8.5,0,0
8.5,0,0.05
8.5,0,0.1
8.5,0,0.15
8.5,0,0.2
8.5,0,0.25
8.5,0,0.3
8.5,0,0.35
8.5,0,0.4
8.5,0,0.45
8.5,0,0.5
8.5,0,0.55
8.5,0,0.6
8.5,0,0.65
8.5,0,0.7
8.5,0,0.75
8.5,0,0.8
8.5,0,0.85
8.5,0,0.9
8.5,0,0.95
8.5,0,1
8.5,0,1.05
8.5,0,1.1
8.5,0,1.15
8.5,0,1.2
8.5,0,1.25
8.5,0,1.3
8.5,0,1.35
8.5,0,1.4
8.5,0,1.45
8.5,0,1.5
8.5,0,1.55
8.5,0,1.6
8.5,0,1.65
8.5,0,1.7
8.5,0,1.75
8.5,0,1.8
8.5,0,1.85
8.5,0,1.9
8.5,0,1.95
8.5,0,2
8.5,0,2.05
8.5,0,2.1
8.5,0,2.15
8.5,0,2.2
8.5,0,2.25
8.5,0,2.3
8.5,0,2.35
8.5,0,2.4
8.5,0,2.45
8.5,0,2.5
8.5,0,2.55
8.5,0,2.6
8.5,0,2.65
8.5,0,2.7
8.5,0,2.75
8.5,0,2.8
8.5,0,2.85
8.5,0,2.9
8.5,0,2.95
8.5,0,3
8.5,0,3.05
8.5,0,3.1
8.5,0,3.15
8.5,0,3.2
8.5,0,3.25
8.5,0,3.3
8.5,0,3.35
8.5,0,3.4
8.5,0,3.45
8.5,0,3.5
8.5,0,3.55
8.5,0,3.6
8.5,0,3.65
8.5,0,3.7
8.5,0,3.75
8.5,0,3.8
8.5,0,3.85
8.5,0,3.9
8.5,0,3.95
8.5,0,4
8.5,0,4.05
8.5,0,4.1
8.5,0,4.15
8.5,0,4.2
8.5,0,4.25
8.5,0,4.3
8.5,0,4.35
8.5,0,4.4
8.5,0,4.45
8.5,0,4.5
8.5,0,4.55
8.5,0,4.6
8.5,0,4.65
8.5,0,4.7
8.5,0,4.75
8.5,0,4.8
8.5,0,4.85
8.5,0,4.9
8.5,0,4.95
8.5,0,5
8.5,0.5,0
8.5,0.5,0.05
8.5,0.5,0.1
8.5,0.5,0.15
8.5,0.5,0.2
8.5,0.5,0.25
8.5,0.5,0.3
8.5,0.5,0.35
8.5,0.5,0.4
8.5,0.5,0.45
8.5,0.5,0.5
8.5,0.5,0.55
8.5,0.5,0.6
8.5,0.5,0.65
8.5,0.5,0.7
8.5,0.5,0.75
8.5,0.5,0.8
8.5,0.5,0.85
8.5,0.5,0.9
8.5,0.5,0.95
8.5,0.5,1
8.5,0.5,1.05
8.5,0.5,1.1
8.5,0.5,1.15
8.5,0.5,1.2
8.5,0.5,1.25
8.5,0.5,1.3
8.5,0.5,1.35
8.5,0.5,1.4
8.5,0.5,1.45
8.5,0.5,1.5
8.5,0.5,1.55
8.5,0.5,1.6
8.5,0.5,1.65
8.5,0.5,1.7
8.5,0.5,1.75
8.5,0.5,1.8
8.5,0.5,1.85
8.5,0.5,1.9
8.5,0.5,1.95
8.5,0.5,2
8.5,0.5,2.05
8.5,0.5,2.1
8.5,0.5,2.15
8.5,0.5,2.2
8.5,0.5,2.25
8.5,0.5,2.3
8.5,0.5,2.35
8.5,0.5,2.4
8.5,0.5,2.45
8.5,0.5,2.5
8.5,0.5,2.55
8.5,0.5,2.6
8.5,0.5,2.65
8.5,0.5,2.7
8.5,0.5,2.75
8.5,0.5,2.8
8.5,0.5,2.85
8.5,0.5,2.9
8.5,0.5,2.95
8.5,0.5,3
8.5,0.5,3.05
8.5,0.5,3.1
8.5,0.5,3.15
8.5,0.5,3.2
8.5,0.5,3.25
8.5,0.5,3.3
8.5,0.5,3.35
8.5,0.5,3.4
8.5,0.5,3.45
8.5,0.5,3.5
8.5,0.5,3.55
8.5,0.5,3.6
8.5,0.5,3.65
8.5,0.5,3.7
8.5,0.5,3.75
8.5,0.5,3.8
8.5,0.5,3.85
8.5,0.5,3.9
8.5,0.5,3.95
8.5,0.5,4
8.5,0.5,4.05
8.5,0.5,4.1
8.5,0.5,4.15
8.5,0.5,4.2
8.5,0.5,4.25
8.5,0.5,4.3
8.5,0.5,4.35
8.5,0.5,4.4
8.5,0.5,4.45
8.5,0.5,4.5
8.5,0.5,4.55
8.5,0.5,4.6
8.5,0.5,4.65
8.5,0.5,4.7
8.5,0.5,4.75
8.5,0.5,4.8
8.5,0.5,4.85
8.5,0.5,4.9
8.5,0.5,4.95
8.5,0.5,5
8.5,1,0
8.5,1,0.05
8.5,1,0.1
8.5,1,0.15
8.5,1,0.2
8.5,1,0.25
8.5,1,0.3
8.5,1,0.35
8.5,1,0.4
8.5,1,0.45
8.5,1,0.5
8.5,1,0.55
8.5,1,0.6
8.5,1,0.65
8.5,1,0.7
8.5,1,0.75
8.5,1,0.8
8.5,1,0.85
8.5,1,0.9
8.5,1,0.95
8.5,1,1
8.5,1,1.05
8.5,1,1.1
8.5,1,1.15
8.5,1,1.2
8.5,1,1.25
8.5,1,1.3
8.5,1,1.35
8.5,1,1.4
8.5,1,1.45
8.5,1,1.5
8.5,1,1.55
8.5,1,1.6
8.5,1,1.65
8.5,1,1.7
8.5,1,1.75
8.5,1,1.8
8.5,1,1.85
8.5,1,1.9
8.5,1,1.95
8.5,1,2
8.5,1,2.05
8.5,1,2.1
8.5,1,2.15
8.5,1,2.2
8.5,1,2.25
8.5,1,2.3
8.5,1,2.35
8.5,1,2.4
8.5,1,2.45
8.5,1,2.5
8.5,1,2.55
8.5,1,2.6
8.5,1,2.65
8.5,1,2.7
8.5,1,2.75
8.5,1,2.8
8.5,1,2.85
8.5,1,2.9
8.5,1,2.95
8.5,1,3
8.5,1,3.05
8.5,1,3.1
8.5,1,3.15
8.5,1,3.2
8.5,1,3.25
8.5,1,3.3
8.5,1,3.35
8.5,1,3.4
8.5,1,3.45
8.5,1,3.5
8.5,1,3.55
8.5,1,3.6
8.5,1,3.65
8.5,1,3.7
8.5,1,3.75
8.5,1,3.8
8.5,1,3.85
8.5,1,3.9
8.5,1,3.95
8.5,1,4
8.5,1,4.05
8.5,1,4.1
8.5,1,4.15
8.5,1,4.2
8.5,1,4.25
8.5,1,4.3
8.5,1,4.35
8.5,1,4.4
8.5,1,4.45
8.5,1,4.5
8.5,1,4.55
8.5,1,4.6
8.5,1,4.65
8.5,1,4.7
8.5,1,4.75
8.5,1,4.8
8.5,1,4.85
8.5,1,4.9
8.5,1,4.95
8.5,1,5
8.5,1.5,0
8.5,1.5,0.05
8.5,1.5,0.1
8.5,1.5,0.15
8.5,1.5,0.2
8.5,1.5,0.25
8.5,1.5,0.3
8.5,1.5,0.35
8.5,1.5,0.4
8.5,1.5,0.45
8.5,1.5,0.5
8.5,1.5,0.55
8.5,1.5,0.6
8.5,1.5,0.65
8.5,1.5,0.7
8.5,1.5,0.75
8.5,1.5,0.8
8.5,1.5,0.85
8.5,1.5,0.9
8.5,1.5,0.95
8.5,1.5,1
8.5,1.5,1.05
8.5,1.5,1.1
8.5,1.5,1.15
8.5,1.5,1.2
8.5,1.5,1.25
8.5,1.5,1.3
8.5,1.5,1.35
8.5,1.5,1.4
8.5,1.5,1.45
8.5,1.5,1.5
8.5,1.5,1.55
8.5,1.5,1.6
8.5,1.5,1.65
8.5,1.5,1.7
8.5,1.5,1.75
8.5,1.5,1.8
8.5,1.5,1.85
8.5,1.5,1.9
8.5,1.5,1.95
8.5,1.5,2
8.5,1.5,2.05
8.5,1.5,2.1
8.5,1.5,2.15
8.5,1.5,2.2
8.5,1.5,2.25
8.5,1.5,2.3
8.5,1.5,2.35
8.5,1.5,2.4
8.5,1.5,2.45
8.5,1.5,2.5
8.5,1.5,2.55
8.5,1.5,2.6
8.5,1.5,2.65
8.5,1.5,2.7
8.5,1.5,2.75
8.5,1.5,2.8
8.5,1.5,2.85
8.5,1.5,2.9
8.5,1.5,2.95
8.5,1.5,3
8.5,1.5,3.05
8.5,1.5,3.1
8.5,1.5,3.15
8.5,1.5,3.2
8.5,1.5,3.25
8.5,1.5,3.3
8.5,1.5,3.35
8.5,1.5,3.4
8.5,1.5,3.45
8.5,1.5,3.5
8.5,1.5,3.55
8.5,1.5,3.6
8.5,1.5,3.65
8.5,1.5,3.7
8.5,1.5,3.75
8.5,1.5,3.8
8.5,1.5,3.85
8.5,1.5,3.9
8.5,1.5,3.95
8.5,1.5,4
8.5,1.5,4.05
8.5,1.5,4.1
8.5,1.5,4.15
8.5,1.5,4.2
8.5,1.5,4.25
8.5,1.5,4.3
8.5,1.5,4.35
8.5,1.5,4.4
8.5,1.5,4.45
8.5,1.5,4.5
8.5,1.5,4.55
8.5,1.5,4.6
8.5,1.5,4.65
8.5,1.5,4.7
8.5,1.5,4.75
8.5,1.5,4.8
8.5,1.5,4.85
8.5,1.5,4.9
8.5,1.5,4.95
8.5,1.5,5
8.5,2,0
8.5,2,0.05
8.5,2,0.1
8.5,2,0.15
8.5,2,0.2
8.5,2,0.25
8.5,2,0.3
8.5,2,0.35
8.5,2,0.4
8.5,2,0.45
8.5,2,0.5
8.5,2,0.55
8.5,2,0.6
8.5,2,0.65
8.5,2,0.7
8.5,2,0.75
8.5,2,0.8
8.5,2,0.85
8.5,2,0.9
8.5,2,0.95
8.5,2,1
8.5,2,1.05
8.5,2,1.1
8.5,2,1.15
8.5,2,1.2
8.5,2,1.25
8.5,2,1.3
8.5,2,1.35
8.5,2,1.4
8.5,2,1.45
8.5,2,1.5
8.5,2,1.55
8.5,2,1.6
8.5,2,1.65
8.5,2,1.7
8.5,2,1.75
8.5,2,1.8
8.5,2,1.85
8.5,2,1.9
8.5,2,1.95
8.5,2,2
8.5,2,2.05
8.5,2,2.1
8.5,2,2.15
8.5,2,2.2
8.5,2,2.25
8.5,2,2.3
8.5,2,2.35
8.5,2,2.4
8.5,2,2.45
8.5,2,2.5
8.5,2,2.55
8.5,2,2.6
8.5,2,2.65
8.5,2,2.7
8.5,2,2.75
8.5,2,2.8
8.5,2,2.85
8.5,2,2.9
8.5,2,2.95
8.5,2,3
8.5,2,3.05
8.5,2,3.1
8.5,2,3.15
8.5,2,3.2
8.5,2,3.25
8.5,2,3.3
8.5,2,3.35
8.5,2,3.4
8.5,2,3.45
8.5,2,3.5
8.5,2,3.55
8.5,2,3.6
8.5,2,3.65
8.5,2,3.7
8.5,2,3.75
8.5,2,3.8
8.5,2,3.85
8.5,2,3.9
8.5,2,3.95
8.5,2,4
8.5,2,4.05
8.5,2,4.1
8.5,2,4.15
8.5,2,4.2
8.5,2,4.25
8.5,2,4.3
8.5,2,4.35
8.5,2,4.4
8.5,2,4.45
8.5,2,4.5
8.5,2,4.55
8.5,2,4.6
8.5,2,4.65
8.5,2,4.7
8.5,2,4.75
8.5,2,4.8
8.5,2,4.85
8.5,2,4.9
8.5,2,4.95
8.5,2,5
8.5,2.5,0
8.5,2.5,0.05
8.5,2.5,0.1
8.5,2.5,0.15
8.5,2.5,0.2
8.5,2.5,0.25
8.5,2.5,0.3
8.5,2.5,0.35
8.5,2.5,0.4
8.5,2.5,0.45
8.5,2.5,0.5
8.5,2.5,0.55
8.5,2.5,0.6
8.5,2.5,0.65
8.5,2.5,0.7
8.5,2.5,0.75
8.5,2.5,0.8
8.5,2.5,0.85
8.5,2.5,0.9
8.5,2.5,0.95
8.5,2.5,1
8.5,2.5,1.05
8.5,2.5,1.1
8.5,2.5,1.15
8.5,2.5,1.2
8.5,2.5,1.25
8.5,2.5,1.3
8.5,2.5,1.35
8.5,2.5,1.4
8.5,2.5,1.45
8.5,2.5,1.5
8.5,2.5,1.55
8.5,2.5,1.6
8.5,2.5,1.65
8.5,2.5,1.7
8.5,2.5,1.75
8.5,2.5,1.8
8.5,2.5,1.85
8.5,2.5,1.9
8.5,2.5,1.95
8.5,2.5,2
8.5,2.5,2.05
8.5,2.5,2.1
8.5,2.5,2.15
8.5,2.5,2.2
8.5,2.5,2.25
8.5,2.5,2.3
8.5,2.5,2.35
8.5,2.5,2.4
8.5,2.5,2.45
8.5,2.5,2.5
8.5,2.5,2.55
8.5,2.5,2.6
8.5,2.5,2.65
8.5,2.5,2.7
8.5,2.5,2.75
8.5,2.5,2.8
8.5,2.5,2.85
8.5,2.5,2.9
8.5,2.5,2.95
8.5,2.5,3
8.5,2.5,3.05
8.5,2.5,3.1
8.5,2.5,3.15
8.5,2.5,3.2
8.5,2.5,3.25
8.5,2.5,3.3
8.5,2.5,3.35
8.5,2.5,3.4
8.5,2.5,3.45
8.5,2.5,3.5
8.5,2.5,3.55
8.5,2.5,3.6
8.5,2.5,3.65
8.5,2.5,3.7
8.5,2.5,3.75
8.5,2.5,3.8
8.5,2.5,3.85
8.5,2.5,3.9
8.5,2.5,3.95
8.5,2.5,4
8.5,2.5,4.05
8.5,2.5,4.1
8.5,2.5,4.15
8.5,2.5,4.2
8.5,2.5,4.25
8.5,2.5,4.3
8.5,2.5,4.35
8.5,2.5,4.4
8.5,2.5,4.45
8.5,2.5,4.5
8.5,2.5,4.55
8.5,2.5,4.6
8.5,2.5,4.65
8.5,2.5,4.7
8.5,2.5,4.75
8.5,2.5,4.8
8.5,2.5,4.85
8.5,2.5,4.9
8.5,2.5,4.95
8.5,2.5,5
8.5,3,0
8.5,3,0.05
8.5,3,0.1
8.5,3,0.15
8.5,3,0.2
8.5,3,0.25
8.5,3,0.3
8.5,3,0.35
8.5,3,0.4
8.5,3,0.45
8.5,3,0.5
8.5,3,0.55
8.5,3,0.6
8.5,3,0.65
8.5,3,0.7
8.5,3,0.75
8.5,3,0.8
8.5,3,0.85
8.5,3,0.9
8.5,3,0.95
8.5,3,1
8.5,3,1.05
8.5,3,1.1
8.5,3,1.15
8.5,3,1.2
8.5,3,1.25
8.5,3,1.3
8.5,3,1.35
8.5,3,1.4
8.5,3,1.45
8.5,3,1.5
8.5,3,1.55
8.5,3,1.6
8.5,3,1.65
8.5,3,1.7
8.5,3,1.75
8.5,3,1.8
8.5,3,1.85
8.5,3,1.9
8.5,3,1.95
8.5,3,2
8.5,3,2.05
8.5,3,2.1
8.5,3,2.15
8.5,3,2.2
8.5,3,2.25
8.5,3,2.3
8.5,3,2.35
8.5,3,2.4
8.5,3,2.45
8.5,3,2.5
8.5,3,2.55
8.5,3,2.6
8.5,3,2.65
8.5,3,2.7
8.5,3,2.75
8.5,3,2.8
8.5,3,2.85
8.5,3,2.9
8.5,3,2.95
8.5,3,3
8.5,3,3.05
8.5,3,3.1
8.5,3,3.15
8.5,3,3.2
8.5,3,3.25
8.5,3,3.3
8.5,3,3.35
8.5,3,3.4
8.5,3,3.45
8.5,3,3.5
8.5,3,3.55
8.5,3,3.6
8.5,3,3.65
8.5,3,3.7
8.5,3,3.75
8.5,3,3.8
8.5,3,3.85
8.5,3,3.9
8.5,3,3.95
8.5,3,4
8.5,3,4.05
8.5,3,4.1
8.5,3,4.15
8.5,3,4.2
8.5,3,4.25
8.5,3,4.3
8.5,3,4.35
8.5,3,4.4
8.5,3,4.45
8.5,3,4.5
8.5,3,4.55
8.5,3,4.6
8.5,3,4.65
8.5,3,4.7
8.5,3,4.75
8.5,3,4.8
8.5,3,4.85
8.5,3,4.9
8.5,3,4.95
8.5,3,5
8.5,3.5,0
8.5,3.5,0.05
8.5,3.5,0.1
8.5,3.5,0.15
8.5,3.5,0.2
8.5,3.5,0.25
8.5,3.5,0.3
8.5,3.5,0.35
8.5,3.5,0.4
8.5,3.5,0.45
8.5,3.5,0.5
8.5,3.5,0.55
8.5,3.5,0.6
8.5,3.5,0.65
8.5,3.5,0.7
8.5,3.5,0.75
8.5,3.5,0.8
8.5,3.5,0.85
8.5,3.5,0.9
8.5,3.5,0.95
8.5,3.5,1
8.5,3.5,1.05
8.5,3.5,1.1
8.5,3.5,1.15
8.5,3.5,1.2
8.5,3.5,1.25
8.5,3.5,1.3
8.5,3.5,1.35
8.5,3.5,1.4
8.5,3.5,1.45
8.5,3.5,1.5
8.5,3.5,1.55
8.5,3.5,1.6
8.5,3.5,1.65
8.5,3.5,1.7
8.5,3.5,1.75
8.5,3.5,1.8
8.5,3.5,1.85
8.5,3.5,1.9
8.5,3.5,1.95
8.5,3.5,2
8.5,3.5,2.05
8.5,3.5,2.1
8.5,3.5,2.15
8.5,3.5,2.2
8.5,3.5,2.25
8.5,3.5,2.3
8.5,3.5,2.35
8.5,3.5,2.4
8.5,3.5,2.45
8.5,3.5,2.5
8.5,3.5,2.55
8.5,3.5,2.6
8.5,3.5,2.65
8.5,3.5,2.7
8.5,3.5,2.75
8.5,3.5,2.8
8.5,3.5,2.85
8.5,3.5,2.9
8.5,3.5,2.95
8.5,3.5,3
8.5,3.5,3.05
8.5,3.5,3.1
8.5,3.5,3.15
8.5,3.5,3.2
8.5,3.5,3.25
8.5,3.5,3.3
8.5,3.5,3.35
8.5,3.5,3.4
8.5,3.5,3.45
8.5,3.5,3.5
8.5,3.5,3.55
8.5,3.5,3.6
8.5,3.5,3.65
8.5,3.5,3.7
8.5,3.5,3.75
8.5,3.5,3.8
8.5,3.5,3.85
8.5,3.5,3.9
8.5,3.5,3.95
8.5,3.5,4
8.5,3.5,4.05
8.5,3.5,4.1
8.5,3.5,4.15
8.5,3.5,4.2
8.5,3.5,4.25
8.5,3.5,4.3
8.5,3.5,4.35
8.5,3.5,4.4
8.5,3.5,4.45
8.5,3.5,4.5
8.5,3.5,4.55
8.5,3.5,4.6
8.5,3.5,4.65
8.5,3.5,4.7
8.5,3.5,4.75
8.5,3.5,4.8
8.5,3.5,4.85
8.5,3.5,4.9
8.5,3.5,4.95
8.5,3.5,5
8.5,4,0
8.5,4,0.05
8.5,4,0.1
8.5,4,0.15
8.5,4,0.2
8.5,4,0.25
8.5,4,0.3
8.5,4,0.35
8.5,4,0.4
8.5,4,0.45
8.5,4,0.5
8.5,4,0.55
8.5,4,0.6
8.5,4,0.65
8.5,4,0.7
8.5,4,0.75
8.5,4,0.8
8.5,4,0.85
8.5,4,0.9
8.5,4,0.95
8.5,4,1
8.5,4,1.05
8.5,4,1.1
8.5,4,1.15
8.5,4,1.2
8.5,4,1.25
8.5,4,1.3
8.5,4,1.35
8.5,4,1.4
8.5,4,1.45
8.5,4,1.5
8.5,4,1.55
8.5,4,1.6
8.5,4,1.65
8.5,4,1.7
8.5,4,1.75
8.5,4,1.8
8.5,4,1.85
8.5,4,1.9
8.5,4,1.95
8.5,4,2
8.5,4,2.05
8.5,4,2.1
8.5,4,2.15
8.5,4,2.2
8.5,4,2.25
8.5,4,2.3
8.5,4,2.35
8.5,4,2.4
8.5,4,2.45
8.5,4,2.5
8.5,4,2.55
8.5,4,2.6
8.5,4,2.65
8.5,4,2.7
8.5,4,2.75
8.5,4,2.8
8.5,4,2.85
8.5,4,2.9
8.5,4,2.95
8.5,4,3
8.5,4,3.05
8.5,4,3.1
8.5,4,3.15
8.5,4,3.2
8.5,4,3.25
8.5,4,3.3
8.5,4,3.35
8.5,4,3.4
8.5,4,3.45
8.5,4,3.5
8.5,4,3.55
8.5,4,3.6
8.5,4,3.65
8.5,4,3.7
8.5,4,3.75
8.5,4,3.8
8.5,4,3.85
8.5,4,3.9
8.5,4,3.95
8.5,4,4
8.5,4,4.05
8.5,4,4.1
8.5,4,4.15
8.5,4,4.2
8.5,4,4.25
8.5,4,4.3
8.5,4,4.35
8.5,4,4.4
8.5,4,4.45
8.5,4,4.5
8.5,4,4.55
8.5,4,4.6
8.5,4,4.65
8.5,4,4.7
8.5,4,4.75
8.5,4,4.8
8.5,4,4.85
8.5,4,4.9
8.5,4,4.95
8.5,4,5
8.5,4.5,0
8.5,4.5,0.05
8.5,4.5,0.1
8.5,4.5,0.15
8.5,4.5,0.2
8.5,4.5,0.25
8.5,4.5,0.3
8.5,4.5,0.35
8.5,4.5,0.4
8.5,4.5,0.45
8.5,4.5,0.5
8.5,4.5,0.55
8.5,4.5,0.6
8.5,4.5,0.65
8.5,4.5,0.7
8.5,4.5,0.75
8.5,4.5,0.8
8.5,4.5,0.85
8.5,4.5,0.9
8.5,4.5,0.95
8.5,4.5,1
8.5,4.5,1.05
8.5,4.5,1.1
8.5,4.5,1.15
8.5,4.5,1.2
8.5,4.5,1.25
8.5,4.5,1.3
8.5,4.5,1.35
8.5,4.5,1.4
8.5,4.5,1.45
8.5,4.5,1.5
8.5,4.5,1.55
8.5,4.5,1.6
8.5,4.5,1.65
8.5,4.5,1.7
8.5,4.5,1.75
8.5,4.5,1.8
8.5,4.5,1.85
8.5,4.5,1.9
8.5,4.5,1.95
8.5,4.5,2
8.5,4.5,2.05
8.5,4.5,2.1
8.5,4.5,2.15
8.5,4.5,2.2
8.5,4.5,2.25
8.5,4.5,2.3
8.5,4.5,2.35
8.5,4.5,2.4
8.5,4.5,2.45
8.5,4.5,2.5
8.5,4.5,2.55
8.5,4.5,2.6
8.5,4.5,2.65
8.5,4.5,2.7
8.5,4.5,2.75
8.5,4.5,2.8
8.5,4.5,2.85
8.5,4.5,2.9
8.5,4.5,2.95
8.5,4.5,3
8.5,4.5,3.05
8.5,4.5,3.1
8.5,4.5,3.15
8.5,4.5,3.2
8.5,4.5,3.25
8.5,4.5,3.3
8.5,4.5,3.35
8.5,4.5,3.4
8.5,4.5,3.45
8.5,4.5,3.5
8.5,4.5,3.55
8.5,4.5,3.6
8.5,4.5,3.65
8.5,4.5,3.7
8.5,4.5,3.75
8.5,4.5,3.8
8.5,4.5,3.85
8.5,4.5,3.9
8.5,4.5,3.95
8.5,4.5,4
8.5,4.5,4.05
8.5,4.5,4.1
8.5,4.5,4.15
8.5,4.5,4.2
8.5,4.5,4.25
8.5,4.5,4.3
8.5,4.5,4.35
8.5,4.5,4.4
8.5,4.5,4.45
8.5,4.5,4.5
8.5,4.5,4.55
8.5,4.5,4.6
8.5,4.5,4.65
8.5,4.5,4.7
8.5,4.5,4.75
8.5,4.5,4.8
8.5,4.5,4.85
8.5,4.5,4.9
8.5,4.5,4.95
8.5,4.5,5
8.5,5,0
8.5,5,0.05
8.5,5,0.1
8.5,5,0.15
8.5,5,0.2
8.5,5,0.25
8.5,5,0.3
8.5,5,0.35
8.5,5,0.4
8.5,5,0.45
8.5,5,0.5
8.5,5,0.55
8.5,5,0.6
8.5,5,0.65
8.5,5,0.7
8.5,5,0.75
8.5,5,0.8
8.5,5,0.85
8.5,5,0.9
8.5,5,0.95
8.5,5,1
8.5,5,1.05
8.5,5,1.1
8.5,5,1.15
8.5,5,1.2
8.5,5,1.25
8.5,5,1.3
8.5,5,1.35
8.5,5,1.4
8.5,5,1.45
8.5,5,1.5
8.5,5,1.55
8.5,5,1.6
8.5,5,1.65
8.5,5,1.7
8.5,5,1.75
8.5,5,1.8
8.5,5,1.85
8.5,5,1.9
8.5,5,1.95
8.5,5,2
8.5,5,2.05
8.5,5,2.1
8.5,5,2.15
8.5,5,2.2
8.5,5,2.25
8.5,5,2.3
8.5,5,2.35
8.5,5,2.4
8.5,5,2.45
8.5,5,2.5
8.5,5,2.55
8.5,5,2.6
8.5,5,2.65
8.5,5,2.7
8.5,5,2.75
8.5,5,2.8
8.5,5,2.85
8.5,5,2.9
8.5,5,2.95
8.5,5,3
8.5,5,3.05
8.5,5,3.1
8.5,5,3.15
8.5,5,3.2
8.5,5,3.25
8.5,5,3.3
8.5,5,3.35
8.5,5,3.4
8.5,5,3.45
8.5,5,3.5
8.5,5,3.55
8.5,5,3.6
8.5,5,3.65
8.5,5,3.7
8.5,5,3.75
8.5,5,3.8
8.5,5,3.85
8.5,5,3.9
8.5,5,3.95
8.5,5,4
8.5,5,4.05
8.5,5,4.1
8.5,5,4.15
8.5,5,4.2
8.5,5,4.25
8.5,5,4.3
8.5,5,4.35
8.5,5,4.4
8.5,5,4.45
8.5,5,4.5
8.5,5,4.55
8.5,5,4.6
8.5,5,4.65
8.5,5,4.7
8.5,5,4.75
8.5,5,4.8
8.5,5,4.85
8.5,5,4.9
8.5,5,4.95
8.5,5,5
8.5,5.5,0
8.5,5.5,0.05
8.5,5.5,0.1
8.5,5.5,0.15
8.5,5.5,0.2
8.5,5.5,0.25
8.5,5.5,0.3
8.5,5.5,0.35
8.5,5.5,0.4
8.5,5.5,0.45
8.5,5.5,0.5
8.5,5.5,0.55
8.5,5.5,0.6
8.5,5.5,0.65
8.5,5.5,0.7
8.5,5.5,0.75
8.5,5.5,0.8
8.5,5.5,0.85
8.5,5.5,0.9
8.5,5.5,0.95
8.5,5.5,1
8.5,5.5,1.05
8.5,5.5,1.1
8.5,5.5,1.15
8.5,5.5,1.2
8.5,5.5,1.25
8.5,5.5,1.3
8.5,5.5,1.35
8.5,5.5,1.4
8.5,5.5,1.45
8.5,5.5,1.5
8.5,5.5,1.55
8.5,5.5,1.6
8.5,5.5,1.65
8.5,5.5,1.7
8.5,5.5,1.75
8.5,5.5,1.8
8.5,5.5,1.85
8.5,5.5,1.9
8.5,5.5,1.95
8.5,5.5,2
8.5,5.5,2.05
8.5,5.5,2.1
8.5,5.5,2.15
8.5,5.5,2.2
8.5,5.5,2.25
8.5,5.5,2.3
8.5,5.5,2.35
8.5,5.5,2.4
8.5,5.5,2.45
8.5,5.5,2.5
8.5,5.5,2.55
8.5,5.5,2.6
8.5,5.5,2.65
8.5,5.5,2.7
8.5,5.5,2.75
8.5,5.5,2.8
8.5,5.5,2.85
8.5,5.5,2.9
8.5,5.5,2.95
8.5,5.5,3
8.5,5.5,3.05
8.5,5.5,3.1
8.5,5.5,3.15
8.5,5.5,3.2
8.5,5.5,3.25
8.5,5.5,3.3
8.5,5.5,3.35
8.5,5.5,3.4
8.5,5.5,3.45
8.5,5.5,3.5
8.5,5.5,3.55
8.5,5.5,3.6
8.5,5.5,3.65
8.5,5.5,3.7
8.5,5.5,3.75
8.5,5.5,3.8
8.5,5.5,3.85
8.5,5.5,3.9
8.5,5.5,3.95
8.5,5.5,4
8.5,5.5,4.05
8.5,5.5,4.1
8.5,5.5,4.15
8.5,5.5,4.2
8.5,5.5,4.25
8.5,5.5,4.3
8.5,5.5,4.35
8.5,5.5,4.4
8.5,5.5,4.45
8.5,5.5,4.5
8.5,5.5,4.55
8.5,5.5,4.6
8.5,5.5,4.65
8.5,5.5,4.7
8.5,5.5,4.75
8.5,5.5,4.8
8.5,5.5,4.85
8.5,5.5,4.9
8.5,5.5,4.95
8.5,5.5,5
8.5,6,0
8.5,6,0.05
8.5,6,0.1
8.5,6,0.15
8.5,6,0.2
8.5,6,0.25
8.5,6,0.3
8.5,6,0.35
8.5,6,0.4
8.5,6,0.45
8.5,6,0.5
8.5,6,0.55
8.5,6,0.6
8.5,6,0.65
8.5,6,0.7
8.5,6,0.75
8.5,6,0.8
8.5,6,0.85
8.5,6,0.9
8.5,6,0.95
8.5,6,1
8.5,6,1.05
8.5,6,1.1
8.5,6,1.15
8.5,6,1.2
8.5,6,1.25
8.5,6,1.3
8.5,6,1.35
8.5,6,1.4
8.5,6,1.45
8.5,6,1.5
8.5,6,1.55
8.5,6,1.6
8.5,6,1.65
8.5,6,1.7
8.5,6,1.75
8.5,6,1.8
8.5,6,1.85
8.5,6,1.9
8.5,6,1.95
8.5,6,2
8.5,6,2.05
8.5,6,2.1
8.5,6,2.15
8.5,6,2.2
8.5,6,2.25
8.5,6,2.3
8.5,6,2.35
8.5,6,2.4
8.5,6,2.45
8.5,6,2.5
8.5,6,2.55
8.5,6,2.6
8.5,6,2.65
8.5,6,2.7
8.5,6,2.75
8.5,6,2.8
8.5,6,2.85
8.5,6,2.9
8.5,6,2.95
8.5,6,3
8.5,6,3.05
8.5,6,3.1
8.5,6,3.15
8.5,6,3.2
8.5,6,3.25
8.5,6,3.3
8.5,6,3.35
8.5,6,3.4
8.5,6,3.45
8.5,6,3.5
8.5,6,3.55
8.5,6,3.6
8.5,6,3.65
8.5,6,3.7
8.5,6,3.75
8.5,6,3.8
8.5,6,3.85
8.5,6,3.9
8.5,6,3.95
8.5,6,4
8.5,6,4.05
8.5,6,4.1
8.5,6,4.15
8.5,6,4.2
8.5,6,4.25
8.5,6,4.3
8.5,6,4.35
8.5,6,4.4
8.5,6,4.45
8.5,6,4.5
8.5,6,4.55
8.5,6,4.6
8.5,6,4.65
8.5,6,4.7
8.5,6,4.75
8.5,6,4.8
8.5,6,4.85
8.5,6,4.9
8.5,6,4.95
8.5,6,5
8.5,6.5,0
8.5,6.5,0.05
8.5,6.5,0.1
8.5,6.5,0.15
8.5,6.5,0.2
8.5,6.5,0.25
8.5,6.5,0.3
8.5,6.5,0.35
8.5,6.5,0.4
8.5,6.5,0.45
8.5,6.5,0.5
8.5,6.5,0.55
8.5,6.5,0.6
8.5,6.5,0.65
8.5,6.5,0.7
8.5,6.5,0.75
8.5,6.5,0.8
8.5,6.5,0.85
8.5,6.5,0.9
8.5,6.5,0.95
8.5,6.5,1
8.5,6.5,1.05
8.5,6.5,1.1
8.5,6.5,1.15
8.5,6.5,1.2
8.5,6.5,1.25
8.5,6.5,1.3
8.5,6.5,1.35
8.5,6.5,1.4
8.5,6.5,1.45
8.5,6.5,1.5
8.5,6.5,1.55
8.5,6.5,1.6
8.5,6.5,1.65
8.5,6.5,1.7
8.5,6.5,1.75
8.5,6.5,1.8
8.5,6.5,1.85
8.5,6.5,1.9
8.5,6.5,1.95
8.5,6.5,2
8.5,6.5,2.05
8.5,6.5,2.1
8.5,6.5,2.15
8.5,6.5,2.2
8.5,6.5,2.25
8.5,6.5,2.3
8.5,6.5,2.35
8.5,6.5,2.4
8.5,6.5,2.45
8.5,6.5,2.5
8.5,6.5,2.55
8.5,6.5,2.6
8.5,6.5,2.65
8.5,6.5,2.7
8.5,6.5,2.75
8.5,6.5,2.8
8.5,6.5,2.85
8.5,6.5,2.9
8.5,6.5,2.95
8.5,6.5,3
8.5,6.5,3.05
8.5,6.5,3.1
8.5,6.5,3.15
8.5,6.5,3.2
8.5,6.5,3.25
8.5,6.5,3.3
8.5,6.5,3.35
8.5,6.5,3.4
8.5,6.5,3.45
8.5,6.5,3.5
8.5,6.5,3.55
8.5,6.5,3.6
8.5,6.5,3.65
8.5,6.5,3.7
8.5,6.5,3.75
8.5,6.5,3.8
8.5,6.5,3.85
8.5,6.5,3.9
8.5,6.5,3.95
8.5,6.5,4
8.5,6.5,4.05
8.5,6.5,4.1
8.5,6.5,4.15
8.5,6.5,4.2
8.5,6.5,4.25
8.5,6.5,4.3
8.5,6.5,4.35
8.5,6.5,4.4
8.5,6.5,4.45
8.5,6.5,4.5
8.5,6.5,4.55
8.5,6.5,4.6
8.5,6.5,4.65
8.5,6.5,4.7
8.5,6.5,4.75
8.5,6.5,4.8
8.5,6.5,4.85
8.5,6.5,4.9
8.5,6.5,4.95
8.5,6.5,5
8.5,7,0
8.5,7,0.05
8.5,7,0.1
8.5,7,0.15
8.5,7,0.2
8.5,7,0.25
8.5,7,0.3
8.5,7,0.35
8.5,7,0.4
8.5,7,0.45
8.5,7,0.5
8.5,7,0.55
8.5,7,0.6
8.5,7,0.65
8.5,7,0.7
8.5,7,0.75
8.5,7,0.8
8.5,7,0.85
8.5,7,0.9
8.5,7,0.95
8.5,7,1
8.5,7,1.05
8.5,7,1.1
8.5,7,1.15
8.5,7,1.2
8.5,7,1.25
8.5,7,1.3
8.5,7,1.35
8.5,7,1.4
8.5,7,1.45
8.5,7,1.5
8.5,7,1.55
8.5,7,1.6
8.5,7,1.65
8.5,7,1.7
8.5,7,1.75
8.5,7,1.8
8.5,7,1.85
8.5,7,1.9
8.5,7,1.95
8.5,7,2
8.5,7,2.05
8.5,7,2.1
8.5,7,2.15
8.5,7,2.2
8.5,7,2.25
8.5,7,2.3
8.5,7,2.35
8.5,7,2.4
8.5,7,2.45
8.5,7,2.5
8.5,7,2.55
8.5,7,2.6
8.5,7,2.65
8.5,7,2.7
8.5,7,2.75
8.5,7,2.8
8.5,7,2.85
8.5,7,2.9
8.5,7,2.95
8.5,7,3
8.5,7,3.05
8.5,7,3.1
8.5,7,3.15
8.5,7,3.2
8.5,7,3.25
8.5,7,3.3
8.5,7,3.35
8.5,7,3.4
8.5,7,3.45
8.5,7,3.5
8.5,7,3.55
8.5,7,3.6
8.5,7,3.65
8.5,7,3.7
8.5,7,3.75
8.5,7,3.8
8.5,7,3.85
8.5,7,3.9
8.5,7,3.95
8.5,7,4
8.5,7,4.05
8.5,7,4.1
8.5,7,4.15
8.5,7,4.2
8.5,7,4.25
8.5,7,4.3
8.5,7,4.35
8.5,7,4.4
8.5,7,4.45
8.5,7,4.5
8.5,7,4.55
8.5,7,4.6
8.5,7,4.65
8.5,7,4.7
8.5,7,4.75
8.5,7,4.8
8.5,7,4.85
8.5,7,4.9
8.5,7,4.95
8.5,7,5
8.5,7.5,0
8.5,7.5,0.05
8.5,7.5,0.1
8.5,7.5,0.15
8.5,7.5,0.2
8.5,7.5,0.25
8.5,7.5,0.3
8.5,7.5,0.35
8.5,7.5,0.4
8.5,7.5,0.45
8.5,7.5,0.5
8.5,7.5,0.55
8.5,7.5,0.6
8.5,7.5,0.65
8.5,7.5,0.7
8.5,7.5,0.75
8.5,7.5,0.8
8.5,7.5,0.85
8.5,7.5,0.9
8.5,7.5,0.95
8.5,7.5,1
8.5,7.5,1.05
8.5,7.5,1.1
8.5,7.5,1.15
8.5,7.5,1.2
8.5,7.5,1.25
8.5,7.5,1.3
8.5,7.5,1.35
8.5,7.5,1.4
8.5,7.5,1.45
8.5,7.5,1.5
8.5,7.5,1.55
8.5,7.5,1.6
8.5,7.5,1.65
8.5,7.5,1.7
8.5,7.5,1.75
8.5,7.5,1.8
8.5,7.5,1.85
8.5,7.5,1.9
8.5,7.5,1.95
8.5,7.5,2
8.5,7.5,2.05
8.5,7.5,2.1
8.5,7.5,2.15
8.5,7.5,2.2
8.5,7.5,2.25
8.5,7.5,2.3
8.5,7.5,2.35
8.5,7.5,2.4
8.5,7.5,2.45
8.5,7.5,2.5
8.5,7.5,2.55
8.5,7.5,2.6
8.5,7.5,2.65
8.5,7.5,2.7
8.5,7.5,2.75
8.5,7.5,2.8
8.5,7.5,2.85
8.5,7.5,2.9
8.5,7.5,2.95
8.5,7.5,3
8.5,7.5,3.05
8.5,7.5,3.1
8.5,7.5,3.15
8.5,7.5,3.2
8.5,7.5,3.25
8.5,7.5,3.3
8.5,7.5,3.35
8.5,7.5,3.4
8.5,7.5,3.45
8.5,7.5,3.5
8.5,7.5,3.55
8.5,7.5,3.6
8.5,7.5,3.65
8.5,7.5,3.7
8.5,7.5,3.75
8.5,7.5,3.8
8.5,7.5,3.85
8.5,7.5,3.9
8.5,7.5,3.95
8.5,7.5,4
8.5,7.5,4.05
8.5,7.5,4.1
8.5,7.5,4.15
8.5,7.5,4.2
8.5,7.5,4.25
8.5,7.5,4.3
8.5,7.5,4.35
8.5,7.5,4.4
8.5,7.5,4.45
8.5,7.5,4.5
8.5,7.5,4.55
8.5,7.5,4.6
8.5,7.5,4.65
8.5,7.5,4.7
8.5,7.5,4.75
8.5,7.5,4.8
8.5,7.5,4.85
8.5,7.5,4.9
8.5,7.5,4.95
8.5,7.5,5
8.5,8,0
8.5,8,0.05
8.5,8,0.1
8.5,8,0.15
8.5,8,0.2
8.5,8,0.25
8.5,8,0.3
8.5,8,0.35
8.5,8,0.4
8.5,8,0.45
8.5,8,0.5
8.5,8,0.55
8.5,8,0.6
8.5,8,0.65
8.5,8,0.7
8.5,8,0.75
8.5,8,0.8
8.5,8,0.85
8.5,8,0.9
8.5,8,0.95
8.5,8,1
8.5,8,1.05
8.5,8,1.1
8.5,8,1.15
8.5,8,1.2
8.5,8,1.25
8.5,8,1.3
8.5,8,1.35
8.5,8,1.4
8.5,8,1.45
8.5,8,1.5
8.5,8,1.55
8.5,8,1.6
8.5,8,1.65
8.5,8,1.7
8.5,8,1.75
8.5,8,1.8
8.5,8,1.85
8.5,8,1.9
8.5,8,1.95
8.5,8,2
8.5,8,2.05
8.5,8,2.1
8.5,8,2.15
8.5,8,2.2
8.5,8,2.25
8.5,8,2.3
8.5,8,2.35
8.5,8,2.4
8.5,8,2.45
8.5,8,2.5
8.5,8,2.55
8.5,8,2.6
8.5,8,2.65
8.5,8,2.7
8.5,8,2.75
8.5,8,2.8
8.5,8,2.85
8.5,8,2.9
8.5,8,2.95
8.5,8,3
8.5,8,3.05
8.5,8,3.1
8.5,8,3.15
8.5,8,3.2
8.5,8,3.25
8.5,8,3.3
8.5,8,3.35
8.5,8,3.4
8.5,8,3.45
8.5,8,3.5
8.5,8,3.55
8.5,8,3.6
8.5,8,3.65
8.5,8,3.7
8.5,8,3.75
8.5,8,3.8
8.5,8,3.85
8.5,8,3.9
8.5,8,3.95
8.5,8,4
8.5,8,4.05
8.5,8,4.1
8.5,8,4.15
8.5,8,4.2
8.5,8,4.25
8.5,8,4.3
8.5,8,4.35
8.5,8,4.4
8.5,8,4.45
8.5,8,4.5
8.5,8,4.55
8.5,8,4.6
8.5,8,4.65
8.5,8,4.7
8.5,8,4.75
8.5,8,4.8
8.5,8,4.85
8.5,8,4.9
8.5,8,4.95
8.5,8,5
8.5,8.5,0
8.5,8.5,0.05
8.5,8.5,0.1
8.5,8.5,0.15
8.5,8.5,0.2
8.5,8.5,0.25
8.5,8.5,0.3
8.5,8.5,0.35
8.5,8.5,0.4
8.5,8.5,0.45
8.5,8.5,0.5
8.5,8.5,0.55
8.5,8.5,0.6
8.5,8.5,0.65
8.5,8.5,0.7
8.5,8.5,0.75
8.5,8.5,0.8
8.5,8.5,0.85
8.5,8.5,0.9
8.5,8.5,0.95
8.5,8.5,1
8.5,8.5,1.05
8.5,8.5,1.1
8.5,8.5,1.15
8.5,8.5,1.2
8.5,8.5,1.25
8.5,8.5,1.3
8.5,8.5,1.35
8.5,8.5,1.4
8.5,8.5,1.45
8.5,8.5,1.5
8.5,8.5,1.55
8.5,8.5,1.6
8.5,8.5,1.65
8.5,8.5,1.7
8.5,8.5,1.75
8.5,8.5,1.8
8.5,8.5,1.85
8.5,8.5,1.9
8.5,8.5,1.95
8.5,8.5,2
8.5,8.5,2.05
8.5,8.5,2.1
8.5,8.5,2.15
8.5,8.5,2.2
8.5,8.5,2.25
8.5,8.5,2.3
8.5,8.5,2.35
8.5,8.5,2.4
8.5,8.5,2.45
8.5,8.5,2.5
8.5,8.5,2.55
8.5,8.5,2.6
8.5,8.5,2.65
8.5,8.5,2.7
8.5,8.5,2.75
8.5,8.5,2.8
8.5,8.5,2.85
8.5,8.5,2.9
8.5,8.5,2.95
8.5,8.5,3
8.5,8.5,3.05
8.5,8.5,3.1
8.5,8.5,3.15
8.5,8.5,3.2
8.5,8.5,3.25
8.5,8.5,3.3
8.5,8.5,3.35
8.5,8.5,3.4
8.5,8.5,3.45
8.5,8.5,3.5
8.5,8.5,3.55
8.5,8.5,3.6
8.5,8.5,3.65
8.5,8.5,3.7
8.5,8.5,3.75
8.5,8.5,3.8
8.5,8.5,3.85
8.5,8.5,3.9
8.5,8.5,3.95
8.5,8.5,4
8.5,8.5,4.05
8.5,8.5,4.1
8.5,8.5,4.15
8.5,8.5,4.2
8.5,8.5,4.25
8.5,8.5,4.3
8.5,8.5,4.35
8.5,8.5,4.4
8.5,8.5,4.45
8.5,8.5,4.5
8.5,8.5,4.55
8.5,8.5,4.6
8.5,8.5,4.65
8.5,8.5,4.7
8.5,8.5,4.75
8.5,8.5,4.8
8.5,8.5,4.85
8.5,8.5,4.9
8.5,8.5,4.95
8.5,8.5,5
8.5,9,0
8.5,9,0.05
8.5,9,0.1
8.5,9,0.15
8.5,9,0.2
8.5,9,0.25
8.5,9,0.3
8.5,9,0.35
8.5,9,0.4
8.5,9,0.45
8.5,9,0.5
8.5,9,0.55
8.5,9,0.6
8.5,9,0.65
8.5,9,0.7
8.5,9,0.75
8.5,9,0.8
8.5,9,0.85
8.5,9,0.9
8.5,9,0.95
8.5,9,1
8.5,9,1.05
8.5,9,1.1
8.5,9,1.15
8.5,9,1.2
8.5,9,1.25
8.5,9,1.3
8.5,9,1.35
8.5,9,1.4
8.5,9,1.45
8.5,9,1.5
8.5,9,1.55
8.5,9,1.6
8.5,9,1.65
8.5,9,1.7
8.5,9,1.75
8.5,9,1.8
8.5,9,1.85
8.5,9,1.9
8.5,9,1.95
8.5,9,2
8.5,9,2.05
8.5,9,2.1
8.5,9,2.15
8.5,9,2.2
8.5,9,2.25
8.5,9,2.3
8.5,9,2.35
8.5,9,2.4
8.5,9,2.45
8.5,9,2.5
8.5,9,2.55
8.5,9,2.6
8.5,9,2.65
8.5,9,2.7
8.5,9,2.75
8.5,9,2.8
8.5,9,2.85
8.5,9,2.9
8.5,9,2.95
8.5,9,3
8.5,9,3.05
8.5,9,3.1
8.5,9,3.15
8.5,9,3.2
8.5,9,3.25
8.5,9,3.3
8.5,9,3.35
8.5,9,3.4
8.5,9,3.45
8.5,9,3.5
8.5,9,3.55
8.5,9,3.6
8.5,9,3.65
8.5,9,3.7
8.5,9,3.75
8.5,9,3.8
8.5,9,3.85
8.5,9,3.9
8.5,9,3.95
8.5,9,4
8.5,9,4.05
8.5,9,4.1
8.5,9,4.15
8.5,9,4.2
8.5,9,4.25
8.5,9,4.3
8.5,9,4.35
8.5,9,4.4
8.5,9,4.45
8.5,9,4.5
8.5,9,4.55
8.5,9,4.6
8.5,9,4.65
8.5,9,4.7
8.5,9,4.75
8.5,9,4.8
8.5,9,4.85
8.5,9,4.9
8.5,9,4.95
8.5,9,5
8.5,9.5,0
8.5,9.5,0.05
8.5,9.5,0.1
8.5,9.5,0.15
8.5,9.5,0.2
8.5,9.5,0.25
8.5,9.5,0.3
8.5,9.5,0.35
8.5,9.5,0.4
8.5,9.5,0.45
8.5,9.5,0.5
8.5,9.5,0.55
8.5,9.5,0.6
8.5,9.5,0.65
8.5,9.5,0.7
8.5,9.5,0.75
8.5,9.5,0.8
8.5,9.5,0.85
8.5,9.5,0.9
8.5,9.5,0.95
8.5,9.5,1
8.5,9.5,1.05
8.5,9.5,1.1
8.5,9.5,1.15
8.5,9.5,1.2
8.5,9.5,1.25
8.5,9.5,1.3
8.5,9.5,1.35
8.5,9.5,1.4
8.5,9.5,1.45
8.5,9.5,1.5
8.5,9.5,1.55
8.5,9.5,1.6
8.5,9.5,1.65
8.5,9.5,1.7
8.5,9.5,1.75
8.5,9.5,1.8
8.5,9.5,1.85
8.5,9.5,1.9
8.5,9.5,1.95
8.5,9.5,2
8.5,9.5,2.05
8.5,9.5,2.1
8.5,9.5,2.15
8.5,9.5,2.2
8.5,9.5,2.25
8.5,9.5,2.3
8.5,9.5,2.35
8.5,9.5,2.4
8.5,9.5,2.45
8.5,9.5,2.5
8.5,9.5,2.55
8.5,9.5,2.6
8.5,9.5,2.65
8.5,9.5,2.7
8.5,9.5,2.75
8.5,9.5,2.8
8.5,9.5,2.85
8.5,9.5,2.9
8.5,9.5,2.95
8.5,9.5,3
8.5,9.5,3.05
8.5,9.5,3.1
8.5,9.5,3.15
8.5,9.5,3.2
8.5,9.5,3.25
8.5,9.5,3.3
8.5,9.5,3.35
8.5,9.5,3.4
8.5,9.5,3.45
8.5,9.5,3.5
8.5,9.5,3.55
8.5,9.5,3.6
8.5,9.5,3.65
8.5,9.5,3.7
8.5,9.5,3.75
8.5,9.5,3.8
8.5,9.5,3.85
8.5,9.5,3.9
8.5,9.5,3.95
8.5,9.5,4
8.5,9.5,4.05
8.5,9.5,4.1
8.5,9.5,4.15
8.5,9.5,4.2
8.5,9.5,4.25
8.5,9.5,4.3
8.5,9.5,4.35
8.5,9.5,4.4
8.5,9.5,4.45
8.5,9.5,4.5
8.5,9.5,4.55
8.5,9.5,4.6
8.5,9.5,4.65
8.5,9.5,4.7
8.5,9.5,4.75
8.5,9.5,4.8
8.5,9.5,4.85
8.5,9.5,4.9
8.5,9.5,4.95
8.5,9.5,5
8.5,10,0
8.5,10,0.05
8.5,10,0.1
8.5,10,0.15
8.5,10,0.2
8.5,10,0.25
8.5,10,0.3
8.5,10,0.35
8.5,10,0.4
8.5,10,0.45
8.5,10,0.5
8.5,10,0.55
8.5,10,0.6
8.5,10,0.65
8.5,10,0.7
8.5,10,0.75
8.5,10,0.8
8.5,10,0.85
8.5,10,0.9
8.5,10,0.95
8.5,10,1
8.5,10,1.05
8.5,10,1.1
8.5,10,1.15
8.5,10,1.2
8.5,10,1.25
8.5,10,1.3
8.5,10,1.35
8.5,10,1.4
8.5,10,1.45
8.5,10,1.5
8.5,10,1.55
8.5,10,1.6
8.5,10,1.65
8.5,10,1.7
8.5,10,1.75
8.5,10,1.8
8.5,10,1.85
8.5,10,1.9
8.5,10,1.95
8.5,10,2
8.5,10,2.05
8.5,10,2.1
8.5,10,2.15
8.5,10,2.2
8.5,10,2.25
8.5,10,2.3
8.5,10,2.35
8.5,10,2.4
8.5,10,2.45
8.5,10,2.5
8.5,10,2.55
8.5,10,2.6
8.5,10,2.65
8.5,10,2.7
8.5,10,2.75
8.5,10,2.8
8.5,10,2.85
8.5,10,2.9
8.5,10,2.95
8.5,10,3
8.5,10,3.05
8.5,10,3.1
8.5,10,3.15
8.5,10,3.2
8.5,10,3.25
8.5,10,3.3
8.5,10,3.35
8.5,10,3.4
8.5,10,3.45
8.5,10,3.5
8.5,10,3.55
8.5,10,3.6
8.5,10,3.65
8.5,10,3.7
8.5,10,3.75
8.5,10,3.8
8.5,10,3.85
8.5,10,3.9
8.5,10,3.95
8.5,10,4
8.5,10,4.05
8.5,10,4.1
8.5,10,4.15
8.5,10,4.2
8.5,10,4.25
8.5,10,4.3
8.5,10,4.35
8.5,10,4.4
8.5,10,4.45
8.5,10,4.5
8.5,10,4.55
8.5,10,4.6
8.5,10,4.65
8.5,10,4.7
8.5,10,4.75
8.5,10,4.8
8.5,10,4.85
8.5,10,4.9
8.5,10,4.95
8.5,10,5
9,0,0
9,0,0.05
9,0,0.1
9,0,0.15
9,0,0.2
9,0,0.25
9,0,0.3
9,0,0.35
9,0,0.4
9,0,0.45
9,0,0.5
9,0,0.55
9,0,0.6
9,0,0.65
9,0,0.7
9,0,0.75
9,0,0.8
9,0,0.85
9,0,0.9
9,0,0.95
9,0,1
9,0,1.05
9,0,1.1
9,0,1.15
9,0,1.2
9,0,1.25
9,0,1.3
9,0,1.35
9,0,1.4
9,0,1.45
9,0,1.5
9,0,1.55
9,0,1.6
9,0,1.65
9,0,1.7
9,0,1.75
9,0,1.8
9,0,1.85
9,0,1.9
9,0,1.95
9,0,2
9,0,2.05
9,0,2.1
9,0,2.15
9,0,2.2
9,0,2.25
9,0,2.3
9,0,2.35
9,0,2.4
9,0,2.45
9,0,2.5
9,0,2.55
9,0,2.6
9,0,2.65
9,0,2.7
9,0,2.75
9,0,2.8
9,0,2.85
9,0,2.9
9,0,2.95
9,0,3
9,0,3.05
9,0,3.1
9,0,3.15
9,0,3.2
9,0,3.25
9,0,3.3
9,0,3.35
9,0,3.4
9,0,3.45
9,0,3.5
9,0,3.55
9,0,3.6
9,0,3.65
9,0,3.7
9,0,3.75
9,0,3.8
9,0,3.85
9,0,3.9
9,0,3.95
9,0,4
9,0,4.05
9,0,4.1
9,0,4.15
9,0,4.2
9,0,4.25
9,0,4.3
9,0,4.35
9,0,4.4
9,0,4.45
9,0,4.5
9,0,4.55
9,0,4.6
9,0,4.65
9,0,4.7
9,0,4.75
9,0,4.8
9,0,4.85
9,0,4.9
9,0,4.95
9,0,5
9,0.5,0
9,0.5,0.05
9,0.5,0.1
9,0.5,0.15
9,0.5,0.2
9,0.5,0.25
9,0.5,0.3
9,0.5,0.35
9,0.5,0.4
9,0.5,0.45
9,0.5,0.5
9,0.5,0.55
9,0.5,0.6
9,0.5,0.65
9,0.5,0.7
9,0.5,0.75
9,0.5,0.8
9,0.5,0.85
9,0.5,0.9
9,0.5,0.95
9,0.5,1
9,0.5,1.05
9,0.5,1.1
9,0.5,1.15
9,0.5,1.2
9,0.5,1.25
9,0.5,1.3
9,0.5,1.35
9,0.5,1.4
9,0.5,1.45
9,0.5,1.5
9,0.5,1.55
9,0.5,1.6
9,0.5,1.65
9,0.5,1.7
9,0.5,1.75
9,0.5,1.8
9,0.5,1.85
9,0.5,1.9
9,0.5,1.95
9,0.5,2
9,0.5,2.05
9,0.5,2.1
9,0.5,2.15
9,0.5,2.2
9,0.5,2.25
9,0.5,2.3
9,0.5,2.35
9,0.5,2.4
9,0.5,2.45
9,0.5,2.5
9,0.5,2.55
9,0.5,2.6
9,0.5,2.65
9,0.5,2.7
9,0.5,2.75
9,0.5,2.8
9,0.5,2.85
9,0.5,2.9
9,0.5,2.95
9,0.5,3
9,0.5,3.05
9,0.5,3.1
9,0.5,3.15
9,0.5,3.2
9,0.5,3.25
9,0.5,3.3
9,0.5,3.35
9,0.5,3.4
9,0.5,3.45
9,0.5,3.5
9,0.5,3.55
9,0.5,3.6
9,0.5,3.65
9,0.5,3.7
9,0.5,3.75
9,0.5,3.8
9,0.5,3.85
9,0.5,3.9
9,0.5,3.95
9,0.5,4
9,0.5,4.05
9,0.5,4.1
9,0.5,4.15
9,0.5,4.2
9,0.5,4.25
9,0.5,4.3
9,0.5,4.35
9,0.5,4.4
9,0.5,4.45
9,0.5,4.5
9,0.5,4.55
9,0.5,4.6
9,0.5,4.65
9,0.5,4.7
9,0.5,4.75
9,0.5,4.8
9,0.5,4.85
9,0.5,4.9
9,0.5,4.95
9,0.5,5
9,1,0
9,1,0.05
9,1,0.1
9,1,0.15
9,1,0.2
9,1,0.25
9,1,0.3
9,1,0.35
9,1,0.4
9,1,0.45
9,1,0.5
9,1,0.55
9,1,0.6
9,1,0.65
9,1,0.7
9,1,0.75
9,1,0.8
9,1,0.85
9,1,0.9
9,1,0.95
9,1,1
9,1,1.05
9,1,1.1
9,1,1.15
9,1,1.2
9,1,1.25
9,1,1.3
9,1,1.35
9,1,1.4
9,1,1.45
9,1,1.5
9,1,1.55
9,1,1.6
9,1,1.65
9,1,1.7
9,1,1.75
9,1,1.8
9,1,1.85
9,1,1.9
9,1,1.95
9,1,2
9,1,2.05
9,1,2.1
9,1,2.15
9,1,2.2
9,1,2.25
9,1,2.3
9,1,2.35
9,1,2.4
9,1,2.45
9,1,2.5
9,1,2.55
9,1,2.6
9,1,2.65
9,1,2.7
9,1,2.75
9,1,2.8
9,1,2.85
9,1,2.9
9,1,2.95
9,1,3
9,1,3.05
9,1,3.1
9,1,3.15
9,1,3.2
9,1,3.25
9,1,3.3
9,1,3.35
9,1,3.4
9,1,3.45
9,1,3.5
9,1,3.55
9,1,3.6
9,1,3.65
9,1,3.7
9,1,3.75
9,1,3.8
9,1,3.85
9,1,3.9
9,1,3.95
9,1,4
9,1,4.05
9,1,4.1
9,1,4.15
9,1,4.2
9,1,4.25
9,1,4.3
9,1,4.35
9,1,4.4
9,1,4.45
9,1,4.5
9,1,4.55
9,1,4.6
9,1,4.65
9,1,4.7
9,1,4.75
9,1,4.8
9,1,4.85
9,1,4.9
9,1,4.95
9,1,5
9,1.5,0
9,1.5,0.05
9,1.5,0.1
9,1.5,0.15
9,1.5,0.2
9,1.5,0.25
9,1.5,0.3
9,1.5,0.35
9,1.5,0.4
9,1.5,0.45
9,1.5,0.5
9,1.5,0.55
9,1.5,0.6
9,1.5,0.65
9,1.5,0.7
9,1.5,0.75
9,1.5,0.8
9,1.5,0.85
9,1.5,0.9
9,1.5,0.95
9,1.5,1
9,1.5,1.05
9,1.5,1.1
9,1.5,1.15
9,1.5,1.2
9,1.5,1.25
9,1.5,1.3
9,1.5,1.35
9,1.5,1.4
9,1.5,1.45
9,1.5,1.5
9,1.5,1.55
9,1.5,1.6
9,1.5,1.65
9,1.5,1.7
9,1.5,1.75
9,1.5,1.8
9,1.5,1.85
9,1.5,1.9
9,1.5,1.95
9,1.5,2
9,1.5,2.05
9,1.5,2.1
9,1.5,2.15
9,1.5,2.2
9,1.5,2.25
9,1.5,2.3
9,1.5,2.35
9,1.5,2.4
9,1.5,2.45
9,1.5,2.5
9,1.5,2.55
9,1.5,2.6
9,1.5,2.65
9,1.5,2.7
9,1.5,2.75
9,1.5,2.8
9,1.5,2.85
9,1.5,2.9
9,1.5,2.95
9,1.5,3
9,1.5,3.05
9,1.5,3.1
9,1.5,3.15
9,1.5,3.2
9,1.5,3.25
9,1.5,3.3
9,1.5,3.35
9,1.5,3.4
9,1.5,3.45
9,1.5,3.5
9,1.5,3.55
9,1.5,3.6
9,1.5,3.65
9,1.5,3.7
9,1.5,3.75
9,1.5,3.8
9,1.5,3.85
9,1.5,3.9
9,1.5,3.95
9,1.5,4
9,1.5,4.05
9,1.5,4.1
9,1.5,4.15
9,1.5,4.2
9,1.5,4.25
9,1.5,4.3
9,1.5,4.35
9,1.5,4.4
9,1.5,4.45
9,1.5,4.5
9,1.5,4.55
9,1.5,4.6
9,1.5,4.65
9,1.5,4.7
9,1.5,4.75
9,1.5,4.8
9,1.5,4.85
9,1.5,4.9
9,1.5,4.95
9,1.5,5
9,2,0
9,2,0.05
9,2,0.1
9,2,0.15
9,2,0.2
9,2,0.25
9,2,0.3
9,2,0.35
9,2,0.4
9,2,0.45
9,2,0.5
9,2,0.55
9,2,0.6
9,2,0.65
9,2,0.7
9,2,0.75
9,2,0.8
9,2,0.85
9,2,0.9
9,2,0.95
9,2,1
9,2,1.05
9,2,1.1
9,2,1.15
9,2,1.2
9,2,1.25
9,2,1.3
9,2,1.35
9,2,1.4
9,2,1.45
9,2,1.5
9,2,1.55
9,2,1.6
9,2,1.65
9,2,1.7
9,2,1.75
9,2,1.8
9,2,1.85
9,2,1.9
9,2,1.95
9,2,2
9,2,2.05
9,2,2.1
9,2,2.15
9,2,2.2
9,2,2.25
9,2,2.3
9,2,2.35
9,2,2.4
9,2,2.45
9,2,2.5
9,2,2.55
9,2,2.6
9,2,2.65
9,2,2.7
9,2,2.75
9,2,2.8
9,2,2.85
9,2,2.9
9,2,2.95
9,2,3
9,2,3.05
9,2,3.1
9,2,3.15
9,2,3.2
9,2,3.25
9,2,3.3
9,2,3.35
9,2,3.4
9,2,3.45
9,2,3.5
9,2,3.55
9,2,3.6
9,2,3.65
9,2,3.7
9,2,3.75
9,2,3.8
9,2,3.85
9,2,3.9
9,2,3.95
9,2,4
9,2,4.05
9,2,4.1
9,2,4.15
9,2,4.2
9,2,4.25
9,2,4.3
9,2,4.35
9,2,4.4
9,2,4.45
9,2,4.5
9,2,4.55
9,2,4.6
9,2,4.65
9,2,4.7
9,2,4.75
9,2,4.8
9,2,4.85
9,2,4.9
9,2,4.95
9,2,5
9,2.5,0
9,2.5,0.05
9,2.5,0.1
9,2.5,0.15
9,2.5,0.2
9,2.5,0.25
9,2.5,0.3
9,2.5,0.35
9,2.5,0.4
9,2.5,0.45
9,2.5,0.5
9,2.5,0.55
9,2.5,0.6
9,2.5,0.65
9,2.5,0.7
9,2.5,0.75
9,2.5,0.8
9,2.5,0.85
9,2.5,0.9
9,2.5,0.95
9,2.5,1
9,2.5,1.05
9,2.5,1.1
9,2.5,1.15
9,2.5,1.2
9,2.5,1.25
9,2.5,1.3
9,2.5,1.35
9,2.5,1.4
9,2.5,1.45
9,2.5,1.5
9,2.5,1.55
9,2.5,1.6
9,2.5,1.65
9,2.5,1.7
9,2.5,1.75
9,2.5,1.8
9,2.5,1.85
9,2.5,1.9
9,2.5,1.95
9,2.5,2
9,2.5,2.05
9,2.5,2.1
9,2.5,2.15
9,2.5,2.2
9,2.5,2.25
9,2.5,2.3
9,2.5,2.35
9,2.5,2.4
9,2.5,2.45
9,2.5,2.5
9,2.5,2.55
9,2.5,2.6
9,2.5,2.65
9,2.5,2.7
9,2.5,2.75
9,2.5,2.8
9,2.5,2.85
9,2.5,2.9
9,2.5,2.95
9,2.5,3
9,2.5,3.05
9,2.5,3.1
9,2.5,3.15
9,2.5,3.2
9,2.5,3.25
9,2.5,3.3
9,2.5,3.35
9,2.5,3.4
9,2.5,3.45
9,2.5,3.5
9,2.5,3.55
9,2.5,3.6
9,2.5,3.65
9,2.5,3.7
9,2.5,3.75
9,2.5,3.8
9,2.5,3.85
9,2.5,3.9
9,2.5,3.95
9,2.5,4
9,2.5,4.05
9,2.5,4.1
9,2.5,4.15
9,2.5,4.2
9,2.5,4.25
9,2.5,4.3
9,2.5,4.35
9,2.5,4.4
9,2.5,4.45
9,2.5,4.5
9,2.5,4.55
9,2.5,4.6
9,2.5,4.65
9,2.5,4.7
9,2.5,4.75
9,2.5,4.8
9,2.5,4.85
9,2.5,4.9
9,2.5,4.95
9,2.5,5
9,3,0
9,3,0.05
9,3,0.1
9,3,0.15
9,3,0.2
9,3,0.25
9,3,0.3
9,3,0.35
9,3,0.4
9,3,0.45
9,3,0.5
9,3,0.55
9,3,0.6
9,3,0.65
9,3,0.7
9,3,0.75
9,3,0.8
9,3,0.85
9,3,0.9
9,3,0.95
9,3,1
9,3,1.05
9,3,1.1
9,3,1.15
9,3,1.2
9,3,1.25
9,3,1.3
9,3,1.35
9,3,1.4
9,3,1.45
9,3,1.5
9,3,1.55
9,3,1.6
9,3,1.65
9,3,1.7
9,3,1.75
9,3,1.8
9,3,1.85
9,3,1.9
9,3,1.95
9,3,2
9,3,2.05
9,3,2.1
9,3,2.15
9,3,2.2
9,3,2.25
9,3,2.3
9,3,2.35
9,3,2.4
9,3,2.45
9,3,2.5
9,3,2.55
9,3,2.6
9,3,2.65
9,3,2.7
9,3,2.75
9,3,2.8
9,3,2.85
9,3,2.9
9,3,2.95
9,3,3
9,3,3.05
9,3,3.1
9,3,3.15
9,3,3.2
9,3,3.25
9,3,3.3
9,3,3.35
9,3,3.4
9,3,3.45
9,3,3.5
9,3,3.55
9,3,3.6
9,3,3.65
9,3,3.7
9,3,3.75
9,3,3.8
9,3,3.85
9,3,3.9
9,3,3.95
9,3,4
9,3,4.05
9,3,4.1
9,3,4.15
9,3,4.2
9,3,4.25
9,3,4.3
9,3,4.35
9,3,4.4
9,3,4.45
9,3,4.5
9,3,4.55
9,3,4.6
9,3,4.65
9,3,4.7
9,3,4.75
9,3,4.8
9,3,4.85
9,3,4.9
9,3,4.95
9,3,5
9,3.5,0
9,3.5,0.05
9,3.5,0.1
9,3.5,0.15
9,3.5,0.2
9,3.5,0.25
9,3.5,0.3
9,3.5,0.35
9,3.5,0.4
9,3.5,0.45
9,3.5,0.5
9,3.5,0.55
9,3.5,0.6
9,3.5,0.65
9,3.5,0.7
9,3.5,0.75
9,3.5,0.8
9,3.5,0.85
9,3.5,0.9
9,3.5,0.95
9,3.5,1
9,3.5,1.05
9,3.5,1.1
9,3.5,1.15
9,3.5,1.2
9,3.5,1.25
9,3.5,1.3
9,3.5,1.35
9,3.5,1.4
9,3.5,1.45
9,3.5,1.5
9,3.5,1.55
9,3.5,1.6
9,3.5,1.65
9,3.5,1.7
9,3.5,1.75
9,3.5,1.8
9,3.5,1.85
9,3.5,1.9
9,3.5,1.95
9,3.5,2
9,3.5,2.05
9,3.5,2.1
9,3.5,2.15
9,3.5,2.2
9,3.5,2.25
9,3.5,2.3
9,3.5,2.35
9,3.5,2.4
9,3.5,2.45
9,3.5,2.5
9,3.5,2.55
9,3.5,2.6
9,3.5,2.65
9,3.5,2.7
9,3.5,2.75
9,3.5,2.8
9,3.5,2.85
9,3.5,2.9
9,3.5,2.95
9,3.5,3
9,3.5,3.05
9,3.5,3.1
9,3.5,3.15
9,3.5,3.2
9,3.5,3.25
9,3.5,3.3
9,3.5,3.35
9,3.5,3.4
9,3.5,3.45
9,3.5,3.5
9,3.5,3.55
9,3.5,3.6
9,3.5,3.65
9,3.5,3.7
9,3.5,3.75
9,3.5,3.8
9,3.5,3.85
9,3.5,3.9
9,3.5,3.95
9,3.5,4
9,3.5,4.05
9,3.5,4.1
9,3.5,4.15
9,3.5,4.2
9,3.5,4.25
9,3.5,4.3
9,3.5,4.35
9,3.5,4.4
9,3.5,4.45
9,3.5,4.5
9,3.5,4.55
9,3.5,4.6
9,3.5,4.65
9,3.5,4.7
9,3.5,4.75
9,3.5,4.8
9,3.5,4.85
9,3.5,4.9
9,3.5,4.95
9,3.5,5
9,4,0
9,4,0.05
9,4,0.1
9,4,0.15
9,4,0.2
9,4,0.25
9,4,0.3
9,4,0.35
9,4,0.4
9,4,0.45
9,4,0.5
9,4,0.55
9,4,0.6
9,4,0.65
9,4,0.7
9,4,0.75
9,4,0.8
9,4,0.85
9,4,0.9
9,4,0.95
9,4,1
9,4,1.05
9,4,1.1
9,4,1.15
9,4,1.2
9,4,1.25
9,4,1.3
9,4,1.35
9,4,1.4
9,4,1.45
9,4,1.5
9,4,1.55
9,4,1.6
9,4,1.65
9,4,1.7
9,4,1.75
9,4,1.8
9,4,1.85
9,4,1.9
9,4,1.95
9,4,2
9,4,2.05
9,4,2.1
9,4,2.15
9,4,2.2
9,4,2.25
9,4,2.3
9,4,2.35
9,4,2.4
9,4,2.45
9,4,2.5
9,4,2.55
9,4,2.6
9,4,2.65
9,4,2.7
9,4,2.75
9,4,2.8
9,4,2.85
9,4,2.9
9,4,2.95
9,4,3
9,4,3.05
9,4,3.1
9,4,3.15
9,4,3.2
9,4,3.25
9,4,3.3
9,4,3.35
9,4,3.4
9,4,3.45
9,4,3.5
9,4,3.55
9,4,3.6
9,4,3.65
9,4,3.7
9,4,3.75
9,4,3.8
9,4,3.85
9,4,3.9
9,4,3.95
9,4,4
9,4,4.05
9,4,4.1
9,4,4.15
9,4,4.2
9,4,4.25
9,4,4.3
9,4,4.35
9,4,4.4
9,4,4.45
9,4,4.5
9,4,4.55
9,4,4.6
9,4,4.65
9,4,4.7
9,4,4.75
9,4,4.8
9,4,4.85
9,4,4.9
9,4,4.95
9,4,5
9,4.5,0
9,4.5,0.05
9,4.5,0.1
9,4.5,0.15
9,4.5,0.2
9,4.5,0.25
9,4.5,0.3
9,4.5,0.35
9,4.5,0.4
9,4.5,0.45
9,4.5,0.5
9,4.5,0.55
9,4.5,0.6
9,4.5,0.65
9,4.5,0.7
9,4.5,0.75
9,4.5,0.8
9,4.5,0.85
9,4.5,0.9
9,4.5,0.95
9,4.5,1
9,4.5,1.05
9,4.5,1.1
9,4.5,1.15
9,4.5,1.2
9,4.5,1.25
9,4.5,1.3
9,4.5,1.35
9,4.5,1.4
9,4.5,1.45
9,4.5,1.5
9,4.5,1.55
9,4.5,1.6
9,4.5,1.65
9,4.5,1.7
9,4.5,1.75
9,4.5,1.8
9,4.5,1.85
9,4.5,1.9
9,4.5,1.95
9,4.5,2
9,4.5,2.05
9,4.5,2.1
9,4.5,2.15
9,4.5,2.2
9,4.5,2.25
9,4.5,2.3
9,4.5,2.35
9,4.5,2.4
9,4.5,2.45
9,4.5,2.5
9,4.5,2.55
9,4.5,2.6
9,4.5,2.65
9,4.5,2.7
9,4.5,2.75
9,4.5,2.8
9,4.5,2.85
9,4.5,2.9
9,4.5,2.95
9,4.5,3
9,4.5,3.05
9,4.5,3.1
9,4.5,3.15
9,4.5,3.2
9,4.5,3.25
9,4.5,3.3
9,4.5,3.35
9,4.5,3.4
9,4.5,3.45
9,4.5,3.5
9,4.5,3.55
9,4.5,3.6
9,4.5,3.65
9,4.5,3.7
9,4.5,3.75
9,4.5,3.8
9,4.5,3.85
9,4.5,3.9
9,4.5,3.95
9,4.5,4
9,4.5,4.05
9,4.5,4.1
9,4.5,4.15
9,4.5,4.2
9,4.5,4.25
9,4.5,4.3
9,4.5,4.35
9,4.5,4.4
9,4.5,4.45
9,4.5,4.5
9,4.5,4.55
9,4.5,4.6
9,4.5,4.65
9,4.5,4.7
9,4.5,4.75
9,4.5,4.8
9,4.5,4.85
9,4.5,4.9
9,4.5,4.95
9,4.5,5
9,5,0
9,5,0.05
9,5,0.1
9,5,0.15
9,5,0.2
9,5,0.25
9,5,0.3
9,5,0.35
9,5,0.4
9,5,0.45
9,5,0.5
9,5,0.55
9,5,0.6
9,5,0.65
9,5,0.7
9,5,0.75
9,5,0.8
9,5,0.85
9,5,0.9
9,5,0.95
9,5,1
9,5,1.05
9,5,1.1
9,5,1.15
9,5,1.2
9,5,1.25
9,5,1.3
9,5,1.35
9,5,1.4
9,5,1.45
9,5,1.5
9,5,1.55
9,5,1.6
9,5,1.65
9,5,1.7
9,5,1.75
9,5,1.8
9,5,1.85
9,5,1.9
9,5,1.95
9,5,2
9,5,2.05
9,5,2.1
9,5,2.15
9,5,2.2
9,5,2.25
9,5,2.3
9,5,2.35
9,5,2.4
9,5,2.45
9,5,2.5
9,5,2.55
9,5,2.6
9,5,2.65
9,5,2.7
9,5,2.75
9,5,2.8
9,5,2.85
9,5,2.9
9,5,2.95
9,5,3
9,5,3.05
9,5,3.1
9,5,3.15
9,5,3.2
9,5,3.25
9,5,3.3
9,5,3.35
9,5,3.4
9,5,3.45
9,5,3.5
9,5,3.55
9,5,3.6
9,5,3.65
9,5,3.7
9,5,3.75
9,5,3.8
9,5,3.85
9,5,3.9
9,5,3.95
9,5,4
9,5,4.05
9,5,4.1
9,5,4.15
9,5,4.2
9,5,4.25
9,5,4.3
9,5,4.35
9,5,4.4
9,5,4.45
9,5,4.5
9,5,4.55
9,5,4.6
9,5,4.65
9,5,4.7
9,5,4.75
9,5,4.8
9,5,4.85
9,5,4.9
9,5,4.95
9,5,5
9,5.5,0
9,5.5,0.05
9,5.5,0.1
9,5.5,0.15
9,5.5,0.2
9,5.5,0.25
9,5.5,0.3
9,5.5,0.35
9,5.5,0.4
9,5.5,0.45
9,5.5,0.5
9,5.5,0.55
9,5.5,0.6
9,5.5,0.65
9,5.5,0.7
9,5.5,0.75
9,5.5,0.8
9,5.5,0.85
9,5.5,0.9
9,5.5,0.95
9,5.5,1
9,5.5,1.05
9,5.5,1.1
9,5.5,1.15
9,5.5,1.2
9,5.5,1.25
9,5.5,1.3
9,5.5,1.35
9,5.5,1.4
9,5.5,1.45
9,5.5,1.5
9,5.5,1.55
9,5.5,1.6
9,5.5,1.65
9,5.5,1.7
9,5.5,1.75
9,5.5,1.8
9,5.5,1.85
9,5.5,1.9
9,5.5,1.95
9,5.5,2
9,5.5,2.05
9,5.5,2.1
9,5.5,2.15
9,5.5,2.2
9,5.5,2.25
9,5.5,2.3
9,5.5,2.35
9,5.5,2.4
9,5.5,2.45
9,5.5,2.5
9,5.5,2.55
9,5.5,2.6
9,5.5,2.65
9,5.5,2.7
9,5.5,2.75
9,5.5,2.8
9,5.5,2.85
9,5.5,2.9
9,5.5,2.95
9,5.5,3
9,5.5,3.05
9,5.5,3.1
9,5.5,3.15
9,5.5,3.2
9,5.5,3.25
9,5.5,3.3
9,5.5,3.35
9,5.5,3.4
9,5.5,3.45
9,5.5,3.5
9,5.5,3.55
9,5.5,3.6
9,5.5,3.65
9,5.5,3.7
9,5.5,3.75
9,5.5,3.8
9,5.5,3.85
9,5.5,3.9
9,5.5,3.95
9,5.5,4
9,5.5,4.05
9,5.5,4.1
9,5.5,4.15
9,5.5,4.2
9,5.5,4.25
9,5.5,4.3
9,5.5,4.35
9,5.5,4.4
9,5.5,4.45
9,5.5,4.5
9,5.5,4.55
9,5.5,4.6
9,5.5,4.65
9,5.5,4.7
9,5.5,4.75
9,5.5,4.8
9,5.5,4.85
9,5.5,4.9
9,5.5,4.95
9,5.5,5
9,6,0
9,6,0.05
9,6,0.1
9,6,0.15
9,6,0.2
9,6,0.25
9,6,0.3
9,6,0.35
9,6,0.4
9,6,0.45
9,6,0.5
9,6,0.55
9,6,0.6
9,6,0.65
9,6,0.7
9,6,0.75
9,6,0.8
9,6,0.85
9,6,0.9
9,6,0.95
9,6,1
9,6,1.05
9,6,1.1
9,6,1.15
9,6,1.2
9,6,1.25
9,6,1.3
9,6,1.35
9,6,1.4
9,6,1.45
9,6,1.5
9,6,1.55
9,6,1.6
9,6,1.65
9,6,1.7
9,6,1.75
9,6,1.8
9,6,1.85
9,6,1.9
9,6,1.95
9,6,2
9,6,2.05
9,6,2.1
9,6,2.15
9,6,2.2
9,6,2.25
9,6,2.3
9,6,2.35
9,6,2.4
9,6,2.45
9,6,2.5
9,6,2.55
9,6,2.6
9,6,2.65
9,6,2.7
9,6,2.75
9,6,2.8
9,6,2.85
9,6,2.9
9,6,2.95
9,6,3
9,6,3.05
9,6,3.1
9,6,3.15
9,6,3.2
9,6,3.25
9,6,3.3
9,6,3.35
9,6,3.4
9,6,3.45
9,6,3.5
9,6,3.55
9,6,3.6
9,6,3.65
9,6,3.7
9,6,3.75
9,6,3.8
9,6,3.85
9,6,3.9
9,6,3.95
9,6,4
9,6,4.05
9,6,4.1
9,6,4.15
9,6,4.2
9,6,4.25
9,6,4.3
9,6,4.35
9,6,4.4
9,6,4.45
9,6,4.5
9,6,4.55
9,6,4.6
9,6,4.65
9,6,4.7
9,6,4.75
9,6,4.8
9,6,4.85
9,6,4.9
9,6,4.95
9,6,5
9,6.5,0
9,6.5,0.05
9,6.5,0.1
9,6.5,0.15
9,6.5,0.2
9,6.5,0.25
9,6.5,0.3
9,6.5,0.35
9,6.5,0.4
9,6.5,0.45
9,6.5,0.5
9,6.5,0.55
9,6.5,0.6
9,6.5,0.65
9,6.5,0.7
9,6.5,0.75
9,6.5,0.8
9,6.5,0.85
9,6.5,0.9
9,6.5,0.95
9,6.5,1
9,6.5,1.05
9,6.5,1.1
9,6.5,1.15
9,6.5,1.2
9,6.5,1.25
9,6.5,1.3
9,6.5,1.35
9,6.5,1.4
9,6.5,1.45
9,6.5,1.5
9,6.5,1.55
9,6.5,1.6
9,6.5,1.65
9,6.5,1.7
9,6.5,1.75
9,6.5,1.8
9,6.5,1.85
9,6.5,1.9
9,6.5,1.95
9,6.5,2
9,6.5,2.05
9,6.5,2.1
9,6.5,2.15
9,6.5,2.2
9,6.5,2.25
9,6.5,2.3
9,6.5,2.35
9,6.5,2.4
9,6.5,2.45
9,6.5,2.5
9,6.5,2.55
9,6.5,2.6
9,6.5,2.65
9,6.5,2.7
9,6.5,2.75
9,6.5,2.8
9,6.5,2.85
9,6.5,2.9
9,6.5,2.95
9,6.5,3
9,6.5,3.05
9,6.5,3.1
9,6.5,3.15
9,6.5,3.2
9,6.5,3.25
9,6.5,3.3
9,6.5,3.35
9,6.5,3.4
9,6.5,3.45
9,6.5,3.5
9,6.5,3.55
9,6.5,3.6
9,6.5,3.65
9,6.5,3.7
9,6.5,3.75
9,6.5,3.8
9,6.5,3.85
9,6.5,3.9
9,6.5,3.95
9,6.5,4
9,6.5,4.05
9,6.5,4.1
9,6.5,4.15
9,6.5,4.2
9,6.5,4.25
9,6.5,4.3
9,6.5,4.35
9,6.5,4.4
9,6.5,4.45
9,6.5,4.5
9,6.5,4.55
9,6.5,4.6
9,6.5,4.65
9,6.5,4.7
9,6.5,4.75
9,6.5,4.8
9,6.5,4.85
9,6.5,4.9
9,6.5,4.95
9,6.5,5
9,7,0
9,7,0.05
9,7,0.1
9,7,0.15
9,7,0.2
9,7,0.25
9,7,0.3
9,7,0.35
9,7,0.4
9,7,0.45
9,7,0.5
9,7,0.55
9,7,0.6
9,7,0.65
9,7,0.7
9,7,0.75
9,7,0.8
9,7,0.85
9,7,0.9
9,7,0.95
9,7,1
9,7,1.05
9,7,1.1
9,7,1.15
9,7,1.2
9,7,1.25
9,7,1.3
9,7,1.35
9,7,1.4
9,7,1.45
9,7,1.5
9,7,1.55
9,7,1.6
9,7,1.65
9,7,1.7
9,7,1.75
9,7,1.8
9,7,1.85
9,7,1.9
9,7,1.95
9,7,2
9,7,2.05
9,7,2.1
9,7,2.15
9,7,2.2
9,7,2.25
9,7,2.3
9,7,2.35
9,7,2.4
9,7,2.45
9,7,2.5
9,7,2.55
9,7,2.6
9,7,2.65
9,7,2.7
9,7,2.75
9,7,2.8
9,7,2.85
9,7,2.9
9,7,2.95
9,7,3
9,7,3.05
9,7,3.1
9,7,3.15
9,7,3.2
9,7,3.25
9,7,3.3
9,7,3.35
9,7,3.4
9,7,3.45
9,7,3.5
9,7,3.55
9,7,3.6
9,7,3.65
9,7,3.7
9,7,3.75
9,7,3.8
9,7,3.85
9,7,3.9
9,7,3.95
9,7,4
9,7,4.05
9,7,4.1
9,7,4.15
9,7,4.2
9,7,4.25
9,7,4.3
9,7,4.35
9,7,4.4
9,7,4.45
9,7,4.5
9,7,4.55
9,7,4.6
9,7,4.65
9,7,4.7
9,7,4.75
9,7,4.8
9,7,4.85
9,7,4.9
9,7,4.95
9,7,5
9,7.5,0
9,7.5,0.05
9,7.5,0.1
9,7.5,0.15
9,7.5,0.2
9,7.5,0.25
9,7.5,0.3
9,7.5,0.35
9,7.5,0.4
9,7.5,0.45
9,7.5,0.5
9,7.5,0.55
9,7.5,0.6
9,7.5,0.65
9,7.5,0.7
9,7.5,0.75
9,7.5,0.8
9,7.5,0.85
9,7.5,0.9
9,7.5,0.95
9,7.5,1
9,7.5,1.05
9,7.5,1.1
9,7.5,1.15
9,7.5,1.2
9,7.5,1.25
9,7.5,1.3
9,7.5,1.35
9,7.5,1.4
9,7.5,1.45
9,7.5,1.5
9,7.5,1.55
9,7.5,1.6
9,7.5,1.65
9,7.5,1.7
9,7.5,1.75
9,7.5,1.8
9,7.5,1.85
9,7.5,1.9
9,7.5,1.95
9,7.5,2
9,7.5,2.05
9,7.5,2.1
9,7.5,2.15
9,7.5,2.2
9,7.5,2.25
9,7.5,2.3
9,7.5,2.35
9,7.5,2.4
9,7.5,2.45
9,7.5,2.5
9,7.5,2.55
9,7.5,2.6
9,7.5,2.65
9,7.5,2.7
9,7.5,2.75
9,7.5,2.8
9,7.5,2.85
9,7.5,2.9
9,7.5,2.95
9,7.5,3
9,7.5,3.05
9,7.5,3.1
9,7.5,3.15
9,7.5,3.2
9,7.5,3.25
9,7.5,3.3
9,7.5,3.35
9,7.5,3.4
9,7.5,3.45
9,7.5,3.5
9,7.5,3.55
9,7.5,3.6
9,7.5,3.65
9,7.5,3.7
9,7.5,3.75
9,7.5,3.8
9,7.5,3.85
9,7.5,3.9
9,7.5,3.95
9,7.5,4
9,7.5,4.05
9,7.5,4.1
9,7.5,4.15
9,7.5,4.2
9,7.5,4.25
9,7.5,4.3
9,7.5,4.35
9,7.5,4.4
9,7.5,4.45
9,7.5,4.5
9,7.5,4.55
9,7.5,4.6
9,7.5,4.65
9,7.5,4.7
9,7.5,4.75
9,7.5,4.8
9,7.5,4.85
9,7.5,4.9
9,7.5,4.95
9,7.5,5
9,8,0
9,8,0.05
9,8,0.1
9,8,0.15
9,8,0.2
9,8,0.25
9,8,0.3
9,8,0.35
9,8,0.4
9,8,0.45
9,8,0.5
9,8,0.55
9,8,0.6
9,8,0.65
9,8,0.7
9,8,0.75
9,8,0.8
9,8,0.85
9,8,0.9
9,8,0.95
9,8,1
9,8,1.05
9,8,1.1
9,8,1.15
9,8,1.2
9,8,1.25
9,8,1.3
9,8,1.35
9,8,1.4
9,8,1.45
9,8,1.5
9,8,1.55
9,8,1.6
9,8,1.65
9,8,1.7
9,8,1.75
9,8,1.8
9,8,1.85
9,8,1.9
9,8,1.95
9,8,2
9,8,2.05
9,8,2.1
9,8,2.15
9,8,2.2
9,8,2.25
9,8,2.3
9,8,2.35
9,8,2.4
9,8,2.45
9,8,2.5
9,8,2.55
9,8,2.6
9,8,2.65
9,8,2.7
9,8,2.75
9,8,2.8
9,8,2.85
9,8,2.9
9,8,2.95
9,8,3
9,8,3.05
9,8,3.1
9,8,3.15
9,8,3.2
9,8,3.25
9,8,3.3
9,8,3.35
9,8,3.4
9,8,3.45
9,8,3.5
9,8,3.55
9,8,3.6
9,8,3.65
9,8,3.7
9,8,3.75
9,8,3.8
9,8,3.85
9,8,3.9
9,8,3.95
9,8,4
9,8,4.05
9,8,4.1
9,8,4.15
9,8,4.2
9,8,4.25
9,8,4.3
9,8,4.35
9,8,4.4
9,8,4.45
9,8,4.5
9,8,4.55
9,8,4.6
9,8,4.65
9,8,4.7
9,8,4.75
9,8,4.8
9,8,4.85
9,8,4.9
9,8,4.95
9,8,5
9,8.5,0
9,8.5,0.05
9,8.5,0.1
9,8.5,0.15
9,8.5,0.2
9,8.5,0.25
9,8.5,0.3
9,8.5,0.35
9,8.5,0.4
9,8.5,0.45
9,8.5,0.5
9,8.5,0.55
9,8.5,0.6
9,8.5,0.65
9,8.5,0.7
9,8.5,0.75
9,8.5,0.8
9,8.5,0.85
9,8.5,0.9
9,8.5,0.95
9,8.5,1
9,8.5,1.05
9,8.5,1.1
9,8.5,1.15
9,8.5,1.2
9,8.5,1.25
9,8.5,1.3
9,8.5,1.35
9,8.5,1.4
9,8.5,1.45
9,8.5,1.5
9,8.5,1.55
9,8.5,1.6
9,8.5,1.65
9,8.5,1.7
9,8.5,1.75
9,8.5,1.8
9,8.5,1.85
9,8.5,1.9
9,8.5,1.95
9,8.5,2
9,8.5,2.05
9,8.5,2.1
9,8.5,2.15
9,8.5,2.2
9,8.5,2.25
9,8.5,2.3
9,8.5,2.35
9,8.5,2.4
9,8.5,2.45
9,8.5,2.5
9,8.5,2.55
9,8.5,2.6
9,8.5,2.65
9,8.5,2.7
9,8.5,2.75
9,8.5,2.8
9,8.5,2.85
9,8.5,2.9
9,8.5,2.95
9,8.5,3
9,8.5,3.05
9,8.5,3.1
9,8.5,3.15
9,8.5,3.2
9,8.5,3.25
9,8.5,3.3
9,8.5,3.35
9,8.5,3.4
9,8.5,3.45
9,8.5,3.5
9,8.5,3.55
9,8.5,3.6
9,8.5,3.65
9,8.5,3.7
9,8.5,3.75
9,8.5,3.8
9,8.5,3.85
9,8.5,3.9
9,8.5,3.95
9,8.5,4
9,8.5,4.05
9,8.5,4.1
9,8.5,4.15
9,8.5,4.2
9,8.5,4.25
9,8.5,4.3
9,8.5,4.35
9,8.5,4.4
9,8.5,4.45
9,8.5,4.5
9,8.5,4.55
9,8.5,4.6
9,8.5,4.65
9,8.5,4.7
9,8.5,4.75
9,8.5,4.8
9,8.5,4.85
9,8.5,4.9
9,8.5,4.95
9,8.5,5
9,9,0
9,9,0.05
9,9,0.1
9,9,0.15
9,9,0.2
9,9,0.25
9,9,0.3
9,9,0.35
9,9,0.4
9,9,0.45
9,9,0.5
9,9,0.55
9,9,0.6
9,9,0.65
9,9,0.7
9,9,0.75
9,9,0.8
9,9,0.85
9,9,0.9
9,9,0.95
9,9,1
9,9,1.05
9,9,1.1
9,9,1.15
9,9,1.2
9,9,1.25
9,9,1.3
9,9,1.35
9,9,1.4
9,9,1.45
9,9,1.5
9,9,1.55
9,9,1.6
9,9,1.65
9,9,1.7
9,9,1.75
9,9,1.8
9,9,1.85
9,9,1.9
9,9,1.95
9,9,2
9,9,2.05
9,9,2.1
9,9,2.15
9,9,2.2
9,9,2.25
9,9,2.3
9,9,2.35
9,9,2.4
9,9,2.45
9,9,2.5
9,9,2.55
9,9,2.6
9,9,2.65
9,9,2.7
9,9,2.75
9,9,2.8
9,9,2.85
9,9,2.9
9,9,2.95
9,9,3
9,9,3.05
9,9,3.1
9,9,3.15
9,9,3.2
9,9,3.25
9,9,3.3
9,9,3.35
9,9,3.4
9,9,3.45
9,9,3.5
9,9,3.55
9,9,3.6
9,9,3.65
9,9,3.7
9,9,3.75
9,9,3.8
9,9,3.85
9,9,3.9
9,9,3.95
9,9,4
9,9,4.05
9,9,4.1
9,9,4.15
9,9,4.2
9,9,4.25
9,9,4.3
9,9,4.35
9,9,4.4
9,9,4.45
9,9,4.5
9,9,4.55
9,9,4.6
9,9,4.65
9,9,4.7
9,9,4.75
9,9,4.8
9,9,4.85
9,9,4.9
9,9,4.95
9,9,5
9,9.5,0
9,9.5,0.05
9,9.5,0.1
9,9.5,0.15
9,9.5,0.2
9,9.5,0.25
9,9.5,0.3
9,9.5,0.35
9,9.5,0.4
9,9.5,0.45
9,9.5,0.5
9,9.5,0.55
9,9.5,0.6
9,9.5,0.65
9,9.5,0.7
9,9.5,0.75
9,9.5,0.8
9,9.5,0.85
9,9.5,0.9
9,9.5,0.95
9,9.5,1
9,9.5,1.05
9,9.5,1.1
9,9.5,1.15
9,9.5,1.2
9,9.5,1.25
9,9.5,1.3
9,9.5,1.35
9,9.5,1.4
9,9.5,1.45
9,9.5,1.5
9,9.5,1.55
9,9.5,1.6
9,9.5,1.65
9,9.5,1.7
9,9.5,1.75
9,9.5,1.8
9,9.5,1.85
9,9.5,1.9
9,9.5,1.95
9,9.5,2
9,9.5,2.05
9,9.5,2.1
9,9.5,2.15
9,9.5,2.2
9,9.5,2.25
9,9.5,2.3
9,9.5,2.35
9,9.5,2.4
9,9.5,2.45
9,9.5,2.5
9,9.5,2.55
9,9.5,2.6
9,9.5,2.65
9,9.5,2.7
9,9.5,2.75
9,9.5,2.8
9,9.5,2.85
9,9.5,2.9
9,9.5,2.95
9,9.5,3
9,9.5,3.05
9,9.5,3.1
9,9.5,3.15
9,9.5,3.2
9,9.5,3.25
9,9.5,3.3
9,9.5,3.35
9,9.5,3.4
9,9.5,3.45
9,9.5,3.5
9,9.5,3.55
9,9.5,3.6
9,9.5,3.65
9,9.5,3.7
9,9.5,3.75
9,9.5,3.8
9,9.5,3.85
9,9.5,3.9
9,9.5,3.95
9,9.5,4
9,9.5,4.05
9,9.5,4.1
9,9.5,4.15
9,9.5,4.2
9,9.5,4.25
9,9.5,4.3
9,9.5,4.35
9,9.5,4.4
9,9.5,4.45
9,9.5,4.5
9,9.5,4.55
9,9.5,4.6
9,9.5,4.65
9,9.5,4.7
9,9.5,4.75
9,9.5,4.8
9,9.5,4.85
9,9.5,4.9
9,9.5,4.95
9,9.5,5
9,10,0
9,10,0.05
9,10,0.1
9,10,0.15
9,10,0.2
9,10,0.25
9,10,0.3
9,10,0.35
9,10,0.4
9,10,0.45
9,10,0.5
9,10,0.55
9,10,0.6
9,10,0.65
9,10,0.7
9,10,0.75
9,10,0.8
9,10,0.85
9,10,0.9
9,10,0.95
9,10,1
9,10,1.05
9,10,1.1
9,10,1.15
9,10,1.2
9,10,1.25
9,10,1.3
9,10,1.35
9,10,1.4
9,10,1.45
9,10,1.5
9,10,1.55
9,10,1.6
9,10,1.65
9,10,1.7
9,10,1.75
9,10,1.8
9,10,1.85
9,10,1.9
9,10,1.95
9,10,2
9,10,2.05
9,10,2.1
9,10,2.15
9,10,2.2
9,10,2.25
9,10,2.3
9,10,2.35
9,10,2.4
9,10,2.45
9,10,2.5
9,10,2.55
9,10,2.6
9,10,2.65
9,10,2.7
9,10,2.75
9,10,2.8
9,10,2.85
9,10,2.9
9,10,2.95
9,10,3
9,10,3.05
9,10,3.1
9,10,3.15
9,10,3.2
9,10,3.25
9,10,3.3
9,10,3.35
9,10,3.4
9,10,3.45
9,10,3.5
9,10,3.55
9,10,3.6
9,10,3.65
9,10,3.7
9,10,3.75
9,10,3.8
9,10,3.85
9,10,3.9
9,10,3.95
9,10,4
9,10,4.05
9,10,4.1
9,10,4.15
9,10,4.2
9,10,4.25
9,10,4.3
9,10,4.35
9,10,4.4
9,10,4.45
9,10,4.5
9,10,4.55
9,10,4.6
9,10,4.65
9,10,4.7
9,10,4.75
9,10,4.8
9,10,4.85
9,10,4.9
9,10,4.95
9,10,5
9.5,0,0
9.5,0,0.05
9.5,0,0.1
9.5,0,0.15
9.5,0,0.2
9.5,0,0.25
9.5,0,0.3
9.5,0,0.35
9.5,0,0.4
9.5,0,0.45
9.5,0,0.5
9.5,0,0.55
9.5,0,0.6
9.5,0,0.65
9.5,0,0.7
9.5,0,0.75
9.5,0,0.8
9.5,0,0.85
9.5,0,0.9
9.5,0,0.95
9.5,0,1
9.5,0,1.05
9.5,0,1.1
9.5,0,1.15
9.5,0,1.2
9.5,0,1.25
9.5,0,1.3
9.5,0,1.35
9.5,0,1.4
9.5,0,1.45
9.5,0,1.5
9.5,0,1.55
9.5,0,1.6
9.5,0,1.65
9.5,0,1.7
9.5,0,1.75
9.5,0,1.8
9.5,0,1.85
9.5,0,1.9
9.5,0,1.95
9.5,0,2
9.5,0,2.05
9.5,0,2.1
9.5,0,2.15
9.5,0,2.2
9.5,0,2.25
9.5,0,2.3
9.5,0,2.35
9.5,0,2.4
9.5,0,2.45
9.5,0,2.5
9.5,0,2.55
9.5,0,2.6
9.5,0,2.65
9.5,0,2.7
9.5,0,2.75
9.5,0,2.8
9.5,0,2.85
9.5,0,2.9
9.5,0,2.95
9.5,0,3
9.5,0,3.05
9.5,0,3.1
9.5,0,3.15
9.5,0,3.2
9.5,0,3.25
9.5,0,3.3
9.5,0,3.35
9.5,0,3.4
9.5,0,3.45
9.5,0,3.5
9.5,0,3.55
9.5,0,3.6
9.5,0,3.65
9.5,0,3.7
9.5,0,3.75
9.5,0,3.8
9.5,0,3.85
9.5,0,3.9
9.5,0,3.95
9.5,0,4
9.5,0,4.05
9.5,0,4.1
9.5,0,4.15
9.5,0,4.2
9.5,0,4.25
9.5,0,4.3
9.5,0,4.35
9.5,0,4.4
9.5,0,4.45
9.5,0,4.5
9.5,0,4.55
9.5,0,4.6
9.5,0,4.65
9.5,0,4.7
9.5,0,4.75
9.5,0,4.8
9.5,0,4.85
9.5,0,4.9
9.5,0,4.95
9.5,0,5
9.5,0.5,0
9.5,0.5,0.05
9.5,0.5,0.1
9.5,0.5,0.15
9.5,0.5,0.2
9.5,0.5,0.25
9.5,0.5,0.3
9.5,0.5,0.35
9.5,0.5,0.4
9.5,0.5,0.45
9.5,0.5,0.5
9.5,0.5,0.55
9.5,0.5,0.6
9.5,0.5,0.65
9.5,0.5,0.7
9.5,0.5,0.75
9.5,0.5,0.8
9.5,0.5,0.85
9.5,0.5,0.9
9.5,0.5,0.95
9.5,0.5,1
9.5,0.5,1.05
9.5,0.5,1.1
9.5,0.5,1.15
9.5,0.5,1.2
9.5,0.5,1.25
9.5,0.5,1.3
9.5,0.5,1.35
9.5,0.5,1.4
9.5,0.5,1.45
9.5,0.5,1.5
9.5,0.5,1.55
9.5,0.5,1.6
9.5,0.5,1.65
9.5,0.5,1.7
9.5,0.5,1.75
9.5,0.5,1.8
9.5,0.5,1.85
9.5,0.5,1.9
9.5,0.5,1.95
9.5,0.5,2
9.5,0.5,2.05
9.5,0.5,2.1
9.5,0.5,2.15
9.5,0.5,2.2
9.5,0.5,2.25
9.5,0.5,2.3
9.5,0.5,2.35
9.5,0.5,2.4
9.5,0.5,2.45
9.5,0.5,2.5
9.5,0.5,2.55
9.5,0.5,2.6
9.5,0.5,2.65
9.5,0.5,2.7
9.5,0.5,2.75
9.5,0.5,2.8
9.5,0.5,2.85
9.5,0.5,2.9
9.5,0.5,2.95
9.5,0.5,3
9.5,0.5,3.05
9.5,0.5,3.1
9.5,0.5,3.15
9.5,0.5,3.2
9.5,0.5,3.25
9.5,0.5,3.3
9.5,0.5,3.35
9.5,0.5,3.4
9.5,0.5,3.45
9.5,0.5,3.5
9.5,0.5,3.55
9.5,0.5,3.6
9.5,0.5,3.65
9.5,0.5,3.7
9.5,0.5,3.75
9.5,0.5,3.8
9.5,0.5,3.85
9.5,0.5,3.9
9.5,0.5,3.95
9.5,0.5,4
9.5,0.5,4.05
9.5,0.5,4.1
9.5,0.5,4.15
9.5,0.5,4.2
9.5,0.5,4.25
9.5,0.5,4.3
9.5,0.5,4.35
9.5,0.5,4.4
9.5,0.5,4.45
9.5,0.5,4.5
9.5,0.5,4.55
9.5,0.5,4.6
9.5,0.5,4.65
9.5,0.5,4.7
9.5,0.5,4.75
9.5,0.5,4.8
9.5,0.5,4.85
9.5,0.5,4.9
9.5,0.5,4.95
9.5,0.5,5
9.5,1,0
9.5,1,0.05
9.5,1,0.1
9.5,1,0.15
9.5,1,0.2
9.5,1,0.25
9.5,1,0.3
9.5,1,0.35
9.5,1,0.4
9.5,1,0.45
9.5,1,0.5
9.5,1,0.55
9.5,1,0.6
9.5,1,0.65
9.5,1,0.7
9.5,1,0.75
9.5,1,0.8
9.5,1,0.85
9.5,1,0.9
9.5,1,0.95
9.5,1,1
9.5,1,1.05
9.5,1,1.1
9.5,1,1.15
9.5,1,1.2
9.5,1,1.25
9.5,1,1.3
9.5,1,1.35
9.5,1,1.4
9.5,1,1.45
9.5,1,1.5
9.5,1,1.55
9.5,1,1.6
9.5,1,1.65
9.5,1,1.7
9.5,1,1.75
9.5,1,1.8
9.5,1,1.85
9.5,1,1.9
9.5,1,1.95
9.5,1,2
9.5,1,2.05
9.5,1,2.1
9.5,1,2.15
9.5,1,2.2
9.5,1,2.25
9.5,1,2.3
9.5,1,2.35
9.5,1,2.4
9.5,1,2.45
9.5,1,2.5
9.5,1,2.55
9.5,1,2.6
9.5,1,2.65
9.5,1,2.7
9.5,1,2.75
9.5,1,2.8
9.5,1,2.85
9.5,1,2.9
9.5,1,2.95
9.5,1,3
9.5,1,3.05
9.5,1,3.1
9.5,1,3.15
9.5,1,3.2
9.5,1,3.25
9.5,1,3.3
9.5,1,3.35
9.5,1,3.4
9.5,1,3.45
9.5,1,3.5
9.5,1,3.55
9.5,1,3.6
9.5,1,3.65
9.5,1,3.7
9.5,1,3.75
9.5,1,3.8
9.5,1,3.85
9.5,1,3.9
9.5,1,3.95
9.5,1,4
9.5,1,4.05
9.5,1,4.1
9.5,1,4.15
9.5,1,4.2
9.5,1,4.25
9.5,1,4.3
9.5,1,4.35
9.5,1,4.4
9.5,1,4.45
9.5,1,4.5
9.5,1,4.55
9.5,1,4.6
9.5,1,4.65
9.5,1,4.7
9.5,1,4.75
9.5,1,4.8
9.5,1,4.85
9.5,1,4.9
9.5,1,4.95
9.5,1,5
9.5,1.5,0
9.5,1.5,0.05
9.5,1.5,0.1
9.5,1.5,0.15
9.5,1.5,0.2
9.5,1.5,0.25
9.5,1.5,0.3
9.5,1.5,0.35
9.5,1.5,0.4
9.5,1.5,0.45
9.5,1.5,0.5
9.5,1.5,0.55
9.5,1.5,0.6
9.5,1.5,0.65
9.5,1.5,0.7
9.5,1.5,0.75
9.5,1.5,0.8
9.5,1.5,0.85
9.5,1.5,0.9
9.5,1.5,0.95
9.5,1.5,1
9.5,1.5,1.05
9.5,1.5,1.1
9.5,1.5,1.15
9.5,1.5,1.2
9.5,1.5,1.25
9.5,1.5,1.3
9.5,1.5,1.35
9.5,1.5,1.4
9.5,1.5,1.45
9.5,1.5,1.5
9.5,1.5,1.55
9.5,1.5,1.6
9.5,1.5,1.65
9.5,1.5,1.7
9.5,1.5,1.75
9.5,1.5,1.8
9.5,1.5,1.85
9.5,1.5,1.9
9.5,1.5,1.95
9.5,1.5,2
9.5,1.5,2.05
9.5,1.5,2.1
9.5,1.5,2.15
9.5,1.5,2.2
9.5,1.5,2.25
9.5,1.5,2.3
9.5,1.5,2.35
9.5,1.5,2.4
9.5,1.5,2.45
9.5,1.5,2.5
9.5,1.5,2.55
9.5,1.5,2.6
9.5,1.5,2.65
9.5,1.5,2.7
9.5,1.5,2.75
9.5,1.5,2.8
9.5,1.5,2.85
9.5,1.5,2.9
9.5,1.5,2.95
9.5,1.5,3
9.5,1.5,3.05
9.5,1.5,3.1
9.5,1.5,3.15
9.5,1.5,3.2
9.5,1.5,3.25
9.5,1.5,3.3
9.5,1.5,3.35
9.5,1.5,3.4
9.5,1.5,3.45
9.5,1.5,3.5
9.5,1.5,3.55
9.5,1.5,3.6
9.5,1.5,3.65
9.5,1.5,3.7
9.5,1.5,3.75
9.5,1.5,3.8
9.5,1.5,3.85
9.5,1.5,3.9
9.5,1.5,3.95
9.5,1.5,4
9.5,1.5,4.05
9.5,1.5,4.1
9.5,1.5,4.15
9.5,1.5,4.2
9.5,1.5,4.25
9.5,1.5,4.3
9.5,1.5,4.35
9.5,1.5,4.4
9.5,1.5,4.45
9.5,1.5,4.5
9.5,1.5,4.55
9.5,1.5,4.6
9.5,1.5,4.65
9.5,1.5,4.7
9.5,1.5,4.75
9.5,1.5,4.8
9.5,1.5,4.85
9.5,1.5,4.9
9.5,1.5,4.95
9.5,1.5,5
9.5,2,0
9.5,2,0.05
9.5,2,0.1
9.5,2,0.15
9.5,2,0.2
9.5,2,0.25
9.5,2,0.3
9.5,2,0.35
9.5,2,0.4
9.5,2,0.45
9.5,2,0.5
9.5,2,0.55
9.5,2,0.6
9.5,2,0.65
9.5,2,0.7
9.5,2,0.75
9.5,2,0.8
9.5,2,0.85
9.5,2,0.9
9.5,2,0.95
9.5,2,1
9.5,2,1.05
9.5,2,1.1
9.5,2,1.15
9.5,2,1.2
9.5,2,1.25
9.5,2,1.3
9.5,2,1.35
9.5,2,1.4
9.5,2,1.45
9.5,2,1.5
9.5,2,1.55
9.5,2,1.6
9.5,2,1.65
9.5,2,1.7
9.5,2,1.75
9.5,2,1.8
9.5,2,1.85
9.5,2,1.9
9.5,2,1.95
9.5,2,2
9.5,2,2.05
9.5,2,2.1
9.5,2,2.15
9.5,2,2.2
9.5,2,2.25
9.5,2,2.3
9.5,2,2.35
9.5,2,2.4
9.5,2,2.45
9.5,2,2.5
9.5,2,2.55
9.5,2,2.6
9.5,2,2.65
9.5,2,2.7
9.5,2,2.75
9.5,2,2.8
9.5,2,2.85
9.5,2,2.9
9.5,2,2.95
9.5,2,3
9.5,2,3.05
9.5,2,3.1
9.5,2,3.15
9.5,2,3.2
9.5,2,3.25
9.5,2,3.3
9.5,2,3.35
9.5,2,3.4
9.5,2,3.45
9.5,2,3.5
9.5,2,3.55
9.5,2,3.6
9.5,2,3.65
9.5,2,3.7
9.5,2,3.75
9.5,2,3.8
9.5,2,3.85
9.5,2,3.9
9.5,2,3.95
9.5,2,4
9.5,2,4.05
9.5,2,4.1
9.5,2,4.15
9.5,2,4.2
9.5,2,4.25
9.5,2,4.3
9.5,2,4.35
9.5,2,4.4
9.5,2,4.45
9.5,2,4.5
9.5,2,4.55
9.5,2,4.6
9.5,2,4.65
9.5,2,4.7
9.5,2,4.75
9.5,2,4.8
9.5,2,4.85
9.5,2,4.9
9.5,2,4.95
9.5,2,5
9.5,2.5,0
9.5,2.5,0.05
9.5,2.5,0.1
9.5,2.5,0.15
9.5,2.5,0.2
9.5,2.5,0.25
9.5,2.5,0.3
9.5,2.5,0.35
9.5,2.5,0.4
9.5,2.5,0.45
9.5,2.5,0.5
9.5,2.5,0.55
9.5,2.5,0.6
9.5,2.5,0.65
9.5,2.5,0.7
9.5,2.5,0.75
9.5,2.5,0.8
9.5,2.5,0.85
9.5,2.5,0.9
9.5,2.5,0.95
9.5,2.5,1
9.5,2.5,1.05
9.5,2.5,1.1
9.5,2.5,1.15
9.5,2.5,1.2
9.5,2.5,1.25
9.5,2.5,1.3
9.5,2.5,1.35
9.5,2.5,1.4
9.5,2.5,1.45
9.5,2.5,1.5
9.5,2.5,1.55
9.5,2.5,1.6
9.5,2.5,1.65
9.5,2.5,1.7
9.5,2.5,1.75
9.5,2.5,1.8
9.5,2.5,1.85
9.5,2.5,1.9
9.5,2.5,1.95
9.5,2.5,2
9.5,2.5,2.05
9.5,2.5,2.1
9.5,2.5,2.15
9.5,2.5,2.2
9.5,2.5,2.25
9.5,2.5,2.3
9.5,2.5,2.35
9.5,2.5,2.4
9.5,2.5,2.45
9.5,2.5,2.5
9.5,2.5,2.55
9.5,2.5,2.6
9.5,2.5,2.65
9.5,2.5,2.7
9.5,2.5,2.75
9.5,2.5,2.8
9.5,2.5,2.85
9.5,2.5,2.9
9.5,2.5,2.95
9.5,2.5,3
9.5,2.5,3.05
9.5,2.5,3.1
9.5,2.5,3.15
9.5,2.5,3.2
9.5,2.5,3.25
9.5,2.5,3.3
9.5,2.5,3.35
9.5,2.5,3.4
9.5,2.5,3.45
9.5,2.5,3.5
9.5,2.5,3.55
9.5,2.5,3.6
9.5,2.5,3.65
9.5,2.5,3.7
9.5,2.5,3.75
9.5,2.5,3.8
9.5,2.5,3.85
9.5,2.5,3.9
9.5,2.5,3.95
9.5,2.5,4
9.5,2.5,4.05
9.5,2.5,4.1
9.5,2.5,4.15
9.5,2.5,4.2
9.5,2.5,4.25
9.5,2.5,4.3
9.5,2.5,4.35
9.5,2.5,4.4
9.5,2.5,4.45
9.5,2.5,4.5
9.5,2.5,4.55
9.5,2.5,4.6
9.5,2.5,4.65
9.5,2.5,4.7
9.5,2.5,4.75
9.5,2.5,4.8
9.5,2.5,4.85
9.5,2.5,4.9
9.5,2.5,4.95
9.5,2.5,5
9.5,3,0
9.5,3,0.05
9.5,3,0.1
9.5,3,0.15
9.5,3,0.2
9.5,3,0.25
9.5,3,0.3
9.5,3,0.35
9.5,3,0.4
9.5,3,0.45
9.5,3,0.5
9.5,3,0.55
9.5,3,0.6
9.5,3,0.65
9.5,3,0.7
9.5,3,0.75
9.5,3,0.8
9.5,3,0.85
9.5,3,0.9
9.5,3,0.95
9.5,3,1
9.5,3,1.05
9.5,3,1.1
9.5,3,1.15
9.5,3,1.2
9.5,3,1.25
9.5,3,1.3
9.5,3,1.35
9.5,3,1.4
9.5,3,1.45
9.5,3,1.5
9.5,3,1.55
9.5,3,1.6
9.5,3,1.65
9.5,3,1.7
9.5,3,1.75
9.5,3,1.8
9.5,3,1.85
9.5,3,1.9
9.5,3,1.95
9.5,3,2
9.5,3,2.05
9.5,3,2.1
9.5,3,2.15
9.5,3,2.2
9.5,3,2.25
9.5,3,2.3
9.5,3,2.35
9.5,3,2.4
9.5,3,2.45
9.5,3,2.5
9.5,3,2.55
9.5,3,2.6
9.5,3,2.65
9.5,3,2.7
9.5,3,2.75
9.5,3,2.8
9.5,3,2.85
9.5,3,2.9
9.5,3,2.95
9.5,3,3
9.5,3,3.05
9.5,3,3.1
9.5,3,3.15
9.5,3,3.2
9.5,3,3.25
9.5,3,3.3
9.5,3,3.35
9.5,3,3.4
9.5,3,3.45
9.5,3,3.5
9.5,3,3.55
9.5,3,3.6
9.5,3,3.65
9.5,3,3.7
9.5,3,3.75
9.5,3,3.8
9.5,3,3.85
9.5,3,3.9
9.5,3,3.95
9.5,3,4
9.5,3,4.05
9.5,3,4.1
9.5,3,4.15
9.5,3,4.2
9.5,3,4.25
9.5,3,4.3
9.5,3,4.35
9.5,3,4.4
9.5,3,4.45
9.5,3,4.5
9.5,3,4.55
9.5,3,4.6
9.5,3,4.65
9.5,3,4.7
9.5,3,4.75
9.5,3,4.8
9.5,3,4.85
9.5,3,4.9
9.5,3,4.95
9.5,3,5
9.5,3.5,0
9.5,3.5,0.05
9.5,3.5,0.1
9.5,3.5,0.15
9.5,3.5,0.2
9.5,3.5,0.25
9.5,3.5,0.3
9.5,3.5,0.35
9.5,3.5,0.4
9.5,3.5,0.45
9.5,3.5,0.5
9.5,3.5,0.55
9.5,3.5,0.6
9.5,3.5,0.65
9.5,3.5,0.7
9.5,3.5,0.75
9.5,3.5,0.8
9.5,3.5,0.85
9.5,3.5,0.9
9.5,3.5,0.95
9.5,3.5,1
9.5,3.5,1.05
9.5,3.5,1.1
9.5,3.5,1.15
9.5,3.5,1.2
9.5,3.5,1.25
9.5,3.5,1.3
9.5,3.5,1.35
9.5,3.5,1.4
9.5,3.5,1.45
9.5,3.5,1.5
9.5,3.5,1.55
9.5,3.5,1.6
9.5,3.5,1.65
9.5,3.5,1.7
9.5,3.5,1.75
9.5,3.5,1.8
9.5,3.5,1.85
9.5,3.5,1.9
9.5,3.5,1.95
9.5,3.5,2
9.5,3.5,2.05
9.5,3.5,2.1
9.5,3.5,2.15
9.5,3.5,2.2
9.5,3.5,2.25
9.5,3.5,2.3
9.5,3.5,2.35
9.5,3.5,2.4
9.5,3.5,2.45
9.5,3.5,2.5
9.5,3.5,2.55
9.5,3.5,2.6
9.5,3.5,2.65
9.5,3.5,2.7
9.5,3.5,2.75
9.5,3.5,2.8
9.5,3.5,2.85
9.5,3.5,2.9
9.5,3.5,2.95
9.5,3.5,3
9.5,3.5,3.05
9.5,3.5,3.1
9.5,3.5,3.15
9.5,3.5,3.2
9.5,3.5,3.25
9.5,3.5,3.3
9.5,3.5,3.35
9.5,3.5,3.4
9.5,3.5,3.45
9.5,3.5,3.5
9.5,3.5,3.55
9.5,3.5,3.6
9.5,3.5,3.65
9.5,3.5,3.7
9.5,3.5,3.75
9.5,3.5,3.8
9.5,3.5,3.85
9.5,3.5,3.9
9.5,3.5,3.95
9.5,3.5,4
9.5,3.5,4.05
9.5,3.5,4.1
9.5,3.5,4.15
9.5,3.5,4.2
9.5,3.5,4.25
9.5,3.5,4.3
9.5,3.5,4.35
9.5,3.5,4.4
9.5,3.5,4.45
9.5,3.5,4.5
9.5,3.5,4.55
9.5,3.5,4.6
9.5,3.5,4.65
9.5,3.5,4.7
9.5,3.5,4.75
9.5,3.5,4.8
9.5,3.5,4.85
9.5,3.5,4.9
9.5,3.5,4.95
9.5,3.5,5
9.5,4,0
9.5,4,0.05
9.5,4,0.1
9.5,4,0.15
9.5,4,0.2
9.5,4,0.25
9.5,4,0.3
9.5,4,0.35
9.5,4,0.4
9.5,4,0.45
9.5,4,0.5
9.5,4,0.55
9.5,4,0.6
9.5,4,0.65
9.5,4,0.7
9.5,4,0.75
9.5,4,0.8
9.5,4,0.85
9.5,4,0.9
9.5,4,0.95
9.5,4,1
9.5,4,1.05
9.5,4,1.1
9.5,4,1.15
9.5,4,1.2
9.5,4,1.25
9.5,4,1.3
9.5,4,1.35
9.5,4,1.4
9.5,4,1.45
9.5,4,1.5
9.5,4,1.55
9.5,4,1.6
9.5,4,1.65
9.5,4,1.7
9.5,4,1.75
9.5,4,1.8
9.5,4,1.85
9.5,4,1.9
9.5,4,1.95
9.5,4,2
9.5,4,2.05
9.5,4,2.1
9.5,4,2.15
9.5,4,2.2
9.5,4,2.25
9.5,4,2.3
9.5,4,2.35
9.5,4,2.4
9.5,4,2.45
9.5,4,2.5
9.5,4,2.55
9.5,4,2.6
9.5,4,2.65
9.5,4,2.7
9.5,4,2.75
9.5,4,2.8
9.5,4,2.85
9.5,4,2.9
9.5,4,2.95
9.5,4,3
9.5,4,3.05
9.5,4,3.1
9.5,4,3.15
9.5,4,3.2
9.5,4,3.25
9.5,4,3.3
9.5,4,3.35
9.5,4,3.4
9.5,4,3.45
9.5,4,3.5
9.5,4,3.55
9.5,4,3.6
9.5,4,3.65
9.5,4,3.7
9.5,4,3.75
9.5,4,3.8
9.5,4,3.85
9.5,4,3.9
9.5,4,3.95
9.5,4,4
9.5,4,4.05
9.5,4,4.1
9.5,4,4.15
9.5,4,4.2
9.5,4,4.25
9.5,4,4.3
9.5,4,4.35
9.5,4,4.4
9.5,4,4.45
9.5,4,4.5
9.5,4,4.55
9.5,4,4.6
9.5,4,4.65
9.5,4,4.7
9.5,4,4.75
9.5,4,4.8
9.5,4,4.85
9.5,4,4.9
9.5,4,4.95
9.5,4,5
9.5,4.5,0
9.5,4.5,0.05
9.5,4.5,0.1
9.5,4.5,0.15
9.5,4.5,0.2
9.5,4.5,0.25
9.5,4.5,0.3
9.5,4.5,0.35
9.5,4.5,0.4
9.5,4.5,0.45
9.5,4.5,0.5
9.5,4.5,0.55
9.5,4.5,0.6
9.5,4.5,0.65
9.5,4.5,0.7
9.5,4.5,0.75
9.5,4.5,0.8
9.5,4.5,0.85
9.5,4.5,0.9
9.5,4.5,0.95
9.5,4.5,1
9.5,4.5,1.05
9.5,4.5,1.1
9.5,4.5,1.15
9.5,4.5,1.2
9.5,4.5,1.25
9.5,4.5,1.3
9.5,4.5,1.35
9.5,4.5,1.4
9.5,4.5,1.45
9.5,4.5,1.5
9.5,4.5,1.55
9.5,4.5,1.6
9.5,4.5,1.65
9.5,4.5,1.7
9.5,4.5,1.75
9.5,4.5,1.8
9.5,4.5,1.85
9.5,4.5,1.9
9.5,4.5,1.95
9.5,4.5,2
9.5,4.5,2.05
9.5,4.5,2.1
9.5,4.5,2.15
9.5,4.5,2.2
9.5,4.5,2.25
9.5,4.5,2.3
9.5,4.5,2.35
9.5,4.5,2.4
9.5,4.5,2.45
9.5,4.5,2.5
9.5,4.5,2.55
9.5,4.5,2.6
9.5,4.5,2.65
9.5,4.5,2.7
9.5,4.5,2.75
9.5,4.5,2.8
9.5,4.5,2.85
9.5,4.5,2.9
9.5,4.5,2.95
9.5,4.5,3
9.5,4.5,3.05
9.5,4.5,3.1
9.5,4.5,3.15
9.5,4.5,3.2
9.5,4.5,3.25
9.5,4.5,3.3
9.5,4.5,3.35
9.5,4.5,3.4
9.5,4.5,3.45
9.5,4.5,3.5
9.5,4.5,3.55
9.5,4.5,3.6
9.5,4.5,3.65
9.5,4.5,3.7
9.5,4.5,3.75
9.5,4.5,3.8
9.5,4.5,3.85
9.5,4.5,3.9
9.5,4.5,3.95
9.5,4.5,4
9.5,4.5,4.05
9.5,4.5,4.1
9.5,4.5,4.15
9.5,4.5,4.2
9.5,4.5,4.25
9.5,4.5,4.3
9.5,4.5,4.35
9.5,4.5,4.4
9.5,4.5,4.45
9.5,4.5,4.5
9.5,4.5,4.55
9.5,4.5,4.6
9.5,4.5,4.65
9.5,4.5,4.7
9.5,4.5,4.75
9.5,4.5,4.8
9.5,4.5,4.85
9.5,4.5,4.9
9.5,4.5,4.95
9.5,4.5,5
9.5,5,0
9.5,5,0.05
9.5,5,0.1
9.5,5,0.15
9.5,5,0.2
9.5,5,0.25
9.5,5,0.3
9.5,5,0.35
9.5,5,0.4
9.5,5,0.45
9.5,5,0.5
9.5,5,0.55
9.5,5,0.6
9.5,5,0.65
9.5,5,0.7
9.5,5,0.75
9.5,5,0.8
9.5,5,0.85
9.5,5,0.9
9.5,5,0.95
9.5,5,1
9.5,5,1.05
9.5,5,1.1
9.5,5,1.15
9.5,5,1.2
9.5,5,1.25
9.5,5,1.3
9.5,5,1.35
9.5,5,1.4
9.5,5,1.45
9.5,5,1.5
9.5,5,1.55
9.5,5,1.6
9.5,5,1.65
9.5,5,1.7
9.5,5,1.75
9.5,5,1.8
9.5,5,1.85
9.5,5,1.9
9.5,5,1.95
9.5,5,2
9.5,5,2.05
9.5,5,2.1
9.5,5,2.15
9.5,5,2.2
9.5,5,2.25
9.5,5,2.3
9.5,5,2.35
9.5,5,2.4
9.5,5,2.45
9.5,5,2.5
9.5,5,2.55
9.5,5,2.6
9.5,5,2.65
9.5,5,2.7
9.5,5,2.75
9.5,5,2.8
9.5,5,2.85
9.5,5,2.9
9.5,5,2.95
9.5,5,3
9.5,5,3.05
9.5,5,3.1
9.5,5,3.15
9.5,5,3.2
9.5,5,3.25
9.5,5,3.3
9.5,5,3.35
9.5,5,3.4
9.5,5,3.45
9.5,5,3.5
9.5,5,3.55
9.5,5,3.6
9.5,5,3.65
9.5,5,3.7
9.5,5,3.75
9.5,5,3.8
9.5,5,3.85
9.5,5,3.9
9.5,5,3.95
9.5,5,4
9.5,5,4.05
9.5,5,4.1
9.5,5,4.15
9.5,5,4.2
9.5,5,4.25
9.5,5,4.3
9.5,5,4.35
9.5,5,4.4
9.5,5,4.45
9.5,5,4.5
9.5,5,4.55
9.5,5,4.6
9.5,5,4.65
9.5,5,4.7
9.5,5,4.75
9.5,5,4.8
9.5,5,4.85
9.5,5,4.9
9.5,5,4.95
9.5,5,5
9.5,5.5,0
9.5,5.5,0.05
9.5,5.5,0.1
9.5,5.5,0.15
9.5,5.5,0.2
9.5,5.5,0.25
9.5,5.5,0.3
9.5,5.5,0.35
9.5,5.5,0.4
9.5,5.5,0.45
9.5,5.5,0.5
9.5,5.5,0.55
9.5,5.5,0.6
9.5,5.5,0.65
9.5,5.5,0.7
9.5,5.5,0.75
9.5,5.5,0.8
9.5,5.5,0.85
9.5,5.5,0.9
9.5,5.5,0.95
9.5,5.5,1
9.5,5.5,1.05
9.5,5.5,1.1
9.5,5.5,1.15
9.5,5.5,1.2
9.5,5.5,1.25
9.5,5.5,1.3
9.5,5.5,1.35
9.5,5.5,1.4
9.5,5.5,1.45
9.5,5.5,1.5
9.5,5.5,1.55
9.5,5.5,1.6
9.5,5.5,1.65
9.5,5.5,1.7
9.5,5.5,1.75
9.5,5.5,1.8
9.5,5.5,1.85
9.5,5.5,1.9
9.5,5.5,1.95
9.5,5.5,2
9.5,5.5,2.05
9.5,5.5,2.1
9.5,5.5,2.15
9.5,5.5,2.2
9.5,5.5,2.25
9.5,5.5,2.3
9.5,5.5,2.35
9.5,5.5,2.4
9.5,5.5,2.45
9.5,5.5,2.5
9.5,5.5,2.55
9.5,5.5,2.6
9.5,5.5,2.65
9.5,5.5,2.7
9.5,5.5,2.75
9.5,5.5,2.8
9.5,5.5,2.85
9.5,5.5,2.9
9.5,5.5,2.95
9.5,5.5,3
9.5,5.5,3.05
9.5,5.5,3.1
9.5,5.5,3.15
9.5,5.5,3.2
9.5,5.5,3.25
9.5,5.5,3.3
9.5,5.5,3.35
9.5,5.5,3.4
9.5,5.5,3.45
9.5,5.5,3.5
9.5,5.5,3.55
9.5,5.5,3.6
9.5,5.5,3.65
9.5,5.5,3.7
9.5,5.5,3.75
9.5,5.5,3.8
9.5,5.5,3.85
9.5,5.5,3.9
9.5,5.5,3.95
9.5,5.5,4
9.5,5.5,4.05
9.5,5.5,4.1
9.5,5.5,4.15
9.5,5.5,4.2
9.5,5.5,4.25
9.5,5.5,4.3
9.5,5.5,4.35
9.5,5.5,4.4
9.5,5.5,4.45
9.5,5.5,4.5
9.5,5.5,4.55
9.5,5.5,4.6
9.5,5.5,4.65
9.5,5.5,4.7
9.5,5.5,4.75
9.5,5.5,4.8
9.5,5.5,4.85
9.5,5.5,4.9
9.5,5.5,4.95
9.5,5.5,5
9.5,6,0
9.5,6,0.05
9.5,6,0.1
9.5,6,0.15
9.5,6,0.2
9.5,6,0.25
9.5,6,0.3
9.5,6,0.35
9.5,6,0.4
9.5,6,0.45
9.5,6,0.5
9.5,6,0.55
9.5,6,0.6
9.5,6,0.65
9.5,6,0.7
9.5,6,0.75
9.5,6,0.8
9.5,6,0.85
9.5,6,0.9
9.5,6,0.95
9.5,6,1
9.5,6,1.05
9.5,6,1.1
9.5,6,1.15
9.5,6,1.2
9.5,6,1.25
9.5,6,1.3
9.5,6,1.35
9.5,6,1.4
9.5,6,1.45
9.5,6,1.5
9.5,6,1.55
9.5,6,1.6
9.5,6,1.65
9.5,6,1.7
9.5,6,1.75
9.5,6,1.8
9.5,6,1.85
9.5,6,1.9
9.5,6,1.95
9.5,6,2
9.5,6,2.05
9.5,6,2.1
9.5,6,2.15
9.5,6,2.2
9.5,6,2.25
9.5,6,2.3
9.5,6,2.35
9.5,6,2.4
9.5,6,2.45
9.5,6,2.5
9.5,6,2.55
9.5,6,2.6
9.5,6,2.65
9.5,6,2.7
9.5,6,2.75
9.5,6,2.8
9.5,6,2.85
9.5,6,2.9
9.5,6,2.95
9.5,6,3
9.5,6,3.05
9.5,6,3.1
9.5,6,3.15
9.5,6,3.2
9.5,6,3.25
9.5,6,3.3
9.5,6,3.35
9.5,6,3.4
9.5,6,3.45
9.5,6,3.5
9.5,6,3.55
9.5,6,3.6
9.5,6,3.65
9.5,6,3.7
9.5,6,3.75
9.5,6,3.8
9.5,6,3.85
9.5,6,3.9
9.5,6,3.95
9.5,6,4
9.5,6,4.05
9.5,6,4.1
9.5,6,4.15
9.5,6,4.2
9.5,6,4.25
9.5,6,4.3
9.5,6,4.35
9.5,6,4.4
9.5,6,4.45
9.5,6,4.5
9.5,6,4.55
9.5,6,4.6
9.5,6,4.65
9.5,6,4.7
9.5,6,4.75
9.5,6,4.8
9.5,6,4.85
9.5,6,4.9
9.5,6,4.95
9.5,6,5
9.5,6.5,0
9.5,6.5,0.05
9.5,6.5,0.1
9.5,6.5,0.15
9.5,6.5,0.2
9.5,6.5,0.25
9.5,6.5,0.3
9.5,6.5,0.35
9.5,6.5,0.4
9.5,6.5,0.45
9.5,6.5,0.5
9.5,6.5,0.55
9.5,6.5,0.6
9.5,6.5,0.65
9.5,6.5,0.7
9.5,6.5,0.75
9.5,6.5,0.8
9.5,6.5,0.85
9.5,6.5,0.9
9.5,6.5,0.95
9.5,6.5,1
9.5,6.5,1.05
9.5,6.5,1.1
9.5,6.5,1.15
9.5,6.5,1.2
9.5,6.5,1.25
9.5,6.5,1.3
9.5,6.5,1.35
9.5,6.5,1.4
9.5,6.5,1.45
9.5,6.5,1.5
9.5,6.5,1.55
9.5,6.5,1.6
9.5,6.5,1.65
9.5,6.5,1.7
9.5,6.5,1.75
9.5,6.5,1.8
9.5,6.5,1.85
9.5,6.5,1.9
9.5,6.5,1.95
9.5,6.5,2
9.5,6.5,2.05
9.5,6.5,2.1
9.5,6.5,2.15
9.5,6.5,2.2
9.5,6.5,2.25
9.5,6.5,2.3
9.5,6.5,2.35
9.5,6.5,2.4
9.5,6.5,2.45
9.5,6.5,2.5
9.5,6.5,2.55
9.5,6.5,2.6
9.5,6.5,2.65
9.5,6.5,2.7
9.5,6.5,2.75
9.5,6.5,2.8
9.5,6.5,2.85
9.5,6.5,2.9
9.5,6.5,2.95
9.5,6.5,3
9.5,6.5,3.05
9.5,6.5,3.1
9.5,6.5,3.15
9.5,6.5,3.2
9.5,6.5,3.25
9.5,6.5,3.3
9.5,6.5,3.35
9.5,6.5,3.4
9.5,6.5,3.45
9.5,6.5,3.5
9.5,6.5,3.55
9.5,6.5,3.6
9.5,6.5,3.65
9.5,6.5,3.7
9.5,6.5,3.75
9.5,6.5,3.8
9.5,6.5,3.85
9.5,6.5,3.9
9.5,6.5,3.95
9.5,6.5,4
9.5,6.5,4.05
9.5,6.5,4.1
9.5,6.5,4.15
9.5,6.5,4.2
9.5,6.5,4.25
9.5,6.5,4.3
9.5,6.5,4.35
9.5,6.5,4.4
9.5,6.5,4.45
9.5,6.5,4.5
9.5,6.5,4.55
9.5,6.5,4.6
9.5,6.5,4.65
9.5,6.5,4.7
9.5,6.5,4.75
9.5,6.5,4.8
9.5,6.5,4.85
9.5,6.5,4.9
9.5,6.5,4.95
9.5,6.5,5
9.5,7,0
9.5,7,0.05
9.5,7,0.1
9.5,7,0.15
9.5,7,0.2
9.5,7,0.25
9.5,7,0.3
9.5,7,0.35
9.5,7,0.4
9.5,7,0.45
9.5,7,0.5
9.5,7,0.55
9.5,7,0.6
9.5,7,0.65
9.5,7,0.7
9.5,7,0.75
9.5,7,0.8
9.5,7,0.85
9.5,7,0.9
9.5,7,0.95
9.5,7,1
9.5,7,1.05
9.5,7,1.1
9.5,7,1.15
9.5,7,1.2
9.5,7,1.25
9.5,7,1.3
9.5,7,1.35
9.5,7,1.4
9.5,7,1.45
9.5,7,1.5
9.5,7,1.55
9.5,7,1.6
9.5,7,1.65
9.5,7,1.7
9.5,7,1.75
9.5,7,1.8
9.5,7,1.85
9.5,7,1.9
9.5,7,1.95
9.5,7,2
9.5,7,2.05
9.5,7,2.1
9.5,7,2.15
9.5,7,2.2
9.5,7,2.25
9.5,7,2.3
9.5,7,2.35
9.5,7,2.4
9.5,7,2.45
9.5,7,2.5
9.5,7,2.55
9.5,7,2.6
9.5,7,2.65
9.5,7,2.7
9.5,7,2.75
9.5,7,2.8
9.5,7,2.85
9.5,7,2.9
9.5,7,2.95
9.5,7,3
9.5,7,3.05
9.5,7,3.1
9.5,7,3.15
9.5,7,3.2
9.5,7,3.25
9.5,7,3.3
9.5,7,3.35
9.5,7,3.4
9.5,7,3.45
9.5,7,3.5
9.5,7,3.55
9.5,7,3.6
9.5,7,3.65
9.5,7,3.7
9.5,7,3.75
9.5,7,3.8
9.5,7,3.85
9.5,7,3.9
9.5,7,3.95
9.5,7,4
9.5,7,4.05
9.5,7,4.1
9.5,7,4.15
9.5,7,4.2
9.5,7,4.25
9.5,7,4.3
9.5,7,4.35
9.5,7,4.4
9.5,7,4.45
9.5,7,4.5
9.5,7,4.55
9.5,7,4.6
9.5,7,4.65
9.5,7,4.7
9.5,7,4.75
9.5,7,4.8
9.5,7,4.85
9.5,7,4.9
9.5,7,4.95
9.5,7,5
9.5,7.5,0
9.5,7.5,0.05
9.5,7.5,0.1
9.5,7.5,0.15
9.5,7.5,0.2
9.5,7.5,0.25
9.5,7.5,0.3
9.5,7.5,0.35
9.5,7.5,0.4
9.5,7.5,0.45
9.5,7.5,0.5
9.5,7.5,0.55
9.5,7.5,0.6
9.5,7.5,0.65
9.5,7.5,0.7
9.5,7.5,0.75
9.5,7.5,0.8
9.5,7.5,0.85
9.5,7.5,0.9
9.5,7.5,0.95
9.5,7.5,1
9.5,7.5,1.05
9.5,7.5,1.1
9.5,7.5,1.15
9.5,7.5,1.2
9.5,7.5,1.25
9.5,7.5,1.3
9.5,7.5,1.35
9.5,7.5,1.4
9.5,7.5,1.45
9.5,7.5,1.5
9.5,7.5,1.55
9.5,7.5,1.6
9.5,7.5,1.65
9.5,7.5,1.7
9.5,7.5,1.75
9.5,7.5,1.8
9.5,7.5,1.85
9.5,7.5,1.9
9.5,7.5,1.95
9.5,7.5,2
9.5,7.5,2.05
9.5,7.5,2.1
9.5,7.5,2.15
9.5,7.5,2.2
9.5,7.5,2.25
9.5,7.5,2.3
9.5,7.5,2.35
9.5,7.5,2.4
9.5,7.5,2.45
9.5,7.5,2.5
9.5,7.5,2.55
9.5,7.5,2.6
9.5,7.5,2.65
9.5,7.5,2.7
9.5,7.5,2.75
9.5,7.5,2.8
9.5,7.5,2.85
9.5,7.5,2.9
9.5,7.5,2.95
9.5,7.5,3
9.5,7.5,3.05
9.5,7.5,3.1
9.5,7.5,3.15
9.5,7.5,3.2
9.5,7.5,3.25
9.5,7.5,3.3
9.5,7.5,3.35
9.5,7.5,3.4
9.5,7.5,3.45
9.5,7.5,3.5
9.5,7.5,3.55
9.5,7.5,3.6
9.5,7.5,3.65
9.5,7.5,3.7
9.5,7.5,3.75
9.5,7.5,3.8
9.5,7.5,3.85
9.5,7.5,3.9
9.5,7.5,3.95
9.5,7.5,4
9.5,7.5,4.05
9.5,7.5,4.1
9.5,7.5,4.15
9.5,7.5,4.2
9.5,7.5,4.25
9.5,7.5,4.3
9.5,7.5,4.35
9.5,7.5,4.4
9.5,7.5,4.45
9.5,7.5,4.5
9.5,7.5,4.55
9.5,7.5,4.6
9.5,7.5,4.65
9.5,7.5,4.7
9.5,7.5,4.75
9.5,7.5,4.8
9.5,7.5,4.85
9.5,7.5,4.9
9.5,7.5,4.95
9.5,7.5,5
9.5,8,0
9.5,8,0.05
9.5,8,0.1
9.5,8,0.15
9.5,8,0.2
9.5,8,0.25
9.5,8,0.3
9.5,8,0.35
9.5,8,0.4
9.5,8,0.45
9.5,8,0.5
9.5,8,0.55
9.5,8,0.6
9.5,8,0.65
9.5,8,0.7
9.5,8,0.75
9.5,8,0.8
9.5,8,0.85
9.5,8,0.9
9.5,8,0.95
9.5,8,1
9.5,8,1.05
9.5,8,1.1
9.5,8,1.15
9.5,8,1.2
9.5,8,1.25
9.5,8,1.3
9.5,8,1.35
9.5,8,1.4
9.5,8,1.45
9.5,8,1.5
9.5,8,1.55
9.5,8,1.6
9.5,8,1.65
9.5,8,1.7
9.5,8,1.75
9.5,8,1.8
9.5,8,1.85
9.5,8,1.9
9.5,8,1.95
9.5,8,2
9.5,8,2.05
9.5,8,2.1
9.5,8,2.15
9.5,8,2.2
9.5,8,2.25
9.5,8,2.3
9.5,8,2.35
9.5,8,2.4
9.5,8,2.45
9.5,8,2.5
9.5,8,2.55
9.5,8,2.6
9.5,8,2.65
9.5,8,2.7
9.5,8,2.75
9.5,8,2.8
9.5,8,2.85
9.5,8,2.9
9.5,8,2.95
9.5,8,3
9.5,8,3.05
9.5,8,3.1
9.5,8,3.15
9.5,8,3.2
9.5,8,3.25
9.5,8,3.3
9.5,8,3.35
9.5,8,3.4
9.5,8,3.45
9.5,8,3.5
9.5,8,3.55
9.5,8,3.6
9.5,8,3.65
9.5,8,3.7
9.5,8,3.75
9.5,8,3.8
9.5,8,3.85
9.5,8,3.9
9.5,8,3.95
9.5,8,4
9.5,8,4.05
9.5,8,4.1
9.5,8,4.15
9.5,8,4.2
9.5,8,4.25
9.5,8,4.3
9.5,8,4.35
9.5,8,4.4
9.5,8,4.45
9.5,8,4.5
9.5,8,4.55
9.5,8,4.6
9.5,8,4.65
9.5,8,4.7
9.5,8,4.75
9.5,8,4.8
9.5,8,4.85
9.5,8,4.9
9.5,8,4.95
9.5,8,5
9.5,8.5,0
9.5,8.5,0.05
9.5,8.5,0.1
9.5,8.5,0.15
9.5,8.5,0.2
9.5,8.5,0.25
9.5,8.5,0.3
9.5,8.5,0.35
9.5,8.5,0.4
9.5,8.5,0.45
9.5,8.5,0.5
9.5,8.5,0.55
9.5,8.5,0.6
9.5,8.5,0.65
9.5,8.5,0.7
9.5,8.5,0.75
9.5,8.5,0.8
9.5,8.5,0.85
9.5,8.5,0.9
9.5,8.5,0.95
9.5,8.5,1
9.5,8.5,1.05
9.5,8.5,1.1
9.5,8.5,1.15
9.5,8.5,1.2
9.5,8.5,1.25
9.5,8.5,1.3
9.5,8.5,1.35
9.5,8.5,1.4
9.5,8.5,1.45
9.5,8.5,1.5
9.5,8.5,1.55
9.5,8.5,1.6
9.5,8.5,1.65
9.5,8.5,1.7
9.5,8.5,1.75
9.5,8.5,1.8
9.5,8.5,1.85
9.5,8.5,1.9
9.5,8.5,1.95
9.5,8.5,2
9.5,8.5,2.05
9.5,8.5,2.1
9.5,8.5,2.15
9.5,8.5,2.2
9.5,8.5,2.25
9.5,8.5,2.3
9.5,8.5,2.35
9.5,8.5,2.4
9.5,8.5,2.45
9.5,8.5,2.5
9.5,8.5,2.55
9.5,8.5,2.6
9.5,8.5,2.65
9.5,8.5,2.7
9.5,8.5,2.75
9.5,8.5,2.8
9.5,8.5,2.85
9.5,8.5,2.9
9.5,8.5,2.95
9.5,8.5,3
9.5,8.5,3.05
9.5,8.5,3.1
9.5,8.5,3.15
9.5,8.5,3.2
9.5,8.5,3.25
9.5,8.5,3.3
9.5,8.5,3.35
9.5,8.5,3.4
9.5,8.5,3.45
9.5,8.5,3.5
9.5,8.5,3.55
9.5,8.5,3.6
9.5,8.5,3.65
9.5,8.5,3.7
9.5,8.5,3.75
9.5,8.5,3.8
9.5,8.5,3.85
9.5,8.5,3.9
9.5,8.5,3.95
9.5,8.5,4
9.5,8.5,4.05
9.5,8.5,4.1
9.5,8.5,4.15
9.5,8.5,4.2
9.5,8.5,4.25
9.5,8.5,4.3
9.5,8.5,4.35
9.5,8.5,4.4
9.5,8.5,4.45
9.5,8.5,4.5
9.5,8.5,4.55
9.5,8.5,4.6
9.5,8.5,4.65
9.5,8.5,4.7
9.5,8.5,4.75
9.5,8.5,4.8
9.5,8.5,4.85
9.5,8.5,4.9
9.5,8.5,4.95
9.5,8.5,5
9.5,9,0
9.5,9,0.05
9.5,9,0.1
9.5,9,0.15
9.5,9,0.2
9.5,9,0.25
9.5,9,0.3
9.5,9,0.35
9.5,9,0.4
9.5,9,0.45
9.5,9,0.5
9.5,9,0.55
9.5,9,0.6
9.5,9,0.65
9.5,9,0.7
9.5,9,0.75
9.5,9,0.8
9.5,9,0.85
9.5,9,0.9
9.5,9,0.95
9.5,9,1
9.5,9,1.05
9.5,9,1.1
9.5,9,1.15
9.5,9,1.2
9.5,9,1.25
9.5,9,1.3
9.5,9,1.35
9.5,9,1.4
9.5,9,1.45
9.5,9,1.5
9.5,9,1.55
9.5,9,1.6
9.5,9,1.65
9.5,9,1.7
9.5,9,1.75
9.5,9,1.8
9.5,9,1.85
9.5,9,1.9
9.5,9,1.95
9.5,9,2
9.5,9,2.05
9.5,9,2.1
9.5,9,2.15
9.5,9,2.2
9.5,9,2.25
9.5,9,2.3
9.5,9,2.35
9.5,9,2.4
9.5,9,2.45
9.5,9,2.5
9.5,9,2.55
9.5,9,2.6
9.5,9,2.65
9.5,9,2.7
9.5,9,2.75
9.5,9,2.8
9.5,9,2.85
9.5,9,2.9
9.5,9,2.95
9.5,9,3
9.5,9,3.05
9.5,9,3.1
9.5,9,3.15
9.5,9,3.2
9.5,9,3.25
9.5,9,3.3
9.5,9,3.35
9.5,9,3.4
9.5,9,3.45
9.5,9,3.5
9.5,9,3.55
9.5,9,3.6
9.5,9,3.65
9.5,9,3.7
9.5,9,3.75
9.5,9,3.8
9.5,9,3.85
9.5,9,3.9
9.5,9,3.95
9.5,9,4
9.5,9,4.05
9.5,9,4.1
9.5,9,4.15
9.5,9,4.2
9.5,9,4.25
9.5,9,4.3
9.5,9,4.35
9.5,9,4.4
9.5,9,4.45
9.5,9,4.5
9.5,9,4.55
9.5,9,4.6
9.5,9,4.65
9.5,9,4.7
9.5,9,4.75
9.5,9,4.8
9.5,9,4.85
9.5,9,4.9
9.5,9,4.95
9.5,9,5
9.5,9.5,0
9.5,9.5,0.05
9.5,9.5,0.1
9.5,9.5,0.15
9.5,9.5,0.2
9.5,9.5,0.25
9.5,9.5,0.3
9.5,9.5,0.35
9.5,9.5,0.4
9.5,9.5,0.45
9.5,9.5,0.5
9.5,9.5,0.55
9.5,9.5,0.6
9.5,9.5,0.65
9.5,9.5,0.7
9.5,9.5,0.75
9.5,9.5,0.8
9.5,9.5,0.85
9.5,9.5,0.9
9.5,9.5,0.95
9.5,9.5,1
9.5,9.5,1.05
9.5,9.5,1.1
9.5,9.5,1.15
9.5,9.5,1.2
9.5,9.5,1.25
9.5,9.5,1.3
9.5,9.5,1.35
9.5,9.5,1.4
9.5,9.5,1.45
9.5,9.5,1.5
9.5,9.5,1.55
9.5,9.5,1.6
9.5,9.5,1.65
9.5,9.5,1.7
9.5,9.5,1.75
9.5,9.5,1.8
9.5,9.5,1.85
9.5,9.5,1.9
9.5,9.5,1.95
9.5,9.5,2
9.5,9.5,2.05
9.5,9.5,2.1
9.5,9.5,2.15
9.5,9.5,2.2
9.5,9.5,2.25
9.5,9.5,2.3
9.5,9.5,2.35
9.5,9.5,2.4
9.5,9.5,2.45
9.5,9.5,2.5
9.5,9.5,2.55
9.5,9.5,2.6
9.5,9.5,2.65
9.5,9.5,2.7
9.5,9.5,2.75
9.5,9.5,2.8
9.5,9.5,2.85
9.5,9.5,2.9
9.5,9.5,2.95
9.5,9.5,3
9.5,9.5,3.05
9.5,9.5,3.1
9.5,9.5,3.15
9.5,9.5,3.2
9.5,9.5,3.25
9.5,9.5,3.3
9.5,9.5,3.35
9.5,9.5,3.4
9.5,9.5,3.45
9.5,9.5,3.5
9.5,9.5,3.55
9.5,9.5,3.6
9.5,9.5,3.65
9.5,9.5,3.7
9.5,9.5,3.75
9.5,9.5,3.8
9.5,9.5,3.85
9.5,9.5,3.9
9.5,9.5,3.95
9.5,9.5,4
9.5,9.5,4.05
9.5,9.5,4.1
9.5,9.5,4.15
9.5,9.5,4.2
9.5,9.5,4.25
9.5,9.5,4.3
9.5,9.5,4.35
9.5,9.5,4.4
9.5,9.5,4.45
9.5,9.5,4.5
9.5,9.5,4.55
9.5,9.5,4.6
9.5,9.5,4.65
9.5,9.5,4.7
9.5,9.5,4.75
9.5,9.5,4.8
9.5,9.5,4.85
9.5,9.5,4.9
9.5,9.5,4.95
9.5,9.5,5
9.5,10,0
9.5,10,0.05
9.5,10,0.1
9.5,10,0.15
9.5,10,0.2
9.5,10,0.25
9.5,10,0.3
9.5,10,0.35
9.5,10,0.4
9.5,10,0.45
9.5,10,0.5
9.5,10,0.55
9.5,10,0.6
9.5,10,0.65
9.5,10,0.7
9.5,10,0.75
9.5,10,0.8
9.5,10,0.85
9.5,10,0.9
9.5,10,0.95
9.5,10,1
9.5,10,1.05
9.5,10,1.1
9.5,10,1.15
9.5,10,1.2
9.5,10,1.25
9.5,10,1.3
9.5,10,1.35
9.5,10,1.4
9.5,10,1.45
9.5,10,1.5
9.5,10,1.55
9.5,10,1.6
9.5,10,1.65
9.5,10,1.7
9.5,10,1.75
9.5,10,1.8
9.5,10,1.85
9.5,10,1.9
9.5,10,1.95
9.5,10,2
9.5,10,2.05
9.5,10,2.1
9.5,10,2.15
9.5,10,2.2
9.5,10,2.25
9.5,10,2.3
9.5,10,2.35
9.5,10,2.4
9.5,10,2.45
9.5,10,2.5
9.5,10,2.55
9.5,10,2.6
9.5,10,2.65
9.5,10,2.7
9.5,10,2.75
9.5,10,2.8
9.5,10,2.85
9.5,10,2.9
9.5,10,2.95
9.5,10,3
9.5,10,3.05
9.5,10,3.1
9.5,10,3.15
9.5,10,3.2
9.5,10,3.25
9.5,10,3.3
9.5,10,3.35
9.5,10,3.4
9.5,10,3.45
9.5,10,3.5
9.5,10,3.55
9.5,10,3.6
9.5,10,3.65
9.5,10,3.7
9.5,10,3.75
9.5,10,3.8
9.5,10,3.85
9.5,10,3.9
9.5,10,3.95
9.5,10,4
9.5,10,4.05
9.5,10,4.1
9.5,10,4.15
9.5,10,4.2
9.5,10,4.25
9.5,10,4.3
9.5,10,4.35
9.5,10,4.4
9.5,10,4.45
9.5,10,4.5
9.5,10,4.55
9.5,10,4.6
9.5,10,4.65
9.5,10,4.7
9.5,10,4.75
9.5,10,4.8
9.5,10,4.85
9.5,10,4.9
9.5,10,4.95
9.5,10,5
10,0,0
10,0,0.05
10,0,0.1
10,0,0.15
10,0,0.2
10,0,0.25
10,0,0.3
10,0,0.35
10,0,0.4
10,0,0.45
10,0,0.5
10,0,0.55
10,0,0.6
10,0,0.65
10,0,0.7
10,0,0.75
10,0,0.8
10,0,0.85
10,0,0.9
10,0,0.95
10,0,1
10,0,1.05
10,0,1.1
10,0,1.15
10,0,1.2
10,0,1.25
10,0,1.3
10,0,1.35
10,0,1.4
10,0,1.45
10,0,1.5
10,0,1.55
10,0,1.6
10,0,1.65
10,0,1.7
10,0,1.75
10,0,1.8
10,0,1.85
10,0,1.9
10,0,1.95
10,0,2
10,0,2.05
10,0,2.1
10,0,2.15
10,0,2.2
10,0,2.25
10,0,2.3
10,0,2.35
10,0,2.4
10,0,2.45
10,0,2.5
10,0,2.55
10,0,2.6
10,0,2.65
10,0,2.7
10,0,2.75
10,0,2.8
10,0,2.85
10,0,2.9
10,0,2.95
10,0,3
10,0,3.05
10,0,3.1
10,0,3.15
10,0,3.2
10,0,3.25
10,0,3.3
10,0,3.35
10,0,3.4
10,0,3.45
10,0,3.5
10,0,3.55
10,0,3.6
10,0,3.65
10,0,3.7
10,0,3.75
10,0,3.8
10,0,3.85
10,0,3.9
10,0,3.95
10,0,4
10,0,4.05
10,0,4.1
10,0,4.15
10,0,4.2
10,0,4.25
10,0,4.3
10,0,4.35
10,0,4.4
10,0,4.45
10,0,4.5
10,0,4.55
10,0,4.6
10,0,4.65
10,0,4.7
10,0,4.75
10,0,4.8
10,0,4.85
10,0,4.9
10,0,4.95
10,0,5
10,0.5,0
10,0.5,0.05
10,0.5,0.1
10,0.5,0.15
10,0.5,0.2
10,0.5,0.25
10,0.5,0.3
10,0.5,0.35
10,0.5,0.4
10,0.5,0.45
10,0.5,0.5
10,0.5,0.55
10,0.5,0.6
10,0.5,0.65
10,0.5,0.7
10,0.5,0.75
10,0.5,0.8
10,0.5,0.85
10,0.5,0.9
10,0.5,0.95
10,0.5,1
10,0.5,1.05
10,0.5,1.1
10,0.5,1.15
10,0.5,1.2
10,0.5,1.25
10,0.5,1.3
10,0.5,1.35
10,0.5,1.4
10,0.5,1.45
10,0.5,1.5
10,0.5,1.55
10,0.5,1.6
10,0.5,1.65
10,0.5,1.7
10,0.5,1.75
10,0.5,1.8
10,0.5,1.85
10,0.5,1.9
10,0.5,1.95
10,0.5,2
10,0.5,2.05
10,0.5,2.1
10,0.5,2.15
10,0.5,2.2
10,0.5,2.25
10,0.5,2.3
10,0.5,2.35
10,0.5,2.4
10,0.5,2.45
10,0.5,2.5
10,0.5,2.55
10,0.5,2.6
10,0.5,2.65
10,0.5,2.7
10,0.5,2.75
10,0.5,2.8
10,0.5,2.85
10,0.5,2.9
10,0.5,2.95
10,0.5,3
10,0.5,3.05
10,0.5,3.1
10,0.5,3.15
10,0.5,3.2
10,0.5,3.25
10,0.5,3.3
10,0.5,3.35
10,0.5,3.4
10,0.5,3.45
10,0.5,3.5
10,0.5,3.55
10,0.5,3.6
10,0.5,3.65
10,0.5,3.7
10,0.5,3.75
10,0.5,3.8
10,0.5,3.85
10,0.5,3.9
10,0.5,3.95
10,0.5,4
10,0.5,4.05
10,0.5,4.1
10,0.5,4.15
10,0.5,4.2
10,0.5,4.25
10,0.5,4.3
10,0.5,4.35
10,0.5,4.4
10,0.5,4.45
10,0.5,4.5
10,0.5,4.55
10,0.5,4.6
10,0.5,4.65
10,0.5,4.7
10,0.5,4.75
10,0.5,4.8
10,0.5,4.85
10,0.5,4.9
10,0.5,4.95
10,0.5,5
10,1,0
10,1,0.05
10,1,0.1
10,1,0.15
10,1,0.2
10,1,0.25
10,1,0.3
10,1,0.35
10,1,0.4
10,1,0.45
10,1,0.5
10,1,0.55
10,1,0.6
10,1,0.65
10,1,0.7
10,1,0.75
10,1,0.8
10,1,0.85
10,1,0.9
10,1,0.95
10,1,1
10,1,1.05
10,1,1.1
10,1,1.15
10,1,1.2
10,1,1.25
10,1,1.3
10,1,1.35
10,1,1.4
10,1,1.45
10,1,1.5
10,1,1.55
10,1,1.6
10,1,1.65
10,1,1.7
10,1,1.75
10,1,1.8
10,1,1.85
10,1,1.9
10,1,1.95
10,1,2
10,1,2.05
10,1,2.1
10,1,2.15
10,1,2.2
10,1,2.25
10,1,2.3
10,1,2.35
10,1,2.4
10,1,2.45
10,1,2.5
10,1,2.55
10,1,2.6
10,1,2.65
10,1,2.7
10,1,2.75
10,1,2.8
10,1,2.85
10,1,2.9
10,1,2.95
10,1,3
10,1,3.05
10,1,3.1
10,1,3.15
10,1,3.2
10,1,3.25
10,1,3.3
10,1,3.35
10,1,3.4
10,1,3.45
10,1,3.5
10,1,3.55
10,1,3.6
10,1,3.65
10,1,3.7
10,1,3.75
10,1,3.8
10,1,3.85
10,1,3.9
10,1,3.95
10,1,4
10,1,4.05
10,1,4.1
10,1,4.15
10,1,4.2
10,1,4.25
10,1,4.3
10,1,4.35
10,1,4.4
10,1,4.45
10,1,4.5
10,1,4.55
10,1,4.6
10,1,4.65
10,1,4.7
10,1,4.75
10,1,4.8
10,1,4.85
10,1,4.9
10,1,4.95
10,1,5
10,1.5,0
10,1.5,0.05
10,1.5,0.1
10,1.5,0.15
10,1.5,0.2
10,1.5,0.25
10,1.5,0.3
10,1.5,0.35
10,1.5,0.4
10,1.5,0.45
10,1.5,0.5
10,1.5,0.55
10,1.5,0.6
10,1.5,0.65
10,1.5,0.7
10,1.5,0.75
10,1.5,0.8
10,1.5,0.85
10,1.5,0.9
10,1.5,0.95
10,1.5,1
10,1.5,1.05
10,1.5,1.1
10,1.5,1.15
10,1.5,1.2
10,1.5,1.25
10,1.5,1.3
10,1.5,1.35
10,1.5,1.4
10,1.5,1.45
10,1.5,1.5
10,1.5,1.55
10,1.5,1.6
10,1.5,1.65
10,1.5,1.7
10,1.5,1.75
10,1.5,1.8
10,1.5,1.85
10,1.5,1.9
10,1.5,1.95
10,1.5,2
10,1.5,2.05
10,1.5,2.1
10,1.5,2.15
10,1.5,2.2
10,1.5,2.25
10,1.5,2.3
10,1.5,2.35
10,1.5,2.4
10,1.5,2.45
10,1.5,2.5
10,1.5,2.55
10,1.5,2.6
10,1.5,2.65
10,1.5,2.7
10,1.5,2.75
10,1.5,2.8
10,1.5,2.85
10,1.5,2.9
10,1.5,2.95
10,1.5,3
10,1.5,3.05
10,1.5,3.1
10,1.5,3.15
10,1.5,3.2
10,1.5,3.25
10,1.5,3.3
10,1.5,3.35
10,1.5,3.4
10,1.5,3.45
10,1.5,3.5
10,1.5,3.55
10,1.5,3.6
10,1.5,3.65
10,1.5,3.7
10,1.5,3.75
10,1.5,3.8
10,1.5,3.85
10,1.5,3.9
10,1.5,3.95
10,1.5,4
10,1.5,4.05
10,1.5,4.1
10,1.5,4.15
10,1.5,4.2
10,1.5,4.25
10,1.5,4.3
10,1.5,4.35
10,1.5,4.4
10,1.5,4.45
10,1.5,4.5
10,1.5,4.55
10,1.5,4.6
10,1.5,4.65
10,1.5,4.7
10,1.5,4.75
10,1.5,4.8
10,1.5,4.85
10,1.5,4.9
10,1.5,4.95
10,1.5,5
10,2,0
10,2,0.05
10,2,0.1
10,2,0.15
10,2,0.2
10,2,0.25
10,2,0.3
10,2,0.35
10,2,0.4
10,2,0.45
10,2,0.5
10,2,0.55
10,2,0.6
10,2,0.65
10,2,0.7
10,2,0.75
10,2,0.8
10,2,0.85
10,2,0.9
10,2,0.95
10,2,1
10,2,1.05
10,2,1.1
10,2,1.15
10,2,1.2
10,2,1.25
10,2,1.3
10,2,1.35
10,2,1.4
10,2,1.45
10,2,1.5
10,2,1.55
10,2,1.6
10,2,1.65
10,2,1.7
10,2,1.75
10,2,1.8
10,2,1.85
10,2,1.9
10,2,1.95
10,2,2
10,2,2.05
10,2,2.1
10,2,2.15
10,2,2.2
10,2,2.25
10,2,2.3
10,2,2.35
10,2,2.4
10,2,2.45
10,2,2.5
10,2,2.55
10,2,2.6
10,2,2.65
10,2,2.7
10,2,2.75
10,2,2.8
10,2,2.85
10,2,2.9
10,2,2.95
10,2,3
10,2,3.05
10,2,3.1
10,2,3.15
10,2,3.2
10,2,3.25
10,2,3.3
10,2,3.35
10,2,3.4
10,2,3.45
10,2,3.5
10,2,3.55
10,2,3.6
10,2,3.65
10,2,3.7
10,2,3.75
10,2,3.8
10,2,3.85
10,2,3.9
10,2,3.95
10,2,4
10,2,4.05
10,2,4.1
10,2,4.15
10,2,4.2
10,2,4.25
10,2,4.3
10,2,4.35
10,2,4.4
10,2,4.45
10,2,4.5
10,2,4.55
10,2,4.6
10,2,4.65
10,2,4.7
10,2,4.75
10,2,4.8
10,2,4.85
10,2,4.9
10,2,4.95
10,2,5
10,2.5,0
10,2.5,0.05
10,2.5,0.1
10,2.5,0.15
10,2.5,0.2
10,2.5,0.25
10,2.5,0.3
10,2.5,0.35
10,2.5,0.4
10,2.5,0.45
10,2.5,0.5
10,2.5,0.55
10,2.5,0.6
10,2.5,0.65
10,2.5,0.7
10,2.5,0.75
10,2.5,0.8
10,2.5,0.85
10,2.5,0.9
10,2.5,0.95
10,2.5,1
10,2.5,1.05
10,2.5,1.1
10,2.5,1.15
10,2.5,1.2
10,2.5,1.25
10,2.5,1.3
10,2.5,1.35
10,2.5,1.4
10,2.5,1.45
10,2.5,1.5
10,2.5,1.55
10,2.5,1.6
10,2.5,1.65
10,2.5,1.7
10,2.5,1.75
10,2.5,1.8
10,2.5,1.85
10,2.5,1.9
10,2.5,1.95
10,2.5,2
10,2.5,2.05
10,2.5,2.1
10,2.5,2.15
10,2.5,2.2
10,2.5,2.25
10,2.5,2.3
10,2.5,2.35
10,2.5,2.4
10,2.5,2.45
10,2.5,2.5
10,2.5,2.55
10,2.5,2.6
10,2.5,2.65
10,2.5,2.7
10,2.5,2.75
10,2.5,2.8
10,2.5,2.85
10,2.5,2.9
10,2.5,2.95
10,2.5,3
10,2.5,3.05
10,2.5,3.1
10,2.5,3.15
10,2.5,3.2
10,2.5,3.25
10,2.5,3.3
10,2.5,3.35
10,2.5,3.4
10,2.5,3.45
10,2.5,3.5
10,2.5,3.55
10,2.5,3.6
10,2.5,3.65
10,2.5,3.7
10,2.5,3.75
10,2.5,3.8
10,2.5,3.85
10,2.5,3.9
10,2.5,3.95
10,2.5,4
10,2.5,4.05
10,2.5,4.1
10,2.5,4.15
10,2.5,4.2
10,2.5,4.25
10,2.5,4.3
10,2.5,4.35
10,2.5,4.4
10,2.5,4.45
10,2.5,4.5
10,2.5,4.55
10,2.5,4.6
10,2.5,4.65
10,2.5,4.7
10,2.5,4.75
10,2.5,4.8
10,2.5,4.85
10,2.5,4.9
10,2.5,4.95
10,2.5,5
10,3,0
10,3,0.05
10,3,0.1
10,3,0.15
10,3,0.2
10,3,0.25
10,3,0.3
10,3,0.35
10,3,0.4
10,3,0.45
10,3,0.5
10,3,0.55
10,3,0.6
10,3,0.65
10,3,0.7
10,3,0.75
10,3,0.8
10,3,0.85
10,3,0.9
10,3,0.95
10,3,1
10,3,1.05
10,3,1.1
10,3,1.15
10,3,1.2
10,3,1.25
10,3,1.3
10,3,1.35
10,3,1.4
10,3,1.45
10,3,1.5
10,3,1.55
10,3,1.6
10,3,1.65
10,3,1.7
10,3,1.75
10,3,1.8
10,3,1.85
10,3,1.9
10,3,1.95
10,3,2
10,3,2.05
10,3,2.1
10,3,2.15
10,3,2.2
10,3,2.25
10,3,2.3
10,3,2.35
10,3,2.4
10,3,2.45
10,3,2.5
10,3,2.55
10,3,2.6
10,3,2.65
10,3,2.7
10,3,2.75
10,3,2.8
10,3,2.85
10,3,2.9
10,3,2.95
10,3,3
10,3,3.05
10,3,3.1
10,3,3.15
10,3,3.2
10,3,3.25
10,3,3.3
10,3,3.35
10,3,3.4
10,3,3.45
10,3,3.5
10,3,3.55
10,3,3.6
10,3,3.65
10,3,3.7
10,3,3.75
10,3,3.8
10,3,3.85
10,3,3.9
10,3,3.95
10,3,4
10,3,4.05
10,3,4.1
10,3,4.15
10,3,4.2
10,3,4.25
10,3,4.3
10,3,4.35
10,3,4.4
10,3,4.45
10,3,4.5
10,3,4.55
10,3,4.6
10,3,4.65
10,3,4.7
10,3,4.75
10,3,4.8
10,3,4.85
10,3,4.9
10,3,4.95
10,3,5
10,3.5,0
10,3.5,0.05
10,3.5,0.1
10,3.5,0.15
10,3.5,0.2
10,3.5,0.25
10,3.5,0.3
10,3.5,0.35
10,3.5,0.4
10,3.5,0.45
10,3.5,0.5
10,3.5,0.55
10,3.5,0.6
10,3.5,0.65
10,3.5,0.7
10,3.5,0.75
10,3.5,0.8
10,3.5,0.85
10,3.5,0.9
10,3.5,0.95
10,3.5,1
10,3.5,1.05
10,3.5,1.1
10,3.5,1.15
10,3.5,1.2
10,3.5,1.25
10,3.5,1.3
10,3.5,1.35
10,3.5,1.4
10,3.5,1.45
10,3.5,1.5
10,3.5,1.55
10,3.5,1.6
10,3.5,1.65
10,3.5,1.7
10,3.5,1.75
10,3.5,1.8
10,3.5,1.85
10,3.5,1.9
10,3.5,1.95
10,3.5,2
10,3.5,2.05
10,3.5,2.1
10,3.5,2.15
10,3.5,2.2
10,3.5,2.25
10,3.5,2.3
10,3.5,2.35
10,3.5,2.4
10,3.5,2.45
10,3.5,2.5
10,3.5,2.55
10,3.5,2.6
10,3.5,2.65
10,3.5,2.7
10,3.5,2.75
10,3.5,2.8
10,3.5,2.85
10,3.5,2.9
10,3.5,2.95
10,3.5,3
10,3.5,3.05
10,3.5,3.1
10,3.5,3.15
10,3.5,3.2
10,3.5,3.25
10,3.5,3.3
10,3.5,3.35
10,3.5,3.4
10,3.5,3.45
10,3.5,3.5
10,3.5,3.55
10,3.5,3.6
10,3.5,3.65
10,3.5,3.7
10,3.5,3.75
10,3.5,3.8
10,3.5,3.85
10,3.5,3.9
10,3.5,3.95
10,3.5,4
10,3.5,4.05
10,3.5,4.1
10,3.5,4.15
10,3.5,4.2
10,3.5,4.25
10,3.5,4.3
10,3.5,4.35
10,3.5,4.4
10,3.5,4.45
10,3.5,4.5
10,3.5,4.55
10,3.5,4.6
10,3.5,4.65
10,3.5,4.7
10,3.5,4.75
10,3.5,4.8
10,3.5,4.85
10,3.5,4.9
10,3.5,4.95
10,3.5,5
10,4,0
10,4,0.05
10,4,0.1
10,4,0.15
10,4,0.2
10,4,0.25
10,4,0.3
10,4,0.35
10,4,0.4
10,4,0.45
10,4,0.5
10,4,0.55
10,4,0.6
10,4,0.65
10,4,0.7
10,4,0.75
10,4,0.8
10,4,0.85
10,4,0.9
10,4,0.95
10,4,1
10,4,1.05
10,4,1.1
10,4,1.15
10,4,1.2
10,4,1.25
10,4,1.3
10,4,1.35
10,4,1.4
10,4,1.45
10,4,1.5
10,4,1.55
10,4,1.6
10,4,1.65
10,4,1.7
10,4,1.75
10,4,1.8
10,4,1.85
10,4,1.9
10,4,1.95
10,4,2
10,4,2.05
10,4,2.1
10,4,2.15
10,4,2.2
10,4,2.25
10,4,2.3
10,4,2.35
10,4,2.4
10,4,2.45
10,4,2.5
10,4,2.55
10,4,2.6
10,4,2.65
10,4,2.7
10,4,2.75
10,4,2.8
10,4,2.85
10,4,2.9
10,4,2.95
10,4,3
10,4,3.05
10,4,3.1
10,4,3.15
10,4,3.2
10,4,3.25
10,4,3.3
10,4,3.35
10,4,3.4
10,4,3.45
10,4,3.5
10,4,3.55
10,4,3.6
10,4,3.65
10,4,3.7
10,4,3.75
10,4,3.8
10,4,3.85
10,4,3.9
10,4,3.95
10,4,4
10,4,4.05
10,4,4.1
10,4,4.15
10,4,4.2
10,4,4.25
10,4,4.3
10,4,4.35
10,4,4.4
10,4,4.45
10,4,4.5
10,4,4.55
10,4,4.6
10,4,4.65
10,4,4.7
10,4,4.75
10,4,4.8
10,4,4.85
10,4,4.9
10,4,4.95
10,4,5
10,4.5,0
10,4.5,0.05
10,4.5,0.1
10,4.5,0.15
10,4.5,0.2
10,4.5,0.25
10,4.5,0.3
10,4.5,0.35
10,4.5,0.4
10,4.5,0.45
10,4.5,0.5
10,4.5,0.55
10,4.5,0.6
10,4.5,0.65
10,4.5,0.7
10,4.5,0.75
10,4.5,0.8
10,4.5,0.85
10,4.5,0.9
10,4.5,0.95
10,4.5,1
10,4.5,1.05
10,4.5,1.1
10,4.5,1.15
10,4.5,1.2
10,4.5,1.25
10,4.5,1.3
10,4.5,1.35
10,4.5,1.4
10,4.5,1.45
10,4.5,1.5
10,4.5,1.55
10,4.5,1.6
10,4.5,1.65
10,4.5,1.7
10,4.5,1.75
10,4.5,1.8
10,4.5,1.85
10,4.5,1.9
10,4.5,1.95
10,4.5,2
10,4.5,2.05
10,4.5,2.1
10,4.5,2.15
10,4.5,2.2
10,4.5,2.25
10,4.5,2.3
10,4.5,2.35
10,4.5,2.4
10,4.5,2.45
10,4.5,2.5
10,4.5,2.55
10,4.5,2.6
10,4.5,2.65
10,4.5,2.7
10,4.5,2.75
10,4.5,2.8
10,4.5,2.85
10,4.5,2.9
10,4.5,2.95
10,4.5,3
10,4.5,3.05
10,4.5,3.1
10,4.5,3.15
10,4.5,3.2
10,4.5,3.25
10,4.5,3.3
10,4.5,3.35
10,4.5,3.4
10,4.5,3.45
10,4.5,3.5
10,4.5,3.55
10,4.5,3.6
10,4.5,3.65
10,4.5,3.7
10,4.5,3.75
10,4.5,3.8
10,4.5,3.85
10,4.5,3.9
10,4.5,3.95
10,4.5,4
10,4.5,4.05
10,4.5,4.1
10,4.5,4.15
10,4.5,4.2
10,4.5,4.25
10,4.5,4.3
10,4.5,4.35
10,4.5,4.4
10,4.5,4.45
10,4.5,4.5
10,4.5,4.55
10,4.5,4.6
10,4.5,4.65
10,4.5,4.7
10,4.5,4.75
10,4.5,4.8
10,4.5,4.85
10,4.5,4.9
10,4.5,4.95
10,4.5,5
10,5,0
10,5,0.05
10,5,0.1
10,5,0.15
10,5,0.2
10,5,0.25
10,5,0.3
10,5,0.35
10,5,0.4
10,5,0.45
10,5,0.5
10,5,0.55
10,5,0.6
10,5,0.65
10,5,0.7
10,5,0.75
10,5,0.8
10,5,0.85
10,5,0.9
10,5,0.95
10,5,1
10,5,1.05
10,5,1.1
10,5,1.15
10,5,1.2
10,5,1.25
10,5,1.3
10,5,1.35
10,5,1.4
10,5,1.45
10,5,1.5
10,5,1.55
10,5,1.6
10,5,1.65
10,5,1.7
10,5,1.75
10,5,1.8
10,5,1.85
10,5,1.9
10,5,1.95
10,5,2
10,5,2.05
10,5,2.1
10,5,2.15
10,5,2.2
10,5,2.25
10,5,2.3
10,5,2.35
10,5,2.4
10,5,2.45
10,5,2.5
10,5,2.55
10,5,2.6
10,5,2.65
10,5,2.7
10,5,2.75
10,5,2.8
10,5,2.85
10,5,2.9
10,5,2.95
10,5,3
10,5,3.05
10,5,3.1
10,5,3.15
10,5,3.2
10,5,3.25
10,5,3.3
10,5,3.35
10,5,3.4
10,5,3.45
10,5,3.5
10,5,3.55
10,5,3.6
10,5,3.65
10,5,3.7
10,5,3.75
10,5,3.8
10,5,3.85
10,5,3.9
10,5,3.95
10,5,4
10,5,4.05
10,5,4.1
10,5,4.15
10,5,4.2
10,5,4.25
10,5,4.3
10,5,4.35
10,5,4.4
10,5,4.45
10,5,4.5
10,5,4.55
10,5,4.6
10,5,4.65
10,5,4.7
10,5,4.75
10,5,4.8
10,5,4.85
10,5,4.9
10,5,4.95
10,5,5
10,5.5,0
10,5.5,0.05
10,5.5,0.1
10,5.5,0.15
10,5.5,0.2
10,5.5,0.25
10,5.5,0.3
10,5.5,0.35
10,5.5,0.4
10,5.5,0.45
10,5.5,0.5
10,5.5,0.55
10,5.5,0.6
10,5.5,0.65
10,5.5,0.7
10,5.5,0.75
10,5.5,0.8
10,5.5,0.85
10,5.5,0.9
10,5.5,0.95
10,5.5,1
10,5.5,1.05
10,5.5,1.1
10,5.5,1.15
10,5.5,1.2
10,5.5,1.25
10,5.5,1.3
10,5.5,1.35
10,5.5,1.4
10,5.5,1.45
10,5.5,1.5
10,5.5,1.55
10,5.5,1.6
10,5.5,1.65
10,5.5,1.7
10,5.5,1.75
10,5.5,1.8
10,5.5,1.85
10,5.5,1.9
10,5.5,1.95
10,5.5,2
10,5.5,2.05
10,5.5,2.1
10,5.5,2.15
10,5.5,2.2
10,5.5,2.25
10,5.5,2.3
10,5.5,2.35
10,5.5,2.4
10,5.5,2.45
10,5.5,2.5
10,5.5,2.55
10,5.5,2.6
10,5.5,2.65
10,5.5,2.7
10,5.5,2.75
10,5.5,2.8
10,5.5,2.85
10,5.5,2.9
10,5.5,2.95
10,5.5,3
10,5.5,3.05
10,5.5,3.1
10,5.5,3.15
10,5.5,3.2
10,5.5,3.25
10,5.5,3.3
10,5.5,3.35
10,5.5,3.4
10,5.5,3.45
10,5.5,3.5
10,5.5,3.55
10,5.5,3.6
10,5.5,3.65
10,5.5,3.7
10,5.5,3.75
10,5.5,3.8
10,5.5,3.85
10,5.5,3.9
10,5.5,3.95
10,5.5,4
10,5.5,4.05
10,5.5,4.1
10,5.5,4.15
10,5.5,4.2
10,5.5,4.25
10,5.5,4.3
10,5.5,4.35
10,5.5,4.4
10,5.5,4.45
10,5.5,4.5
10,5.5,4.55
10,5.5,4.6
10,5.5,4.65
10,5.5,4.7
10,5.5,4.75
10,5.5,4.8
10,5.5,4.85
10,5.5,4.9
10,5.5,4.95
10,5.5,5
10,6,0
10,6,0.05
10,6,0.1
10,6,0.15
10,6,0.2
10,6,0.25
10,6,0.3
10,6,0.35
10,6,0.4
10,6,0.45
10,6,0.5
10,6,0.55
10,6,0.6
10,6,0.65
10,6,0.7
10,6,0.75
10,6,0.8
10,6,0.85
10,6,0.9
10,6,0.95
10,6,1
10,6,1.05
10,6,1.1
10,6,1.15
10,6,1.2
10,6,1.25
10,6,1.3
10,6,1.35
10,6,1.4
10,6,1.45
10,6,1.5
10,6,1.55
10,6,1.6
10,6,1.65
10,6,1.7
10,6,1.75
10,6,1.8
10,6,1.85
10,6,1.9
10,6,1.95
10,6,2
10,6,2.05
10,6,2.1
10,6,2.15
10,6,2.2
10,6,2.25
10,6,2.3
10,6,2.35
10,6,2.4
10,6,2.45
10,6,2.5
10,6,2.55
10,6,2.6
10,6,2.65
10,6,2.7
10,6,2.75
10,6,2.8
10,6,2.85
10,6,2.9
10,6,2.95
10,6,3
10,6,3.05
10,6,3.1
10,6,3.15
10,6,3.2
10,6,3.25
10,6,3.3
10,6,3.35
10,6,3.4
10,6,3.45
10,6,3.5
10,6,3.55
10,6,3.6
10,6,3.65
10,6,3.7
10,6,3.75
10,6,3.8
10,6,3.85
10,6,3.9
10,6,3.95
10,6,4
10,6,4.05
10,6,4.1
10,6,4.15
10,6,4.2
10,6,4.25
10,6,4.3
10,6,4.35
10,6,4.4
10,6,4.45
10,6,4.5
10,6,4.55
10,6,4.6
10,6,4.65
10,6,4.7
10,6,4.75
10,6,4.8
10,6,4.85
10,6,4.9
10,6,4.95
10,6,5
10,6.5,0
10,6.5,0.05
10,6.5,0.1
10,6.5,0.15
10,6.5,0.2
10,6.5,0.25
10,6.5,0.3
10,6.5,0.35
10,6.5,0.4
10,6.5,0.45
10,6.5,0.5
10,6.5,0.55
10,6.5,0.6
10,6.5,0.65
10,6.5,0.7
10,6.5,0.75
10,6.5,0.8
10,6.5,0.85
10,6.5,0.9
10,6.5,0.95
10,6.5,1
10,6.5,1.05
10,6.5,1.1
10,6.5,1.15
10,6.5,1.2
10,6.5,1.25
10,6.5,1.3
10,6.5,1.35
10,6.5,1.4
10,6.5,1.45
10,6.5,1.5
10,6.5,1.55
10,6.5,1.6
10,6.5,1.65
10,6.5,1.7
10,6.5,1.75
10,6.5,1.8
10,6.5,1.85
10,6.5,1.9
10,6.5,1.95
10,6.5,2
10,6.5,2.05
10,6.5,2.1
10,6.5,2.15
10,6.5,2.2
10,6.5,2.25
10,6.5,2.3
10,6.5,2.35
10,6.5,2.4
10,6.5,2.45
10,6.5,2.5
10,6.5,2.55
10,6.5,2.6
10,6.5,2.65
10,6.5,2.7
10,6.5,2.75
10,6.5,2.8
10,6.5,2.85
10,6.5,2.9
10,6.5,2.95
10,6.5,3
10,6.5,3.05
10,6.5,3.1
10,6.5,3.15
10,6.5,3.2
10,6.5,3.25
10,6.5,3.3
10,6.5,3.35
10,6.5,3.4
10,6.5,3.45
10,6.5,3.5
10,6.5,3.55
10,6.5,3.6
10,6.5,3.65
10,6.5,3.7
10,6.5,3.75
10,6.5,3.8
10,6.5,3.85
10,6.5,3.9
10,6.5,3.95
10,6.5,4
10,6.5,4.05
10,6.5,4.1
10,6.5,4.15
10,6.5,4.2
10,6.5,4.25
10,6.5,4.3
10,6.5,4.35
10,6.5,4.4
10,6.5,4.45
10,6.5,4.5
10,6.5,4.55
10,6.5,4.6
10,6.5,4.65
10,6.5,4.7
10,6.5,4.75
10,6.5,4.8
10,6.5,4.85
10,6.5,4.9
10,6.5,4.95
10,6.5,5
10,7,0
10,7,0.05
10,7,0.1
10,7,0.15
10,7,0.2
10,7,0.25
10,7,0.3
10,7,0.35
10,7,0.4
10,7,0.45
10,7,0.5
10,7,0.55
10,7,0.6
10,7,0.65
10,7,0.7
10,7,0.75
10,7,0.8
10,7,0.85
10,7,0.9
10,7,0.95
10,7,1
10,7,1.05
10,7,1.1
10,7,1.15
10,7,1.2
10,7,1.25
10,7,1.3
10,7,1.35
10,7,1.4
10,7,1.45
10,7,1.5
10,7,1.55
10,7,1.6
10,7,1.65
10,7,1.7
10,7,1.75
10,7,1.8
10,7,1.85
10,7,1.9
10,7,1.95
10,7,2
10,7,2.05
10,7,2.1
10,7,2.15
10,7,2.2
10,7,2.25
10,7,2.3
10,7,2.35
10,7,2.4
10,7,2.45
10,7,2.5
10,7,2.55
10,7,2.6
10,7,2.65
10,7,2.7
10,7,2.75
10,7,2.8
10,7,2.85
10,7,2.9
10,7,2.95
10,7,3
10,7,3.05
10,7,3.1
10,7,3.15
10,7,3.2
10,7,3.25
10,7,3.3
10,7,3.35
10,7,3.4
10,7,3.45
10,7,3.5
10,7,3.55
10,7,3.6
10,7,3.65
10,7,3.7
10,7,3.75
10,7,3.8
10,7,3.85
10,7,3.9
10,7,3.95
10,7,4
10,7,4.05
10,7,4.1
10,7,4.15
10,7,4.2
10,7,4.25
10,7,4.3
10,7,4.35
10,7,4.4
10,7,4.45
10,7,4.5
10,7,4.55
10,7,4.6
10,7,4.65
10,7,4.7
10,7,4.75
10,7,4.8
10,7,4.85
10,7,4.9
10,7,4.95
10,7,5
10,7.5,0
10,7.5,0.05
10,7.5,0.1
10,7.5,0.15
10,7.5,0.2
10,7.5,0.25
10,7.5,0.3
10,7.5,0.35
10,7.5,0.4
10,7.5,0.45
10,7.5,0.5
10,7.5,0.55
10,7.5,0.6
10,7.5,0.65
10,7.5,0.7
10,7.5,0.75
10,7.5,0.8
10,7.5,0.85
10,7.5,0.9
10,7.5,0.95
10,7.5,1
10,7.5,1.05
10,7.5,1.1
10,7.5,1.15
10,7.5,1.2
10,7.5,1.25
10,7.5,1.3
10,7.5,1.35
10,7.5,1.4
10,7.5,1.45
10,7.5,1.5
10,7.5,1.55
10,7.5,1.6
10,7.5,1.65
10,7.5,1.7
10,7.5,1.75
10,7.5,1.8
10,7.5,1.85
10,7.5,1.9
10,7.5,1.95
10,7.5,2
10,7.5,2.05
10,7.5,2.1
10,7.5,2.15
10,7.5,2.2
10,7.5,2.25
10,7.5,2.3
10,7.5,2.35
10,7.5,2.4
10,7.5,2.45
10,7.5,2.5
10,7.5,2.55
10,7.5,2.6
10,7.5,2.65
10,7.5,2.7
10,7.5,2.75
10,7.5,2.8
10,7.5,2.85
10,7.5,2.9
10,7.5,2.95
10,7.5,3
10,7.5,3.05
10,7.5,3.1
10,7.5,3.15
10,7.5,3.2
10,7.5,3.25
10,7.5,3.3
10,7.5,3.35
10,7.5,3.4
10,7.5,3.45
10,7.5,3.5
10,7.5,3.55
10,7.5,3.6
10,7.5,3.65
10,7.5,3.7
10,7.5,3.75
10,7.5,3.8
10,7.5,3.85
10,7.5,3.9
10,7.5,3.95
10,7.5,4
10,7.5,4.05
10,7.5,4.1
10,7.5,4.15
10,7.5,4.2
10,7.5,4.25
10,7.5,4.3
10,7.5,4.35
10,7.5,4.4
10,7.5,4.45
10,7.5,4.5
10,7.5,4.55
10,7.5,4.6
10,7.5,4.65
10,7.5,4.7
10,7.5,4.75
10,7.5,4.8
10,7.5,4.85
10,7.5,4.9
10,7.5,4.95
10,7.5,5
10,8,0
10,8,0.05
10,8,0.1
10,8,0.15
10,8,0.2
10,8,0.25
10,8,0.3
10,8,0.35
10,8,0.4
10,8,0.45
10,8,0.5
10,8,0.55
10,8,0.6
10,8,0.65
10,8,0.7
10,8,0.75
10,8,0.8
10,8,0.85
10,8,0.9
10,8,0.95
10,8,1
10,8,1.05
10,8,1.1
10,8,1.15
10,8,1.2
10,8,1.25
10,8,1.3
10,8,1.35
10,8,1.4
10,8,1.45
10,8,1.5
10,8,1.55
10,8,1.6
10,8,1.65
10,8,1.7
10,8,1.75
10,8,1.8
10,8,1.85
10,8,1.9
10,8,1.95
10,8,2
10,8,2.05
10,8,2.1
10,8,2.15
10,8,2.2
10,8,2.25
10,8,2.3
10,8,2.35
10,8,2.4
10,8,2.45
10,8,2.5
10,8,2.55
10,8,2.6
10,8,2.65
10,8,2.7
10,8,2.75
10,8,2.8
10,8,2.85
10,8,2.9
10,8,2.95
10,8,3
10,8,3.05
10,8,3.1
10,8,3.15
10,8,3.2
10,8,3.25
10,8,3.3
10,8,3.35
10,8,3.4
10,8,3.45
10,8,3.5
10,8,3.55
10,8,3.6
10,8,3.65
10,8,3.7
10,8,3.75
10,8,3.8
10,8,3.85
10,8,3.9
10,8,3.95
10,8,4
10,8,4.05
10,8,4.1
10,8,4.15
10,8,4.2
10,8,4.25
10,8,4.3
10,8,4.35
10,8,4.4
10,8,4.45
10,8,4.5
10,8,4.55
10,8,4.6
10,8,4.65
10,8,4.7
10,8,4.75
10,8,4.8
10,8,4.85
10,8,4.9
10,8,4.95
10,8,5
10,8.5,0
10,8.5,0.05
10,8.5,0.1
10,8.5,0.15
10,8.5,0.2
10,8.5,0.25
10,8.5,0.3
10,8.5,0.35
10,8.5,0.4
10,8.5,0.45
10,8.5,0.5
10,8.5,0.55
10,8.5,0.6
10,8.5,0.65
10,8.5,0.7
10,8.5,0.75
10,8.5,0.8
10,8.5,0.85
10,8.5,0.9
10,8.5,0.95
10,8.5,1
10,8.5,1.05
10,8.5,1.1
10,8.5,1.15
10,8.5,1.2
10,8.5,1.25
10,8.5,1.3
10,8.5,1.35
10,8.5,1.4
10,8.5,1.45
10,8.5,1.5
10,8.5,1.55
10,8.5,1.6
10,8.5,1.65
10,8.5,1.7
10,8.5,1.75
10,8.5,1.8
10,8.5,1.85
10,8.5,1.9
10,8.5,1.95
10,8.5,2
10,8.5,2.05
10,8.5,2.1
10,8.5,2.15
10,8.5,2.2
10,8.5,2.25
10,8.5,2.3
10,8.5,2.35
10,8.5,2.4
10,8.5,2.45
10,8.5,2.5
10,8.5,2.55
10,8.5,2.6
10,8.5,2.65
10,8.5,2.7
10,8.5,2.75
10,8.5,2.8
10,8.5,2.85
10,8.5,2.9
10,8.5,2.95
10,8.5,3
10,8.5,3.05
10,8.5,3.1
10,8.5,3.15
10,8.5,3.2
10,8.5,3.25
10,8.5,3.3
10,8.5,3.35
10,8.5,3.4
10,8.5,3.45
10,8.5,3.5
10,8.5,3.55
10,8.5,3.6
10,8.5,3.65
10,8.5,3.7
10,8.5,3.75
10,8.5,3.8
10,8.5,3.85
10,8.5,3.9
10,8.5,3.95
10,8.5,4
10,8.5,4.05
10,8.5,4.1
10,8.5,4.15
10,8.5,4.2
10,8.5,4.25
10,8.5,4.3
10,8.5,4.35
10,8.5,4.4
10,8.5,4.45
10,8.5,4.5
10,8.5,4.55
10,8.5,4.6
10,8.5,4.65
10,8.5,4.7
10,8.5,4.75
10,8.5,4.8
10,8.5,4.85
10,8.5,4.9
10,8.5,4.95
10,8.5,5
10,9,0
10,9,0.05
10,9,0.1
10,9,0.15
10,9,0.2
10,9,0.25
10,9,0.3
10,9,0.35
10,9,0.4
10,9,0.45
10,9,0.5
10,9,0.55
10,9,0.6
10,9,0.65
10,9,0.7
10,9,0.75
10,9,0.8
10,9,0.85
10,9,0.9
10,9,0.95
10,9,1
10,9,1.05
10,9,1.1
10,9,1.15
10,9,1.2
10,9,1.25
10,9,1.3
10,9,1.35
10,9,1.4
10,9,1.45
10,9,1.5
10,9,1.55
10,9,1.6
10,9,1.65
10,9,1.7
10,9,1.75
10,9,1.8
10,9,1.85
10,9,1.9
10,9,1.95
10,9,2
10,9,2.05
10,9,2.1
10,9,2.15
10,9,2.2
10,9,2.25
10,9,2.3
10,9,2.35
10,9,2.4
10,9,2.45
10,9,2.5
10,9,2.55
10,9,2.6
10,9,2.65
10,9,2.7
10,9,2.75
10,9,2.8
10,9,2.85
10,9,2.9
10,9,2.95
10,9,3
10,9,3.05
10,9,3.1
10,9,3.15
10,9,3.2
10,9,3.25
10,9,3.3
10,9,3.35
10,9,3.4
10,9,3.45
10,9,3.5
10,9,3.55
10,9,3.6
10,9,3.65
10,9,3.7
10,9,3.75
10,9,3.8
10,9,3.85
10,9,3.9
10,9,3.95
10,9,4
10,9,4.05
10,9,4.1
10,9,4.15
10,9,4.2
10,9,4.25
10,9,4.3
10,9,4.35
10,9,4.4
10,9,4.45
10,9,4.5
10,9,4.55
10,9,4.6
10,9,4.65
10,9,4.7
10,9,4.75
10,9,4.8
10,9,4.85
10,9,4.9
10,9,4.95
10,9,5
10,9.5,0
10,9.5,0.05
10,9.5,0.1
10,9.5,0.15
10,9.5,0.2
10,9.5,0.25
10,9.5,0.3
10,9.5,0.35
10,9.5,0.4
10,9.5,0.45
10,9.5,0.5
10,9.5,0.55
10,9.5,0.6
10,9.5,0.65
10,9.5,0.7
10,9.5,0.75
10,9.5,0.8
10,9.5,0.85
10,9.5,0.9
10,9.5,0.95
10,9.5,1
10,9.5,1.05
10,9.5,1.1
10,9.5,1.15
10,9.5,1.2
10,9.5,1.25
10,9.5,1.3
10,9.5,1.35
10,9.5,1.4
10,9.5,1.45
10,9.5,1.5
10,9.5,1.55
10,9.5,1.6
10,9.5,1.65
10,9.5,1.7
10,9.5,1.75
10,9.5,1.8
10,9.5,1.85
10,9.5,1.9
10,9.5,1.95
10,9.5,2
10,9.5,2.05
10,9.5,2.1
10,9.5,2.15
10,9.5,2.2
10,9.5,2.25
10,9.5,2.3
10,9.5,2.35
10,9.5,2.4
10,9.5,2.45
10,9.5,2.5
10,9.5,2.55
10,9.5,2.6
10,9.5,2.65
10,9.5,2.7
10,9.5,2.75
10,9.5,2.8
10,9.5,2.85
10,9.5,2.9
10,9.5,2.95
10,9.5,3
10,9.5,3.05
10,9.5,3.1
10,9.5,3.15
10,9.5,3.2
10,9.5,3.25
10,9.5,3.3
10,9.5,3.35
10,9.5,3.4
10,9.5,3.45
10,9.5,3.5
10,9.5,3.55
10,9.5,3.6
10,9.5,3.65
10,9.5,3.7
10,9.5,3.75
10,9.5,3.8
10,9.5,3.85
10,9.5,3.9
10,9.5,3.95
10,9.5,4
10,9.5,4.05
10,9.5,4.1
10,9.5,4.15
10,9.5,4.2
10,9.5,4.25
10,9.5,4.3
10,9.5,4.35
10,9.5,4.4
10,9.5,4.45
10,9.5,4.5
10,9.5,4.55
10,9.5,4.6
10,9.5,4.65
10,9.5,4.7
10,9.5,4.75
10,9.5,4.8
10,9.5,4.85
10,9.5,4.9
10,9.5,4.95
10,9.5,5
10,10,0
10,10,0.05
10,10,0.1
10,10,0.15
10,10,0.2
10,10,0.25
10,10,0.3
10,10,0.35
10,10,0.4
10,10,0.45
10,10,0.5
10,10,0.55
10,10,0.6
10,10,0.65
10,10,0.7
10,10,0.75
10,10,0.8
10,10,0.85
10,10,0.9
10,10,0.95
10,10,1
10,10,1.05
10,10,1.1
10,10,1.15
10,10,1.2
10,10,1.25
10,10,1.3
10,10,1.35
10,10,1.4
10,10,1.45
10,10,1.5
10,10,1.55
10,10,1.6
10,10,1.65
10,10,1.7
10,10,1.75
10,10,1.8
10,10,1.85
10,10,1.9
10,10,1.95
10,10,2
10,10,2.05
10,10,2.1
10,10,2.15
10,10,2.2
10,10,2.25
10,10,2.3
10,10,2.35
10,10,2.4
10,10,2.45
10,10,2.5
10,10,2.55
10,10,2.6
10,10,2.65
10,10,2.7
10,10,2.75
10,10,2.8
10,10,2.85
10,10,2.9
10,10,2.95
10,10,3
10,10,3.05
10,10,3.1
10,10,3.15
10,10,3.2
10,10,3.25
10,10,3.3
10,10,3.35
10,10,3.4
10,10,3.45
10,10,3.5
10,10,3.55
10,10,3.6
10,10,3.65
10,10,3.7
10,10,3.75
10,10,3.8
10,10,3.85
10,10,3.9
10,10,3.95
10,10,4
10,10,4.05
10,10,4.1
10,10,4.15
10,10,4.2
10,10,4.25
10,10,4.3
10,10,4.35
10,10,4.4
10,10,4.45
10,10,4.5
10,10,4.55
10,10,4.6
10,10,4.65
10,10,4.7
10,10,4.75
10,10,4.8
10,10,4.85
10,10,4.9
10,10,4.95
10,10,5
10.5,0,0
10.5,0,0.05
10.5,0,0.1
10.5,0,0.15
10.5,0,0.2
10.5,0,0.25
10.5,0,0.3
10.5,0,0.35
10.5,0,0.4
10.5,0,0.45
10.5,0,0.5
10.5,0,0.55
10.5,0,0.6
10.5,0,0.65
10.5,0,0.7
10.5,0,0.75
10.5,0,0.8
10.5,0,0.85
10.5,0,0.9
10.5,0,0.95
10.5,0,1
10.5,0,1.05
10.5,0,1.1
10.5,0,1.15
10.5,0,1.2
10.5,0,1.25
10.5,0,1.3
10.5,0,1.35
10.5,0,1.4
10.5,0,1.45
10.5,0,1.5
10.5,0,1.55
10.5,0,1.6
10.5,0,1.65
10.5,0,1.7
10.5,0,1.75
10.5,0,1.8
10.5,0,1.85
10.5,0,1.9
10.5,0,1.95
10.5,0,2
10.5,0,2.05
10.5,0,2.1
10.5,0,2.15
10.5,0,2.2
10.5,0,2.25
10.5,0,2.3
10.5,0,2.35
10.5,0,2.4
10.5,0,2.45
10.5,0,2.5
10.5,0,2.55
10.5,0,2.6
10.5,0,2.65
10.5,0,2.7
10.5,0,2.75
10.5,0,2.8
10.5,0,2.85
10.5,0,2.9
10.5,0,2.95
10.5,0,3
10.5,0,3.05
10.5,0,3.1
10.5,0,3.15
10.5,0,3.2
10.5,0,3.25
10.5,0,3.3
10.5,0,3.35
10.5,0,3.4
10.5,0,3.45
10.5,0,3.5
10.5,0,3.55
10.5,0,3.6
10.5,0,3.65
10.5,0,3.7
10.5,0,3.75
10.5,0,3.8
10.5,0,3.85
10.5,0,3.9
10.5,0,3.95
10.5,0,4
10.5,0,4.05
10.5,0,4.1
10.5,0,4.15
10.5,0,4.2
10.5,0,4.25
10.5,0,4.3
10.5,0,4.35
10.5,0,4.4
10.5,0,4.45
10.5,0,4.5
10.5,0,4.55
10.5,0,4.6
10.5,0,4.65
10.5,0,4.7
10.5,0,4.75
10.5,0,4.8
10.5,0,4.85
10.5,0,4.9
10.5,0,4.95
10.5,0,5
10.5,0.5,0
10.5,0.5,0.05
10.5,0.5,0.1
10.5,0.5,0.15
10.5,0.5,0.2
10.5,0.5,0.25
10.5,0.5,0.3
10.5,0.5,0.35
10.5,0.5,0.4
10.5,0.5,0.45
10.5,0.5,0.5
10.5,0.5,0.55
10.5,0.5,0.6
10.5,0.5,0.65
10.5,0.5,0.7
10.5,0.5,0.75
10.5,0.5,0.8
10.5,0.5,0.85
10.5,0.5,0.9
10.5,0.5,0.95
10.5,0.5,1
10.5,0.5,1.05
10.5,0.5,1.1
10.5,0.5,1.15
10.5,0.5,1.2
10.5,0.5,1.25
10.5,0.5,1.3
10.5,0.5,1.35
10.5,0.5,1.4
10.5,0.5,1.45
10.5,0.5,1.5
10.5,0.5,1.55
10.5,0.5,1.6
10.5,0.5,1.65
10.5,0.5,1.7
10.5,0.5,1.75
10.5,0.5,1.8
10.5,0.5,1.85
10.5,0.5,1.9
10.5,0.5,1.95
10.5,0.5,2
10.5,0.5,2.05
10.5,0.5,2.1
10.5,0.5,2.15
10.5,0.5,2.2
10.5,0.5,2.25
10.5,0.5,2.3
10.5,0.5,2.35
10.5,0.5,2.4
10.5,0.5,2.45
10.5,0.5,2.5
10.5,0.5,2.55
10.5,0.5,2.6
10.5,0.5,2.65
10.5,0.5,2.7
10.5,0.5,2.75
10.5,0.5,2.8
10.5,0.5,2.85
10.5,0.5,2.9
10.5,0.5,2.95
10.5,0.5,3
10.5,0.5,3.05
10.5,0.5,3.1
10.5,0.5,3.15
10.5,0.5,3.2
10.5,0.5,3.25
10.5,0.5,3.3
10.5,0.5,3.35
10.5,0.5,3.4
10.5,0.5,3.45
10.5,0.5,3.5
10.5,0.5,3.55
10.5,0.5,3.6
10.5,0.5,3.65
10.5,0.5,3.7
10.5,0.5,3.75
10.5,0.5,3.8
10.5,0.5,3.85
10.5,0.5,3.9
10.5,0.5,3.95
10.5,0.5,4
10.5,0.5,4.05
10.5,0.5,4.1
10.5,0.5,4.15
10.5,0.5,4.2
10.5,0.5,4.25
10.5,0.5,4.3
10.5,0.5,4.35
10.5,0.5,4.4
10.5,0.5,4.45
10.5,0.5,4.5
10.5,0.5,4.55
10.5,0.5,4.6
10.5,0.5,4.65
10.5,0.5,4.7
10.5,0.5,4.75
10.5,0.5,4.8
10.5,0.5,4.85
10.5,0.5,4.9
10.5,0.5,4.95
10.5,0.5,5
10.5,1,0
10.5,1,0.05
10.5,1,0.1
10.5,1,0.15
10.5,1,0.2
10.5,1,0.25
10.5,1,0.3
10.5,1,0.35
10.5,1,0.4
10.5,1,0.45
10.5,1,0.5
10.5,1,0.55
10.5,1,0.6
10.5,1,0.65
10.5,1,0.7
10.5,1,0.75
10.5,1,0.8
10.5,1,0.85
10.5,1,0.9
10.5,1,0.95
10.5,1,1
10.5,1,1.05
10.5,1,1.1
10.5,1,1.15
10.5,1,1.2
10.5,1,1.25
10.5,1,1.3
10.5,1,1.35
10.5,1,1.4
10.5,1,1.45
10.5,1,1.5
10.5,1,1.55
10.5,1,1.6
10.5,1,1.65
10.5,1,1.7
10.5,1,1.75
10.5,1,1.8
10.5,1,1.85
10.5,1,1.9
10.5,1,1.95
10.5,1,2
10.5,1,2.05
10.5,1,2.1
10.5,1,2.15
10.5,1,2.2
10.5,1,2.25
10.5,1,2.3
10.5,1,2.35
10.5,1,2.4
10.5,1,2.45
10.5,1,2.5
10.5,1,2.55
10.5,1,2.6
10.5,1,2.65
10.5,1,2.7
10.5,1,2.75
10.5,1,2.8
10.5,1,2.85
10.5,1,2.9
10.5,1,2.95
10.5,1,3
10.5,1,3.05
10.5,1,3.1
10.5,1,3.15
10.5,1,3.2
10.5,1,3.25
10.5,1,3.3
10.5,1,3.35
10.5,1,3.4
10.5,1,3.45
10.5,1,3.5
10.5,1,3.55
10.5,1,3.6
10.5,1,3.65
10.5,1,3.7
10.5,1,3.75
10.5,1,3.8
10.5,1,3.85
10.5,1,3.9
10.5,1,3.95
10.5,1,4
10.5,1,4.05
10.5,1,4.1
10.5,1,4.15
10.5,1,4.2
10.5,1,4.25
10.5,1,4.3
10.5,1,4.35
10.5,1,4.4
10.5,1,4.45
10.5,1,4.5
10.5,1,4.55
10.5,1,4.6
10.5,1,4.65
10.5,1,4.7
10.5,1,4.75
10.5,1,4.8
10.5,1,4.85
10.5,1,4.9
10.5,1,4.95
10.5,1,5
10.5,1.5,0
10.5,1.5,0.05
10.5,1.5,0.1
10.5,1.5,0.15
10.5,1.5,0.2
10.5,1.5,0.25
10.5,1.5,0.3
10.5,1.5,0.35
10.5,1.5,0.4
10.5,1.5,0.45
10.5,1.5,0.5
10.5,1.5,0.55
10.5,1.5,0.6
10.5,1.5,0.65
10.5,1.5,0.7
10.5,1.5,0.75
10.5,1.5,0.8
10.5,1.5,0.85
10.5,1.5,0.9
10.5,1.5,0.95
10.5,1.5,1
10.5,1.5,1.05
10.5,1.5,1.1
10.5,1.5,1.15
10.5,1.5,1.2
10.5,1.5,1.25
10.5,1.5,1.3
10.5,1.5,1.35
10.5,1.5,1.4
10.5,1.5,1.45
10.5,1.5,1.5
10.5,1.5,1.55
10.5,1.5,1.6
10.5,1.5,1.65
10.5,1.5,1.7
10.5,1.5,1.75
10.5,1.5,1.8
10.5,1.5,1.85
10.5,1.5,1.9
10.5,1.5,1.95
10.5,1.5,2
10.5,1.5,2.05
10.5,1.5,2.1
10.5,1.5,2.15
10.5,1.5,2.2
10.5,1.5,2.25
10.5,1.5,2.3
10.5,1.5,2.35
10.5,1.5,2.4
10.5,1.5,2.45
10.5,1.5,2.5
10.5,1.5,2.55
10.5,1.5,2.6
10.5,1.5,2.65
10.5,1.5,2.7
10.5,1.5,2.75
10.5,1.5,2.8
10.5,1.5,2.85
10.5,1.5,2.9
10.5,1.5,2.95
10.5,1.5,3
10.5,1.5,3.05
10.5,1.5,3.1
10.5,1.5,3.15
10.5,1.5,3.2
10.5,1.5,3.25
10.5,1.5,3.3
10.5,1.5,3.35
10.5,1.5,3.4
10.5,1.5,3.45
10.5,1.5,3.5
10.5,1.5,3.55
10.5,1.5,3.6
10.5,1.5,3.65
10.5,1.5,3.7
10.5,1.5,3.75
10.5,1.5,3.8
10.5,1.5,3.85
10.5,1.5,3.9
10.5,1.5,3.95
10.5,1.5,4
10.5,1.5,4.05
10.5,1.5,4.1
10.5,1.5,4.15
10.5,1.5,4.2
10.5,1.5,4.25
10.5,1.5,4.3
10.5,1.5,4.35
10.5,1.5,4.4
10.5,1.5,4.45
10.5,1.5,4.5
10.5,1.5,4.55
10.5,1.5,4.6
10.5,1.5,4.65
10.5,1.5,4.7
10.5,1.5,4.75
10.5,1.5,4.8
10.5,1.5,4.85
10.5,1.5,4.9
10.5,1.5,4.95
10.5,1.5,5
10.5,2,0
10.5,2,0.05
10.5,2,0.1
10.5,2,0.15
10.5,2,0.2
10.5,2,0.25
10.5,2,0.3
10.5,2,0.35
10.5,2,0.4
10.5,2,0.45
10.5,2,0.5
10.5,2,0.55
10.5,2,0.6
10.5,2,0.65
10.5,2,0.7
10.5,2,0.75
10.5,2,0.8
10.5,2,0.85
10.5,2,0.9
10.5,2,0.95
10.5,2,1
10.5,2,1.05
10.5,2,1.1
10.5,2,1.15
10.5,2,1.2
10.5,2,1.25
10.5,2,1.3
10.5,2,1.35
10.5,2,1.4
10.5,2,1.45
10.5,2,1.5
10.5,2,1.55
10.5,2,1.6
10.5,2,1.65
10.5,2,1.7
10.5,2,1.75
10.5,2,1.8
10.5,2,1.85
10.5,2,1.9
10.5,2,1.95
10.5,2,2
10.5,2,2.05
10.5,2,2.1
10.5,2,2.15
10.5,2,2.2
10.5,2,2.25
10.5,2,2.3
10.5,2,2.35
10.5,2,2.4
10.5,2,2.45
10.5,2,2.5
10.5,2,2.55
10.5,2,2.6
10.5,2,2.65
10.5,2,2.7
10.5,2,2.75
10.5,2,2.8
10.5,2,2.85
10.5,2,2.9
10.5,2,2.95
10.5,2,3
10.5,2,3.05
10.5,2,3.1
10.5,2,3.15
10.5,2,3.2
10.5,2,3.25
10.5,2,3.3
10.5,2,3.35
10.5,2,3.4
10.5,2,3.45
10.5,2,3.5
10.5,2,3.55
10.5,2,3.6
10.5,2,3.65
10.5,2,3.7
10.5,2,3.75
10.5,2,3.8
10.5,2,3.85
10.5,2,3.9
10.5,2,3.95
10.5,2,4
10.5,2,4.05
10.5,2,4.1
10.5,2,4.15
10.5,2,4.2
10.5,2,4.25
10.5,2,4.3
10.5,2,4.35
10.5,2,4.4
10.5,2,4.45
10.5,2,4.5
10.5,2,4.55
10.5,2,4.6
10.5,2,4.65
10.5,2,4.7
10.5,2,4.75
10.5,2,4.8
10.5,2,4.85
10.5,2,4.9
10.5,2,4.95
10.5,2,5
10.5,2.5,0
10.5,2.5,0.05
10.5,2.5,0.1
10.5,2.5,0.15
10.5,2.5,0.2
10.5,2.5,0.25
10.5,2.5,0.3
10.5,2.5,0.35
10.5,2.5,0.4
10.5,2.5,0.45
10.5,2.5,0.5
10.5,2.5,0.55
10.5,2.5,0.6
10.5,2.5,0.65
10.5,2.5,0.7
10.5,2.5,0.75
10.5,2.5,0.8
10.5,2.5,0.85
10.5,2.5,0.9
10.5,2.5,0.95
10.5,2.5,1
10.5,2.5,1.05
10.5,2.5,1.1
10.5,2.5,1.15
10.5,2.5,1.2
10.5,2.5,1.25
10.5,2.5,1.3
10.5,2.5,1.35
10.5,2.5,1.4
10.5,2.5,1.45
10.5,2.5,1.5
10.5,2.5,1.55
10.5,2.5,1.6
10.5,2.5,1.65
10.5,2.5,1.7
10.5,2.5,1.75
10.5,2.5,1.8
10.5,2.5,1.85
10.5,2.5,1.9
10.5,2.5,1.95
10.5,2.5,2
10.5,2.5,2.05
10.5,2.5,2.1
10.5,2.5,2.15
10.5,2.5,2.2
10.5,2.5,2.25
10.5,2.5,2.3
10.5,2.5,2.35
10.5,2.5,2.4
10.5,2.5,2.45
10.5,2.5,2.5
10.5,2.5,2.55
10.5,2.5,2.6
10.5,2.5,2.65
10.5,2.5,2.7
10.5,2.5,2.75
10.5,2.5,2.8
10.5,2.5,2.85
10.5,2.5,2.9
10.5,2.5,2.95
10.5,2.5,3
10.5,2.5,3.05
10.5,2.5,3.1
10.5,2.5,3.15
10.5,2.5,3.2
10.5,2.5,3.25
10.5,2.5,3.3
10.5,2.5,3.35
10.5,2.5,3.4
10.5,2.5,3.45
10.5,2.5,3.5
10.5,2.5,3.55
10.5,2.5,3.6
10.5,2.5,3.65
10.5,2.5,3.7
10.5,2.5,3.75
10.5,2.5,3.8
10.5,2.5,3.85
10.5,2.5,3.9
10.5,2.5,3.95
10.5,2.5,4
10.5,2.5,4.05
10.5,2.5,4.1
10.5,2.5,4.15
10.5,2.5,4.2
10.5,2.5,4.25
10.5,2.5,4.3
10.5,2.5,4.35
10.5,2.5,4.4
10.5,2.5,4.45
10.5,2.5,4.5
10.5,2.5,4.55
10.5,2.5,4.6
10.5,2.5,4.65
10.5,2.5,4.7
10.5,2.5,4.75
10.5,2.5,4.8
10.5,2.5,4.85
10.5,2.5,4.9
10.5,2.5,4.95
10.5,2.5,5
10.5,3,0
10.5,3,0.05
10.5,3,0.1
10.5,3,0.15
10.5,3,0.2
10.5,3,0.25
10.5,3,0.3
10.5,3,0.35
10.5,3,0.4
10.5,3,0.45
10.5,3,0.5
10.5,3,0.55
10.5,3,0.6
10.5,3,0.65
10.5,3,0.7
10.5,3,0.75
10.5,3,0.8
10.5,3,0.85
10.5,3,0.9
10.5,3,0.95
10.5,3,1
10.5,3,1.05
10.5,3,1.1
10.5,3,1.15
10.5,3,1.2
10.5,3,1.25
10.5,3,1.3
10.5,3,1.35
10.5,3,1.4
10.5,3,1.45
10.5,3,1.5
10.5,3,1.55
10.5,3,1.6
10.5,3,1.65
10.5,3,1.7
10.5,3,1.75
10.5,3,1.8
10.5,3,1.85
10.5,3,1.9
10.5,3,1.95
10.5,3,2
10.5,3,2.05
10.5,3,2.1
10.5,3,2.15
10.5,3,2.2
10.5,3,2.25
10.5,3,2.3
10.5,3,2.35
10.5,3,2.4
10.5,3,2.45
10.5,3,2.5
10.5,3,2.55
10.5,3,2.6
10.5,3,2.65
10.5,3,2.7
10.5,3,2.75
10.5,3,2.8
10.5,3,2.85
10.5,3,2.9
10.5,3,2.95
10.5,3,3
10.5,3,3.05
10.5,3,3.1
10.5,3,3.15
10.5,3,3.2
10.5,3,3.25
10.5,3,3.3
10.5,3,3.35
10.5,3,3.4
10.5,3,3.45
10.5,3,3.5
10.5,3,3.55
10.5,3,3.6
10.5,3,3.65
10.5,3,3.7
10.5,3,3.75
10.5,3,3.8
10.5,3,3.85
10.5,3,3.9
10.5,3,3.95
10.5,3,4
10.5,3,4.05
10.5,3,4.1
10.5,3,4.15
10.5,3,4.2
10.5,3,4.25
10.5,3,4.3
10.5,3,4.35
10.5,3,4.4
10.5,3,4.45
10.5,3,4.5
10.5,3,4.55
10.5,3,4.6
10.5,3,4.65
10.5,3,4.7
10.5,3,4.75
10.5,3,4.8
10.5,3,4.85
10.5,3,4.9
10.5,3,4.95
10.5,3,5
10.5,3.5,0
10.5,3.5,0.05
10.5,3.5,0.1
10.5,3.5,0.15
10.5,3.5,0.2
10.5,3.5,0.25
10.5,3.5,0.3
10.5,3.5,0.35
10.5,3.5,0.4
10.5,3.5,0.45
10.5,3.5,0.5
10.5,3.5,0.55
10.5,3.5,0.6
10.5,3.5,0.65
10.5,3.5,0.7
10.5,3.5,0.75
10.5,3.5,0.8
10.5,3.5,0.85
10.5,3.5,0.9
10.5,3.5,0.95
10.5,3.5,1
10.5,3.5,1.05
10.5,3.5,1.1
10.5,3.5,1.15
10.5,3.5,1.2
10.5,3.5,1.25
10.5,3.5,1.3
10.5,3.5,1.35
10.5,3.5,1.4
10.5,3.5,1.45
10.5,3.5,1.5
10.5,3.5,1.55
10.5,3.5,1.6
10.5,3.5,1.65
10.5,3.5,1.7
10.5,3.5,1.75
10.5,3.5,1.8
10.5,3.5,1.85
10.5,3.5,1.9
10.5,3.5,1.95
10.5,3.5,2
10.5,3.5,2.05
10.5,3.5,2.1
10.5,3.5,2.15
10.5,3.5,2.2
10.5,3.5,2.25
10.5,3.5,2.3
10.5,3.5,2.35
10.5,3.5,2.4
10.5,3.5,2.45
10.5,3.5,2.5
10.5,3.5,2.55
10.5,3.5,2.6
10.5,3.5,2.65
10.5,3.5,2.7
10.5,3.5,2.75
10.5,3.5,2.8
10.5,3.5,2.85
10.5,3.5,2.9
10.5,3.5,2.95
10.5,3.5,3
10.5,3.5,3.05
10.5,3.5,3.1
10.5,3.5,3.15
10.5,3.5,3.2
10.5,3.5,3.25
10.5,3.5,3.3
10.5,3.5,3.35
10.5,3.5,3.4
10.5,3.5,3.45
10.5,3.5,3.5
10.5,3.5,3.55
10.5,3.5,3.6
10.5,3.5,3.65
10.5,3.5,3.7
10.5,3.5,3.75
10.5,3.5,3.8
10.5,3.5,3.85
10.5,3.5,3.9
10.5,3.5,3.95
10.5,3.5,4
10.5,3.5,4.05
10.5,3.5,4.1
10.5,3.5,4.15
10.5,3.5,4.2
10.5,3.5,4.25
10.5,3.5,4.3
10.5,3.5,4.35
10.5,3.5,4.4
10.5,3.5,4.45
10.5,3.5,4.5
10.5,3.5,4.55
10.5,3.5,4.6
10.5,3.5,4.65
10.5,3.5,4.7
10.5,3.5,4.75
10.5,3.5,4.8
10.5,3.5,4.85
10.5,3.5,4.9
10.5,3.5,4.95
10.5,3.5,5
10.5,4,0
10.5,4,0.05
10.5,4,0.1
10.5,4,0.15
10.5,4,0.2
10.5,4,0.25
10.5,4,0.3
10.5,4,0.35
10.5,4,0.4
10.5,4,0.45
10.5,4,0.5
10.5,4,0.55
10.5,4,0.6
10.5,4,0.65
10.5,4,0.7
10.5,4,0.75
10.5,4,0.8
10.5,4,0.85
10.5,4,0.9
10.5,4,0.95
10.5,4,1
10.5,4,1.05
10.5,4,1.1
10.5,4,1.15
10.5,4,1.2
10.5,4,1.25
10.5,4,1.3
10.5,4,1.35
10.5,4,1.4
10.5,4,1.45
10.5,4,1.5
10.5,4,1.55
10.5,4,1.6
10.5,4,1.65
10.5,4,1.7
10.5,4,1.75
10.5,4,1.8
10.5,4,1.85
10.5,4,1.9
10.5,4,1.95
10.5,4,2
10.5,4,2.05
10.5,4,2.1
10.5,4,2.15
10.5,4,2.2
10.5,4,2.25
10.5,4,2.3
10.5,4,2.35
10.5,4,2.4
10.5,4,2.45
10.5,4,2.5
10.5,4,2.55
10.5,4,2.6
10.5,4,2.65
10.5,4,2.7
10.5,4,2.75
10.5,4,2.8
10.5,4,2.85
10.5,4,2.9
10.5,4,2.95
10.5,4,3
10.5,4,3.05
10.5,4,3.1
10.5,4,3.15
10.5,4,3.2
10.5,4,3.25
10.5,4,3.3
10.5,4,3.35
10.5,4,3.4
10.5,4,3.45
10.5,4,3.5
10.5,4,3.55
10.5,4,3.6
10.5,4,3.65
10.5,4,3.7
10.5,4,3.75
10.5,4,3.8
10.5,4,3.85
10.5,4,3.9
10.5,4,3.95
10.5,4,4
10.5,4,4.05
10.5,4,4.1
10.5,4,4.15
10.5,4,4.2
10.5,4,4.25
10.5,4,4.3
10.5,4,4.35
10.5,4,4.4
10.5,4,4.45
10.5,4,4.5
10.5,4,4.55
10.5,4,4.6
10.5,4,4.65
10.5,4,4.7
10.5,4,4.75
10.5,4,4.8
10.5,4,4.85
10.5,4,4.9
10.5,4,4.95
10.5,4,5
10.5,4.5,0
10.5,4.5,0.05
10.5,4.5,0.1
10.5,4.5,0.15
10.5,4.5,0.2
10.5,4.5,0.25
10.5,4.5,0.3
10.5,4.5,0.35
10.5,4.5,0.4
10.5,4.5,0.45
10.5,4.5,0.5
10.5,4.5,0.55
10.5,4.5,0.6
10.5,4.5,0.65
10.5,4.5,0.7
10.5,4.5,0.75
10.5,4.5,0.8
10.5,4.5,0.85
10.5,4.5,0.9
10.5,4.5,0.95
10.5,4.5,1
10.5,4.5,1.05
10.5,4.5,1.1
10.5,4.5,1.15
10.5,4.5,1.2
10.5,4.5,1.25
10.5,4.5,1.3
10.5,4.5,1.35
10.5,4.5,1.4
10.5,4.5,1.45
10.5,4.5,1.5
10.5,4.5,1.55
10.5,4.5,1.6
10.5,4.5,1.65
10.5,4.5,1.7
10.5,4.5,1.75
10.5,4.5,1.8
10.5,4.5,1.85
10.5,4.5,1.9
10.5,4.5,1.95
10.5,4.5,2
10.5,4.5,2.05
10.5,4.5,2.1
10.5,4.5,2.15
10.5,4.5,2.2
10.5,4.5,2.25
10.5,4.5,2.3
10.5,4.5,2.35
10.5,4.5,2.4
10.5,4.5,2.45
10.5,4.5,2.5
10.5,4.5,2.55
10.5,4.5,2.6
10.5,4.5,2.65
10.5,4.5,2.7
10.5,4.5,2.75
10.5,4.5,2.8
10.5,4.5,2.85
10.5,4.5,2.9
10.5,4.5,2.95
10.5,4.5,3
10.5,4.5,3.05
10.5,4.5,3.1
10.5,4.5,3.15
10.5,4.5,3.2
10.5,4.5,3.25
10.5,4.5,3.3
10.5,4.5,3.35
10.5,4.5,3.4
10.5,4.5,3.45
10.5,4.5,3.5
10.5,4.5,3.55
10.5,4.5,3.6
10.5,4.5,3.65
10.5,4.5,3.7
10.5,4.5,3.75
10.5,4.5,3.8
10.5,4.5,3.85
10.5,4.5,3.9
10.5,4.5,3.95
10.5,4.5,4
10.5,4.5,4.05
10.5,4.5,4.1
10.5,4.5,4.15
10.5,4.5,4.2
10.5,4.5,4.25
10.5,4.5,4.3
10.5,4.5,4.35
10.5,4.5,4.4
10.5,4.5,4.45
10.5,4.5,4.5
10.5,4.5,4.55
10.5,4.5,4.6
10.5,4.5,4.65
10.5,4.5,4.7
10.5,4.5,4.75
10.5,4.5,4.8
10.5,4.5,4.85
10.5,4.5,4.9
10.5,4.5,4.95
10.5,4.5,5
10.5,5,0
10.5,5,0.05
10.5,5,0.1
10.5,5,0.15
10.5,5,0.2
10.5,5,0.25
10.5,5,0.3
10.5,5,0.35
10.5,5,0.4
10.5,5,0.45
10.5,5,0.5
10.5,5,0.55
10.5,5,0.6
10.5,5,0.65
10.5,5,0.7
10.5,5,0.75
10.5,5,0.8
10.5,5,0.85
10.5,5,0.9
10.5,5,0.95
10.5,5,1
10.5,5,1.05
10.5,5,1.1
10.5,5,1.15
10.5,5,1.2
10.5,5,1.25
10.5,5,1.3
10.5,5,1.35
10.5,5,1.4
10.5,5,1.45
10.5,5,1.5
10.5,5,1.55
10.5,5,1.6
10.5,5,1.65
10.5,5,1.7
10.5,5,1.75
10.5,5,1.8
10.5,5,1.85
10.5,5,1.9
10.5,5,1.95
10.5,5,2
10.5,5,2.05
10.5,5,2.1
10.5,5,2.15
10.5,5,2.2
10.5,5,2.25
10.5,5,2.3
10.5,5,2.35
10.5,5,2.4
10.5,5,2.45
10.5,5,2.5
10.5,5,2.55
10.5,5,2.6
10.5,5,2.65
10.5,5,2.7
10.5,5,2.75
10.5,5,2.8
10.5,5,2.85
10.5,5,2.9
10.5,5,2.95
10.5,5,3
10.5,5,3.05
10.5,5,3.1
10.5,5,3.15
10.5,5,3.2
10.5,5,3.25
10.5,5,3.3
10.5,5,3.35
10.5,5,3.4
10.5,5,3.45
10.5,5,3.5
10.5,5,3.55
10.5,5,3.6
10.5,5,3.65
10.5,5,3.7
10.5,5,3.75
10.5,5,3.8
10.5,5,3.85
10.5,5,3.9
10.5,5,3.95
10.5,5,4
10.5,5,4.05
10.5,5,4.1
10.5,5,4.15
10.5,5,4.2
10.5,5,4.25
10.5,5,4.3
10.5,5,4.35
10.5,5,4.4
10.5,5,4.45
10.5,5,4.5
10.5,5,4.55
10.5,5,4.6
10.5,5,4.65
10.5,5,4.7
10.5,5,4.75
10.5,5,4.8
10.5,5,4.85
10.5,5,4.9
10.5,5,4.95
10.5,5,5
10.5,5.5,0
10.5,5.5,0.05
10.5,5.5,0.1
10.5,5.5,0.15
10.5,5.5,0.2
10.5,5.5,0.25
10.5,5.5,0.3
10.5,5.5,0.35
10.5,5.5,0.4
10.5,5.5,0.45
10.5,5.5,0.5
10.5,5.5,0.55
10.5,5.5,0.6
10.5,5.5,0.65
10.5,5.5,0.7
10.5,5.5,0.75
10.5,5.5,0.8
10.5,5.5,0.85
10.5,5.5,0.9
10.5,5.5,0.95
10.5,5.5,1
10.5,5.5,1.05
10.5,5.5,1.1
10.5,5.5,1.15
10.5,5.5,1.2
10.5,5.5,1.25
10.5,5.5,1.3
10.5,5.5,1.35
10.5,5.5,1.4
10.5,5.5,1.45
10.5,5.5,1.5
10.5,5.5,1.55
10.5,5.5,1.6
10.5,5.5,1.65
10.5,5.5,1.7
10.5,5.5,1.75
10.5,5.5,1.8
10.5,5.5,1.85
10.5,5.5,1.9
10.5,5.5,1.95
10.5,5.5,2
10.5,5.5,2.05
10.5,5.5,2.1
10.5,5.5,2.15
10.5,5.5,2.2
10.5,5.5,2.25
10.5,5.5,2.3
10.5,5.5,2.35
10.5,5.5,2.4
10.5,5.5,2.45
10.5,5.5,2.5
10.5,5.5,2.55
10.5,5.5,2.6
10.5,5.5,2.65
10.5,5.5,2.7
10.5,5.5,2.75
10.5,5.5,2.8
10.5,5.5,2.85
10.5,5.5,2.9
10.5,5.5,2.95
10.5,5.5,3
10.5,5.5,3.05
10.5,5.5,3.1
10.5,5.5,3.15
10.5,5.5,3.2
10.5,5.5,3.25
10.5,5.5,3.3
10.5,5.5,3.35
10.5,5.5,3.4
10.5,5.5,3.45
10.5,5.5,3.5
10.5,5.5,3.55
10.5,5.5,3.6
10.5,5.5,3.65
10.5,5.5,3.7
10.5,5.5,3.75
10.5,5.5,3.8
10.5,5.5,3.85
10.5,5.5,3.9
10.5,5.5,3.95
10.5,5.5,4
10.5,5.5,4.05
10.5,5.5,4.1
10.5,5.5,4.15
10.5,5.5,4.2
10.5,5.5,4.25
10.5,5.5,4.3
10.5,5.5,4.35
10.5,5.5,4.4
10.5,5.5,4.45
10.5,5.5,4.5
10.5,5.5,4.55
10.5,5.5,4.6
10.5,5.5,4.65
10.5,5.5,4.7
10.5,5.5,4.75
10.5,5.5,4.8
10.5,5.5,4.85
10.5,5.5,4.9
10.5,5.5,4.95
10.5,5.5,5
10.5,6,0
10.5,6,0.05
10.5,6,0.1
10.5,6,0.15
10.5,6,0.2
10.5,6,0.25
10.5,6,0.3
10.5,6,0.35
10.5,6,0.4
10.5,6,0.45
10.5,6,0.5
10.5,6,0.55
10.5,6,0.6
10.5,6,0.65
10.5,6,0.7
10.5,6,0.75
10.5,6,0.8
10.5,6,0.85
10.5,6,0.9
10.5,6,0.95
10.5,6,1
10.5,6,1.05
10.5,6,1.1
10.5,6,1.15
10.5,6,1.2
10.5,6,1.25
10.5,6,1.3
10.5,6,1.35
10.5,6,1.4
10.5,6,1.45
10.5,6,1.5
10.5,6,1.55
10.5,6,1.6
10.5,6,1.65
10.5,6,1.7
10.5,6,1.75
10.5,6,1.8
10.5,6,1.85
10.5,6,1.9
10.5,6,1.95
10.5,6,2
10.5,6,2.05
10.5,6,2.1
10.5,6,2.15
10.5,6,2.2
10.5,6,2.25
10.5,6,2.3
10.5,6,2.35
10.5,6,2.4
10.5,6,2.45
10.5,6,2.5
10.5,6,2.55
10.5,6,2.6
10.5,6,2.65
10.5,6,2.7
10.5,6,2.75
10.5,6,2.8
10.5,6,2.85
10.5,6,2.9
10.5,6,2.95
10.5,6,3
10.5,6,3.05
10.5,6,3.1
10.5,6,3.15
10.5,6,3.2
10.5,6,3.25
10.5,6,3.3
10.5,6,3.35
10.5,6,3.4
10.5,6,3.45
10.5,6,3.5
10.5,6,3.55
10.5,6,3.6
10.5,6,3.65
10.5,6,3.7
10.5,6,3.75
10.5,6,3.8
10.5,6,3.85
10.5,6,3.9
10.5,6,3.95
10.5,6,4
10.5,6,4.05
10.5,6,4.1
10.5,6,4.15
10.5,6,4.2
10.5,6,4.25
10.5,6,4.3
10.5,6,4.35
10.5,6,4.4
10.5,6,4.45
10.5,6,4.5
10.5,6,4.55
10.5,6,4.6
10.5,6,4.65
10.5,6,4.7
10.5,6,4.75
10.5,6,4.8
10.5,6,4.85
10.5,6,4.9
10.5,6,4.95
10.5,6,5
10.5,6.5,0
10.5,6.5,0.05
10.5,6.5,0.1
10.5,6.5,0.15
10.5,6.5,0.2
10.5,6.5,0.25
10.5,6.5,0.3
10.5,6.5,0.35
10.5,6.5,0.4
10.5,6.5,0.45
10.5,6.5,0.5
10.5,6.5,0.55
10.5,6.5,0.6
10.5,6.5,0.65
10.5,6.5,0.7
10.5,6.5,0.75
10.5,6.5,0.8
10.5,6.5,0.85
10.5,6.5,0.9
10.5,6.5,0.95
10.5,6.5,1
10.5,6.5,1.05
10.5,6.5,1.1
10.5,6.5,1.15
10.5,6.5,1.2
10.5,6.5,1.25
10.5,6.5,1.3
10.5,6.5,1.35
10.5,6.5,1.4
10.5,6.5,1.45
10.5,6.5,1.5
10.5,6.5,1.55
10.5,6.5,1.6
10.5,6.5,1.65
10.5,6.5,1.7
10.5,6.5,1.75
10.5,6.5,1.8
10.5,6.5,1.85
10.5,6.5,1.9
10.5,6.5,1.95
10.5,6.5,2
10.5,6.5,2.05
10.5,6.5,2.1
10.5,6.5,2.15
10.5,6.5,2.2
10.5,6.5,2.25
10.5,6.5,2.3
10.5,6.5,2.35
10.5,6.5,2.4
10.5,6.5,2.45
10.5,6.5,2.5
10.5,6.5,2.55
10.5,6.5,2.6
10.5,6.5,2.65
10.5,6.5,2.7
10.5,6.5,2.75
10.5,6.5,2.8
10.5,6.5,2.85
10.5,6.5,2.9
10.5,6.5,2.95
10.5,6.5,3
10.5,6.5,3.05
10.5,6.5,3.1
10.5,6.5,3.15
10.5,6.5,3.2
10.5,6.5,3.25
10.5,6.5,3.3
10.5,6.5,3.35
10.5,6.5,3.4
10.5,6.5,3.45
10.5,6.5,3.5
10.5,6.5,3.55
10.5,6.5,3.6
10.5,6.5,3.65
10.5,6.5,3.7
10.5,6.5,3.75
10.5,6.5,3.8
10.5,6.5,3.85
10.5,6.5,3.9
10.5,6.5,3.95
10.5,6.5,4
10.5,6.5,4.05
10.5,6.5,4.1
10.5,6.5,4.15
10.5,6.5,4.2
10.5,6.5,4.25
10.5,6.5,4.3
10.5,6.5,4.35
10.5,6.5,4.4
10.5,6.5,4.45
10.5,6.5,4.5
10.5,6.5,4.55
10.5,6.5,4.6
10.5,6.5,4.65
10.5,6.5,4.7
10.5,6.5,4.75
10.5,6.5,4.8
10.5,6.5,4.85
10.5,6.5,4.9
10.5,6.5,4.95
10.5,6.5,5
10.5,7,0
10.5,7,0.05
10.5,7,0.1
10.5,7,0.15
10.5,7,0.2
10.5,7,0.25
10.5,7,0.3
10.5,7,0.35
10.5,7,0.4
10.5,7,0.45
10.5,7,0.5
10.5,7,0.55
10.5,7,0.6
10.5,7,0.65
10.5,7,0.7
10.5,7,0.75
10.5,7,0.8
10.5,7,0.85
10.5,7,0.9
10.5,7,0.95
10.5,7,1
10.5,7,1.05
10.5,7,1.1
10.5,7,1.15
10.5,7,1.2
10.5,7,1.25
10.5,7,1.3
10.5,7,1.35
10.5,7,1.4
10.5,7,1.45
10.5,7,1.5
10.5,7,1.55
10.5,7,1.6
10.5,7,1.65
10.5,7,1.7
10.5,7,1.75
10.5,7,1.8
10.5,7,1.85
10.5,7,1.9
10.5,7,1.95
10.5,7,2
10.5,7,2.05
10.5,7,2.1
10.5,7,2.15
10.5,7,2.2
10.5,7,2.25
10.5,7,2.3
10.5,7,2.35
10.5,7,2.4
10.5,7,2.45
10.5,7,2.5
10.5,7,2.55
10.5,7,2.6
10.5,7,2.65
10.5,7,2.7
10.5,7,2.75
10.5,7,2.8
10.5,7,2.85
10.5,7,2.9
10.5,7,2.95
10.5,7,3
10.5,7,3.05
10.5,7,3.1
10.5,7,3.15
10.5,7,3.2
10.5,7,3.25
10.5,7,3.3
10.5,7,3.35
10.5,7,3.4
10.5,7,3.45
10.5,7,3.5
10.5,7,3.55
10.5,7,3.6
10.5,7,3.65
10.5,7,3.7
10.5,7,3.75
10.5,7,3.8
10.5,7,3.85
10.5,7,3.9
10.5,7,3.95
10.5,7,4
10.5,7,4.05
10.5,7,4.1
10.5,7,4.15
10.5,7,4.2
10.5,7,4.25
10.5,7,4.3
10.5,7,4.35
10.5,7,4.4
10.5,7,4.45
10.5,7,4.5
10.5,7,4.55
10.5,7,4.6
10.5,7,4.65
10.5,7,4.7
10.5,7,4.75
10.5,7,4.8
10.5,7,4.85
10.5,7,4.9
10.5,7,4.95
10.5,7,5
10.5,7.5,0
10.5,7.5,0.05
10.5,7.5,0.1
10.5,7.5,0.15
10.5,7.5,0.2
10.5,7.5,0.25
10.5,7.5,0.3
10.5,7.5,0.35
10.5,7.5,0.4
10.5,7.5,0.45
10.5,7.5,0.5
10.5,7.5,0.55
10.5,7.5,0.6
10.5,7.5,0.65
10.5,7.5,0.7
10.5,7.5,0.75
10.5,7.5,0.8
10.5,7.5,0.85
10.5,7.5,0.9
10.5,7.5,0.95
10.5,7.5,1
10.5,7.5,1.05
10.5,7.5,1.1
10.5,7.5,1.15
10.5,7.5,1.2
10.5,7.5,1.25
10.5,7.5,1.3
10.5,7.5,1.35
10.5,7.5,1.4
10.5,7.5,1.45
10.5,7.5,1.5
10.5,7.5,1.55
10.5,7.5,1.6
10.5,7.5,1.65
10.5,7.5,1.7
10.5,7.5,1.75
10.5,7.5,1.8
10.5,7.5,1.85
10.5,7.5,1.9
10.5,7.5,1.95
10.5,7.5,2
10.5,7.5,2.05
10.5,7.5,2.1
10.5,7.5,2.15
10.5,7.5,2.2
10.5,7.5,2.25
10.5,7.5,2.3
10.5,7.5,2.35
10.5,7.5,2.4
10.5,7.5,2.45
10.5,7.5,2.5
10.5,7.5,2.55
10.5,7.5,2.6
10.5,7.5,2.65
10.5,7.5,2.7
10.5,7.5,2.75
10.5,7.5,2.8
10.5,7.5,2.85
10.5,7.5,2.9
10.5,7.5,2.95
10.5,7.5,3
10.5,7.5,3.05
10.5,7.5,3.1
10.5,7.5,3.15
10.5,7.5,3.2
10.5,7.5,3.25
10.5,7.5,3.3
10.5,7.5,3.35
10.5,7.5,3.4
10.5,7.5,3.45
10.5,7.5,3.5
10.5,7.5,3.55
10.5,7.5,3.6
10.5,7.5,3.65
10.5,7.5,3.7
10.5,7.5,3.75
10.5,7.5,3.8
10.5,7.5,3.85
10.5,7.5,3.9
10.5,7.5,3.95
10.5,7.5,4
10.5,7.5,4.05
10.5,7.5,4.1
10.5,7.5,4.15
10.5,7.5,4.2
10.5,7.5,4.25
10.5,7.5,4.3
10.5,7.5,4.35
10.5,7.5,4.4
10.5,7.5,4.45
10.5,7.5,4.5
10.5,7.5,4.55
10.5,7.5,4.6
10.5,7.5,4.65
10.5,7.5,4.7
10.5,7.5,4.75
10.5,7.5,4.8
10.5,7.5,4.85
10.5,7.5,4.9
10.5,7.5,4.95
10.5,7.5,5
10.5,8,0
10.5,8,0.05
10.5,8,0.1
10.5,8,0.15
10.5,8,0.2
10.5,8,0.25
10.5,8,0.3
10.5,8,0.35
10.5,8,0.4
10.5,8,0.45
10.5,8,0.5
10.5,8,0.55
10.5,8,0.6
10.5,8,0.65
10.5,8,0.7
10.5,8,0.75
10.5,8,0.8
10.5,8,0.85
10.5,8,0.9
10.5,8,0.95
10.5,8,1
10.5,8,1.05
10.5,8,1.1
10.5,8,1.15
10.5,8,1.2
10.5,8,1.25
10.5,8,1.3
10.5,8,1.35
10.5,8,1.4
10.5,8,1.45
10.5,8,1.5
10.5,8,1.55
10.5,8,1.6
10.5,8,1.65
10.5,8,1.7
10.5,8,1.75
10.5,8,1.8
10.5,8,1.85
10.5,8,1.9
10.5,8,1.95
10.5,8,2
10.5,8,2.05
10.5,8,2.1
10.5,8,2.15
10.5,8,2.2
10.5,8,2.25
10.5,8,2.3
10.5,8,2.35
10.5,8,2.4
10.5,8,2.45
10.5,8,2.5
10.5,8,2.55
10.5,8,2.6
10.5,8,2.65
10.5,8,2.7
10.5,8,2.75
10.5,8,2.8
10.5,8,2.85
10.5,8,2.9
10.5,8,2.95
10.5,8,3
10.5,8,3.05
10.5,8,3.1
10.5,8,3.15
10.5,8,3.2
10.5,8,3.25
10.5,8,3.3
10.5,8,3.35
10.5,8,3.4
10.5,8,3.45
10.5,8,3.5
10.5,8,3.55
10.5,8,3.6
10.5,8,3.65
10.5,8,3.7
10.5,8,3.75
10.5,8,3.8
10.5,8,3.85
10.5,8,3.9
10.5,8,3.95
10.5,8,4
10.5,8,4.05
10.5,8,4.1
10.5,8,4.15
10.5,8,4.2
10.5,8,4.25
10.5,8,4.3
10.5,8,4.35
10.5,8,4.4
10.5,8,4.45
10.5,8,4.5
10.5,8,4.55
10.5,8,4.6
10.5,8,4.65
10.5,8,4.7
10.5,8,4.75
10.5,8,4.8
10.5,8,4.85
10.5,8,4.9
10.5,8,4.95
10.5,8,5
10.5,8.5,0
10.5,8.5,0.05
10.5,8.5,0.1
10.5,8.5,0.15
10.5,8.5,0.2
10.5,8.5,0.25
10.5,8.5,0.3
10.5,8.5,0.35
10.5,8.5,0.4
10.5,8.5,0.45
10.5,8.5,0.5
10.5,8.5,0.55
10.5,8.5,0.6
10.5,8.5,0.65
10.5,8.5,0.7
10.5,8.5,0.75
10.5,8.5,0.8
10.5,8.5,0.85
10.5,8.5,0.9
10.5,8.5,0.95
10.5,8.5,1
10.5,8.5,1.05
10.5,8.5,1.1
10.5,8.5,1.15
10.5,8.5,1.2
10.5,8.5,1.25
10.5,8.5,1.3
10.5,8.5,1.35
10.5,8.5,1.4
10.5,8.5,1.45
10.5,8.5,1.5
10.5,8.5,1.55
10.5,8.5,1.6
10.5,8.5,1.65
10.5,8.5,1.7
10.5,8.5,1.75
10.5,8.5,1.8
10.5,8.5,1.85
10.5,8.5,1.9
10.5,8.5,1.95
10.5,8.5,2
10.5,8.5,2.05
10.5,8.5,2.1
10.5,8.5,2.15
10.5,8.5,2.2
10.5,8.5,2.25
10.5,8.5,2.3
10.5,8.5,2.35
10.5,8.5,2.4
10.5,8.5,2.45
10.5,8.5,2.5
10.5,8.5,2.55
10.5,8.5,2.6
10.5,8.5,2.65
10.5,8.5,2.7
10.5,8.5,2.75
10.5,8.5,2.8
10.5,8.5,2.85
10.5,8.5,2.9
10.5,8.5,2.95
10.5,8.5,3
10.5,8.5,3.05
10.5,8.5,3.1
10.5,8.5,3.15
10.5,8.5,3.2
10.5,8.5,3.25
10.5,8.5,3.3
10.5,8.5,3.35
10.5,8.5,3.4
10.5,8.5,3.45
10.5,8.5,3.5
10.5,8.5,3.55
10.5,8.5,3.6
10.5,8.5,3.65
10.5,8.5,3.7
10.5,8.5,3.75
10.5,8.5,3.8
10.5,8.5,3.85
10.5,8.5,3.9
10.5,8.5,3.95
10.5,8.5,4
10.5,8.5,4.05
10.5,8.5,4.1
10.5,8.5,4.15
10.5,8.5,4.2
10.5,8.5,4.25
10.5,8.5,4.3
10.5,8.5,4.35
10.5,8.5,4.4
10.5,8.5,4.45
10.5,8.5,4.5
10.5,8.5,4.55
10.5,8.5,4.6
10.5,8.5,4.65
10.5,8.5,4.7
10.5,8.5,4.75
10.5,8.5,4.8
10.5,8.5,4.85
10.5,8.5,4.9
10.5,8.5,4.95
10.5,8.5,5
10.5,9,0
10.5,9,0.05
10.5,9,0.1
10.5,9,0.15
10.5,9,0.2
10.5,9,0.25
10.5,9,0.3
10.5,9,0.35
10.5,9,0.4
10.5,9,0.45
10.5,9,0.5
10.5,9,0.55
10.5,9,0.6
10.5,9,0.65
10.5,9,0.7
10.5,9,0.75
10.5,9,0.8
10.5,9,0.85
10.5,9,0.9
10.5,9,0.95
10.5,9,1
10.5,9,1.05
10.5,9,1.1
10.5,9,1.15
10.5,9,1.2
10.5,9,1.25
10.5,9,1.3
10.5,9,1.35
10.5,9,1.4
10.5,9,1.45
10.5,9,1.5
10.5,9,1.55
10.5,9,1.6
10.5,9,1.65
10.5,9,1.7
10.5,9,1.75
10.5,9,1.8
10.5,9,1.85
10.5,9,1.9
10.5,9,1.95
10.5,9,2
10.5,9,2.05
10.5,9,2.1
10.5,9,2.15
10.5,9,2.2
10.5,9,2.25
10.5,9,2.3
10.5,9,2.35
10.5,9,2.4
10.5,9,2.45
10.5,9,2.5
10.5,9,2.55
10.5,9,2.6
10.5,9,2.65
10.5,9,2.7
10.5,9,2.75
10.5,9,2.8
10.5,9,2.85
10.5,9,2.9
10.5,9,2.95
10.5,9,3
10.5,9,3.05
10.5,9,3.1
10.5,9,3.15
10.5,9,3.2
10.5,9,3.25
10.5,9,3.3
10.5,9,3.35
10.5,9,3.4
10.5,9,3.45
10.5,9,3.5
10.5,9,3.55
10.5,9,3.6
10.5,9,3.65
10.5,9,3.7
10.5,9,3.75
10.5,9,3.8
10.5,9,3.85
10.5,9,3.9
10.5,9,3.95
10.5,9,4
10.5,9,4.05
10.5,9,4.1
10.5,9,4.15
10.5,9,4.2
10.5,9,4.25
10.5,9,4.3
10.5,9,4.35
10.5,9,4.4
10.5,9,4.45
10.5,9,4.5
10.5,9,4.55
10.5,9,4.6
10.5,9,4.65
10.5,9,4.7
10.5,9,4.75
10.5,9,4.8
10.5,9,4.85
10.5,9,4.9
10.5,9,4.95
10.5,9,5
10.5,9.5,0
10.5,9.5,0.05
10.5,9.5,0.1
10.5,9.5,0.15
10.5,9.5,0.2
10.5,9.5,0.25
10.5,9.5,0.3
10.5,9.5,0.35
10.5,9.5,0.4
10.5,9.5,0.45
10.5,9.5,0.5
10.5,9.5,0.55
10.5,9.5,0.6
10.5,9.5,0.65
10.5,9.5,0.7
10.5,9.5,0.75
10.5,9.5,0.8
10.5,9.5,0.85
10.5,9.5,0.9
10.5,9.5,0.95
10.5,9.5,1
10.5,9.5,1.05
10.5,9.5,1.1
10.5,9.5,1.15
10.5,9.5,1.2
10.5,9.5,1.25
10.5,9.5,1.3
10.5,9.5,1.35
10.5,9.5,1.4
10.5,9.5,1.45
10.5,9.5,1.5
10.5,9.5,1.55
10.5,9.5,1.6
10.5,9.5,1.65
10.5,9.5,1.7
10.5,9.5,1.75
10.5,9.5,1.8
10.5,9.5,1.85
10.5,9.5,1.9
10.5,9.5,1.95
10.5,9.5,2
10.5,9.5,2.05
10.5,9.5,2.1
10.5,9.5,2.15
10.5,9.5,2.2
10.5,9.5,2.25
10.5,9.5,2.3
10.5,9.5,2.35
10.5,9.5,2.4
10.5,9.5,2.45
10.5,9.5,2.5
10.5,9.5,2.55
10.5,9.5,2.6
10.5,9.5,2.65
10.5,9.5,2.7
10.5,9.5,2.75
10.5,9.5,2.8
10.5,9.5,2.85
10.5,9.5,2.9
10.5,9.5,2.95
10.5,9.5,3
10.5,9.5,3.05
10.5,9.5,3.1
10.5,9.5,3.15
10.5,9.5,3.2
10.5,9.5,3.25
10.5,9.5,3.3
10.5,9.5,3.35
10.5,9.5,3.4
10.5,9.5,3.45
10.5,9.5,3.5
10.5,9.5,3.55
10.5,9.5,3.6
10.5,9.5,3.65
10.5,9.5,3.7
10.5,9.5,3.75
10.5,9.5,3.8
10.5,9.5,3.85
10.5,9.5,3.9
10.5,9.5,3.95
10.5,9.5,4
10.5,9.5,4.05
10.5,9.5,4.1
10.5,9.5,4.15
10.5,9.5,4.2
10.5,9.5,4.25
10.5,9.5,4.3
10.5,9.5,4.35
10.5,9.5,4.4
10.5,9.5,4.45
10.5,9.5,4.5
10.5,9.5,4.55
10.5,9.5,4.6
10.5,9.5,4.65
10.5,9.5,4.7
10.5,9.5,4.75
10.5,9.5,4.8
10.5,9.5,4.85
10.5,9.5,4.9
10.5,9.5,4.95
10.5,9.5,5
10.5,10,0
10.5,10,0.05
10.5,10,0.1
10.5,10,0.15
10.5,10,0.2
10.5,10,0.25
10.5,10,0.3
10.5,10,0.35
10.5,10,0.4
10.5,10,0.45
10.5,10,0.5
10.5,10,0.55
10.5,10,0.6
10.5,10,0.65
10.5,10,0.7
10.5,10,0.75
10.5,10,0.8
10.5,10,0.85
10.5,10,0.9
10.5,10,0.95
10.5,10,1
10.5,10,1.05
10.5,10,1.1
10.5,10,1.15
10.5,10,1.2
10.5,10,1.25
10.5,10,1.3
10.5,10,1.35
10.5,10,1.4
10.5,10,1.45
10.5,10,1.5
10.5,10,1.55
10.5,10,1.6
10.5,10,1.65
10.5,10,1.7
10.5,10,1.75
10.5,10,1.8
10.5,10,1.85
10.5,10,1.9
10.5,10,1.95
10.5,10,2
10.5,10,2.05
10.5,10,2.1
10.5,10,2.15
10.5,10,2.2
10.5,10,2.25
10.5,10,2.3
10.5,10,2.35
10.5,10,2.4
10.5,10,2.45
10.5,10,2.5
10.5,10,2.55
10.5,10,2.6
10.5,10,2.65
10.5,10,2.7
10.5,10,2.75
10.5,10,2.8
10.5,10,2.85
10.5,10,2.9
10.5,10,2.95
10.5,10,3
10.5,10,3.05
10.5,10,3.1
10.5,10,3.15
10.5,10,3.2
10.5,10,3.25
10.5,10,3.3
10.5,10,3.35
10.5,10,3.4
10.5,10,3.45
10.5,10,3.5
10.5,10,3.55
10.5,10,3.6
10.5,10,3.65
10.5,10,3.7
10.5,10,3.75
10.5,10,3.8
10.5,10,3.85
10.5,10,3.9
10.5,10,3.95
10.5,10,4
10.5,10,4.05
10.5,10,4.1
10.5,10,4.15
10.5,10,4.2
10.5,10,4.25
10.5,10,4.3
10.5,10,4.35
10.5,10,4.4
10.5,10,4.45
10.5,10,4.5
10.5,10,4.55
10.5,10,4.6
10.5,10,4.65
10.5,10,4.7
10.5,10,4.75
10.5,10,4.8
10.5,10,4.85
10.5,10,4.9
10.5,10,4.95
10.5,10,5
11,0,0
11,0,0.05
11,0,0.1
11,0,0.15
11,0,0.2
11,0,0.25
11,0,0.3
11,0,0.35
11,0,0.4
11,0,0.45
11,0,0.5
11,0,0.55
11,0,0.6
11,0,0.65
11,0,0.7
11,0,0.75
11,0,0.8
11,0,0.85
11,0,0.9
11,0,0.95
11,0,1
11,0,1.05
11,0,1.1
11,0,1.15
11,0,1.2
11,0,1.25
11,0,1.3
11,0,1.35
11,0,1.4
11,0,1.45
11,0,1.5
11,0,1.55
11,0,1.6
11,0,1.65
11,0,1.7
11,0,1.75
11,0,1.8
11,0,1.85
11,0,1.9
11,0,1.95
11,0,2
11,0,2.05
11,0,2.1
11,0,2.15
11,0,2.2
11,0,2.25
11,0,2.3
11,0,2.35
11,0,2.4
11,0,2.45
11,0,2.5
11,0,2.55
11,0,2.6
11,0,2.65
11,0,2.7
11,0,2.75
11,0,2.8
11,0,2.85
11,0,2.9
11,0,2.95
11,0,3
11,0,3.05
11,0,3.1
11,0,3.15
11,0,3.2
11,0,3.25
11,0,3.3
11,0,3.35
11,0,3.4
11,0,3.45
11,0,3.5
11,0,3.55
11,0,3.6
11,0,3.65
11,0,3.7
11,0,3.75
11,0,3.8
11,0,3.85
11,0,3.9
11,0,3.95
11,0,4
11,0,4.05
11,0,4.1
11,0,4.15
11,0,4.2
11,0,4.25
11,0,4.3
11,0,4.35
11,0,4.4
11,0,4.45
11,0,4.5
11,0,4.55
11,0,4.6
11,0,4.65
11,0,4.7
11,0,4.75
11,0,4.8
11,0,4.85
11,0,4.9
11,0,4.95
11,0,5
11,0.5,0
11,0.5,0.05
11,0.5,0.1
11,0.5,0.15
11,0.5,0.2
11,0.5,0.25
11,0.5,0.3
11,0.5,0.35
11,0.5,0.4
11,0.5,0.45
11,0.5,0.5
11,0.5,0.55
11,0.5,0.6
11,0.5,0.65
11,0.5,0.7
11,0.5,0.75
11,0.5,0.8
11,0.5,0.85
11,0.5,0.9
11,0.5,0.95
11,0.5,1
11,0.5,1.05
11,0.5,1.1
11,0.5,1.15
11,0.5,1.2
11,0.5,1.25
11,0.5,1.3
11,0.5,1.35
11,0.5,1.4
11,0.5,1.45
11,0.5,1.5
11,0.5,1.55
11,0.5,1.6
11,0.5,1.65
11,0.5,1.7
11,0.5,1.75
11,0.5,1.8
11,0.5,1.85
11,0.5,1.9
11,0.5,1.95
11,0.5,2
11,0.5,2.05
11,0.5,2.1
11,0.5,2.15
11,0.5,2.2
11,0.5,2.25
11,0.5,2.3
11,0.5,2.35
11,0.5,2.4
11,0.5,2.45
11,0.5,2.5
11,0.5,2.55
11,0.5,2.6
11,0.5,2.65
11,0.5,2.7
11,0.5,2.75
11,0.5,2.8
11,0.5,2.85
11,0.5,2.9
11,0.5,2.95
11,0.5,3
11,0.5,3.05
11,0.5,3.1
11,0.5,3.15
11,0.5,3.2
11,0.5,3.25
11,0.5,3.3
11,0.5,3.35
11,0.5,3.4
11,0.5,3.45
11,0.5,3.5
11,0.5,3.55
11,0.5,3.6
11,0.5,3.65
11,0.5,3.7
11,0.5,3.75
11,0.5,3.8
11,0.5,3.85
11,0.5,3.9
11,0.5,3.95
11,0.5,4
11,0.5,4.05
11,0.5,4.1
11,0.5,4.15
11,0.5,4.2
11,0.5,4.25
11,0.5,4.3
11,0.5,4.35
11,0.5,4.4
11,0.5,4.45
11,0.5,4.5
11,0.5,4.55
11,0.5,4.6
11,0.5,4.65
11,0.5,4.7
11,0.5,4.75
11,0.5,4.8
11,0.5,4.85
11,0.5,4.9
11,0.5,4.95
11,0.5,5
11,1,0
11,1,0.05
11,1,0.1
11,1,0.15
11,1,0.2
11,1,0.25
11,1,0.3
11,1,0.35
11,1,0.4
11,1,0.45
11,1,0.5
11,1,0.55
11,1,0.6
11,1,0.65
11,1,0.7
11,1,0.75
11,1,0.8
11,1,0.85
11,1,0.9
11,1,0.95
11,1,1
11,1,1.05
11,1,1.1
11,1,1.15
11,1,1.2
11,1,1.25
11,1,1.3
11,1,1.35
11,1,1.4
11,1,1.45
11,1,1.5
11,1,1.55
11,1,1.6
11,1,1.65
11,1,1.7
11,1,1.75
11,1,1.8
11,1,1.85
11,1,1.9
11,1,1.95
11,1,2
11,1,2.05
11,1,2.1
11,1,2.15
11,1,2.2
11,1,2.25
11,1,2.3
11,1,2.35
11,1,2.4
11,1,2.45
11,1,2.5
11,1,2.55
11,1,2.6
11,1,2.65
11,1,2.7
11,1,2.75
11,1,2.8
11,1,2.85
11,1,2.9
11,1,2.95
11,1,3
11,1,3.05
11,1,3.1
11,1,3.15
11,1,3.2
11,1,3.25
11,1,3.3
11,1,3.35
11,1,3.4
11,1,3.45
11,1,3.5
11,1,3.55
11,1,3.6
11,1,3.65
11,1,3.7
11,1,3.75
11,1,3.8
11,1,3.85
11,1,3.9
11,1,3.95
11,1,4
11,1,4.05
11,1,4.1
11,1,4.15
11,1,4.2
11,1,4.25
11,1,4.3
11,1,4.35
11,1,4.4
11,1,4.45
11,1,4.5
11,1,4.55
11,1,4.6
11,1,4.65
11,1,4.7
11,1,4.75
11,1,4.8
11,1,4.85
11,1,4.9
11,1,4.95
11,1,5
11,1.5,0
11,1.5,0.05
11,1.5,0.1
11,1.5,0.15
11,1.5,0.2
11,1.5,0.25
11,1.5,0.3
11,1.5,0.35
11,1.5,0.4
11,1.5,0.45
11,1.5,0.5
11,1.5,0.55
11,1.5,0.6
11,1.5,0.65
11,1.5,0.7
11,1.5,0.75
11,1.5,0.8
11,1.5,0.85
11,1.5,0.9
11,1.5,0.95
11,1.5,1
11,1.5,1.05
11,1.5,1.1
11,1.5,1.15
11,1.5,1.2
11,1.5,1.25
11,1.5,1.3
11,1.5,1.35
11,1.5,1.4
11,1.5,1.45
11,1.5,1.5
11,1.5,1.55
11,1.5,1.6
11,1.5,1.65
11,1.5,1.7
11,1.5,1.75
11,1.5,1.8
11,1.5,1.85
11,1.5,1.9
11,1.5,1.95
11,1.5,2
11,1.5,2.05
11,1.5,2.1
11,1.5,2.15
11,1.5,2.2
11,1.5,2.25
11,1.5,2.3
11,1.5,2.35
11,1.5,2.4
11,1.5,2.45
11,1.5,2.5
11,1.5,2.55
11,1.5,2.6
11,1.5,2.65
11,1.5,2.7
11,1.5,2.75
11,1.5,2.8
11,1.5,2.85
11,1.5,2.9
11,1.5,2.95
11,1.5,3
11,1.5,3.05
11,1.5,3.1
11,1.5,3.15
11,1.5,3.2
11,1.5,3.25
11,1.5,3.3
11,1.5,3.35
11,1.5,3.4
11,1.5,3.45
11,1.5,3.5
11,1.5,3.55
11,1.5,3.6
11,1.5,3.65
11,1.5,3.7
11,1.5,3.75
11,1.5,3.8
11,1.5,3.85
11,1.5,3.9
11,1.5,3.95
11,1.5,4
11,1.5,4.05
11,1.5,4.1
11,1.5,4.15
11,1.5,4.2
11,1.5,4.25
11,1.5,4.3
11,1.5,4.35
11,1.5,4.4
11,1.5,4.45
11,1.5,4.5
11,1.5,4.55
11,1.5,4.6
11,1.5,4.65
11,1.5,4.7
11,1.5,4.75
11,1.5,4.8
11,1.5,4.85
11,1.5,4.9
11,1.5,4.95
11,1.5,5
11,2,0
11,2,0.05
11,2,0.1
11,2,0.15
11,2,0.2
11,2,0.25
11,2,0.3
11,2,0.35
11,2,0.4
11,2,0.45
11,2,0.5
11,2,0.55
11,2,0.6
11,2,0.65
11,2,0.7
11,2,0.75
11,2,0.8
11,2,0.85
11,2,0.9
11,2,0.95
11,2,1
11,2,1.05
11,2,1.1
11,2,1.15
11,2,1.2
11,2,1.25
11,2,1.3
11,2,1.35
11,2,1.4
11,2,1.45
11,2,1.5
11,2,1.55
11,2,1.6
11,2,1.65
11,2,1.7
11,2,1.75
11,2,1.8
11,2,1.85
11,2,1.9
11,2,1.95
11,2,2
11,2,2.05
11,2,2.1
11,2,2.15
11,2,2.2
11,2,2.25
11,2,2.3
11,2,2.35
11,2,2.4
11,2,2.45
11,2,2.5
11,2,2.55
11,2,2.6
11,2,2.65
11,2,2.7
11,2,2.75
11,2,2.8
11,2,2.85
11,2,2.9
11,2,2.95
11,2,3
11,2,3.05
11,2,3.1
11,2,3.15
11,2,3.2
11,2,3.25
11,2,3.3
11,2,3.35
11,2,3.4
11,2,3.45
11,2,3.5
11,2,3.55
11,2,3.6
11,2,3.65
11,2,3.7
11,2,3.75
11,2,3.8
11,2,3.85
11,2,3.9
11,2,3.95
11,2,4
11,2,4.05
11,2,4.1
11,2,4.15
11,2,4.2
11,2,4.25
11,2,4.3
11,2,4.35
11,2,4.4
11,2,4.45
11,2,4.5
11,2,4.55
11,2,4.6
11,2,4.65
11,2,4.7
11,2,4.75
11,2,4.8
11,2,4.85
11,2,4.9
11,2,4.95
11,2,5
11,2.5,0
11,2.5,0.05
11,2.5,0.1
11,2.5,0.15
11,2.5,0.2
11,2.5,0.25
11,2.5,0.3
11,2.5,0.35
11,2.5,0.4
11,2.5,0.45
11,2.5,0.5
11,2.5,0.55
11,2.5,0.6
11,2.5,0.65
11,2.5,0.7
11,2.5,0.75
11,2.5,0.8
11,2.5,0.85
11,2.5,0.9
11,2.5,0.95
11,2.5,1
11,2.5,1.05
11,2.5,1.1
11,2.5,1.15
11,2.5,1.2
11,2.5,1.25
11,2.5,1.3
11,2.5,1.35
11,2.5,1.4
11,2.5,1.45
11,2.5,1.5
11,2.5,1.55
11,2.5,1.6
11,2.5,1.65
11,2.5,1.7
11,2.5,1.75
11,2.5,1.8
11,2.5,1.85
11,2.5,1.9
11,2.5,1.95
11,2.5,2
11,2.5,2.05
11,2.5,2.1
11,2.5,2.15
11,2.5,2.2
11,2.5,2.25
11,2.5,2.3
11,2.5,2.35
11,2.5,2.4
11,2.5,2.45
11,2.5,2.5
11,2.5,2.55
11,2.5,2.6
11,2.5,2.65
11,2.5,2.7
11,2.5,2.75
11,2.5,2.8
11,2.5,2.85
11,2.5,2.9
11,2.5,2.95
11,2.5,3
11,2.5,3.05
11,2.5,3.1
11,2.5,3.15
11,2.5,3.2
11,2.5,3.25
11,2.5,3.3
11,2.5,3.35
11,2.5,3.4
11,2.5,3.45
11,2.5,3.5
11,2.5,3.55
11,2.5,3.6
11,2.5,3.65
11,2.5,3.7
11,2.5,3.75
11,2.5,3.8
11,2.5,3.85
11,2.5,3.9
11,2.5,3.95
11,2.5,4
11,2.5,4.05
11,2.5,4.1
11,2.5,4.15
11,2.5,4.2
11,2.5,4.25
11,2.5,4.3
11,2.5,4.35
11,2.5,4.4
11,2.5,4.45
11,2.5,4.5
11,2.5,4.55
11,2.5,4.6
11,2.5,4.65
11,2.5,4.7
11,2.5,4.75
11,2.5,4.8
11,2.5,4.85
11,2.5,4.9
11,2.5,4.95
11,2.5,5
11,3,0
11,3,0.05
11,3,0.1
11,3,0.15
11,3,0.2
11,3,0.25
11,3,0.3
11,3,0.35
11,3,0.4
11,3,0.45
11,3,0.5
11,3,0.55
11,3,0.6
11,3,0.65
11,3,0.7
11,3,0.75
11,3,0.8
11,3,0.85
11,3,0.9
11,3,0.95
11,3,1
11,3,1.05
11,3,1.1
11,3,1.15
11,3,1.2
11,3,1.25
11,3,1.3
11,3,1.35
11,3,1.4
11,3,1.45
11,3,1.5
11,3,1.55
11,3,1.6
11,3,1.65
11,3,1.7
11,3,1.75
11,3,1.8
11,3,1.85
11,3,1.9
11,3,1.95
11,3,2
11,3,2.05
11,3,2.1
11,3,2.15
11,3,2.2
11,3,2.25
11,3,2.3
11,3,2.35
11,3,2.4
11,3,2.45
11,3,2.5
11,3,2.55
11,3,2.6
11,3,2.65
11,3,2.7
11,3,2.75
11,3,2.8
11,3,2.85
11,3,2.9
11,3,2.95
11,3,3
11,3,3.05
11,3,3.1
11,3,3.15
11,3,3.2
11,3,3.25
11,3,3.3
11,3,3.35
11,3,3.4
11,3,3.45
11,3,3.5
11,3,3.55
11,3,3.6
11,3,3.65
11,3,3.7
11,3,3.75
11,3,3.8
11,3,3.85
11,3,3.9
11,3,3.95
11,3,4
11,3,4.05
11,3,4.1
11,3,4.15
11,3,4.2
11,3,4.25
11,3,4.3
11,3,4.35
11,3,4.4
11,3,4.45
11,3,4.5
11,3,4.55
11,3,4.6
11,3,4.65
11,3,4.7
11,3,4.75
11,3,4.8
11,3,4.85
11,3,4.9
11,3,4.95
11,3,5
11,3.5,0
11,3.5,0.05
11,3.5,0.1
11,3.5,0.15
11,3.5,0.2
11,3.5,0.25
11,3.5,0.3
11,3.5,0.35
11,3.5,0.4
11,3.5,0.45
11,3.5,0.5
11,3.5,0.55
11,3.5,0.6
11,3.5,0.65
11,3.5,0.7
11,3.5,0.75
11,3.5,0.8
11,3.5,0.85
11,3.5,0.9
11,3.5,0.95
11,3.5,1
11,3.5,1.05
11,3.5,1.1
11,3.5,1.15
11,3.5,1.2
11,3.5,1.25
11,3.5,1.3
11,3.5,1.35
11,3.5,1.4
11,3.5,1.45
11,3.5,1.5
11,3.5,1.55
11,3.5,1.6
11,3.5,1.65
11,3.5,1.7
11,3.5,1.75
11,3.5,1.8
11,3.5,1.85
11,3.5,1.9
11,3.5,1.95
11,3.5,2
11,3.5,2.05
11,3.5,2.1
11,3.5,2.15
11,3.5,2.2
11,3.5,2.25
11,3.5,2.3
11,3.5,2.35
11,3.5,2.4
11,3.5,2.45
11,3.5,2.5
11,3.5,2.55
11,3.5,2.6
11,3.5,2.65
11,3.5,2.7
11,3.5,2.75
11,3.5,2.8
11,3.5,2.85
11,3.5,2.9
11,3.5,2.95
11,3.5,3
11,3.5,3.05
11,3.5,3.1
11,3.5,3.15
11,3.5,3.2
11,3.5,3.25
11,3.5,3.3
11,3.5,3.35
11,3.5,3.4
11,3.5,3.45
11,3.5,3.5
11,3.5,3.55
11,3.5,3.6
11,3.5,3.65
11,3.5,3.7
11,3.5,3.75
11,3.5,3.8
11,3.5,3.85
11,3.5,3.9
11,3.5,3.95
11,3.5,4
11,3.5,4.05
11,3.5,4.1
11,3.5,4.15
11,3.5,4.2
11,3.5,4.25
11,3.5,4.3
11,3.5,4.35
11,3.5,4.4
11,3.5,4.45
11,3.5,4.5
11,3.5,4.55
11,3.5,4.6
11,3.5,4.65
11,3.5,4.7
11,3.5,4.75
11,3.5,4.8
11,3.5,4.85
11,3.5,4.9
11,3.5,4.95
11,3.5,5
11,4,0
11,4,0.05
11,4,0.1
11,4,0.15
11,4,0.2
11,4,0.25
11,4,0.3
11,4,0.35
11,4,0.4
11,4,0.45
11,4,0.5
11,4,0.55
11,4,0.6
11,4,0.65
11,4,0.7
11,4,0.75
11,4,0.8
11,4,0.85
11,4,0.9
11,4,0.95
11,4,1
11,4,1.05
11,4,1.1
11,4,1.15
11,4,1.2
11,4,1.25
11,4,1.3
11,4,1.35
11,4,1.4
11,4,1.45
11,4,1.5
11,4,1.55
11,4,1.6
11,4,1.65
11,4,1.7
11,4,1.75
11,4,1.8
11,4,1.85
11,4,1.9
11,4,1.95
11,4,2
11,4,2.05
11,4,2.1
11,4,2.15
11,4,2.2
11,4,2.25
11,4,2.3
11,4,2.35
11,4,2.4
11,4,2.45
11,4,2.5
11,4,2.55
11,4,2.6
11,4,2.65
11,4,2.7
11,4,2.75
11,4,2.8
11,4,2.85
11,4,2.9
11,4,2.95
11,4,3
11,4,3.05
11,4,3.1
11,4,3.15
11,4,3.2
11,4,3.25
11,4,3.3
11,4,3.35
11,4,3.4
11,4,3.45
11,4,3.5
11,4,3.55
11,4,3.6
11,4,3.65
11,4,3.7
11,4,3.75
11,4,3.8
11,4,3.85
11,4,3.9
11,4,3.95
11,4,4
11,4,4.05
11,4,4.1
11,4,4.15
11,4,4.2
11,4,4.25
11,4,4.3
11,4,4.35
11,4,4.4
11,4,4.45
11,4,4.5
11,4,4.55
11,4,4.6
11,4,4.65
11,4,4.7
11,4,4.75
11,4,4.8
11,4,4.85
11,4,4.9
11,4,4.95
11,4,5
11,4.5,0
11,4.5,0.05
11,4.5,0.1
11,4.5,0.15
11,4.5,0.2
11,4.5,0.25
11,4.5,0.3
11,4.5,0.35
11,4.5,0.4
11,4.5,0.45
11,4.5,0.5
11,4.5,0.55
11,4.5,0.6
11,4.5,0.65
11,4.5,0.7
11,4.5,0.75
11,4.5,0.8
11,4.5,0.85
11,4.5,0.9
11,4.5,0.95
11,4.5,1
11,4.5,1.05
11,4.5,1.1
11,4.5,1.15
11,4.5,1.2
11,4.5,1.25
11,4.5,1.3
11,4.5,1.35
11,4.5,1.4
11,4.5,1.45
11,4.5,1.5
11,4.5,1.55
11,4.5,1.6
11,4.5,1.65
11,4.5,1.7
11,4.5,1.75
11,4.5,1.8
11,4.5,1.85
11,4.5,1.9
11,4.5,1.95
11,4.5,2
11,4.5,2.05
11,4.5,2.1
11,4.5,2.15
11,4.5,2.2
11,4.5,2.25
11,4.5,2.3
11,4.5,2.35
11,4.5,2.4
11,4.5,2.45
11,4.5,2.5
11,4.5,2.55
11,4.5,2.6
11,4.5,2.65
11,4.5,2.7
11,4.5,2.75
11,4.5,2.8
11,4.5,2.85
11,4.5,2.9
11,4.5,2.95
11,4.5,3
11,4.5,3.05
11,4.5,3.1
11,4.5,3.15
11,4.5,3.2
11,4.5,3.25
11,4.5,3.3
11,4.5,3.35
11,4.5,3.4
11,4.5,3.45
11,4.5,3.5
11,4.5,3.55
11,4.5,3.6
11,4.5,3.65
11,4.5,3.7
11,4.5,3.75
11,4.5,3.8
11,4.5,3.85
11,4.5,3.9
11,4.5,3.95
11,4.5,4
11,4.5,4.05
11,4.5,4.1
11,4.5,4.15
11,4.5,4.2
11,4.5,4.25
11,4.5,4.3
11,4.5,4.35
11,4.5,4.4
11,4.5,4.45
11,4.5,4.5
11,4.5,4.55
11,4.5,4.6
11,4.5,4.65
11,4.5,4.7
11,4.5,4.75
11,4.5,4.8
11,4.5,4.85
11,4.5,4.9
11,4.5,4.95
11,4.5,5
11,5,0
11,5,0.05
11,5,0.1
11,5,0.15
11,5,0.2
11,5,0.25
11,5,0.3
11,5,0.35
11,5,0.4
11,5,0.45
11,5,0.5
11,5,0.55
11,5,0.6
11,5,0.65
11,5,0.7
11,5,0.75
11,5,0.8
11,5,0.85
11,5,0.9
11,5,0.95
11,5,1
11,5,1.05
11,5,1.1
11,5,1.15
11,5,1.2
11,5,1.25
11,5,1.3
11,5,1.35
11,5,1.4
11,5,1.45
11,5,1.5
11,5,1.55
11,5,1.6
11,5,1.65
11,5,1.7
11,5,1.75
11,5,1.8
11,5,1.85
11,5,1.9
11,5,1.95
11,5,2
11,5,2.05
11,5,2.1
11,5,2.15
11,5,2.2
11,5,2.25
11,5,2.3
11,5,2.35
11,5,2.4
11,5,2.45
11,5,2.5
11,5,2.55
11,5,2.6
11,5,2.65
11,5,2.7
11,5,2.75
11,5,2.8
11,5,2.85
11,5,2.9
11,5,2.95
11,5,3
11,5,3.05
11,5,3.1
11,5,3.15
11,5,3.2
11,5,3.25
11,5,3.3
11,5,3.35
11,5,3.4
11,5,3.45
11,5,3.5
11,5,3.55
11,5,3.6
11,5,3.65
11,5,3.7
11,5,3.75
11,5,3.8
11,5,3.85
11,5,3.9
11,5,3.95
11,5,4
11,5,4.05
11,5,4.1
11,5,4.15
11,5,4.2
11,5,4.25
11,5,4.3
11,5,4.35
11,5,4.4
11,5,4.45
11,5,4.5
11,5,4.55
11,5,4.6
11,5,4.65
11,5,4.7
11,5,4.75
11,5,4.8
11,5,4.85
11,5,4.9
11,5,4.95
11,5,5
11,5.5,0
11,5.5,0.05
11,5.5,0.1
11,5.5,0.15
11,5.5,0.2
11,5.5,0.25
11,5.5,0.3
11,5.5,0.35
11,5.5,0.4
11,5.5,0.45
11,5.5,0.5
11,5.5,0.55
11,5.5,0.6
11,5.5,0.65
11,5.5,0.7
11,5.5,0.75
11,5.5,0.8
11,5.5,0.85
11,5.5,0.9
11,5.5,0.95
11,5.5,1
11,5.5,1.05
11,5.5,1.1
11,5.5,1.15
11,5.5,1.2
11,5.5,1.25
11,5.5,1.3
11,5.5,1.35
11,5.5,1.4
11,5.5,1.45
11,5.5,1.5
11,5.5,1.55
11,5.5,1.6
11,5.5,1.65
11,5.5,1.7
11,5.5,1.75
11,5.5,1.8
11,5.5,1.85
11,5.5,1.9
11,5.5,1.95
11,5.5,2
11,5.5,2.05
11,5.5,2.1
11,5.5,2.15
11,5.5,2.2
11,5.5,2.25
11,5.5,2.3
11,5.5,2.35
11,5.5,2.4
11,5.5,2.45
11,5.5,2.5
11,5.5,2.55
11,5.5,2.6
11,5.5,2.65
11,5.5,2.7
11,5.5,2.75
11,5.5,2.8
11,5.5,2.85
11,5.5,2.9
11,5.5,2.95
11,5.5,3
11,5.5,3.05
11,5.5,3.1
11,5.5,3.15
11,5.5,3.2
11,5.5,3.25
11,5.5,3.3
11,5.5,3.35
11,5.5,3.4
11,5.5,3.45
11,5.5,3.5
11,5.5,3.55
11,5.5,3.6
11,5.5,3.65
11,5.5,3.7
11,5.5,3.75
11,5.5,3.8
11,5.5,3.85
11,5.5,3.9
11,5.5,3.95
11,5.5,4
11,5.5,4.05
11,5.5,4.1
11,5.5,4.15
11,5.5,4.2
11,5.5,4.25
11,5.5,4.3
11,5.5,4.35
11,5.5,4.4
11,5.5,4.45
11,5.5,4.5
11,5.5,4.55
11,5.5,4.6
11,5.5,4.65
11,5.5,4.7
11,5.5,4.75
11,5.5,4.8
11,5.5,4.85
11,5.5,4.9
11,5.5,4.95
11,5.5,5
11,6,0
11,6,0.05
11,6,0.1
11,6,0.15
11,6,0.2
11,6,0.25
11,6,0.3
11,6,0.35
11,6,0.4
11,6,0.45
11,6,0.5
11,6,0.55
11,6,0.6
11,6,0.65
11,6,0.7
11,6,0.75
11,6,0.8
11,6,0.85
11,6,0.9
11,6,0.95
11,6,1
11,6,1.05
11,6,1.1
11,6,1.15
11,6,1.2
11,6,1.25
11,6,1.3
11,6,1.35
11,6,1.4
11,6,1.45
11,6,1.5
11,6,1.55
11,6,1.6
11,6,1.65
11,6,1.7
11,6,1.75
11,6,1.8
11,6,1.85
11,6,1.9
11,6,1.95
11,6,2
11,6,2.05
11,6,2.1
11,6,2.15
11,6,2.2
11,6,2.25
11,6,2.3
11,6,2.35
11,6,2.4
11,6,2.45
11,6,2.5
11,6,2.55
11,6,2.6
11,6,2.65
11,6,2.7
11,6,2.75
11,6,2.8
11,6,2.85
11,6,2.9
11,6,2.95
11,6,3
11,6,3.05
11,6,3.1
11,6,3.15
11,6,3.2
11,6,3.25
11,6,3.3
11,6,3.35
11,6,3.4
11,6,3.45
11,6,3.5
11,6,3.55
11,6,3.6
11,6,3.65
11,6,3.7
11,6,3.75
11,6,3.8
11,6,3.85
11,6,3.9
11,6,3.95
11,6,4
11,6,4.05
11,6,4.1
11,6,4.15
11,6,4.2
11,6,4.25
11,6,4.3
11,6,4.35
11,6,4.4
11,6,4.45
11,6,4.5
11,6,4.55
11,6,4.6
11,6,4.65
11,6,4.7
11,6,4.75
11,6,4.8
11,6,4.85
11,6,4.9
11,6,4.95
11,6,5
11,6.5,0
11,6.5,0.05
11,6.5,0.1
11,6.5,0.15
11,6.5,0.2
11,6.5,0.25
11,6.5,0.3
11,6.5,0.35
11,6.5,0.4
11,6.5,0.45
11,6.5,0.5
11,6.5,0.55
11,6.5,0.6
11,6.5,0.65
11,6.5,0.7
11,6.5,0.75
11,6.5,0.8
11,6.5,0.85
11,6.5,0.9
11,6.5,0.95
11,6.5,1
11,6.5,1.05
11,6.5,1.1
11,6.5,1.15
11,6.5,1.2
11,6.5,1.25
11,6.5,1.3
11,6.5,1.35
11,6.5,1.4
11,6.5,1.45
11,6.5,1.5
11,6.5,1.55
11,6.5,1.6
11,6.5,1.65
11,6.5,1.7
11,6.5,1.75
11,6.5,1.8
11,6.5,1.85
11,6.5,1.9
11,6.5,1.95
11,6.5,2
11,6.5,2.05
11,6.5,2.1
11,6.5,2.15
11,6.5,2.2
11,6.5,2.25
11,6.5,2.3
11,6.5,2.35
11,6.5,2.4
11,6.5,2.45
11,6.5,2.5
11,6.5,2.55
11,6.5,2.6
11,6.5,2.65
11,6.5,2.7
11,6.5,2.75
11,6.5,2.8
11,6.5,2.85
11,6.5,2.9
11,6.5,2.95
11,6.5,3
11,6.5,3.05
11,6.5,3.1
11,6.5,3.15
11,6.5,3.2
11,6.5,3.25
11,6.5,3.3
11,6.5,3.35
11,6.5,3.4
11,6.5,3.45
11,6.5,3.5
11,6.5,3.55
11,6.5,3.6
11,6.5,3.65
11,6.5,3.7
11,6.5,3.75
11,6.5,3.8
11,6.5,3.85
11,6.5,3.9
11,6.5,3.95
11,6.5,4
11,6.5,4.05
11,6.5,4.1
11,6.5,4.15
11,6.5,4.2
11,6.5,4.25
11,6.5,4.3
11,6.5,4.35
11,6.5,4.4
11,6.5,4.45
11,6.5,4.5
11,6.5,4.55
11,6.5,4.6
11,6.5,4.65
11,6.5,4.7
11,6.5,4.75
11,6.5,4.8
11,6.5,4.85
11,6.5,4.9
11,6.5,4.95
11,6.5,5
11,7,0
11,7,0.05
11,7,0.1
11,7,0.15
11,7,0.2
11,7,0.25
11,7,0.3
11,7,0.35
11,7,0.4
11,7,0.45
11,7,0.5
11,7,0.55
11,7,0.6
11,7,0.65
11,7,0.7
11,7,0.75
11,7,0.8
11,7,0.85
11,7,0.9
11,7,0.95
11,7,1
11,7,1.05
11,7,1.1
11,7,1.15
11,7,1.2
11,7,1.25
11,7,1.3
11,7,1.35
11,7,1.4
11,7,1.45
11,7,1.5
11,7,1.55
11,7,1.6
11,7,1.65
11,7,1.7
11,7,1.75
11,7,1.8
11,7,1.85
11,7,1.9
11,7,1.95
11,7,2
11,7,2.05
11,7,2.1
11,7,2.15
11,7,2.2
11,7,2.25
11,7,2.3
11,7,2.35
11,7,2.4
11,7,2.45
11,7,2.5
11,7,2.55
11,7,2.6
11,7,2.65
11,7,2.7
11,7,2.75
11,7,2.8
11,7,2.85
11,7,2.9
11,7,2.95
11,7,3
11,7,3.05
11,7,3.1
11,7,3.15
11,7,3.2
11,7,3.25
11,7,3.3
11,7,3.35
11,7,3.4
11,7,3.45
11,7,3.5
11,7,3.55
11,7,3.6
11,7,3.65
11,7,3.7
11,7,3.75
11,7,3.8
11,7,3.85
11,7,3.9
11,7,3.95
11,7,4
11,7,4.05
11,7,4.1
11,7,4.15
11,7,4.2
11,7,4.25
11,7,4.3
11,7,4.35
11,7,4.4
11,7,4.45
11,7,4.5
11,7,4.55
11,7,4.6
11,7,4.65
11,7,4.7
11,7,4.75
11,7,4.8
11,7,4.85
11,7,4.9
11,7,4.95
11,7,5
11,7.5,0
11,7.5,0.05
11,7.5,0.1
11,7.5,0.15
11,7.5,0.2
11,7.5,0.25
11,7.5,0.3
11,7.5,0.35
11,7.5,0.4
11,7.5,0.45
11,7.5,0.5
11,7.5,0.55
11,7.5,0.6
11,7.5,0.65
11,7.5,0.7
11,7.5,0.75
11,7.5,0.8
11,7.5,0.85
11,7.5,0.9
11,7.5,0.95
11,7.5,1
11,7.5,1.05
11,7.5,1.1
11,7.5,1.15
11,7.5,1.2
11,7.5,1.25
11,7.5,1.3
11,7.5,1.35
11,7.5,1.4
11,7.5,1.45
11,7.5,1.5
11,7.5,1.55
11,7.5,1.6
11,7.5,1.65
11,7.5,1.7
11,7.5,1.75
11,7.5,1.8
11,7.5,1.85
11,7.5,1.9
11,7.5,1.95
11,7.5,2
11,7.5,2.05
11,7.5,2.1
11,7.5,2.15
11,7.5,2.2
11,7.5,2.25
11,7.5,2.3
11,7.5,2.35
11,7.5,2.4
11,7.5,2.45
11,7.5,2.5
11,7.5,2.55
11,7.5,2.6
11,7.5,2.65
11,7.5,2.7
11,7.5,2.75
11,7.5,2.8
11,7.5,2.85
11,7.5,2.9
11,7.5,2.95
11,7.5,3
11,7.5,3.05
11,7.5,3.1
11,7.5,3.15
11,7.5,3.2
11,7.5,3.25
11,7.5,3.3
11,7.5,3.35
11,7.5,3.4
11,7.5,3.45
11,7.5,3.5
11,7.5,3.55
11,7.5,3.6
11,7.5,3.65
11,7.5,3.7
11,7.5,3.75
11,7.5,3.8
11,7.5,3.85
11,7.5,3.9
11,7.5,3.95
11,7.5,4
11,7.5,4.05
11,7.5,4.1
11,7.5,4.15
11,7.5,4.2
11,7.5,4.25
11,7.5,4.3
11,7.5,4.35
11,7.5,4.4
11,7.5,4.45
11,7.5,4.5
11,7.5,4.55
11,7.5,4.6
11,7.5,4.65
11,7.5,4.7
11,7.5,4.75
11,7.5,4.8
11,7.5,4.85
11,7.5,4.9
11,7.5,4.95
11,7.5,5
11,8,0
11,8,0.05
11,8,0.1
11,8,0.15
11,8,0.2
11,8,0.25
11,8,0.3
11,8,0.35
11,8,0.4
11,8,0.45
11,8,0.5
11,8,0.55
11,8,0.6
11,8,0.65
11,8,0.7
11,8,0.75
11,8,0.8
11,8,0.85
11,8,0.9
11,8,0.95
11,8,1
11,8,1.05
11,8,1.1
11,8,1.15
11,8,1.2
11,8,1.25
11,8,1.3
11,8,1.35
11,8,1.4
11,8,1.45
11,8,1.5
11,8,1.55
11,8,1.6
11,8,1.65
11,8,1.7
11,8,1.75
11,8,1.8
11,8,1.85
11,8,1.9
11,8,1.95
11,8,2
11,8,2.05
11,8,2.1
11,8,2.15
11,8,2.2
11,8,2.25
11,8,2.3
11,8,2.35
11,8,2.4
11,8,2.45
11,8,2.5
11,8,2.55
11,8,2.6
11,8,2.65
11,8,2.7
11,8,2.75
11,8,2.8
11,8,2.85
11,8,2.9
11,8,2.95
11,8,3
11,8,3.05
11,8,3.1
11,8,3.15
11,8,3.2
11,8,3.25
11,8,3.3
11,8,3.35
11,8,3.4
11,8,3.45
11,8,3.5
11,8,3.55
11,8,3.6
11,8,3.65
11,8,3.7
11,8,3.75
11,8,3.8
11,8,3.85
11,8,3.9
11,8,3.95
11,8,4
11,8,4.05
11,8,4.1
11,8,4.15
11,8,4.2
11,8,4.25
11,8,4.3
11,8,4.35
11,8,4.4
11,8,4.45
11,8,4.5
11,8,4.55
11,8,4.6
11,8,4.65
11,8,4.7
11,8,4.75
11,8,4.8
11,8,4.85
11,8,4.9
11,8,4.95
11,8,5
11,8.5,0
11,8.5,0.05
11,8.5,0.1
11,8.5,0.15
11,8.5,0.2
11,8.5,0.25
11,8.5,0.3
11,8.5,0.35
11,8.5,0.4
11,8.5,0.45
11,8.5,0.5
11,8.5,0.55
11,8.5,0.6
11,8.5,0.65
11,8.5,0.7
11,8.5,0.75
11,8.5,0.8
11,8.5,0.85
11,8.5,0.9
11,8.5,0.95
11,8.5,1
11,8.5,1.05
11,8.5,1.1
11,8.5,1.15
11,8.5,1.2
11,8.5,1.25
11,8.5,1.3
11,8.5,1.35
11,8.5,1.4
11,8.5,1.45
11,8.5,1.5
11,8.5,1.55
11,8.5,1.6
11,8.5,1.65
11,8.5,1.7
11,8.5,1.75
11,8.5,1.8
11,8.5,1.85
11,8.5,1.9
11,8.5,1.95
11,8.5,2
11,8.5,2.05
11,8.5,2.1
11,8.5,2.15
11,8.5,2.2
11,8.5,2.25
11,8.5,2.3
11,8.5,2.35
11,8.5,2.4
11,8.5,2.45
11,8.5,2.5
11,8.5,2.55
11,8.5,2.6
11,8.5,2.65
11,8.5,2.7
11,8.5,2.75
11,8.5,2.8
11,8.5,2.85
11,8.5,2.9
11,8.5,2.95
11,8.5,3
11,8.5,3.05
11,8.5,3.1
11,8.5,3.15
11,8.5,3.2
11,8.5,3.25
11,8.5,3.3
11,8.5,3.35
11,8.5,3.4
11,8.5,3.45
11,8.5,3.5
11,8.5,3.55
11,8.5,3.6
11,8.5,3.65
11,8.5,3.7
11,8.5,3.75
11,8.5,3.8
11,8.5,3.85
11,8.5,3.9
11,8.5,3.95
11,8.5,4
11,8.5,4.05
11,8.5,4.1
11,8.5,4.15
11,8.5,4.2
11,8.5,4.25
11,8.5,4.3
11,8.5,4.35
11,8.5,4.4
11,8.5,4.45
11,8.5,4.5
11,8.5,4.55
11,8.5,4.6
11,8.5,4.65
11,8.5,4.7
11,8.5,4.75
11,8.5,4.8
11,8.5,4.85
11,8.5,4.9
11,8.5,4.95
11,8.5,5
11,9,0
11,9,0.05
11,9,0.1
11,9,0.15
11,9,0.2
11,9,0.25
11,9,0.3
11,9,0.35
11,9,0.4
11,9,0.45
11,9,0.5
11,9,0.55
11,9,0.6
11,9,0.65
11,9,0.7
11,9,0.75
11,9,0.8
11,9,0.85
11,9,0.9
11,9,0.95
11,9,1
11,9,1.05
11,9,1.1
11,9,1.15
11,9,1.2
11,9,1.25
11,9,1.3
11,9,1.35
11,9,1.4
11,9,1.45
11,9,1.5
11,9,1.55
11,9,1.6
11,9,1.65
11,9,1.7
11,9,1.75
11,9,1.8
11,9,1.85
11,9,1.9
11,9,1.95
11,9,2
11,9,2.05
11,9,2.1
11,9,2.15
11,9,2.2
11,9,2.25
11,9,2.3
11,9,2.35
11,9,2.4
11,9,2.45
11,9,2.5
11,9,2.55
11,9,2.6
11,9,2.65
11,9,2.7
11,9,2.75
11,9,2.8
11,9,2.85
11,9,2.9
11,9,2.95
11,9,3
11,9,3.05
11,9,3.1
11,9,3.15
11,9,3.2
11,9,3.25
11,9,3.3
11,9,3.35
11,9,3.4
11,9,3.45
11,9,3.5
11,9,3.55
11,9,3.6
11,9,3.65
11,9,3.7
11,9,3.75
11,9,3.8
11,9,3.85
11,9,3.9
11,9,3.95
11,9,4
11,9,4.05
11,9,4.1
11,9,4.15
11,9,4.2
11,9,4.25
11,9,4.3
11,9,4.35
11,9,4.4
11,9,4.45
11,9,4.5
11,9,4.55
11,9,4.6
11,9,4.65
11,9,4.7
11,9,4.75
11,9,4.8
11,9,4.85
11,9,4.9
11,9,4.95
11,9,5
11,9.5,0
11,9.5,0.05
11,9.5,0.1
11,9.5,0.15
11,9.5,0.2
11,9.5,0.25
11,9.5,0.3
11,9.5,0.35
11,9.5,0.4
11,9.5,0.45
11,9.5,0.5
11,9.5,0.55
11,9.5,0.6
11,9.5,0.65
11,9.5,0.7
11,9.5,0.75
11,9.5,0.8
11,9.5,0.85
11,9.5,0.9
11,9.5,0.95
11,9.5,1
11,9.5,1.05
11,9.5,1.1
11,9.5,1.15
11,9.5,1.2
11,9.5,1.25
11,9.5,1.3
11,9.5,1.35
11,9.5,1.4
11,9.5,1.45
11,9.5,1.5
11,9.5,1.55
11,9.5,1.6
11,9.5,1.65
11,9.5,1.7
11,9.5,1.75
11,9.5,1.8
11,9.5,1.85
11,9.5,1.9
11,9.5,1.95
11,9.5,2
11,9.5,2.05
11,9.5,2.1
11,9.5,2.15
11,9.5,2.2
11,9.5,2.25
11,9.5,2.3
11,9.5,2.35
11,9.5,2.4
11,9.5,2.45
11,9.5,2.5
11,9.5,2.55
11,9.5,2.6
11,9.5,2.65
11,9.5,2.7
11,9.5,2.75
11,9.5,2.8
11,9.5,2.85
11,9.5,2.9
11,9.5,2.95
11,9.5,3
11,9.5,3.05
11,9.5,3.1
11,9.5,3.15
11,9.5,3.2
11,9.5,3.25
11,9.5,3.3
11,9.5,3.35
11,9.5,3.4
11,9.5,3.45
11,9.5,3.5
11,9.5,3.55
11,9.5,3.6
11,9.5,3.65
11,9.5,3.7
11,9.5,3.75
11,9.5,3.8
11,9.5,3.85
11,9.5,3.9
11,9.5,3.95
11,9.5,4
11,9.5,4.05
11,9.5,4.1
11,9.5,4.15
11,9.5,4.2
11,9.5,4.25
11,9.5,4.3
11,9.5,4.35
11,9.5,4.4
11,9.5,4.45
11,9.5,4.5
11,9.5,4.55
11,9.5,4.6
11,9.5,4.65
11,9.5,4.7
11,9.5,4.75
11,9.5,4.8
11,9.5,4.85
11,9.5,4.9
11,9.5,4.95
11,9.5,5
11,10,0
11,10,0.05
11,10,0.1
11,10,0.15
11,10,0.2
11,10,0.25
11,10,0.3
11,10,0.35
11,10,0.4
11,10,0.45
11,10,0.5
11,10,0.55
11,10,0.6
11,10,0.65
11,10,0.7
11,10,0.75
11,10,0.8
11,10,0.85
11,10,0.9
11,10,0.95
11,10,1
11,10,1.05
11,10,1.1
11,10,1.15
11,10,1.2
11,10,1.25
11,10,1.3
11,10,1.35
11,10,1.4
11,10,1.45
11,10,1.5
11,10,1.55
11,10,1.6
11,10,1.65
11,10,1.7
11,10,1.75
11,10,1.8
11,10,1.85
11,10,1.9
11,10,1.95
11,10,2
11,10,2.05
11,10,2.1
11,10,2.15
11,10,2.2
11,10,2.25
11,10,2.3
11,10,2.35
11,10,2.4
11,10,2.45
11,10,2.5
11,10,2.55
11,10,2.6
11,10,2.65
11,10,2.7
11,10,2.75
11,10,2.8
11,10,2.85
11,10,2.9
11,10,2.95
11,10,3
11,10,3.05
11,10,3.1
11,10,3.15
11,10,3.2
11,10,3.25
11,10,3.3
11,10,3.35
11,10,3.4
11,10,3.45
11,10,3.5
11,10,3.55
11,10,3.6
11,10,3.65
11,10,3.7
11,10,3.75
11,10,3.8
11,10,3.85
11,10,3.9
11,10,3.95
11,10,4
11,10,4.05
11,10,4.1
11,10,4.15
11,10,4.2
11,10,4.25
11,10,4.3
11,10,4.35
11,10,4.4
11,10,4.45
11,10,4.5
11,10,4.55
11,10,4.6
11,10,4.65
11,10,4.7
11,10,4.75
11,10,4.8
11,10,4.85
11,10,4.9
11,10,4.95
11,10,5
11.5,0,0
11.5,0,0.05
11.5,0,0.1
11.5,0,0.15
11.5,0,0.2
11.5,0,0.25
11.5,0,0.3
11.5,0,0.35
11.5,0,0.4
11.5,0,0.45
11.5,0,0.5
11.5,0,0.55
11.5,0,0.6
11.5,0,0.65
11.5,0,0.7
11.5,0,0.75
11.5,0,0.8
11.5,0,0.85
11.5,0,0.9
11.5,0,0.95
11.5,0,1
11.5,0,1.05
11.5,0,1.1
11.5,0,1.15
11.5,0,1.2
11.5,0,1.25
11.5,0,1.3
11.5,0,1.35
11.5,0,1.4
11.5,0,1.45
11.5,0,1.5
11.5,0,1.55
11.5,0,1.6
11.5,0,1.65
11.5,0,1.7
11.5,0,1.75
11.5,0,1.8
11.5,0,1.85
11.5,0,1.9
11.5,0,1.95
11.5,0,2
11.5,0,2.05
11.5,0,2.1
11.5,0,2.15
11.5,0,2.2
11.5,0,2.25
11.5,0,2.3
11.5,0,2.35
11.5,0,2.4
11.5,0,2.45
11.5,0,2.5
11.5,0,2.55
11.5,0,2.6
11.5,0,2.65
11.5,0,2.7
11.5,0,2.75
11.5,0,2.8
11.5,0,2.85
11.5,0,2.9
11.5,0,2.95
11.5,0,3
11.5,0,3.05
11.5,0,3.1
11.5,0,3.15
11.5,0,3.2
11.5,0,3.25
11.5,0,3.3
11.5,0,3.35
11.5,0,3.4
11.5,0,3.45
11.5,0,3.5
11.5,0,3.55
11.5,0,3.6
11.5,0,3.65
11.5,0,3.7
11.5,0,3.75
11.5,0,3.8
11.5,0,3.85
11.5,0,3.9
11.5,0,3.95
11.5,0,4
11.5,0,4.05
11.5,0,4.1
11.5,0,4.15
11.5,0,4.2
11.5,0,4.25
11.5,0,4.3
11.5,0,4.35
11.5,0,4.4
11.5,0,4.45
11.5,0,4.5
11.5,0,4.55
11.5,0,4.6
11.5,0,4.65
11.5,0,4.7
11.5,0,4.75
11.5,0,4.8
11.5,0,4.85
11.5,0,4.9
11.5,0,4.95
11.5,0,5
11.5,0.5,0
11.5,0.5,0.05
11.5,0.5,0.1
11.5,0.5,0.15
11.5,0.5,0.2
11.5,0.5,0.25
11.5,0.5,0.3
11.5,0.5,0.35
11.5,0.5,0.4
11.5,0.5,0.45
11.5,0.5,0.5
11.5,0.5,0.55
11.5,0.5,0.6
11.5,0.5,0.65
11.5,0.5,0.7
11.5,0.5,0.75
11.5,0.5,0.8
11.5,0.5,0.85
11.5,0.5,0.9
11.5,0.5,0.95
11.5,0.5,1
11.5,0.5,1.05
11.5,0.5,1.1
11.5,0.5,1.15
11.5,0.5,1.2
11.5,0.5,1.25
11.5,0.5,1.3
11.5,0.5,1.35
11.5,0.5,1.4
11.5,0.5,1.45
11.5,0.5,1.5
11.5,0.5,1.55
11.5,0.5,1.6
11.5,0.5,1.65
11.5,0.5,1.7
11.5,0.5,1.75
11.5,0.5,1.8
11.5,0.5,1.85
11.5,0.5,1.9
11.5,0.5,1.95
11.5,0.5,2
11.5,0.5,2.05
11.5,0.5,2.1
11.5,0.5,2.15
11.5,0.5,2.2
11.5,0.5,2.25
11.5,0.5,2.3
11.5,0.5,2.35
11.5,0.5,2.4
11.5,0.5,2.45
11.5,0.5,2.5
11.5,0.5,2.55
11.5,0.5,2.6
11.5,0.5,2.65
11.5,0.5,2.7
11.5,0.5,2.75
11.5,0.5,2.8
11.5,0.5,2.85
11.5,0.5,2.9
11.5,0.5,2.95
11.5,0.5,3
11.5,0.5,3.05
11.5,0.5,3.1
11.5,0.5,3.15
11.5,0.5,3.2
11.5,0.5,3.25
11.5,0.5,3.3
11.5,0.5,3.35
11.5,0.5,3.4
11.5,0.5,3.45
11.5,0.5,3.5
11.5,0.5,3.55
11.5,0.5,3.6
11.5,0.5,3.65
11.5,0.5,3.7
11.5,0.5,3.75
11.5,0.5,3.8
11.5,0.5,3.85
11.5,0.5,3.9
11.5,0.5,3.95
11.5,0.5,4
11.5,0.5,4.05
11.5,0.5,4.1
11.5,0.5,4.15
11.5,0.5,4.2
11.5,0.5,4.25
11.5,0.5,4.3
11.5,0.5,4.35
11.5,0.5,4.4
11.5,0.5,4.45
11.5,0.5,4.5
11.5,0.5,4.55
11.5,0.5,4.6
11.5,0.5,4.65
11.5,0.5,4.7
11.5,0.5,4.75
11.5,0.5,4.8
11.5,0.5,4.85
11.5,0.5,4.9
11.5,0.5,4.95
11.5,0.5,5
11.5,1,0
11.5,1,0.05
11.5,1,0.1
11.5,1,0.15
11.5,1,0.2
11.5,1,0.25
11.5,1,0.3
11.5,1,0.35
11.5,1,0.4
11.5,1,0.45
11.5,1,0.5
11.5,1,0.55
11.5,1,0.6
11.5,1,0.65
11.5,1,0.7
11.5,1,0.75
11.5,1,0.8
11.5,1,0.85
11.5,1,0.9
11.5,1,0.95
11.5,1,1
11.5,1,1.05
11.5,1,1.1
11.5,1,1.15
11.5,1,1.2
11.5,1,1.25
11.5,1,1.3
11.5,1,1.35
11.5,1,1.4
11.5,1,1.45
11.5,1,1.5
11.5,1,1.55
11.5,1,1.6
11.5,1,1.65
11.5,1,1.7
11.5,1,1.75
11.5,1,1.8
11.5,1,1.85
11.5,1,1.9
11.5,1,1.95
11.5,1,2
11.5,1,2.05
11.5,1,2.1
11.5,1,2.15
11.5,1,2.2
11.5,1,2.25
11.5,1,2.3
11.5,1,2.35
11.5,1,2.4
11.5,1,2.45
11.5,1,2.5
11.5,1,2.55
11.5,1,2.6
11.5,1,2.65
11.5,1,2.7
11.5,1,2.75
11.5,1,2.8
11.5,1,2.85
11.5,1,2.9
11.5,1,2.95
11.5,1,3
11.5,1,3.05
11.5,1,3.1
11.5,1,3.15
11.5,1,3.2
11.5,1,3.25
11.5,1,3.3
11.5,1,3.35
11.5,1,3.4
11.5,1,3.45
11.5,1,3.5
11.5,1,3.55
11.5,1,3.6
11.5,1,3.65
11.5,1,3.7
11.5,1,3.75
11.5,1,3.8
11.5,1,3.85
11.5,1,3.9
11.5,1,3.95
11.5,1,4
11.5,1,4.05
11.5,1,4.1
11.5,1,4.15
11.5,1,4.2
11.5,1,4.25
11.5,1,4.3
11.5,1,4.35
11.5,1,4.4
11.5,1,4.45
11.5,1,4.5
11.5,1,4.55
11.5,1,4.6
11.5,1,4.65
11.5,1,4.7
11.5,1,4.75
11.5,1,4.8
11.5,1,4.85
11.5,1,4.9
11.5,1,4.95
11.5,1,5
11.5,1.5,0
11.5,1.5,0.05
11.5,1.5,0.1
11.5,1.5,0.15
11.5,1.5,0.2
11.5,1.5,0.25
11.5,1.5,0.3
11.5,1.5,0.35
11.5,1.5,0.4
11.5,1.5,0.45
11.5,1.5,0.5
11.5,1.5,0.55
11.5,1.5,0.6
11.5,1.5,0.65
11.5,1.5,0.7
11.5,1.5,0.75
11.5,1.5,0.8
11.5,1.5,0.85
11.5,1.5,0.9
11.5,1.5,0.95
11.5,1.5,1
11.5,1.5,1.05
11.5,1.5,1.1
11.5,1.5,1.15
11.5,1.5,1.2
11.5,1.5,1.25
11.5,1.5,1.3
11.5,1.5,1.35
11.5,1.5,1.4
11.5,1.5,1.45
11.5,1.5,1.5
11.5,1.5,1.55
11.5,1.5,1.6
11.5,1.5,1.65
11.5,1.5,1.7
11.5,1.5,1.75
11.5,1.5,1.8
11.5,1.5,1.85
11.5,1.5,1.9
11.5,1.5,1.95
11.5,1.5,2
11.5,1.5,2.05
11.5,1.5,2.1
11.5,1.5,2.15
11.5,1.5,2.2
11.5,1.5,2.25
11.5,1.5,2.3
11.5,1.5,2.35
11.5,1.5,2.4
11.5,1.5,2.45
11.5,1.5,2.5
11.5,1.5,2.55
11.5,1.5,2.6
11.5,1.5,2.65
11.5,1.5,2.7
11.5,1.5,2.75
11.5,1.5,2.8
11.5,1.5,2.85
11.5,1.5,2.9
11.5,1.5,2.95
11.5,1.5,3
11.5,1.5,3.05
11.5,1.5,3.1
11.5,1.5,3.15
11.5,1.5,3.2
11.5,1.5,3.25
11.5,1.5,3.3
11.5,1.5,3.35
11.5,1.5,3.4
11.5,1.5,3.45
11.5,1.5,3.5
11.5,1.5,3.55
11.5,1.5,3.6
11.5,1.5,3.65
11.5,1.5,3.7
11.5,1.5,3.75
11.5,1.5,3.8
11.5,1.5,3.85
11.5,1.5,3.9
11.5,1.5,3.95
11.5,1.5,4
11.5,1.5,4.05
11.5,1.5,4.1
11.5,1.5,4.15
11.5,1.5,4.2
11.5,1.5,4.25
11.5,1.5,4.3
11.5,1.5,4.35
11.5,1.5,4.4
11.5,1.5,4.45
11.5,1.5,4.5
11.5,1.5,4.55
11.5,1.5,4.6
11.5,1.5,4.65
11.5,1.5,4.7
11.5,1.5,4.75
11.5,1.5,4.8
11.5,1.5,4.85
11.5,1.5,4.9
11.5,1.5,4.95
11.5,1.5,5
11.5,2,0
11.5,2,0.05
11.5,2,0.1
11.5,2,0.15
11.5,2,0.2
11.5,2,0.25
11.5,2,0.3
11.5,2,0.35
11.5,2,0.4
11.5,2,0.45
11.5,2,0.5
11.5,2,0.55
11.5,2,0.6
11.5,2,0.65
11.5,2,0.7
11.5,2,0.75
11.5,2,0.8
11.5,2,0.85
11.5,2,0.9
11.5,2,0.95
11.5,2,1
11.5,2,1.05
11.5,2,1.1
11.5,2,1.15
11.5,2,1.2
11.5,2,1.25
11.5,2,1.3
11.5,2,1.35
11.5,2,1.4
11.5,2,1.45
11.5,2,1.5
11.5,2,1.55
11.5,2,1.6
11.5,2,1.65
11.5,2,1.7
11.5,2,1.75
11.5,2,1.8
11.5,2,1.85
11.5,2,1.9
11.5,2,1.95
11.5,2,2
11.5,2,2.05
11.5,2,2.1
11.5,2,2.15
11.5,2,2.2
11.5,2,2.25
11.5,2,2.3
11.5,2,2.35
11.5,2,2.4
11.5,2,2.45
11.5,2,2.5
11.5,2,2.55
11.5,2,2.6
11.5,2,2.65
11.5,2,2.7
11.5,2,2.75
11.5,2,2.8
11.5,2,2.85
11.5,2,2.9
11.5,2,2.95
11.5,2,3
11.5,2,3.05
11.5,2,3.1
11.5,2,3.15
11.5,2,3.2
11.5,2,3.25
11.5,2,3.3
11.5,2,3.35
11.5,2,3.4
11.5,2,3.45
11.5,2,3.5
11.5,2,3.55
11.5,2,3.6
11.5,2,3.65
11.5,2,3.7
11.5,2,3.75
11.5,2,3.8
11.5,2,3.85
11.5,2,3.9
11.5,2,3.95
11.5,2,4
11.5,2,4.05
11.5,2,4.1
11.5,2,4.15
11.5,2,4.2
11.5,2,4.25
11.5,2,4.3
11.5,2,4.35
11.5,2,4.4
11.5,2,4.45
11.5,2,4.5
11.5,2,4.55
11.5,2,4.6
11.5,2,4.65
11.5,2,4.7
11.5,2,4.75
11.5,2,4.8
11.5,2,4.85
11.5,2,4.9
11.5,2,4.95
11.5,2,5
11.5,2.5,0
11.5,2.5,0.05
11.5,2.5,0.1
11.5,2.5,0.15
11.5,2.5,0.2
11.5,2.5,0.25
11.5,2.5,0.3
11.5,2.5,0.35
11.5,2.5,0.4
11.5,2.5,0.45
11.5,2.5,0.5
11.5,2.5,0.55
11.5,2.5,0.6
11.5,2.5,0.65
11.5,2.5,0.7
11.5,2.5,0.75
11.5,2.5,0.8
11.5,2.5,0.85
11.5,2.5,0.9
11.5,2.5,0.95
11.5,2.5,1
11.5,2.5,1.05
11.5,2.5,1.1
11.5,2.5,1.15
11.5,2.5,1.2
11.5,2.5,1.25
11.5,2.5,1.3
11.5,2.5,1.35
11.5,2.5,1.4
11.5,2.5,1.45
11.5,2.5,1.5
11.5,2.5,1.55
11.5,2.5,1.6
11.5,2.5,1.65
11.5,2.5,1.7
11.5,2.5,1.75
11.5,2.5,1.8
11.5,2.5,1.85
11.5,2.5,1.9
11.5,2.5,1.95
11.5,2.5,2
11.5,2.5,2.05
11.5,2.5,2.1
11.5,2.5,2.15
11.5,2.5,2.2
11.5,2.5,2.25
11.5,2.5,2.3
11.5,2.5,2.35
11.5,2.5,2.4
11.5,2.5,2.45
11.5,2.5,2.5
11.5,2.5,2.55
11.5,2.5,2.6
11.5,2.5,2.65
11.5,2.5,2.7
11.5,2.5,2.75
11.5,2.5,2.8
11.5,2.5,2.85
11.5,2.5,2.9
11.5,2.5,2.95
11.5,2.5,3
11.5,2.5,3.05
11.5,2.5,3.1
11.5,2.5,3.15
11.5,2.5,3.2
11.5,2.5,3.25
11.5,2.5,3.3
11.5,2.5,3.35
11.5,2.5,3.4
11.5,2.5,3.45
11.5,2.5,3.5
11.5,2.5,3.55
11.5,2.5,3.6
11.5,2.5,3.65
11.5,2.5,3.7
11.5,2.5,3.75
11.5,2.5,3.8
11.5,2.5,3.85
11.5,2.5,3.9
11.5,2.5,3.95
11.5,2.5,4
11.5,2.5,4.05
11.5,2.5,4.1
11.5,2.5,4.15
11.5,2.5,4.2
11.5,2.5,4.25
11.5,2.5,4.3
11.5,2.5,4.35
11.5,2.5,4.4
11.5,2.5,4.45
11.5,2.5,4.5
11.5,2.5,4.55
11.5,2.5,4.6
11.5,2.5,4.65
11.5,2.5,4.7
11.5,2.5,4.75
11.5,2.5,4.8
11.5,2.5,4.85
11.5,2.5,4.9
11.5,2.5,4.95
11.5,2.5,5
11.5,3,0
11.5,3,0.05
11.5,3,0.1
11.5,3,0.15
11.5,3,0.2
11.5,3,0.25
11.5,3,0.3
11.5,3,0.35
11.5,3,0.4
11.5,3,0.45
11.5,3,0.5
11.5,3,0.55
11.5,3,0.6
11.5,3,0.65
11.5,3,0.7
11.5,3,0.75
11.5,3,0.8
11.5,3,0.85
11.5,3,0.9
11.5,3,0.95
11.5,3,1
11.5,3,1.05
11.5,3,1.1
11.5,3,1.15
11.5,3,1.2
11.5,3,1.25
11.5,3,1.3
11.5,3,1.35
11.5,3,1.4
11.5,3,1.45
11.5,3,1.5
11.5,3,1.55
11.5,3,1.6
11.5,3,1.65
11.5,3,1.7
11.5,3,1.75
11.5,3,1.8
11.5,3,1.85
11.5,3,1.9
11.5,3,1.95
11.5,3,2
11.5,3,2.05
11.5,3,2.1
11.5,3,2.15
11.5,3,2.2
11.5,3,2.25
11.5,3,2.3
11.5,3,2.35
11.5,3,2.4
11.5,3,2.45
11.5,3,2.5
11.5,3,2.55
11.5,3,2.6
11.5,3,2.65
11.5,3,2.7
11.5,3,2.75
11.5,3,2.8
11.5,3,2.85
11.5,3,2.9
11.5,3,2.95
11.5,3,3
11.5,3,3.05
11.5,3,3.1
11.5,3,3.15
11.5,3,3.2
11.5,3,3.25
11.5,3,3.3
11.5,3,3.35
11.5,3,3.4
11.5,3,3.45
11.5,3,3.5
11.5,3,3.55
11.5,3,3.6
11.5,3,3.65
11.5,3,3.7
11.5,3,3.75
11.5,3,3.8
11.5,3,3.85
11.5,3,3.9
11.5,3,3.95
11.5,3,4
11.5,3,4.05
11.5,3,4.1
11.5,3,4.15
11.5,3,4.2
11.5,3,4.25
11.5,3,4.3
11.5,3,4.35
11.5,3,4.4
11.5,3,4.45
11.5,3,4.5
11.5,3,4.55
11.5,3,4.6
11.5,3,4.65
11.5,3,4.7
11.5,3,4.75
11.5,3,4.8
11.5,3,4.85
11.5,3,4.9
11.5,3,4.95
11.5,3,5
11.5,3.5,0
11.5,3.5,0.05
11.5,3.5,0.1
11.5,3.5,0.15
11.5,3.5,0.2
11.5,3.5,0.25
11.5,3.5,0.3
11.5,3.5,0.35
11.5,3.5,0.4
11.5,3.5,0.45
11.5,3.5,0.5
11.5,3.5,0.55
11.5,3.5,0.6
11.5,3.5,0.65
11.5,3.5,0.7
11.5,3.5,0.75
11.5,3.5,0.8
11.5,3.5,0.85
11.5,3.5,0.9
11.5,3.5,0.95
11.5,3.5,1
11.5,3.5,1.05
11.5,3.5,1.1
11.5,3.5,1.15
11.5,3.5,1.2
11.5,3.5,1.25
11.5,3.5,1.3
11.5,3.5,1.35
11.5,3.5,1.4
11.5,3.5,1.45
11.5,3.5,1.5
11.5,3.5,1.55
11.5,3.5,1.6
11.5,3.5,1.65
11.5,3.5,1.7
11.5,3.5,1.75
11.5,3.5,1.8
11.5,3.5,1.85
11.5,3.5,1.9
11.5,3.5,1.95
11.5,3.5,2
11.5,3.5,2.05
11.5,3.5,2.1
11.5,3.5,2.15
11.5,3.5,2.2
11.5,3.5,2.25
11.5,3.5,2.3
11.5,3.5,2.35
11.5,3.5,2.4
11.5,3.5,2.45
11.5,3.5,2.5
11.5,3.5,2.55
11.5,3.5,2.6
11.5,3.5,2.65
11.5,3.5,2.7
11.5,3.5,2.75
11.5,3.5,2.8
11.5,3.5,2.85
11.5,3.5,2.9
11.5,3.5,2.95
11.5,3.5,3
11.5,3.5,3.05
11.5,3.5,3.1
11.5,3.5,3.15
11.5,3.5,3.2
11.5,3.5,3.25
11.5,3.5,3.3
11.5,3.5,3.35
11.5,3.5,3.4
11.5,3.5,3.45
11.5,3.5,3.5
11.5,3.5,3.55
11.5,3.5,3.6
11.5,3.5,3.65
11.5,3.5,3.7
11.5,3.5,3.75
11.5,3.5,3.8
11.5,3.5,3.85
11.5,3.5,3.9
11.5,3.5,3.95
11.5,3.5,4
11.5,3.5,4.05
11.5,3.5,4.1
11.5,3.5,4.15
11.5,3.5,4.2
11.5,3.5,4.25
11.5,3.5,4.3
11.5,3.5,4.35
11.5,3.5,4.4
11.5,3.5,4.45
11.5,3.5,4.5
11.5,3.5,4.55
11.5,3.5,4.6
11.5,3.5,4.65
11.5,3.5,4.7
11.5,3.5,4.75
11.5,3.5,4.8
11.5,3.5,4.85
11.5,3.5,4.9
11.5,3.5,4.95
11.5,3.5,5
11.5,4,0
11.5,4,0.05
11.5,4,0.1
11.5,4,0.15
11.5,4,0.2
11.5,4,0.25
11.5,4,0.3
11.5,4,0.35
11.5,4,0.4
11.5,4,0.45
11.5,4,0.5
11.5,4,0.55
11.5,4,0.6
11.5,4,0.65
11.5,4,0.7
11.5,4,0.75
11.5,4,0.8
11.5,4,0.85
11.5,4,0.9
11.5,4,0.95
11.5,4,1
11.5,4,1.05
11.5,4,1.1
11.5,4,1.15
11.5,4,1.2
11.5,4,1.25
11.5,4,1.3
11.5,4,1.35
11.5,4,1.4
11.5,4,1.45
11.5,4,1.5
11.5,4,1.55
11.5,4,1.6
11.5,4,1.65
11.5,4,1.7
11.5,4,1.75
11.5,4,1.8
11.5,4,1.85
11.5,4,1.9
11.5,4,1.95
11.5,4,2
11.5,4,2.05
11.5,4,2.1
11.5,4,2.15
11.5,4,2.2
11.5,4,2.25
11.5,4,2.3
11.5,4,2.35
11.5,4,2.4
11.5,4,2.45
11.5,4,2.5
11.5,4,2.55
11.5,4,2.6
11.5,4,2.65
11.5,4,2.7
11.5,4,2.75
11.5,4,2.8
11.5,4,2.85
11.5,4,2.9
11.5,4,2.95
11.5,4,3
11.5,4,3.05
11.5,4,3.1
11.5,4,3.15
11.5,4,3.2
11.5,4,3.25
11.5,4,3.3
11.5,4,3.35
11.5,4,3.4
11.5,4,3.45
11.5,4,3.5
11.5,4,3.55
11.5,4,3.6
11.5,4,3.65
11.5,4,3.7
11.5,4,3.75
11.5,4,3.8
11.5,4,3.85
11.5,4,3.9
11.5,4,3.95
11.5,4,4
11.5,4,4.05
11.5,4,4.1
11.5,4,4.15
11.5,4,4.2
11.5,4,4.25
11.5,4,4.3
11.5,4,4.35
11.5,4,4.4
11.5,4,4.45
11.5,4,4.5
11.5,4,4.55
11.5,4,4.6
11.5,4,4.65
11.5,4,4.7
11.5,4,4.75
11.5,4,4.8
11.5,4,4.85
11.5,4,4.9
11.5,4,4.95
11.5,4,5
11.5,4.5,0
11.5,4.5,0.05
11.5,4.5,0.1
11.5,4.5,0.15
11.5,4.5,0.2
11.5,4.5,0.25
11.5,4.5,0.3
11.5,4.5,0.35
11.5,4.5,0.4
11.5,4.5,0.45
11.5,4.5,0.5
11.5,4.5,0.55
11.5,4.5,0.6
11.5,4.5,0.65
11.5,4.5,0.7
11.5,4.5,0.75
11.5,4.5,0.8
11.5,4.5,0.85
11.5,4.5,0.9
11.5,4.5,0.95
11.5,4.5,1
11.5,4.5,1.05
11.5,4.5,1.1
11.5,4.5,1.15
11.5,4.5,1.2
11.5,4.5,1.25
11.5,4.5,1.3
11.5,4.5,1.35
11.5,4.5,1.4
11.5,4.5,1.45
11.5,4.5,1.5
11.5,4.5,1.55
11.5,4.5,1.6
11.5,4.5,1.65
11.5,4.5,1.7
11.5,4.5,1.75
11.5,4.5,1.8
11.5,4.5,1.85
11.5,4.5,1.9
11.5,4.5,1.95
11.5,4.5,2
11.5,4.5,2.05
11.5,4.5,2.1
11.5,4.5,2.15
11.5,4.5,2.2
11.5,4.5,2.25
11.5,4.5,2.3
11.5,4.5,2.35
11.5,4.5,2.4
11.5,4.5,2.45
11.5,4.5,2.5
11.5,4.5,2.55
11.5,4.5,2.6
11.5,4.5,2.65
11.5,4.5,2.7
11.5,4.5,2.75
11.5,4.5,2.8
11.5,4.5,2.85
11.5,4.5,2.9
11.5,4.5,2.95
11.5,4.5,3
11.5,4.5,3.05
11.5,4.5,3.1
11.5,4.5,3.15
11.5,4.5,3.2
11.5,4.5,3.25
11.5,4.5,3.3
11.5,4.5,3.35
11.5,4.5,3.4
11.5,4.5,3.45
11.5,4.5,3.5
11.5,4.5,3.55
11.5,4.5,3.6
11.5,4.5,3.65
11.5,4.5,3.7
11.5,4.5,3.75
11.5,4.5,3.8
11.5,4.5,3.85
11.5,4.5,3.9
11.5,4.5,3.95
11.5,4.5,4
11.5,4.5,4.05
11.5,4.5,4.1
11.5,4.5,4.15
11.5,4.5,4.2
11.5,4.5,4.25
11.5,4.5,4.3
11.5,4.5,4.35
11.5,4.5,4.4
11.5,4.5,4.45
11.5,4.5,4.5
11.5,4.5,4.55
11.5,4.5,4.6
11.5,4.5,4.65
11.5,4.5,4.7
11.5,4.5,4.75
11.5,4.5,4.8
11.5,4.5,4.85
11.5,4.5,4.9
11.5,4.5,4.95
11.5,4.5,5
11.5,5,0
11.5,5,0.05
11.5,5,0.1
11.5,5,0.15
11.5,5,0.2
11.5,5,0.25
11.5,5,0.3
11.5,5,0.35
11.5,5,0.4
11.5,5,0.45
11.5,5,0.5
11.5,5,0.55
11.5,5,0.6
11.5,5,0.65
11.5,5,0.7
11.5,5,0.75
11.5,5,0.8
11.5,5,0.85
11.5,5,0.9
11.5,5,0.95
11.5,5,1
11.5,5,1.05
11.5,5,1.1
11.5,5,1.15
11.5,5,1.2
11.5,5,1.25
11.5,5,1.3
11.5,5,1.35
11.5,5,1.4
11.5,5,1.45
11.5,5,1.5
11.5,5,1.55
11.5,5,1.6
11.5,5,1.65
11.5,5,1.7
11.5,5,1.75
11.5,5,1.8
11.5,5,1.85
11.5,5,1.9
11.5,5,1.95
11.5,5,2
11.5,5,2.05
11.5,5,2.1
11.5,5,2.15
11.5,5,2.2
11.5,5,2.25
11.5,5,2.3
11.5,5,2.35
11.5,5,2.4
11.5,5,2.45
11.5,5,2.5
11.5,5,2.55
11.5,5,2.6
11.5,5,2.65
11.5,5,2.7
11.5,5,2.75
11.5,5,2.8
11.5,5,2.85
11.5,5,2.9
11.5,5,2.95
11.5,5,3
11.5,5,3.05
11.5,5,3.1
11.5,5,3.15
11.5,5,3.2
11.5,5,3.25
11.5,5,3.3
11.5,5,3.35
11.5,5,3.4
11.5,5,3.45
11.5,5,3.5
11.5,5,3.55
11.5,5,3.6
11.5,5,3.65
11.5,5,3.7
11.5,5,3.75
11.5,5,3.8
11.5,5,3.85
11.5,5,3.9
11.5,5,3.95
11.5,5,4
11.5,5,4.05
11.5,5,4.1
11.5,5,4.15
11.5,5,4.2
11.5,5,4.25
11.5,5,4.3
11.5,5,4.35
11.5,5,4.4
11.5,5,4.45
11.5,5,4.5
11.5,5,4.55
11.5,5,4.6
11.5,5,4.65
11.5,5,4.7
11.5,5,4.75
11.5,5,4.8
11.5,5,4.85
11.5,5,4.9
11.5,5,4.95
11.5,5,5
11.5,5.5,0
11.5,5.5,0.05
11.5,5.5,0.1
11.5,5.5,0.15
11.5,5.5,0.2
11.5,5.5,0.25
11.5,5.5,0.3
11.5,5.5,0.35
11.5,5.5,0.4
11.5,5.5,0.45
11.5,5.5,0.5
11.5,5.5,0.55
11.5,5.5,0.6
11.5,5.5,0.65
11.5,5.5,0.7
11.5,5.5,0.75
11.5,5.5,0.8
11.5,5.5,0.85
11.5,5.5,0.9
11.5,5.5,0.95
11.5,5.5,1
11.5,5.5,1.05
11.5,5.5,1.1
11.5,5.5,1.15
11.5,5.5,1.2
11.5,5.5,1.25
11.5,5.5,1.3
11.5,5.5,1.35
11.5,5.5,1.4
11.5,5.5,1.45
11.5,5.5,1.5
11.5,5.5,1.55
11.5,5.5,1.6
11.5,5.5,1.65
11.5,5.5,1.7
11.5,5.5,1.75
11.5,5.5,1.8
11.5,5.5,1.85
11.5,5.5,1.9
11.5,5.5,1.95
11.5,5.5,2
11.5,5.5,2.05
11.5,5.5,2.1
11.5,5.5,2.15
11.5,5.5,2.2
11.5,5.5,2.25
11.5,5.5,2.3
11.5,5.5,2.35
11.5,5.5,2.4
11.5,5.5,2.45
11.5,5.5,2.5
11.5,5.5,2.55
11.5,5.5,2.6
11.5,5.5,2.65
11.5,5.5,2.7
11.5,5.5,2.75
11.5,5.5,2.8
11.5,5.5,2.85
11.5,5.5,2.9
11.5,5.5,2.95
11.5,5.5,3
11.5,5.5,3.05
11.5,5.5,3.1
11.5,5.5,3.15
11.5,5.5,3.2
11.5,5.5,3.25
11.5,5.5,3.3
11.5,5.5,3.35
11.5,5.5,3.4
11.5,5.5,3.45
11.5,5.5,3.5
11.5,5.5,3.55
11.5,5.5,3.6
11.5,5.5,3.65
11.5,5.5,3.7
11.5,5.5,3.75
11.5,5.5,3.8
11.5,5.5,3.85
11.5,5.5,3.9
11.5,5.5,3.95
11.5,5.5,4
11.5,5.5,4.05
11.5,5.5,4.1
11.5,5.5,4.15
11.5,5.5,4.2
11.5,5.5,4.25
11.5,5.5,4.3
11.5,5.5,4.35
11.5,5.5,4.4
11.5,5.5,4.45
11.5,5.5,4.5
11.5,5.5,4.55
11.5,5.5,4.6
11.5,5.5,4.65
11.5,5.5,4.7
11.5,5.5,4.75
11.5,5.5,4.8
11.5,5.5,4.85
11.5,5.5,4.9
11.5,5.5,4.95
11.5,5.5,5
11.5,6,0
11.5,6,0.05
11.5,6,0.1
11.5,6,0.15
11.5,6,0.2
11.5,6,0.25
11.5,6,0.3
11.5,6,0.35
11.5,6,0.4
11.5,6,0.45
11.5,6,0.5
11.5,6,0.55
11.5,6,0.6
11.5,6,0.65
11.5,6,0.7
11.5,6,0.75
11.5,6,0.8
11.5,6,0.85
11.5,6,0.9
11.5,6,0.95
11.5,6,1
11.5,6,1.05
11.5,6,1.1
11.5,6,1.15
11.5,6,1.2
11.5,6,1.25
11.5,6,1.3
11.5,6,1.35
11.5,6,1.4
11.5,6,1.45
11.5,6,1.5
11.5,6,1.55
11.5,6,1.6
11.5,6,1.65
11.5,6,1.7
11.5,6,1.75
11.5,6,1.8
11.5,6,1.85
11.5,6,1.9
11.5,6,1.95
11.5,6,2
11.5,6,2.05
11.5,6,2.1
11.5,6,2.15
11.5,6,2.2
11.5,6,2.25
11.5,6,2.3
11.5,6,2.35
11.5,6,2.4
11.5,6,2.45
11.5,6,2.5
11.5,6,2.55
11.5,6,2.6
11.5,6,2.65
11.5,6,2.7
11.5,6,2.75
11.5,6,2.8
11.5,6,2.85
11.5,6,2.9
11.5,6,2.95
11.5,6,3
11.5,6,3.05
11.5,6,3.1
11.5,6,3.15
11.5,6,3.2
11.5,6,3.25
11.5,6,3.3
11.5,6,3.35
11.5,6,3.4
11.5,6,3.45
11.5,6,3.5
11.5,6,3.55
11.5,6,3.6
11.5,6,3.65
11.5,6,3.7
11.5,6,3.75
11.5,6,3.8
11.5,6,3.85
11.5,6,3.9
11.5,6,3.95
11.5,6,4
11.5,6,4.05
11.5,6,4.1
11.5,6,4.15
11.5,6,4.2
11.5,6,4.25
11.5,6,4.3
11.5,6,4.35
11.5,6,4.4
11.5,6,4.45
11.5,6,4.5
11.5,6,4.55
11.5,6,4.6
11.5,6,4.65
11.5,6,4.7
11.5,6,4.75
11.5,6,4.8
11.5,6,4.85
11.5,6,4.9
11.5,6,4.95
11.5,6,5
11.5,6.5,0
11.5,6.5,0.05
11.5,6.5,0.1
11.5,6.5,0.15
11.5,6.5,0.2
11.5,6.5,0.25
11.5,6.5,0.3
11.5,6.5,0.35
11.5,6.5,0.4
11.5,6.5,0.45
11.5,6.5,0.5
11.5,6.5,0.55
11.5,6.5,0.6
11.5,6.5,0.65
11.5,6.5,0.7
11.5,6.5,0.75
11.5,6.5,0.8
11.5,6.5,0.85
11.5,6.5,0.9
11.5,6.5,0.95
11.5,6.5,1
11.5,6.5,1.05
11.5,6.5,1.1
11.5,6.5,1.15
11.5,6.5,1.2
11.5,6.5,1.25
11.5,6.5,1.3
11.5,6.5,1.35
11.5,6.5,1.4
11.5,6.5,1.45
11.5,6.5,1.5
11.5,6.5,1.55
11.5,6.5,1.6
11.5,6.5,1.65
11.5,6.5,1.7
11.5,6.5,1.75
11.5,6.5,1.8
11.5,6.5,1.85
11.5,6.5,1.9
11.5,6.5,1.95
11.5,6.5,2
11.5,6.5,2.05
11.5,6.5,2.1
11.5,6.5,2.15
11.5,6.5,2.2
11.5,6.5,2.25
11.5,6.5,2.3
11.5,6.5,2.35
11.5,6.5,2.4
11.5,6.5,2.45
11.5,6.5,2.5
11.5,6.5,2.55
11.5,6.5,2.6
11.5,6.5,2.65
11.5,6.5,2.7
11.5,6.5,2.75
11.5,6.5,2.8
11.5,6.5,2.85
11.5,6.5,2.9
11.5,6.5,2.95
11.5,6.5,3
11.5,6.5,3.05
11.5,6.5,3.1
11.5,6.5,3.15
11.5,6.5,3.2
11.5,6.5,3.25
11.5,6.5,3.3
11.5,6.5,3.35
11.5,6.5,3.4
11.5,6.5,3.45
11.5,6.5,3.5
11.5,6.5,3.55
11.5,6.5,3.6
11.5,6.5,3.65
11.5,6.5,3.7
11.5,6.5,3.75
11.5,6.5,3.8
11.5,6.5,3.85
11.5,6.5,3.9
11.5,6.5,3.95
11.5,6.5,4
11.5,6.5,4.05
11.5,6.5,4.1
11.5,6.5,4.15
11.5,6.5,4.2
11.5,6.5,4.25
11.5,6.5,4.3
11.5,6.5,4.35
11.5,6.5,4.4
11.5,6.5,4.45
11.5,6.5,4.5
11.5,6.5,4.55
11.5,6.5,4.6
11.5,6.5,4.65
11.5,6.5,4.7
11.5,6.5,4.75
11.5,6.5,4.8
11.5,6.5,4.85
11.5,6.5,4.9
11.5,6.5,4.95
11.5,6.5,5
11.5,7,0
11.5,7,0.05
11.5,7,0.1
11.5,7,0.15
11.5,7,0.2
11.5,7,0.25
11.5,7,0.3
11.5,7,0.35
11.5,7,0.4
11.5,7,0.45
11.5,7,0.5
11.5,7,0.55
11.5,7,0.6
11.5,7,0.65
11.5,7,0.7
11.5,7,0.75
11.5,7,0.8
11.5,7,0.85
11.5,7,0.9
11.5,7,0.95
11.5,7,1
11.5,7,1.05
11.5,7,1.1
11.5,7,1.15
11.5,7,1.2
11.5,7,1.25
11.5,7,1.3
11.5,7,1.35
11.5,7,1.4
11.5,7,1.45
11.5,7,1.5
11.5,7,1.55
11.5,7,1.6
11.5,7,1.65
11.5,7,1.7
11.5,7,1.75
11.5,7,1.8
11.5,7,1.85
11.5,7,1.9
11.5,7,1.95
11.5,7,2
11.5,7,2.05
11.5,7,2.1
11.5,7,2.15
11.5,7,2.2
11.5,7,2.25
11.5,7,2.3
11.5,7,2.35
11.5,7,2.4
11.5,7,2.45
11.5,7,2.5
11.5,7,2.55
11.5,7,2.6
11.5,7,2.65
11.5,7,2.7
11.5,7,2.75
11.5,7,2.8
11.5,7,2.85
11.5,7,2.9
11.5,7,2.95
11.5,7,3
11.5,7,3.05
11.5,7,3.1
11.5,7,3.15
11.5,7,3.2
11.5,7,3.25
11.5,7,3.3
11.5,7,3.35
11.5,7,3.4
11.5,7,3.45
11.5,7,3.5
11.5,7,3.55
11.5,7,3.6
11.5,7,3.65
11.5,7,3.7
11.5,7,3.75
11.5,7,3.8
11.5,7,3.85
11.5,7,3.9
11.5,7,3.95
11.5,7,4
11.5,7,4.05
11.5,7,4.1
11.5,7,4.15
11.5,7,4.2
11.5,7,4.25
11.5,7,4.3
11.5,7,4.35
11.5,7,4.4
11.5,7,4.45
11.5,7,4.5
11.5,7,4.55
11.5,7,4.6
11.5,7,4.65
11.5,7,4.7
11.5,7,4.75
11.5,7,4.8
11.5,7,4.85
11.5,7,4.9
11.5,7,4.95
11.5,7,5
11.5,7.5,0
11.5,7.5,0.05
11.5,7.5,0.1
11.5,7.5,0.15
11.5,7.5,0.2
11.5,7.5,0.25
11.5,7.5,0.3
11.5,7.5,0.35
11.5,7.5,0.4
11.5,7.5,0.45
11.5,7.5,0.5
11.5,7.5,0.55
11.5,7.5,0.6
11.5,7.5,0.65
11.5,7.5,0.7
11.5,7.5,0.75
11.5,7.5,0.8
11.5,7.5,0.85
11.5,7.5,0.9
11.5,7.5,0.95
11.5,7.5,1
11.5,7.5,1.05
11.5,7.5,1.1
11.5,7.5,1.15
11.5,7.5,1.2
11.5,7.5,1.25
11.5,7.5,1.3
11.5,7.5,1.35
11.5,7.5,1.4
11.5,7.5,1.45
11.5,7.5,1.5
11.5,7.5,1.55
11.5,7.5,1.6
11.5,7.5,1.65
11.5,7.5,1.7
11.5,7.5,1.75
11.5,7.5,1.8
11.5,7.5,1.85
11.5,7.5,1.9
11.5,7.5,1.95
11.5,7.5,2
11.5,7.5,2.05
11.5,7.5,2.1
11.5,7.5,2.15
11.5,7.5,2.2
11.5,7.5,2.25
11.5,7.5,2.3
11.5,7.5,2.35
11.5,7.5,2.4
11.5,7.5,2.45
11.5,7.5,2.5
11.5,7.5,2.55
11.5,7.5,2.6
11.5,7.5,2.65
11.5,7.5,2.7
11.5,7.5,2.75
11.5,7.5,2.8
11.5,7.5,2.85
11.5,7.5,2.9
11.5,7.5,2.95
11.5,7.5,3
11.5,7.5,3.05
11.5,7.5,3.1
11.5,7.5,3.15
11.5,7.5,3.2
11.5,7.5,3.25
11.5,7.5,3.3
11.5,7.5,3.35
11.5,7.5,3.4
11.5,7.5,3.45
11.5,7.5,3.5
11.5,7.5,3.55
11.5,7.5,3.6
11.5,7.5,3.65
11.5,7.5,3.7
11.5,7.5,3.75
11.5,7.5,3.8
11.5,7.5,3.85
11.5,7.5,3.9
11.5,7.5,3.95
11.5,7.5,4
11.5,7.5,4.05
11.5,7.5,4.1
11.5,7.5,4.15
11.5,7.5,4.2
11.5,7.5,4.25
11.5,7.5,4.3
11.5,7.5,4.35
11.5,7.5,4.4
11.5,7.5,4.45
11.5,7.5,4.5
11.5,7.5,4.55
11.5,7.5,4.6
11.5,7.5,4.65
11.5,7.5,4.7
11.5,7.5,4.75
11.5,7.5,4.8
11.5,7.5,4.85
11.5,7.5,4.9
11.5,7.5,4.95
11.5,7.5,5
11.5,8,0
11.5,8,0.05
11.5,8,0.1
11.5,8,0.15
11.5,8,0.2
11.5,8,0.25
11.5,8,0.3
11.5,8,0.35
11.5,8,0.4
11.5,8,0.45
11.5,8,0.5
11.5,8,0.55
11.5,8,0.6
11.5,8,0.65
11.5,8,0.7
11.5,8,0.75
11.5,8,0.8
11.5,8,0.85
11.5,8,0.9
11.5,8,0.95
11.5,8,1
11.5,8,1.05
11.5,8,1.1
11.5,8,1.15
11.5,8,1.2
11.5,8,1.25
11.5,8,1.3
11.5,8,1.35
11.5,8,1.4
11.5,8,1.45
11.5,8,1.5
11.5,8,1.55
11.5,8,1.6
11.5,8,1.65
11.5,8,1.7
11.5,8,1.75
11.5,8,1.8
11.5,8,1.85
11.5,8,1.9
11.5,8,1.95
11.5,8,2
11.5,8,2.05
11.5,8,2.1
11.5,8,2.15
11.5,8,2.2
11.5,8,2.25
11.5,8,2.3
11.5,8,2.35
11.5,8,2.4
11.5,8,2.45
11.5,8,2.5
11.5,8,2.55
11.5,8,2.6
11.5,8,2.65
11.5,8,2.7
11.5,8,2.75
11.5,8,2.8
11.5,8,2.85
11.5,8,2.9
11.5,8,2.95
11.5,8,3
11.5,8,3.05
11.5,8,3.1
11.5,8,3.15
11.5,8,3.2
11.5,8,3.25
11.5,8,3.3
11.5,8,3.35
11.5,8,3.4
11.5,8,3.45
11.5,8,3.5
11.5,8,3.55
11.5,8,3.6
11.5,8,3.65
11.5,8,3.7
11.5,8,3.75
11.5,8,3.8
11.5,8,3.85
11.5,8,3.9
11.5,8,3.95
11.5,8,4
11.5,8,4.05
11.5,8,4.1
11.5,8,4.15
11.5,8,4.2
11.5,8,4.25
11.5,8,4.3
11.5,8,4.35
11.5,8,4.4
11.5,8,4.45
11.5,8,4.5
11.5,8,4.55
11.5,8,4.6
11.5,8,4.65
11.5,8,4.7
11.5,8,4.75
11.5,8,4.8
11.5,8,4.85
11.5,8,4.9
11.5,8,4.95
11.5,8,5
11.5,8.5,0
11.5,8.5,0.05
11.5,8.5,0.1
11.5,8.5,0.15
11.5,8.5,0.2
11.5,8.5,0.25
11.5,8.5,0.3
11.5,8.5,0.35
11.5,8.5,0.4
11.5,8.5,0.45
11.5,8.5,0.5
11.5,8.5,0.55
11.5,8.5,0.6
11.5,8.5,0.65
11.5,8.5,0.7
11.5,8.5,0.75
11.5,8.5,0.8
11.5,8.5,0.85
11.5,8.5,0.9
11.5,8.5,0.95
11.5,8.5,1
11.5,8.5,1.05
11.5,8.5,1.1
11.5,8.5,1.15
11.5,8.5,1.2
11.5,8.5,1.25
11.5,8.5,1.3
11.5,8.5,1.35
11.5,8.5,1.4
11.5,8.5,1.45
11.5,8.5,1.5
11.5,8.5,1.55
11.5,8.5,1.6
11.5,8.5,1.65
11.5,8.5,1.7
11.5,8.5,1.75
11.5,8.5,1.8
11.5,8.5,1.85
11.5,8.5,1.9
11.5,8.5,1.95
11.5,8.5,2
11.5,8.5,2.05
11.5,8.5,2.1
11.5,8.5,2.15
11.5,8.5,2.2
11.5,8.5,2.25
11.5,8.5,2.3
11.5,8.5,2.35
11.5,8.5,2.4
11.5,8.5,2.45
11.5,8.5,2.5
11.5,8.5,2.55
11.5,8.5,2.6
11.5,8.5,2.65
11.5,8.5,2.7
11.5,8.5,2.75
11.5,8.5,2.8
11.5,8.5,2.85
11.5,8.5,2.9
11.5,8.5,2.95
11.5,8.5,3
11.5,8.5,3.05
11.5,8.5,3.1
11.5,8.5,3.15
11.5,8.5,3.2
11.5,8.5,3.25
11.5,8.5,3.3
11.5,8.5,3.35
11.5,8.5,3.4
11.5,8.5,3.45
11.5,8.5,3.5
11.5,8.5,3.55
11.5,8.5,3.6
11.5,8.5,3.65
11.5,8.5,3.7
11.5,8.5,3.75
11.5,8.5,3.8
11.5,8.5,3.85
11.5,8.5,3.9
11.5,8.5,3.95
11.5,8.5,4
11.5,8.5,4.05
11.5,8.5,4.1
11.5,8.5,4.15
11.5,8.5,4.2
11.5,8.5,4.25
11.5,8.5,4.3
11.5,8.5,4.35
11.5,8.5,4.4
11.5,8.5,4.45
11.5,8.5,4.5
11.5,8.5,4.55
11.5,8.5,4.6
11.5,8.5,4.65
11.5,8.5,4.7
11.5,8.5,4.75
11.5,8.5,4.8
11.5,8.5,4.85
11.5,8.5,4.9
11.5,8.5,4.95
11.5,8.5,5
11.5,9,0
11.5,9,0.05
11.5,9,0.1
11.5,9,0.15
11.5,9,0.2
11.5,9,0.25
11.5,9,0.3
11.5,9,0.35
11.5,9,0.4
11.5,9,0.45
11.5,9,0.5
11.5,9,0.55
11.5,9,0.6
11.5,9,0.65
11.5,9,0.7
11.5,9,0.75
11.5,9,0.8
11.5,9,0.85
11.5,9,0.9
11.5,9,0.95
11.5,9,1
11.5,9,1.05
11.5,9,1.1
11.5,9,1.15
11.5,9,1.2
11.5,9,1.25
11.5,9,1.3
11.5,9,1.35
11.5,9,1.4
11.5,9,1.45
11.5,9,1.5
11.5,9,1.55
11.5,9,1.6
11.5,9,1.65
11.5,9,1.7
11.5,9,1.75
11.5,9,1.8
11.5,9,1.85
11.5,9,1.9
11.5,9,1.95
11.5,9,2
11.5,9,2.05
11.5,9,2.1
11.5,9,2.15
11.5,9,2.2
11.5,9,2.25
11.5,9,2.3
11.5,9,2.35
11.5,9,2.4
11.5,9,2.45
11.5,9,2.5
11.5,9,2.55
11.5,9,2.6
11.5,9,2.65
11.5,9,2.7
11.5,9,2.75
11.5,9,2.8
11.5,9,2.85
11.5,9,2.9
11.5,9,2.95
11.5,9,3
11.5,9,3.05
11.5,9,3.1
11.5,9,3.15
11.5,9,3.2
11.5,9,3.25
11.5,9,3.3
11.5,9,3.35
11.5,9,3.4
11.5,9,3.45
11.5,9,3.5
11.5,9,3.55
11.5,9,3.6
11.5,9,3.65
11.5,9,3.7
11.5,9,3.75
11.5,9,3.8
11.5,9,3.85
11.5,9,3.9
11.5,9,3.95
11.5,9,4
11.5,9,4.05
11.5,9,4.1
11.5,9,4.15
11.5,9,4.2
11.5,9,4.25
11.5,9,4.3
11.5,9,4.35
11.5,9,4.4
11.5,9,4.45
11.5,9,4.5
11.5,9,4.55
11.5,9,4.6
11.5,9,4.65
11.5,9,4.7
11.5,9,4.75
11.5,9,4.8
11.5,9,4.85
11.5,9,4.9
11.5,9,4.95
11.5,9,5
11.5,9.5,0
11.5,9.5,0.05
11.5,9.5,0.1
11.5,9.5,0.15
11.5,9.5,0.2
11.5,9.5,0.25
11.5,9.5,0.3
11.5,9.5,0.35
11.5,9.5,0.4
11.5,9.5,0.45
11.5,9.5,0.5
11.5,9.5,0.55
11.5,9.5,0.6
11.5,9.5,0.65
11.5,9.5,0.7
11.5,9.5,0.75
11.5,9.5,0.8
11.5,9.5,0.85
11.5,9.5,0.9
11.5,9.5,0.95
11.5,9.5,1
11.5,9.5,1.05
11.5,9.5,1.1
11.5,9.5,1.15
11.5,9.5,1.2
11.5,9.5,1.25
11.5,9.5,1.3
11.5,9.5,1.35
11.5,9.5,1.4
11.5,9.5,1.45
11.5,9.5,1.5
11.5,9.5,1.55
11.5,9.5,1.6
11.5,9.5,1.65
11.5,9.5,1.7
11.5,9.5,1.75
11.5,9.5,1.8
11.5,9.5,1.85
11.5,9.5,1.9
11.5,9.5,1.95
11.5,9.5,2
11.5,9.5,2.05
11.5,9.5,2.1
11.5,9.5,2.15
11.5,9.5,2.2
11.5,9.5,2.25
11.5,9.5,2.3
11.5,9.5,2.35
11.5,9.5,2.4
11.5,9.5,2.45
11.5,9.5,2.5
11.5,9.5,2.55
11.5,9.5,2.6
11.5,9.5,2.65
11.5,9.5,2.7
11.5,9.5,2.75
11.5,9.5,2.8
11.5,9.5,2.85
11.5,9.5,2.9
11.5,9.5,2.95
11.5,9.5,3
11.5,9.5,3.05
11.5,9.5,3.1
11.5,9.5,3.15
11.5,9.5,3.2
11.5,9.5,3.25
11.5,9.5,3.3
11.5,9.5,3.35
11.5,9.5,3.4
11.5,9.5,3.45
11.5,9.5,3.5
11.5,9.5,3.55
11.5,9.5,3.6
11.5,9.5,3.65
11.5,9.5,3.7
11.5,9.5,3.75
11.5,9.5,3.8
11.5,9.5,3.85
11.5,9.5,3.9
11.5,9.5,3.95
11.5,9.5,4
11.5,9.5,4.05
11.5,9.5,4.1
11.5,9.5,4.15
11.5,9.5,4.2
11.5,9.5,4.25
11.5,9.5,4.3
11.5,9.5,4.35
11.5,9.5,4.4
11.5,9.5,4.45
11.5,9.5,4.5
11.5,9.5,4.55
11.5,9.5,4.6
11.5,9.5,4.65
11.5,9.5,4.7
11.5,9.5,4.75
11.5,9.5,4.8
11.5,9.5,4.85
11.5,9.5,4.9
11.5,9.5,4.95
11.5,9.5,5
11.5,10,0
11.5,10,0.05
11.5,10,0.1
11.5,10,0.15
11.5,10,0.2
11.5,10,0.25
11.5,10,0.3
11.5,10,0.35
11.5,10,0.4
11.5,10,0.45
11.5,10,0.5
11.5,10,0.55
11.5,10,0.6
11.5,10,0.65
11.5,10,0.7
11.5,10,0.75
11.5,10,0.8
11.5,10,0.85
11.5,10,0.9
11.5,10,0.95
11.5,10,1
11.5,10,1.05
11.5,10,1.1
11.5,10,1.15
11.5,10,1.2
11.5,10,1.25
11.5,10,1.3
11.5,10,1.35
11.5,10,1.4
11.5,10,1.45
11.5,10,1.5
11.5,10,1.55
11.5,10,1.6
11.5,10,1.65
11.5,10,1.7
11.5,10,1.75
11.5,10,1.8
11.5,10,1.85
11.5,10,1.9
11.5,10,1.95
11.5,10,2
11.5,10,2.05
11.5,10,2.1
11.5,10,2.15
11.5,10,2.2
11.5,10,2.25
11.5,10,2.3
11.5,10,2.35
11.5,10,2.4
11.5,10,2.45
11.5,10,2.5
11.5,10,2.55
11.5,10,2.6
11.5,10,2.65
11.5,10,2.7
11.5,10,2.75
11.5,10,2.8
11.5,10,2.85
11.5,10,2.9
11.5,10,2.95
11.5,10,3
11.5,10,3.05
11.5,10,3.1
11.5,10,3.15
11.5,10,3.2
11.5,10,3.25
11.5,10,3.3
11.5,10,3.35
11.5,10,3.4
11.5,10,3.45
11.5,10,3.5
11.5,10,3.55
11.5,10,3.6
11.5,10,3.65
11.5,10,3.7
11.5,10,3.75
11.5,10,3.8
11.5,10,3.85
11.5,10,3.9
11.5,10,3.95
11.5,10,4
11.5,10,4.05
11.5,10,4.1
11.5,10,4.15
11.5,10,4.2
11.5,10,4.25
11.5,10,4.3
11.5,10,4.35
11.5,10,4.4
11.5,10,4.45
11.5,10,4.5
11.5,10,4.55
11.5,10,4.6
11.5,10,4.65
11.5,10,4.7
11.5,10,4.75
11.5,10,4.8
11.5,10,4.85
11.5,10,4.9
11.5,10,4.95
11.5,10,5
12,0,0
12,0,0.05
12,0,0.1
12,0,0.15
12,0,0.2
12,0,0.25
12,0,0.3
12,0,0.35
12,0,0.4
12,0,0.45
12,0,0.5
12,0,0.55
12,0,0.6
12,0,0.65
12,0,0.7
12,0,0.75
12,0,0.8
12,0,0.85
12,0,0.9
12,0,0.95
12,0,1
12,0,1.05
12,0,1.1
12,0,1.15
12,0,1.2
12,0,1.25
12,0,1.3
12,0,1.35
12,0,1.4
12,0,1.45
12,0,1.5
12,0,1.55
12,0,1.6
12,0,1.65
12,0,1.7
12,0,1.75
12,0,1.8
12,0,1.85
12,0,1.9
12,0,1.95
12,0,2
12,0,2.05
12,0,2.1
12,0,2.15
12,0,2.2
12,0,2.25
12,0,2.3
12,0,2.35
12,0,2.4
12,0,2.45
12,0,2.5
12,0,2.55
12,0,2.6
12,0,2.65
12,0,2.7
12,0,2.75
12,0,2.8
12,0,2.85
12,0,2.9
12,0,2.95
12,0,3
12,0,3.05
12,0,3.1
12,0,3.15
12,0,3.2
12,0,3.25
12,0,3.3
12,0,3.35
12,0,3.4
12,0,3.45
12,0,3.5
12,0,3.55
12,0,3.6
12,0,3.65
12,0,3.7
12,0,3.75
12,0,3.8
12,0,3.85
12,0,3.9
12,0,3.95
12,0,4
12,0,4.05
12,0,4.1
12,0,4.15
12,0,4.2
12,0,4.25
12,0,4.3
12,0,4.35
12,0,4.4
12,0,4.45
12,0,4.5
12,0,4.55
12,0,4.6
12,0,4.65
12,0,4.7
12,0,4.75
12,0,4.8
12,0,4.85
12,0,4.9
12,0,4.95
12,0,5
12,0.5,0
12,0.5,0.05
12,0.5,0.1
12,0.5,0.15
12,0.5,0.2
12,0.5,0.25
12,0.5,0.3
12,0.5,0.35
12,0.5,0.4
12,0.5,0.45
12,0.5,0.5
12,0.5,0.55
12,0.5,0.6
12,0.5,0.65
12,0.5,0.7
12,0.5,0.75
12,0.5,0.8
12,0.5,0.85
12,0.5,0.9
12,0.5,0.95
12,0.5,1
12,0.5,1.05
12,0.5,1.1
12,0.5,1.15
12,0.5,1.2
12,0.5,1.25
12,0.5,1.3
12,0.5,1.35
12,0.5,1.4
12,0.5,1.45
12,0.5,1.5
12,0.5,1.55
12,0.5,1.6
12,0.5,1.65
12,0.5,1.7
12,0.5,1.75
12,0.5,1.8
12,0.5,1.85
12,0.5,1.9
12,0.5,1.95
12,0.5,2
12,0.5,2.05
12,0.5,2.1
12,0.5,2.15
12,0.5,2.2
12,0.5,2.25
12,0.5,2.3
12,0.5,2.35
12,0.5,2.4
12,0.5,2.45
12,0.5,2.5
12,0.5,2.55
12,0.5,2.6
12,0.5,2.65
12,0.5,2.7
12,0.5,2.75
12,0.5,2.8
12,0.5,2.85
12,0.5,2.9
12,0.5,2.95
12,0.5,3
12,0.5,3.05
12,0.5,3.1
12,0.5,3.15
12,0.5,3.2
12,0.5,3.25
12,0.5,3.3
12,0.5,3.35
12,0.5,3.4
12,0.5,3.45
12,0.5,3.5
12,0.5,3.55
12,0.5,3.6
12,0.5,3.65
12,0.5,3.7
12,0.5,3.75
12,0.5,3.8
12,0.5,3.85
12,0.5,3.9
12,0.5,3.95
12,0.5,4
12,0.5,4.05
12,0.5,4.1
12,0.5,4.15
12,0.5,4.2
12,0.5,4.25
12,0.5,4.3
12,0.5,4.35
12,0.5,4.4
12,0.5,4.45
12,0.5,4.5
12,0.5,4.55
12,0.5,4.6
12,0.5,4.65
12,0.5,4.7
12,0.5,4.75
12,0.5,4.8
12,0.5,4.85
12,0.5,4.9
12,0.5,4.95
12,0.5,5
12,1,0
12,1,0.05
12,1,0.1
12,1,0.15
12,1,0.2
12,1,0.25
12,1,0.3
12,1,0.35
12,1,0.4
12,1,0.45
12,1,0.5
12,1,0.55
12,1,0.6
12,1,0.65
12,1,0.7
12,1,0.75
12,1,0.8
12,1,0.85
12,1,0.9
12,1,0.95
12,1,1
12,1,1.05
12,1,1.1
12,1,1.15
12,1,1.2
12,1,1.25
12,1,1.3
12,1,1.35
12,1,1.4
12,1,1.45
12,1,1.5
12,1,1.55
12,1,1.6
12,1,1.65
12,1,1.7
12,1,1.75
12,1,1.8
12,1,1.85
12,1,1.9
12,1,1.95
12,1,2
12,1,2.05
12,1,2.1
12,1,2.15
12,1,2.2
12,1,2.25
12,1,2.3
12,1,2.35
12,1,2.4
12,1,2.45
12,1,2.5
12,1,2.55
12,1,2.6
12,1,2.65
12,1,2.7
12,1,2.75
12,1,2.8
12,1,2.85
12,1,2.9
12,1,2.95
12,1,3
12,1,3.05
12,1,3.1
12,1,3.15
12,1,3.2
12,1,3.25
12,1,3.3
12,1,3.35
12,1,3.4
12,1,3.45
12,1,3.5
12,1,3.55
12,1,3.6
12,1,3.65
12,1,3.7
12,1,3.75
12,1,3.8
12,1,3.85
12,1,3.9
12,1,3.95
12,1,4
12,1,4.05
12,1,4.1
12,1,4.15
12,1,4.2
12,1,4.25
12,1,4.3
12,1,4.35
12,1,4.4
12,1,4.45
12,1,4.5
12,1,4.55
12,1,4.6
12,1,4.65
12,1,4.7
12,1,4.75
12,1,4.8
12,1,4.85
12,1,4.9
12,1,4.95
12,1,5
12,1.5,0
12,1.5,0.05
12,1.5,0.1
12,1.5,0.15
12,1.5,0.2
12,1.5,0.25
12,1.5,0.3
12,1.5,0.35
12,1.5,0.4
12,1.5,0.45
12,1.5,0.5
12,1.5,0.55
12,1.5,0.6
12,1.5,0.65
12,1.5,0.7
12,1.5,0.75
12,1.5,0.8
12,1.5,0.85
12,1.5,0.9
12,1.5,0.95
12,1.5,1
12,1.5,1.05
12,1.5,1.1
12,1.5,1.15
12,1.5,1.2
12,1.5,1.25
12,1.5,1.3
12,1.5,1.35
12,1.5,1.4
12,1.5,1.45
12,1.5,1.5
12,1.5,1.55
12,1.5,1.6
12,1.5,1.65
12,1.5,1.7
12,1.5,1.75
12,1.5,1.8
12,1.5,1.85
12,1.5,1.9
12,1.5,1.95
12,1.5,2
12,1.5,2.05
12,1.5,2.1
12,1.5,2.15
12,1.5,2.2
12,1.5,2.25
12,1.5,2.3
12,1.5,2.35
12,1.5,2.4
12,1.5,2.45
12,1.5,2.5
12,1.5,2.55
12,1.5,2.6
12,1.5,2.65
12,1.5,2.7
12,1.5,2.75
12,1.5,2.8
12,1.5,2.85
12,1.5,2.9
12,1.5,2.95
12,1.5,3
12,1.5,3.05
12,1.5,3.1
12,1.5,3.15
12,1.5,3.2
12,1.5,3.25
12,1.5,3.3
12,1.5,3.35
12,1.5,3.4
12,1.5,3.45
12,1.5,3.5
12,1.5,3.55
12,1.5,3.6
12,1.5,3.65
12,1.5,3.7
12,1.5,3.75
12,1.5,3.8
12,1.5,3.85
12,1.5,3.9
12,1.5,3.95
12,1.5,4
12,1.5,4.05
12,1.5,4.1
12,1.5,4.15
12,1.5,4.2
12,1.5,4.25
12,1.5,4.3
12,1.5,4.35
12,1.5,4.4
12,1.5,4.45
12,1.5,4.5
12,1.5,4.55
12,1.5,4.6
12,1.5,4.65
12,1.5,4.7
12,1.5,4.75
12,1.5,4.8
12,1.5,4.85
12,1.5,4.9
12,1.5,4.95
12,1.5,5
12,2,0
12,2,0.05
12,2,0.1
12,2,0.15
12,2,0.2
12,2,0.25
12,2,0.3
12,2,0.35
12,2,0.4
12,2,0.45
12,2,0.5
12,2,0.55
12,2,0.6
12,2,0.65
12,2,0.7
12,2,0.75
12,2,0.8
12,2,0.85
12,2,0.9
12,2,0.95
12,2,1
12,2,1.05
12,2,1.1
12,2,1.15
12,2,1.2
12,2,1.25
12,2,1.3
12,2,1.35
12,2,1.4
12,2,1.45
12,2,1.5
12,2,1.55
12,2,1.6
12,2,1.65
12,2,1.7
12,2,1.75
12,2,1.8
12,2,1.85
12,2,1.9
12,2,1.95
12,2,2
12,2,2.05
12,2,2.1
12,2,2.15
12,2,2.2
12,2,2.25
12,2,2.3
12,2,2.35
12,2,2.4
12,2,2.45
12,2,2.5
12,2,2.55
12,2,2.6
12,2,2.65
12,2,2.7
12,2,2.75
12,2,2.8
12,2,2.85
12,2,2.9
12,2,2.95
12,2,3
12,2,3.05
12,2,3.1
12,2,3.15
12,2,3.2
12,2,3.25
12,2,3.3
12,2,3.35
12,2,3.4
12,2,3.45
12,2,3.5
12,2,3.55
12,2,3.6
12,2,3.65
12,2,3.7
12,2,3.75
12,2,3.8
12,2,3.85
12,2,3.9
12,2,3.95
12,2,4
12,2,4.05
12,2,4.1
12,2,4.15
12,2,4.2
12,2,4.25
12,2,4.3
12,2,4.35
12,2,4.4
12,2,4.45
12,2,4.5
12,2,4.55
12,2,4.6
12,2,4.65
12,2,4.7
12,2,4.75
12,2,4.8
12,2,4.85
12,2,4.9
12,2,4.95
12,2,5
12,2.5,0
12,2.5,0.05
12,2.5,0.1
12,2.5,0.15
12,2.5,0.2
12,2.5,0.25
12,2.5,0.3
12,2.5,0.35
12,2.5,0.4
12,2.5,0.45
12,2.5,0.5
12,2.5,0.55
12,2.5,0.6
12,2.5,0.65
12,2.5,0.7
12,2.5,0.75
12,2.5,0.8
12,2.5,0.85
12,2.5,0.9
12,2.5,0.95
12,2.5,1
12,2.5,1.05
12,2.5,1.1
12,2.5,1.15
12,2.5,1.2
12,2.5,1.25
12,2.5,1.3
12,2.5,1.35
12,2.5,1.4
12,2.5,1.45
12,2.5,1.5
12,2.5,1.55
12,2.5,1.6
12,2.5,1.65
12,2.5,1.7
12,2.5,1.75
12,2.5,1.8
12,2.5,1.85
12,2.5,1.9
12,2.5,1.95
12,2.5,2
12,2.5,2.05
12,2.5,2.1
12,2.5,2.15
12,2.5,2.2
12,2.5,2.25
12,2.5,2.3
12,2.5,2.35
12,2.5,2.4
12,2.5,2.45
12,2.5,2.5
12,2.5,2.55
12,2.5,2.6
12,2.5,2.65
12,2.5,2.7
12,2.5,2.75
12,2.5,2.8
12,2.5,2.85
12,2.5,2.9
12,2.5,2.95
12,2.5,3
12,2.5,3.05
12,2.5,3.1
12,2.5,3.15
12,2.5,3.2
12,2.5,3.25
12,2.5,3.3
12,2.5,3.35
12,2.5,3.4
12,2.5,3.45
12,2.5,3.5
12,2.5,3.55
12,2.5,3.6
12,2.5,3.65
12,2.5,3.7
12,2.5,3.75
12,2.5,3.8
12,2.5,3.85
12,2.5,3.9
12,2.5,3.95
12,2.5,4
12,2.5,4.05
12,2.5,4.1
12,2.5,4.15
12,2.5,4.2
12,2.5,4.25
12,2.5,4.3
12,2.5,4.35
12,2.5,4.4
12,2.5,4.45
12,2.5,4.5
12,2.5,4.55
12,2.5,4.6
12,2.5,4.65
12,2.5,4.7
12,2.5,4.75
12,2.5,4.8
12,2.5,4.85
12,2.5,4.9
12,2.5,4.95
12,2.5,5
12,3,0
12,3,0.05
12,3,0.1
12,3,0.15
12,3,0.2
12,3,0.25
12,3,0.3
12,3,0.35
12,3,0.4
12,3,0.45
12,3,0.5
12,3,0.55
12,3,0.6
12,3,0.65
12,3,0.7
12,3,0.75
12,3,0.8
12,3,0.85
12,3,0.9
12,3,0.95
12,3,1
12,3,1.05
12,3,1.1
12,3,1.15
12,3,1.2
12,3,1.25
12,3,1.3
12,3,1.35
12,3,1.4
12,3,1.45
12,3,1.5
12,3,1.55
12,3,1.6
12,3,1.65
12,3,1.7
12,3,1.75
12,3,1.8
12,3,1.85
12,3,1.9
12,3,1.95
12,3,2
12,3,2.05
12,3,2.1
12,3,2.15
12,3,2.2
12,3,2.25
12,3,2.3
12,3,2.35
12,3,2.4
12,3,2.45
12,3,2.5
12,3,2.55
12,3,2.6
12,3,2.65
12,3,2.7
12,3,2.75
12,3,2.8
12,3,2.85
12,3,2.9
12,3,2.95
12,3,3
12,3,3.05
12,3,3.1
12,3,3.15
12,3,3.2
12,3,3.25
12,3,3.3
12,3,3.35
12,3,3.4
12,3,3.45
12,3,3.5
12,3,3.55
12,3,3.6
12,3,3.65
12,3,3.7
12,3,3.75
12,3,3.8
12,3,3.85
12,3,3.9
12,3,3.95
12,3,4
12,3,4.05
12,3,4.1
12,3,4.15
12,3,4.2
12,3,4.25
12,3,4.3
12,3,4.35
12,3,4.4
12,3,4.45
12,3,4.5
12,3,4.55
12,3,4.6
12,3,4.65
12,3,4.7
12,3,4.75
12,3,4.8
12,3,4.85
12,3,4.9
12,3,4.95
12,3,5
12,3.5,0
12,3.5,0.05
12,3.5,0.1
12,3.5,0.15
12,3.5,0.2
12,3.5,0.25
12,3.5,0.3
12,3.5,0.35
12,3.5,0.4
12,3.5,0.45
12,3.5,0.5
12,3.5,0.55
12,3.5,0.6
12,3.5,0.65
12,3.5,0.7
12,3.5,0.75
12,3.5,0.8
12,3.5,0.85
12,3.5,0.9
12,3.5,0.95
12,3.5,1
12,3.5,1.05
12,3.5,1.1
12,3.5,1.15
12,3.5,1.2
12,3.5,1.25
12,3.5,1.3
12,3.5,1.35
12,3.5,1.4
12,3.5,1.45
12,3.5,1.5
12,3.5,1.55
12,3.5,1.6
12,3.5,1.65
12,3.5,1.7
12,3.5,1.75
12,3.5,1.8
12,3.5,1.85
12,3.5,1.9
12,3.5,1.95
12,3.5,2
12,3.5,2.05
12,3.5,2.1
12,3.5,2.15
12,3.5,2.2
12,3.5,2.25
12,3.5,2.3
12,3.5,2.35
12,3.5,2.4
12,3.5,2.45
12,3.5,2.5
12,3.5,2.55
12,3.5,2.6
12,3.5,2.65
12,3.5,2.7
12,3.5,2.75
12,3.5,2.8
12,3.5,2.85
12,3.5,2.9
12,3.5,2.95
12,3.5,3
12,3.5,3.05
12,3.5,3.1
12,3.5,3.15
12,3.5,3.2
12,3.5,3.25
12,3.5,3.3
12,3.5,3.35
12,3.5,3.4
12,3.5,3.45
12,3.5,3.5
12,3.5,3.55
12,3.5,3.6
12,3.5,3.65
12,3.5,3.7
12,3.5,3.75
12,3.5,3.8
12,3.5,3.85
12,3.5,3.9
12,3.5,3.95
12,3.5,4
12,3.5,4.05
12,3.5,4.1
12,3.5,4.15
12,3.5,4.2
12,3.5,4.25
12,3.5,4.3
12,3.5,4.35
12,3.5,4.4
12,3.5,4.45
12,3.5,4.5
12,3.5,4.55
12,3.5,4.6
12,3.5,4.65
12,3.5,4.7
12,3.5,4.75
12,3.5,4.8
12,3.5,4.85
12,3.5,4.9
12,3.5,4.95
12,3.5,5
12,4,0
12,4,0.05
12,4,0.1
12,4,0.15
12,4,0.2
12,4,0.25
12,4,0.3
12,4,0.35
12,4,0.4
12,4,0.45
12,4,0.5
12,4,0.55
12,4,0.6
12,4,0.65
12,4,0.7
12,4,0.75
12,4,0.8
12,4,0.85
12,4,0.9
12,4,0.95
12,4,1
12,4,1.05
12,4,1.1
12,4,1.15
12,4,1.2
12,4,1.25
12,4,1.3
12,4,1.35
12,4,1.4
12,4,1.45
12,4,1.5
12,4,1.55
12,4,1.6
12,4,1.65
12,4,1.7
12,4,1.75
12,4,1.8
12,4,1.85
12,4,1.9
12,4,1.95
12,4,2
12,4,2.05
12,4,2.1
12,4,2.15
12,4,2.2
12,4,2.25
12,4,2.3
12,4,2.35
12,4,2.4
12,4,2.45
12,4,2.5
12,4,2.55
12,4,2.6
12,4,2.65
12,4,2.7
12,4,2.75
12,4,2.8
12,4,2.85
12,4,2.9
12,4,2.95
12,4,3
12,4,3.05
12,4,3.1
12,4,3.15
12,4,3.2
12,4,3.25
12,4,3.3
12,4,3.35
12,4,3.4
12,4,3.45
12,4,3.5
12,4,3.55
12,4,3.6
12,4,3.65
12,4,3.7
12,4,3.75
12,4,3.8
12,4,3.85
12,4,3.9
12,4,3.95
12,4,4
12,4,4.05
12,4,4.1
12,4,4.15
12,4,4.2
12,4,4.25
12,4,4.3
12,4,4.35
12,4,4.4
12,4,4.45
12,4,4.5
12,4,4.55
12,4,4.6
12,4,4.65
12,4,4.7
12,4,4.75
12,4,4.8
12,4,4.85
12,4,4.9
12,4,4.95
12,4,5
12,4.5,0
12,4.5,0.05
12,4.5,0.1
12,4.5,0.15
12,4.5,0.2
12,4.5,0.25
12,4.5,0.3
12,4.5,0.35
12,4.5,0.4
12,4.5,0.45
12,4.5,0.5
12,4.5,0.55
12,4.5,0.6
12,4.5,0.65
12,4.5,0.7
12,4.5,0.75
12,4.5,0.8
12,4.5,0.85
12,4.5,0.9
12,4.5,0.95
12,4.5,1
12,4.5,1.05
12,4.5,1.1
12,4.5,1.15
12,4.5,1.2
12,4.5,1.25
12,4.5,1.3
12,4.5,1.35
12,4.5,1.4
12,4.5,1.45
12,4.5,1.5
12,4.5,1.55
12,4.5,1.6
12,4.5,1.65
12,4.5,1.7
12,4.5,1.75
12,4.5,1.8
12,4.5,1.85
12,4.5,1.9
12,4.5,1.95
12,4.5,2
12,4.5,2.05
12,4.5,2.1
12,4.5,2.15
12,4.5,2.2
12,4.5,2.25
12,4.5,2.3
12,4.5,2.35
12,4.5,2.4
12,4.5,2.45
12,4.5,2.5
12,4.5,2.55
12,4.5,2.6
12,4.5,2.65
12,4.5,2.7
12,4.5,2.75
12,4.5,2.8
12,4.5,2.85
12,4.5,2.9
12,4.5,2.95
12,4.5,3
12,4.5,3.05
12,4.5,3.1
12,4.5,3.15
12,4.5,3.2
12,4.5,3.25
12,4.5,3.3
12,4.5,3.35
12,4.5,3.4
12,4.5,3.45
12,4.5,3.5
12,4.5,3.55
12,4.5,3.6
12,4.5,3.65
12,4.5,3.7
12,4.5,3.75
12,4.5,3.8
12,4.5,3.85
12,4.5,3.9
12,4.5,3.95
12,4.5,4
12,4.5,4.05
12,4.5,4.1
12,4.5,4.15
12,4.5,4.2
12,4.5,4.25
12,4.5,4.3
12,4.5,4.35
12,4.5,4.4
12,4.5,4.45
12,4.5,4.5
12,4.5,4.55
12,4.5,4.6
12,4.5,4.65
12,4.5,4.7
12,4.5,4.75
12,4.5,4.8
12,4.5,4.85
12,4.5,4.9
12,4.5,4.95
12,4.5,5
12,5,0
12,5,0.05
12,5,0.1
12,5,0.15
12,5,0.2
12,5,0.25
12,5,0.3
12,5,0.35
12,5,0.4
12,5,0.45
12,5,0.5
12,5,0.55
12,5,0.6
12,5,0.65
12,5,0.7
12,5,0.75
12,5,0.8
12,5,0.85
12,5,0.9
12,5,0.95
12,5,1
12,5,1.05
12,5,1.1
12,5,1.15
12,5,1.2
12,5,1.25
12,5,1.3
12,5,1.35
12,5,1.4
12,5,1.45
12,5,1.5
12,5,1.55
12,5,1.6
12,5,1.65
12,5,1.7
12,5,1.75
12,5,1.8
12,5,1.85
12,5,1.9
12,5,1.95
12,5,2
12,5,2.05
12,5,2.1
12,5,2.15
12,5,2.2
12,5,2.25
12,5,2.3
12,5,2.35
12,5,2.4
12,5,2.45
12,5,2.5
12,5,2.55
12,5,2.6
12,5,2.65
12,5,2.7
12,5,2.75
12,5,2.8
12,5,2.85
12,5,2.9
12,5,2.95
12,5,3
12,5,3.05
12,5,3.1
12,5,3.15
12,5,3.2
12,5,3.25
12,5,3.3
12,5,3.35
12,5,3.4
12,5,3.45
12,5,3.5
12,5,3.55
12,5,3.6
12,5,3.65
12,5,3.7
12,5,3.75
12,5,3.8
12,5,3.85
12,5,3.9
12,5,3.95
12,5,4
12,5,4.05
12,5,4.1
12,5,4.15
12,5,4.2
12,5,4.25
12,5,4.3
12,5,4.35
12,5,4.4
12,5,4.45
12,5,4.5
12,5,4.55
12,5,4.6
12,5,4.65
12,5,4.7
12,5,4.75
12,5,4.8
12,5,4.85
12,5,4.9
12,5,4.95
12,5,5
12,5.5,0
12,5.5,0.05
12,5.5,0.1
12,5.5,0.15
12,5.5,0.2
12,5.5,0.25
12,5.5,0.3
12,5.5,0.35
12,5.5,0.4
12,5.5,0.45
12,5.5,0.5
12,5.5,0.55
12,5.5,0.6
12,5.5,0.65
12,5.5,0.7
12,5.5,0.75
12,5.5,0.8
12,5.5,0.85
12,5.5,0.9
12,5.5,0.95
12,5.5,1
12,5.5,1.05
12,5.5,1.1
12,5.5,1.15
12,5.5,1.2
12,5.5,1.25
12,5.5,1.3
12,5.5,1.35
12,5.5,1.4
12,5.5,1.45
12,5.5,1.5
12,5.5,1.55
12,5.5,1.6
12,5.5,1.65
12,5.5,1.7
12,5.5,1.75
12,5.5,1.8
12,5.5,1.85
12,5.5,1.9
12,5.5,1.95
12,5.5,2
12,5.5,2.05
12,5.5,2.1
12,5.5,2.15
12,5.5,2.2
12,5.5,2.25
12,5.5,2.3
12,5.5,2.35
12,5.5,2.4
12,5.5,2.45
12,5.5,2.5
12,5.5,2.55
12,5.5,2.6
12,5.5,2.65
12,5.5,2.7
12,5.5,2.75
12,5.5,2.8
12,5.5,2.85
12,5.5,2.9
12,5.5,2.95
12,5.5,3
12,5.5,3.05
12,5.5,3.1
12,5.5,3.15
12,5.5,3.2
12,5.5,3.25
12,5.5,3.3
12,5.5,3.35
12,5.5,3.4
12,5.5,3.45
12,5.5,3.5
12,5.5,3.55
12,5.5,3.6
12,5.5,3.65
12,5.5,3.7
12,5.5,3.75
12,5.5,3.8
12,5.5,3.85
12,5.5,3.9
12,5.5,3.95
12,5.5,4
12,5.5,4.05
12,5.5,4.1
12,5.5,4.15
12,5.5,4.2
12,5.5,4.25
12,5.5,4.3
12,5.5,4.35
12,5.5,4.4
12,5.5,4.45
12,5.5,4.5
12,5.5,4.55
12,5.5,4.6
12,5.5,4.65
12,5.5,4.7
12,5.5,4.75
12,5.5,4.8
12,5.5,4.85
12,5.5,4.9
12,5.5,4.95
12,5.5,5
12,6,0
12,6,0.05
12,6,0.1
12,6,0.15
12,6,0.2
12,6,0.25
12,6,0.3
12,6,0.35
12,6,0.4
12,6,0.45
12,6,0.5
12,6,0.55
12,6,0.6
12,6,0.65
12,6,0.7
12,6,0.75
12,6,0.8
12,6,0.85
12,6,0.9
12,6,0.95
12,6,1
12,6,1.05
12,6,1.1
12,6,1.15
12,6,1.2
12,6,1.25
12,6,1.3
12,6,1.35
12,6,1.4
12,6,1.45
12,6,1.5
12,6,1.55
12,6,1.6
12,6,1.65
12,6,1.7
12,6,1.75
12,6,1.8
12,6,1.85
12,6,1.9
12,6,1.95
12,6,2
12,6,2.05
12,6,2.1
12,6,2.15
12,6,2.2
12,6,2.25
12,6,2.3
12,6,2.35
12,6,2.4
12,6,2.45
12,6,2.5
12,6,2.55
12,6,2.6
12,6,2.65
12,6,2.7
12,6,2.75
12,6,2.8
12,6,2.85
12,6,2.9
12,6,2.95
12,6,3
12,6,3.05
12,6,3.1
12,6,3.15
12,6,3.2
12,6,3.25
12,6,3.3
12,6,3.35
12,6,3.4
12,6,3.45
12,6,3.5
12,6,3.55
12,6,3.6
12,6,3.65
12,6,3.7
12,6,3.75
12,6,3.8
12,6,3.85
12,6,3.9
12,6,3.95
12,6,4
12,6,4.05
12,6,4.1
12,6,4.15
12,6,4.2
12,6,4.25
12,6,4.3
12,6,4.35
12,6,4.4
12,6,4.45
12,6,4.5
12,6,4.55
12,6,4.6
12,6,4.65
12,6,4.7
12,6,4.75
12,6,4.8
12,6,4.85
12,6,4.9
12,6,4.95
12,6,5
12,6.5,0
12,6.5,0.05
12,6.5,0.1
12,6.5,0.15
12,6.5,0.2
12,6.5,0.25
12,6.5,0.3
12,6.5,0.35
12,6.5,0.4
12,6.5,0.45
12,6.5,0.5
12,6.5,0.55
12,6.5,0.6
12,6.5,0.65
12,6.5,0.7
12,6.5,0.75
12,6.5,0.8
12,6.5,0.85
12,6.5,0.9
12,6.5,0.95
12,6.5,1
12,6.5,1.05
12,6.5,1.1
12,6.5,1.15
12,6.5,1.2
12,6.5,1.25
12,6.5,1.3
12,6.5,1.35
12,6.5,1.4
12,6.5,1.45
12,6.5,1.5
12,6.5,1.55
12,6.5,1.6
12,6.5,1.65
12,6.5,1.7
12,6.5,1.75
12,6.5,1.8
12,6.5,1.85
12,6.5,1.9
12,6.5,1.95
12,6.5,2
12,6.5,2.05
12,6.5,2.1
12,6.5,2.15
12,6.5,2.2
12,6.5,2.25
12,6.5,2.3
12,6.5,2.35
12,6.5,2.4
12,6.5,2.45
12,6.5,2.5
12,6.5,2.55
12,6.5,2.6
12,6.5,2.65
12,6.5,2.7
12,6.5,2.75
12,6.5,2.8
12,6.5,2.85
12,6.5,2.9
12,6.5,2.95
12,6.5,3
12,6.5,3.05
12,6.5,3.1
12,6.5,3.15
12,6.5,3.2
12,6.5,3.25
12,6.5,3.3
12,6.5,3.35
12,6.5,3.4
12,6.5,3.45
12,6.5,3.5
12,6.5,3.55
12,6.5,3.6
12,6.5,3.65
12,6.5,3.7
12,6.5,3.75
12,6.5,3.8
12,6.5,3.85
12,6.5,3.9
12,6.5,3.95
12,6.5,4
12,6.5,4.05
12,6.5,4.1
12,6.5,4.15
12,6.5,4.2
12,6.5,4.25
12,6.5,4.3
12,6.5,4.35
12,6.5,4.4
12,6.5,4.45
12,6.5,4.5
12,6.5,4.55
12,6.5,4.6
12,6.5,4.65
12,6.5,4.7
12,6.5,4.75
12,6.5,4.8
12,6.5,4.85
12,6.5,4.9
12,6.5,4.95
12,6.5,5
12,7,0
12,7,0.05
12,7,0.1
12,7,0.15
12,7,0.2
12,7,0.25
12,7,0.3
12,7,0.35
12,7,0.4
12,7,0.45
12,7,0.5
12,7,0.55
12,7,0.6
12,7,0.65
12,7,0.7
12,7,0.75
12,7,0.8
12,7,0.85
12,7,0.9
12,7,0.95
12,7,1
12,7,1.05
12,7,1.1
12,7,1.15
12,7,1.2
12,7,1.25
12,7,1.3
12,7,1.35
12,7,1.4
12,7,1.45
12,7,1.5
12,7,1.55
12,7,1.6
12,7,1.65
12,7,1.7
12,7,1.75
12,7,1.8
12,7,1.85
12,7,1.9
12,7,1.95
12,7,2
12,7,2.05
12,7,2.1
12,7,2.15
12,7,2.2
12,7,2.25
12,7,2.3
12,7,2.35
12,7,2.4
12,7,2.45
12,7,2.5
12,7,2.55
12,7,2.6
12,7,2.65
12,7,2.7
12,7,2.75
12,7,2.8
12,7,2.85
12,7,2.9
12,7,2.95
12,7,3
12,7,3.05
12,7,3.1
12,7,3.15
12,7,3.2
12,7,3.25
12,7,3.3
12,7,3.35
12,7,3.4
12,7,3.45
12,7,3.5
12,7,3.55
12,7,3.6
12,7,3.65
12,7,3.7
12,7,3.75
12,7,3.8
12,7,3.85
12,7,3.9
12,7,3.95
12,7,4
12,7,4.05
12,7,4.1
12,7,4.15
12,7,4.2
12,7,4.25
12,7,4.3
12,7,4.35
12,7,4.4
12,7,4.45
12,7,4.5
12,7,4.55
12,7,4.6
12,7,4.65
12,7,4.7
12,7,4.75
12,7,4.8
12,7,4.85
12,7,4.9
12,7,4.95
12,7,5
12,7.5,0
12,7.5,0.05
12,7.5,0.1
12,7.5,0.15
12,7.5,0.2
12,7.5,0.25
12,7.5,0.3
12,7.5,0.35
12,7.5,0.4
12,7.5,0.45
12,7.5,0.5
12,7.5,0.55
12,7.5,0.6
12,7.5,0.65
12,7.5,0.7
12,7.5,0.75
12,7.5,0.8
12,7.5,0.85
12,7.5,0.9
12,7.5,0.95
12,7.5,1
12,7.5,1.05
12,7.5,1.1
12,7.5,1.15
12,7.5,1.2
12,7.5,1.25
12,7.5,1.3
12,7.5,1.35
12,7.5,1.4
12,7.5,1.45
12,7.5,1.5
12,7.5,1.55
12,7.5,1.6
12,7.5,1.65
12,7.5,1.7
12,7.5,1.75
12,7.5,1.8
12,7.5,1.85
12,7.5,1.9
12,7.5,1.95
12,7.5,2
12,7.5,2.05
12,7.5,2.1
12,7.5,2.15
12,7.5,2.2
12,7.5,2.25
12,7.5,2.3
12,7.5,2.35
12,7.5,2.4
12,7.5,2.45
12,7.5,2.5
12,7.5,2.55
12,7.5,2.6
12,7.5,2.65
12,7.5,2.7
12,7.5,2.75
12,7.5,2.8
12,7.5,2.85
12,7.5,2.9
12,7.5,2.95
12,7.5,3
12,7.5,3.05
12,7.5,3.1
12,7.5,3.15
12,7.5,3.2
12,7.5,3.25
12,7.5,3.3
12,7.5,3.35
12,7.5,3.4
12,7.5,3.45
12,7.5,3.5
12,7.5,3.55
12,7.5,3.6
12,7.5,3.65
12,7.5,3.7
12,7.5,3.75
12,7.5,3.8
12,7.5,3.85
12,7.5,3.9
12,7.5,3.95
12,7.5,4
12,7.5,4.05
12,7.5,4.1
12,7.5,4.15
12,7.5,4.2
12,7.5,4.25
12,7.5,4.3
12,7.5,4.35
12,7.5,4.4
12,7.5,4.45
12,7.5,4.5
12,7.5,4.55
12,7.5,4.6
12,7.5,4.65
12,7.5,4.7
12,7.5,4.75
12,7.5,4.8
12,7.5,4.85
12,7.5,4.9
12,7.5,4.95
12,7.5,5
12,8,0
12,8,0.05
12,8,0.1
12,8,0.15
12,8,0.2
12,8,0.25
12,8,0.3
12,8,0.35
12,8,0.4
12,8,0.45
12,8,0.5
12,8,0.55
12,8,0.6
12,8,0.65
12,8,0.7
12,8,0.75
12,8,0.8
12,8,0.85
12,8,0.9
12,8,0.95
12,8,1
12,8,1.05
12,8,1.1
12,8,1.15
12,8,1.2
12,8,1.25
12,8,1.3
12,8,1.35
12,8,1.4
12,8,1.45
12,8,1.5
12,8,1.55
12,8,1.6
12,8,1.65
12,8,1.7
12,8,1.75
12,8,1.8
12,8,1.85
12,8,1.9
12,8,1.95
12,8,2
12,8,2.05
12,8,2.1
12,8,2.15
12,8,2.2
12,8,2.25
12,8,2.3
12,8,2.35
12,8,2.4
12,8,2.45
12,8,2.5
12,8,2.55
12,8,2.6
12,8,2.65
12,8,2.7
12,8,2.75
12,8,2.8
12,8,2.85
12,8,2.9
12,8,2.95
12,8,3
12,8,3.05
12,8,3.1
12,8,3.15
12,8,3.2
12,8,3.25
12,8,3.3
12,8,3.35
12,8,3.4
12,8,3.45
12,8,3.5
12,8,3.55
12,8,3.6
12,8,3.65
12,8,3.7
12,8,3.75
12,8,3.8
12,8,3.85
12,8,3.9
12,8,3.95
12,8,4
12,8,4.05
12,8,4.1
12,8,4.15
12,8,4.2
12,8,4.25
12,8,4.3
12,8,4.35
12,8,4.4
12,8,4.45
12,8,4.5
12,8,4.55
12,8,4.6
12,8,4.65
12,8,4.7
12,8,4.75
12,8,4.8
12,8,4.85
12,8,4.9
12,8,4.95
12,8,5
12,8.5,0
12,8.5,0.05
12,8.5,0.1
12,8.5,0.15
12,8.5,0.2
12,8.5,0.25
12,8.5,0.3
12,8.5,0.35
12,8.5,0.4
12,8.5,0.45
12,8.5,0.5
12,8.5,0.55
12,8.5,0.6
12,8.5,0.65
12,8.5,0.7
12,8.5,0.75
12,8.5,0.8
12,8.5,0.85
12,8.5,0.9
12,8.5,0.95
12,8.5,1
12,8.5,1.05
12,8.5,1.1
12,8.5,1.15
12,8.5,1.2
12,8.5,1.25
12,8.5,1.3
12,8.5,1.35
12,8.5,1.4
12,8.5,1.45
12,8.5,1.5
12,8.5,1.55
12,8.5,1.6
12,8.5,1.65
12,8.5,1.7
12,8.5,1.75
12,8.5,1.8
12,8.5,1.85
12,8.5,1.9
12,8.5,1.95
12,8.5,2
12,8.5,2.05
12,8.5,2.1
12,8.5,2.15
12,8.5,2.2
12,8.5,2.25
12,8.5,2.3
12,8.5,2.35
12,8.5,2.4
12,8.5,2.45
12,8.5,2.5
12,8.5,2.55
12,8.5,2.6
12,8.5,2.65
12,8.5,2.7
12,8.5,2.75
12,8.5,2.8
12,8.5,2.85
12,8.5,2.9
12,8.5,2.95
12,8.5,3
12,8.5,3.05
12,8.5,3.1
12,8.5,3.15
12,8.5,3.2
12,8.5,3.25
12,8.5,3.3
12,8.5,3.35
12,8.5,3.4
12,8.5,3.45
12,8.5,3.5
12,8.5,3.55
12,8.5,3.6
12,8.5,3.65
12,8.5,3.7
12,8.5,3.75
12,8.5,3.8
12,8.5,3.85
12,8.5,3.9
12,8.5,3.95
12,8.5,4
12,8.5,4.05
12,8.5,4.1
12,8.5,4.15
12,8.5,4.2
12,8.5,4.25
12,8.5,4.3
12,8.5,4.35
12,8.5,4.4
12,8.5,4.45
12,8.5,4.5
12,8.5,4.55
12,8.5,4.6
12,8.5,4.65
12,8.5,4.7
12,8.5,4.75
12,8.5,4.8
12,8.5,4.85
12,8.5,4.9
12,8.5,4.95
12,8.5,5
12,9,0
12,9,0.05
12,9,0.1
12,9,0.15
12,9,0.2
12,9,0.25
12,9,0.3
12,9,0.35
12,9,0.4
12,9,0.45
12,9,0.5
12,9,0.55
12,9,0.6
12,9,0.65
12,9,0.7
12,9,0.75
12,9,0.8
12,9,0.85
12,9,0.9
12,9,0.95
12,9,1
12,9,1.05
12,9,1.1
12,9,1.15
12,9,1.2
12,9,1.25
12,9,1.3
12,9,1.35
12,9,1.4
12,9,1.45
12,9,1.5
12,9,1.55
12,9,1.6
12,9,1.65
12,9,1.7
12,9,1.75
12,9,1.8
12,9,1.85
12,9,1.9
12,9,1.95
12,9,2
12,9,2.05
12,9,2.1
12,9,2.15
12,9,2.2
12,9,2.25
12,9,2.3
12,9,2.35
12,9,2.4
12,9,2.45
12,9,2.5
12,9,2.55
12,9,2.6
12,9,2.65
12,9,2.7
12,9,2.75
12,9,2.8
12,9,2.85
12,9,2.9
12,9,2.95
12,9,3
12,9,3.05
12,9,3.1
12,9,3.15
12,9,3.2
12,9,3.25
12,9,3.3
12,9,3.35
12,9,3.4
12,9,3.45
12,9,3.5
12,9,3.55
12,9,3.6
12,9,3.65
12,9,3.7
12,9,3.75
12,9,3.8
12,9,3.85
12,9,3.9
12,9,3.95
12,9,4
12,9,4.05
12,9,4.1
12,9,4.15
12,9,4.2
12,9,4.25
12,9,4.3
12,9,4.35
12,9,4.4
12,9,4.45
12,9,4.5
12,9,4.55
12,9,4.6
12,9,4.65
12,9,4.7
12,9,4.75
12,9,4.8
12,9,4.85
12,9,4.9
12,9,4.95
12,9,5
12,9.5,0
12,9.5,0.05
12,9.5,0.1
12,9.5,0.15
12,9.5,0.2
12,9.5,0.25
12,9.5,0.3
12,9.5,0.35
12,9.5,0.4
12,9.5,0.45
12,9.5,0.5
12,9.5,0.55
12,9.5,0.6
12,9.5,0.65
12,9.5,0.7
12,9.5,0.75
12,9.5,0.8
12,9.5,0.85
12,9.5,0.9
12,9.5,0.95
12,9.5,1
12,9.5,1.05
12,9.5,1.1
12,9.5,1.15
12,9.5,1.2
12,9.5,1.25
12,9.5,1.3
12,9.5,1.35
12,9.5,1.4
12,9.5,1.45
12,9.5,1.5
12,9.5,1.55
12,9.5,1.6
12,9.5,1.65
12,9.5,1.7
12,9.5,1.75
12,9.5,1.8
12,9.5,1.85
12,9.5,1.9
12,9.5,1.95
12,9.5,2
12,9.5,2.05
12,9.5,2.1
12,9.5,2.15
12,9.5,2.2
12,9.5,2.25
12,9.5,2.3
12,9.5,2.35
12,9.5,2.4
12,9.5,2.45
12,9.5,2.5
12,9.5,2.55
12,9.5,2.6
12,9.5,2.65
12,9.5,2.7
12,9.5,2.75
12,9.5,2.8
12,9.5,2.85
12,9.5,2.9
12,9.5,2.95
12,9.5,3
12,9.5,3.05
12,9.5,3.1
12,9.5,3.15
12,9.5,3.2
12,9.5,3.25
12,9.5,3.3
12,9.5,3.35
12,9.5,3.4
12,9.5,3.45
12,9.5,3.5
12,9.5,3.55
12,9.5,3.6
12,9.5,3.65
12,9.5,3.7
12,9.5,3.75
12,9.5,3.8
12,9.5,3.85
12,9.5,3.9
12,9.5,3.95
12,9.5,4
12,9.5,4.05
12,9.5,4.1
12,9.5,4.15
12,9.5,4.2
12,9.5,4.25
12,9.5,4.3
12,9.5,4.35
12,9.5,4.4
12,9.5,4.45
12,9.5,4.5
12,9.5,4.55
12,9.5,4.6
12,9.5,4.65
12,9.5,4.7
12,9.5,4.75
12,9.5,4.8
12,9.5,4.85
12,9.5,4.9
12,9.5,4.95
12,9.5,5
12,10,0
12,10,0.05
12,10,0.1
12,10,0.15
12,10,0.2
12,10,0.25
12,10,0.3
12,10,0.35
12,10,0.4
12,10,0.45
12,10,0.5
12,10,0.55
12,10,0.6
12,10,0.65
12,10,0.7
12,10,0.75
12,10,0.8
12,10,0.85
12,10,0.9
12,10,0.95
12,10,1
12,10,1.05
12,10,1.1
12,10,1.15
12,10,1.2
12,10,1.25
12,10,1.3
12,10,1.35
12,10,1.4
12,10,1.45
12,10,1.5
12,10,1.55
12,10,1.6
12,10,1.65
12,10,1.7
12,10,1.75
12,10,1.8
12,10,1.85
12,10,1.9
12,10,1.95
12,10,2
12,10,2.05
12,10,2.1
12,10,2.15
12,10,2.2
12,10,2.25
12,10,2.3
12,10,2.35
12,10,2.4
12,10,2.45
12,10,2.5
12,10,2.55
12,10,2.6
12,10,2.65
12,10,2.7
12,10,2.75
12,10,2.8
12,10,2.85
12,10,2.9
12,10,2.95
12,10,3
12,10,3.05
12,10,3.1
12,10,3.15
12,10,3.2
12,10,3.25
12,10,3.3
12,10,3.35
12,10,3.4
12,10,3.45
12,10,3.5
12,10,3.55
12,10,3.6
12,10,3.65
12,10,3.7
12,10,3.75
12,10,3.8
12,10,3.85
12,10,3.9
12,10,3.95
12,10,4
12,10,4.05
12,10,4.1
12,10,4.15
12,10,4.2
12,10,4.25
12,10,4.3
12,10,4.35
12,10,4.4
12,10,4.45
12,10,4.5
12,10,4.55
12,10,4.6
12,10,4.65
12,10,4.7
12,10,4.75
12,10,4.8
12,10,4.85
12,10,4.9
12,10,4.95
12,10,5
12.5,0,0
12.5,0,0.05
12.5,0,0.1
12.5,0,0.15
12.5,0,0.2
12.5,0,0.25
12.5,0,0.3
12.5,0,0.35
12.5,0,0.4
12.5,0,0.45
12.5,0,0.5
12.5,0,0.55
12.5,0,0.6
12.5,0,0.65
12.5,0,0.7
12.5,0,0.75
12.5,0,0.8
12.5,0,0.85
12.5,0,0.9
12.5,0,0.95
12.5,0,1
12.5,0,1.05
12.5,0,1.1
12.5,0,1.15
12.5,0,1.2
12.5,0,1.25
12.5,0,1.3
12.5,0,1.35
12.5,0,1.4
12.5,0,1.45
12.5,0,1.5
12.5,0,1.55
12.5,0,1.6
12.5,0,1.65
12.5,0,1.7
12.5,0,1.75
12.5,0,1.8
12.5,0,1.85
12.5,0,1.9
12.5,0,1.95
12.5,0,2
12.5,0,2.05
12.5,0,2.1
12.5,0,2.15
12.5,0,2.2
12.5,0,2.25
12.5,0,2.3
12.5,0,2.35
12.5,0,2.4
12.5,0,2.45
12.5,0,2.5
12.5,0,2.55
12.5,0,2.6
12.5,0,2.65
12.5,0,2.7
12.5,0,2.75
12.5,0,2.8
12.5,0,2.85
12.5,0,2.9
12.5,0,2.95
12.5,0,3
12.5,0,3.05
12.5,0,3.1
12.5,0,3.15
12.5,0,3.2
12.5,0,3.25
12.5,0,3.3
12.5,0,3.35
12.5,0,3.4
12.5,0,3.45
12.5,0,3.5
12.5,0,3.55
12.5,0,3.6
12.5,0,3.65
12.5,0,3.7
12.5,0,3.75
12.5,0,3.8
12.5,0,3.85
12.5,0,3.9
12.5,0,3.95
12.5,0,4
12.5,0,4.05
12.5,0,4.1
12.5,0,4.15
12.5,0,4.2
12.5,0,4.25
12.5,0,4.3
12.5,0,4.35
12.5,0,4.4
12.5,0,4.45
12.5,0,4.5
12.5,0,4.55
12.5,0,4.6
12.5,0,4.65
12.5,0,4.7
12.5,0,4.75
12.5,0,4.8
12.5,0,4.85
12.5,0,4.9
12.5,0,4.95
12.5,0,5
12.5,0.5,0
12.5,0.5,0.05
12.5,0.5,0.1
12.5,0.5,0.15
12.5,0.5,0.2
12.5,0.5,0.25
12.5,0.5,0.3
12.5,0.5,0.35
12.5,0.5,0.4
12.5,0.5,0.45
12.5,0.5,0.5
12.5,0.5,0.55
12.5,0.5,0.6
12.5,0.5,0.65
12.5,0.5,0.7
12.5,0.5,0.75
12.5,0.5,0.8
12.5,0.5,0.85
12.5,0.5,0.9
12.5,0.5,0.95
12.5,0.5,1
12.5,0.5,1.05
12.5,0.5,1.1
12.5,0.5,1.15
12.5,0.5,1.2
12.5,0.5,1.25
12.5,0.5,1.3
12.5,0.5,1.35
12.5,0.5,1.4
12.5,0.5,1.45
12.5,0.5,1.5
12.5,0.5,1.55
12.5,0.5,1.6
12.5,0.5,1.65
12.5,0.5,1.7
12.5,0.5,1.75
12.5,0.5,1.8
12.5,0.5,1.85
12.5,0.5,1.9
12.5,0.5,1.95
12.5,0.5,2
12.5,0.5,2.05
12.5,0.5,2.1
12.5,0.5,2.15
12.5,0.5,2.2
12.5,0.5,2.25
12.5,0.5,2.3
12.5,0.5,2.35
12.5,0.5,2.4
12.5,0.5,2.45
12.5,0.5,2.5
12.5,0.5,2.55
12.5,0.5,2.6
12.5,0.5,2.65
12.5,0.5,2.7
12.5,0.5,2.75
12.5,0.5,2.8
12.5,0.5,2.85
12.5,0.5,2.9
12.5,0.5,2.95
12.5,0.5,3
12.5,0.5,3.05
12.5,0.5,3.1
12.5,0.5,3.15
12.5,0.5,3.2
12.5,0.5,3.25
12.5,0.5,3.3
12.5,0.5,3.35
12.5,0.5,3.4
12.5,0.5,3.45
12.5,0.5,3.5
12.5,0.5,3.55
12.5,0.5,3.6
12.5,0.5,3.65
12.5,0.5,3.7
12.5,0.5,3.75
12.5,0.5,3.8
12.5,0.5,3.85
12.5,0.5,3.9
12.5,0.5,3.95
12.5,0.5,4
12.5,0.5,4.05
12.5,0.5,4.1
12.5,0.5,4.15
12.5,0.5,4.2
12.5,0.5,4.25
12.5,0.5,4.3
12.5,0.5,4.35
12.5,0.5,4.4
12.5,0.5,4.45
12.5,0.5,4.5
12.5,0.5,4.55
12.5,0.5,4.6
12.5,0.5,4.65
12.5,0.5,4.7
12.5,0.5,4.75
12.5,0.5,4.8
12.5,0.5,4.85
12.5,0.5,4.9
12.5,0.5,4.95
12.5,0.5,5
12.5,1,0
12.5,1,0.05
12.5,1,0.1
12.5,1,0.15
12.5,1,0.2
12.5,1,0.25
12.5,1,0.3
12.5,1,0.35
12.5,1,0.4
12.5,1,0.45
12.5,1,0.5
12.5,1,0.55
12.5,1,0.6
12.5,1,0.65
12.5,1,0.7
12.5,1,0.75
12.5,1,0.8
12.5,1,0.85
12.5,1,0.9
12.5,1,0.95
12.5,1,1
12.5,1,1.05
12.5,1,1.1
12.5,1,1.15
12.5,1,1.2
12.5,1,1.25
12.5,1,1.3
12.5,1,1.35
12.5,1,1.4
12.5,1,1.45
12.5,1,1.5
12.5,1,1.55
12.5,1,1.6
12.5,1,1.65
12.5,1,1.7
12.5,1,1.75
12.5,1,1.8
12.5,1,1.85
12.5,1,1.9
12.5,1,1.95
12.5,1,2
12.5,1,2.05
12.5,1,2.1
12.5,1,2.15
12.5,1,2.2
12.5,1,2.25
12.5,1,2.3
12.5,1,2.35
12.5,1,2.4
12.5,1,2.45
12.5,1,2.5
12.5,1,2.55
12.5,1,2.6
12.5,1,2.65
12.5,1,2.7
12.5,1,2.75
12.5,1,2.8
12.5,1,2.85
12.5,1,2.9
12.5,1,2.95
12.5,1,3
12.5,1,3.05
12.5,1,3.1
12.5,1,3.15
12.5,1,3.2
12.5,1,3.25
12.5,1,3.3
12.5,1,3.35
12.5,1,3.4
12.5,1,3.45
12.5,1,3.5
12.5,1,3.55
12.5,1,3.6
12.5,1,3.65
12.5,1,3.7
12.5,1,3.75
12.5,1,3.8
12.5,1,3.85
12.5,1,3.9
12.5,1,3.95
12.5,1,4
12.5,1,4.05
12.5,1,4.1
12.5,1,4.15
12.5,1,4.2
12.5,1,4.25
12.5,1,4.3
12.5,1,4.35
12.5,1,4.4
12.5,1,4.45
12.5,1,4.5
12.5,1,4.55
12.5,1,4.6
12.5,1,4.65
12.5,1,4.7
12.5,1,4.75
12.5,1,4.8
12.5,1,4.85
12.5,1,4.9
12.5,1,4.95
12.5,1,5
12.5,1.5,0
12.5,1.5,0.05
12.5,1.5,0.1
12.5,1.5,0.15
12.5,1.5,0.2
12.5,1.5,0.25
12.5,1.5,0.3
12.5,1.5,0.35
12.5,1.5,0.4
12.5,1.5,0.45
12.5,1.5,0.5
12.5,1.5,0.55
12.5,1.5,0.6
12.5,1.5,0.65
12.5,1.5,0.7
12.5,1.5,0.75
12.5,1.5,0.8
12.5,1.5,0.85
12.5,1.5,0.9
12.5,1.5,0.95
12.5,1.5,1
12.5,1.5,1.05
12.5,1.5,1.1
12.5,1.5,1.15
12.5,1.5,1.2
12.5,1.5,1.25
12.5,1.5,1.3
12.5,1.5,1.35
12.5,1.5,1.4
12.5,1.5,1.45
12.5,1.5,1.5
12.5,1.5,1.55
12.5,1.5,1.6
12.5,1.5,1.65
12.5,1.5,1.7
12.5,1.5,1.75
12.5,1.5,1.8
12.5,1.5,1.85
12.5,1.5,1.9
12.5,1.5,1.95
12.5,1.5,2
12.5,1.5,2.05
12.5,1.5,2.1
12.5,1.5,2.15
12.5,1.5,2.2
12.5,1.5,2.25
12.5,1.5,2.3
12.5,1.5,2.35
12.5,1.5,2.4
12.5,1.5,2.45
12.5,1.5,2.5
12.5,1.5,2.55
12.5,1.5,2.6
12.5,1.5,2.65
12.5,1.5,2.7
12.5,1.5,2.75
12.5,1.5,2.8
12.5,1.5,2.85
12.5,1.5,2.9
12.5,1.5,2.95
12.5,1.5,3
12.5,1.5,3.05
12.5,1.5,3.1
12.5,1.5,3.15
12.5,1.5,3.2
12.5,1.5,3.25
12.5,1.5,3.3
12.5,1.5,3.35
12.5,1.5,3.4
12.5,1.5,3.45
12.5,1.5,3.5
12.5,1.5,3.55
12.5,1.5,3.6
12.5,1.5,3.65
12.5,1.5,3.7
12.5,1.5,3.75
12.5,1.5,3.8
12.5,1.5,3.85
12.5,1.5,3.9
12.5,1.5,3.95
12.5,1.5,4
12.5,1.5,4.05
12.5,1.5,4.1
12.5,1.5,4.15
12.5,1.5,4.2
12.5,1.5,4.25
12.5,1.5,4.3
12.5,1.5,4.35
12.5,1.5,4.4
12.5,1.5,4.45
12.5,1.5,4.5
12.5,1.5,4.55
12.5,1.5,4.6
12.5,1.5,4.65
12.5,1.5,4.7
12.5,1.5,4.75
12.5,1.5,4.8
12.5,1.5,4.85
12.5,1.5,4.9
12.5,1.5,4.95
12.5,1.5,5
12.5,2,0
12.5,2,0.05
12.5,2,0.1
12.5,2,0.15
12.5,2,0.2
12.5,2,0.25
12.5,2,0.3
12.5,2,0.35
12.5,2,0.4
12.5,2,0.45
12.5,2,0.5
12.5,2,0.55
12.5,2,0.6
12.5,2,0.65
12.5,2,0.7
12.5,2,0.75
12.5,2,0.8
12.5,2,0.85
12.5,2,0.9
12.5,2,0.95
12.5,2,1
12.5,2,1.05
12.5,2,1.1
12.5,2,1.15
12.5,2,1.2
12.5,2,1.25
12.5,2,1.3
12.5,2,1.35
12.5,2,1.4
12.5,2,1.45
12.5,2,1.5
12.5,2,1.55
12.5,2,1.6
12.5,2,1.65
12.5,2,1.7
12.5,2,1.75
12.5,2,1.8
12.5,2,1.85
12.5,2,1.9
12.5,2,1.95
12.5,2,2
12.5,2,2.05
12.5,2,2.1
12.5,2,2.15
12.5,2,2.2
12.5,2,2.25
12.5,2,2.3
12.5,2,2.35
12.5,2,2.4
12.5,2,2.45
12.5,2,2.5
12.5,2,2.55
12.5,2,2.6
12.5,2,2.65
12.5,2,2.7
12.5,2,2.75
12.5,2,2.8
12.5,2,2.85
12.5,2,2.9
12.5,2,2.95
12.5,2,3
12.5,2,3.05
12.5,2,3.1
12.5,2,3.15
12.5,2,3.2
12.5,2,3.25
12.5,2,3.3
12.5,2,3.35
12.5,2,3.4
12.5,2,3.45
12.5,2,3.5
12.5,2,3.55
12.5,2,3.6
12.5,2,3.65
12.5,2,3.7
12.5,2,3.75
12.5,2,3.8
12.5,2,3.85
12.5,2,3.9
12.5,2,3.95
12.5,2,4
12.5,2,4.05
12.5,2,4.1
12.5,2,4.15
12.5,2,4.2
12.5,2,4.25
12.5,2,4.3
12.5,2,4.35
12.5,2,4.4
12.5,2,4.45
12.5,2,4.5
12.5,2,4.55
12.5,2,4.6
12.5,2,4.65
12.5,2,4.7
12.5,2,4.75
12.5,2,4.8
12.5,2,4.85
12.5,2,4.9
12.5,2,4.95
12.5,2,5
12.5,2.5,0
12.5,2.5,0.05
12.5,2.5,0.1
12.5,2.5,0.15
12.5,2.5,0.2
12.5,2.5,0.25
12.5,2.5,0.3
12.5,2.5,0.35
12.5,2.5,0.4
12.5,2.5,0.45
12.5,2.5,0.5
12.5,2.5,0.55
12.5,2.5,0.6
12.5,2.5,0.65
12.5,2.5,0.7
12.5,2.5,0.75
12.5,2.5,0.8
12.5,2.5,0.85
12.5,2.5,0.9
12.5,2.5,0.95
12.5,2.5,1
12.5,2.5,1.05
12.5,2.5,1.1
12.5,2.5,1.15
12.5,2.5,1.2
12.5,2.5,1.25
12.5,2.5,1.3
12.5,2.5,1.35
12.5,2.5,1.4
12.5,2.5,1.45
12.5,2.5,1.5
12.5,2.5,1.55
12.5,2.5,1.6
12.5,2.5,1.65
12.5,2.5,1.7
12.5,2.5,1.75
12.5,2.5,1.8
12.5,2.5,1.85
12.5,2.5,1.9
12.5,2.5,1.95
12.5,2.5,2
12.5,2.5,2.05
12.5,2.5,2.1
12.5,2.5,2.15
12.5,2.5,2.2
12.5,2.5,2.25
12.5,2.5,2.3
12.5,2.5,2.35
12.5,2.5,2.4
12.5,2.5,2.45
12.5,2.5,2.5
12.5,2.5,2.55
12.5,2.5,2.6
12.5,2.5,2.65
12.5,2.5,2.7
12.5,2.5,2.75
12.5,2.5,2.8
12.5,2.5,2.85
12.5,2.5,2.9
12.5,2.5,2.95
12.5,2.5,3
12.5,2.5,3.05
12.5,2.5,3.1
12.5,2.5,3.15
12.5,2.5,3.2
12.5,2.5,3.25
12.5,2.5,3.3
12.5,2.5,3.35
12.5,2.5,3.4
12.5,2.5,3.45
12.5,2.5,3.5
12.5,2.5,3.55
12.5,2.5,3.6
12.5,2.5,3.65
12.5,2.5,3.7
12.5,2.5,3.75
12.5,2.5,3.8
12.5,2.5,3.85
12.5,2.5,3.9
12.5,2.5,3.95
12.5,2.5,4
12.5,2.5,4.05
12.5,2.5,4.1
12.5,2.5,4.15
12.5,2.5,4.2
12.5,2.5,4.25
12.5,2.5,4.3
12.5,2.5,4.35
12.5,2.5,4.4
12.5,2.5,4.45
12.5,2.5,4.5
12.5,2.5,4.55
12.5,2.5,4.6
12.5,2.5,4.65
12.5,2.5,4.7
12.5,2.5,4.75
12.5,2.5,4.8
12.5,2.5,4.85
12.5,2.5,4.9
12.5,2.5,4.95
12.5,2.5,5
12.5,3,0
12.5,3,0.05
12.5,3,0.1
12.5,3,0.15
12.5,3,0.2
12.5,3,0.25
12.5,3,0.3
12.5,3,0.35
12.5,3,0.4
12.5,3,0.45
12.5,3,0.5
12.5,3,0.55
12.5,3,0.6
12.5,3,0.65
12.5,3,0.7
12.5,3,0.75
12.5,3,0.8
12.5,3,0.85
12.5,3,0.9
12.5,3,0.95
12.5,3,1
12.5,3,1.05
12.5,3,1.1
12.5,3,1.15
12.5,3,1.2
12.5,3,1.25
12.5,3,1.3
12.5,3,1.35
12.5,3,1.4
12.5,3,1.45
12.5,3,1.5
12.5,3,1.55
12.5,3,1.6
12.5,3,1.65
12.5,3,1.7
12.5,3,1.75
12.5,3,1.8
12.5,3,1.85
12.5,3,1.9
12.5,3,1.95
12.5,3,2
12.5,3,2.05
12.5,3,2.1
12.5,3,2.15
12.5,3,2.2
12.5,3,2.25
12.5,3,2.3
12.5,3,2.35
12.5,3,2.4
12.5,3,2.45
12.5,3,2.5
12.5,3,2.55
12.5,3,2.6
12.5,3,2.65
12.5,3,2.7
12.5,3,2.75
12.5,3,2.8
12.5,3,2.85
12.5,3,2.9
12.5,3,2.95
12.5,3,3
12.5,3,3.05
12.5,3,3.1
12.5,3,3.15
12.5,3,3.2
12.5,3,3.25
12.5,3,3.3
12.5,3,3.35
12.5,3,3.4
12.5,3,3.45
12.5,3,3.5
12.5,3,3.55
12.5,3,3.6
12.5,3,3.65
12.5,3,3.7
12.5,3,3.75
12.5,3,3.8
12.5,3,3.85
12.5,3,3.9
12.5,3,3.95
12.5,3,4
12.5,3,4.05
12.5,3,4.1
12.5,3,4.15
12.5,3,4.2
12.5,3,4.25
12.5,3,4.3
12.5,3,4.35
12.5,3,4.4
12.5,3,4.45
12.5,3,4.5
12.5,3,4.55
12.5,3,4.6
12.5,3,4.65
12.5,3,4.7
12.5,3,4.75
12.5,3,4.8
12.5,3,4.85
12.5,3,4.9
12.5,3,4.95
12.5,3,5
12.5,3.5,0
12.5,3.5,0.05
12.5,3.5,0.1
12.5,3.5,0.15
12.5,3.5,0.2
12.5,3.5,0.25
12.5,3.5,0.3
12.5,3.5,0.35
12.5,3.5,0.4
12.5,3.5,0.45
12.5,3.5,0.5
12.5,3.5,0.55
12.5,3.5,0.6
12.5,3.5,0.65
12.5,3.5,0.7
12.5,3.5,0.75
12.5,3.5,0.8
12.5,3.5,0.85
12.5,3.5,0.9
12.5,3.5,0.95
12.5,3.5,1
12.5,3.5,1.05
12.5,3.5,1.1
12.5,3.5,1.15
12.5,3.5,1.2
12.5,3.5,1.25
12.5,3.5,1.3
12.5,3.5,1.35
12.5,3.5,1.4
12.5,3.5,1.45
12.5,3.5,1.5
12.5,3.5,1.55
12.5,3.5,1.6
12.5,3.5,1.65
12.5,3.5,1.7
12.5,3.5,1.75
12.5,3.5,1.8
12.5,3.5,1.85
12.5,3.5,1.9
12.5,3.5,1.95
12.5,3.5,2
12.5,3.5,2.05
12.5,3.5,2.1
12.5,3.5,2.15
12.5,3.5,2.2
12.5,3.5,2.25
12.5,3.5,2.3
12.5,3.5,2.35
12.5,3.5,2.4
12.5,3.5,2.45
12.5,3.5,2.5
12.5,3.5,2.55
12.5,3.5,2.6
12.5,3.5,2.65
12.5,3.5,2.7
12.5,3.5,2.75
12.5,3.5,2.8
12.5,3.5,2.85
12.5,3.5,2.9
12.5,3.5,2.95
12.5,3.5,3
12.5,3.5,3.05
12.5,3.5,3.1
12.5,3.5,3.15
12.5,3.5,3.2
12.5,3.5,3.25
12.5,3.5,3.3
12.5,3.5,3.35
12.5,3.5,3.4
12.5,3.5,3.45
12.5,3.5,3.5
12.5,3.5,3.55
12.5,3.5,3.6
12.5,3.5,3.65
12.5,3.5,3.7
12.5,3.5,3.75
12.5,3.5,3.8
12.5,3.5,3.85
12.5,3.5,3.9
12.5,3.5,3.95
12.5,3.5,4
12.5,3.5,4.05
12.5,3.5,4.1
12.5,3.5,4.15
12.5,3.5,4.2
12.5,3.5,4.25
12.5,3.5,4.3
12.5,3.5,4.35
12.5,3.5,4.4
12.5,3.5,4.45
12.5,3.5,4.5
12.5,3.5,4.55
12.5,3.5,4.6
12.5,3.5,4.65
12.5,3.5,4.7
12.5,3.5,4.75
12.5,3.5,4.8
12.5,3.5,4.85
12.5,3.5,4.9
12.5,3.5,4.95
12.5,3.5,5
12.5,4,0
12.5,4,0.05
12.5,4,0.1
12.5,4,0.15
12.5,4,0.2
12.5,4,0.25
12.5,4,0.3
12.5,4,0.35
12.5,4,0.4
12.5,4,0.45
12.5,4,0.5
12.5,4,0.55
12.5,4,0.6
12.5,4,0.65
12.5,4,0.7
12.5,4,0.75
12.5,4,0.8
12.5,4,0.85
12.5,4,0.9
12.5,4,0.95
12.5,4,1
12.5,4,1.05
12.5,4,1.1
12.5,4,1.15
12.5,4,1.2
12.5,4,1.25
12.5,4,1.3
12.5,4,1.35
12.5,4,1.4
12.5,4,1.45
12.5,4,1.5
12.5,4,1.55
12.5,4,1.6
12.5,4,1.65
12.5,4,1.7
12.5,4,1.75
12.5,4,1.8
12.5,4,1.85
12.5,4,1.9
12.5,4,1.95
12.5,4,2
12.5,4,2.05
12.5,4,2.1
12.5,4,2.15
12.5,4,2.2
12.5,4,2.25
12.5,4,2.3
12.5,4,2.35
12.5,4,2.4
12.5,4,2.45
12.5,4,2.5
12.5,4,2.55
12.5,4,2.6
12.5,4,2.65
12.5,4,2.7
12.5,4,2.75
12.5,4,2.8
12.5,4,2.85
12.5,4,2.9
12.5,4,2.95
12.5,4,3
12.5,4,3.05
12.5,4,3.1
12.5,4,3.15
12.5,4,3.2
12.5,4,3.25
12.5,4,3.3
12.5,4,3.35
12.5,4,3.4
12.5,4,3.45
12.5,4,3.5
12.5,4,3.55
12.5,4,3.6
12.5,4,3.65
12.5,4,3.7
12.5,4,3.75
12.5,4,3.8
12.5,4,3.85
12.5,4,3.9
12.5,4,3.95
12.5,4,4
12.5,4,4.05
12.5,4,4.1
12.5,4,4.15
12.5,4,4.2
12.5,4,4.25
12.5,4,4.3
12.5,4,4.35
12.5,4,4.4
12.5,4,4.45
12.5,4,4.5
12.5,4,4.55
12.5,4,4.6
12.5,4,4.65
12.5,4,4.7
12.5,4,4.75
12.5,4,4.8
12.5,4,4.85
12.5,4,4.9
12.5,4,4.95
12.5,4,5
12.5,4.5,0
12.5,4.5,0.05
12.5,4.5,0.1
12.5,4.5,0.15
12.5,4.5,0.2
12.5,4.5,0.25
12.5,4.5,0.3
12.5,4.5,0.35
12.5,4.5,0.4
12.5,4.5,0.45
12.5,4.5,0.5
12.5,4.5,0.55
12.5,4.5,0.6
12.5,4.5,0.65
12.5,4.5,0.7
12.5,4.5,0.75
12.5,4.5,0.8
12.5,4.5,0.85
12.5,4.5,0.9
12.5,4.5,0.95
12.5,4.5,1
12.5,4.5,1.05
12.5,4.5,1.1
12.5,4.5,1.15
12.5,4.5,1.2
12.5,4.5,1.25
12.5,4.5,1.3
12.5,4.5,1.35
12.5,4.5,1.4
12.5,4.5,1.45
12.5,4.5,1.5
12.5,4.5,1.55
12.5,4.5,1.6
12.5,4.5,1.65
12.5,4.5,1.7
12.5,4.5,1.75
12.5,4.5,1.8
12.5,4.5,1.85
12.5,4.5,1.9
12.5,4.5,1.95
12.5,4.5,2
12.5,4.5,2.05
12.5,4.5,2.1
12.5,4.5,2.15
12.5,4.5,2.2
12.5,4.5,2.25
12.5,4.5,2.3
12.5,4.5,2.35
12.5,4.5,2.4
12.5,4.5,2.45
12.5,4.5,2.5
12.5,4.5,2.55
12.5,4.5,2.6
12.5,4.5,2.65
12.5,4.5,2.7
12.5,4.5,2.75
12.5,4.5,2.8
12.5,4.5,2.85
12.5,4.5,2.9
12.5,4.5,2.95
12.5,4.5,3
12.5,4.5,3.05
12.5,4.5,3.1
12.5,4.5,3.15
12.5,4.5,3.2
12.5,4.5,3.25
12.5,4.5,3.3
12.5,4.5,3.35
12.5,4.5,3.4
12.5,4.5,3.45
12.5,4.5,3.5
12.5,4.5,3.55
12.5,4.5,3.6
12.5,4.5,3.65
12.5,4.5,3.7
12.5,4.5,3.75
12.5,4.5,3.8
12.5,4.5,3.85
12.5,4.5,3.9
12.5,4.5,3.95
12.5,4.5,4
12.5,4.5,4.05
12.5,4.5,4.1
12.5,4.5,4.15
12.5,4.5,4.2
12.5,4.5,4.25
12.5,4.5,4.3
12.5,4.5,4.35
12.5,4.5,4.4
12.5,4.5,4.45
12.5,4.5,4.5
12.5,4.5,4.55
12.5,4.5,4.6
12.5,4.5,4.65
12.5,4.5,4.7
12.5,4.5,4.75
12.5,4.5,4.8
12.5,4.5,4.85
12.5,4.5,4.9
12.5,4.5,4.95
12.5,4.5,5
12.5,5,0
12.5,5,0.05
12.5,5,0.1
12.5,5,0.15
12.5,5,0.2
12.5,5,0.25
12.5,5,0.3
12.5,5,0.35
12.5,5,0.4
12.5,5,0.45
12.5,5,0.5
12.5,5,0.55
12.5,5,0.6
12.5,5,0.65
12.5,5,0.7
12.5,5,0.75
12.5,5,0.8
12.5,5,0.85
12.5,5,0.9
12.5,5,0.95
12.5,5,1
12.5,5,1.05
12.5,5,1.1
12.5,5,1.15
12.5,5,1.2
12.5,5,1.25
12.5,5,1.3
12.5,5,1.35
12.5,5,1.4
12.5,5,1.45
12.5,5,1.5
12.5,5,1.55
12.5,5,1.6
12.5,5,1.65
12.5,5,1.7
12.5,5,1.75
12.5,5,1.8
12.5,5,1.85
12.5,5,1.9
12.5,5,1.95
12.5,5,2
12.5,5,2.05
12.5,5,2.1
12.5,5,2.15
12.5,5,2.2
12.5,5,2.25
12.5,5,2.3
12.5,5,2.35
12.5,5,2.4
12.5,5,2.45
12.5,5,2.5
12.5,5,2.55
12.5,5,2.6
12.5,5,2.65
12.5,5,2.7
12.5,5,2.75
12.5,5,2.8
12.5,5,2.85
12.5,5,2.9
12.5,5,2.95
12.5,5,3
12.5,5,3.05
12.5,5,3.1
12.5,5,3.15
12.5,5,3.2
12.5,5,3.25
12.5,5,3.3
12.5,5,3.35
12.5,5,3.4
12.5,5,3.45
12.5,5,3.5
12.5,5,3.55
12.5,5,3.6
12.5,5,3.65
12.5,5,3.7
12.5,5,3.75
12.5,5,3.8
12.5,5,3.85
12.5,5,3.9
12.5,5,3.95
12.5,5,4
12.5,5,4.05
12.5,5,4.1
12.5,5,4.15
12.5,5,4.2
12.5,5,4.25
12.5,5,4.3
12.5,5,4.35
12.5,5,4.4
12.5,5,4.45
12.5,5,4.5
12.5,5,4.55
12.5,5,4.6
12.5,5,4.65
12.5,5,4.7
12.5,5,4.75
12.5,5,4.8
12.5,5,4.85
12.5,5,4.9
12.5,5,4.95
12.5,5,5
12.5,5.5,0
12.5,5.5,0.05
12.5,5.5,0.1
12.5,5.5,0.15
12.5,5.5,0.2
12.5,5.5,0.25
12.5,5.5,0.3
12.5,5.5,0.35
12.5,5.5,0.4
12.5,5.5,0.45
12.5,5.5,0.5
12.5,5.5,0.55
12.5,5.5,0.6
12.5,5.5,0.65
12.5,5.5,0.7
12.5,5.5,0.75
12.5,5.5,0.8
12.5,5.5,0.85
12.5,5.5,0.9
12.5,5.5,0.95
12.5,5.5,1
12.5,5.5,1.05
12.5,5.5,1.1
12.5,5.5,1.15
12.5,5.5,1.2
12.5,5.5,1.25
12.5,5.5,1.3
12.5,5.5,1.35
12.5,5.5,1.4
12.5,5.5,1.45
12.5,5.5,1.5
12.5,5.5,1.55
12.5,5.5,1.6
12.5,5.5,1.65
12.5,5.5,1.7
12.5,5.5,1.75
12.5,5.5,1.8
12.5,5.5,1.85
12.5,5.5,1.9
12.5,5.5,1.95
12.5,5.5,2
12.5,5.5,2.05
12.5,5.5,2.1
12.5,5.5,2.15
12.5,5.5,2.2
12.5,5.5,2.25
12.5,5.5,2.3
12.5,5.5,2.35
12.5,5.5,2.4
12.5,5.5,2.45
12.5,5.5,2.5
12.5,5.5,2.55
12.5,5.5,2.6
12.5,5.5,2.65
12.5,5.5,2.7
12.5,5.5,2.75
12.5,5.5,2.8
12.5,5.5,2.85
12.5,5.5,2.9
12.5,5.5,2.95
12.5,5.5,3
12.5,5.5,3.05
12.5,5.5,3.1
12.5,5.5,3.15
12.5,5.5,3.2
12.5,5.5,3.25
12.5,5.5,3.3
12.5,5.5,3.35
12.5,5.5,3.4
12.5,5.5,3.45
12.5,5.5,3.5
12.5,5.5,3.55
12.5,5.5,3.6
12.5,5.5,3.65
12.5,5.5,3.7
12.5,5.5,3.75
12.5,5.5,3.8
12.5,5.5,3.85
12.5,5.5,3.9
12.5,5.5,3.95
12.5,5.5,4
12.5,5.5,4.05
12.5,5.5,4.1
12.5,5.5,4.15
12.5,5.5,4.2
12.5,5.5,4.25
12.5,5.5,4.3
12.5,5.5,4.35
12.5,5.5,4.4
12.5,5.5,4.45
12.5,5.5,4.5
12.5,5.5,4.55
12.5,5.5,4.6
12.5,5.5,4.65
12.5,5.5,4.7
12.5,5.5,4.75
12.5,5.5,4.8
12.5,5.5,4.85
12.5,5.5,4.9
12.5,5.5,4.95
12.5,5.5,5
12.5,6,0
12.5,6,0.05
12.5,6,0.1
12.5,6,0.15
12.5,6,0.2
12.5,6,0.25
12.5,6,0.3
12.5,6,0.35
12.5,6,0.4
12.5,6,0.45
12.5,6,0.5
12.5,6,0.55
12.5,6,0.6
12.5,6,0.65
12.5,6,0.7
12.5,6,0.75
12.5,6,0.8
12.5,6,0.85
12.5,6,0.9
12.5,6,0.95
12.5,6,1
12.5,6,1.05
12.5,6,1.1
12.5,6,1.15
12.5,6,1.2
12.5,6,1.25
12.5,6,1.3
12.5,6,1.35
12.5,6,1.4
12.5,6,1.45
12.5,6,1.5
12.5,6,1.55
12.5,6,1.6
12.5,6,1.65
12.5,6,1.7
12.5,6,1.75
12.5,6,1.8
12.5,6,1.85
12.5,6,1.9
12.5,6,1.95
12.5,6,2
12.5,6,2.05
12.5,6,2.1
12.5,6,2.15
12.5,6,2.2
12.5,6,2.25
12.5,6,2.3
12.5,6,2.35
12.5,6,2.4
12.5,6,2.45
12.5,6,2.5
12.5,6,2.55
12.5,6,2.6
12.5,6,2.65
12.5,6,2.7
12.5,6,2.75
12.5,6,2.8
12.5,6,2.85
12.5,6,2.9
12.5,6,2.95
12.5,6,3
12.5,6,3.05
12.5,6,3.1
12.5,6,3.15
12.5,6,3.2
12.5,6,3.25
12.5,6,3.3
12.5,6,3.35
12.5,6,3.4
12.5,6,3.45
12.5,6,3.5
12.5,6,3.55
12.5,6,3.6
12.5,6,3.65
12.5,6,3.7
12.5,6,3.75
12.5,6,3.8
12.5,6,3.85
12.5,6,3.9
12.5,6,3.95
12.5,6,4
12.5,6,4.05
12.5,6,4.1
12.5,6,4.15
12.5,6,4.2
12.5,6,4.25
12.5,6,4.3
12.5,6,4.35
12.5,6,4.4
12.5,6,4.45
12.5,6,4.5
12.5,6,4.55
12.5,6,4.6
12.5,6,4.65
12.5,6,4.7
12.5,6,4.75
12.5,6,4.8
12.5,6,4.85
12.5,6,4.9
12.5,6,4.95
12.5,6,5
12.5,6.5,0
12.5,6.5,0.05
12.5,6.5,0.1
12.5,6.5,0.15
12.5,6.5,0.2
12.5,6.5,0.25
12.5,6.5,0.3
12.5,6.5,0.35
12.5,6.5,0.4
12.5,6.5,0.45
12.5,6.5,0.5
12.5,6.5,0.55
12.5,6.5,0.6
12.5,6.5,0.65
12.5,6.5,0.7
12.5,6.5,0.75
12.5,6.5,0.8
12.5,6.5,0.85
12.5,6.5,0.9
12.5,6.5,0.95
12.5,6.5,1
12.5,6.5,1.05
12.5,6.5,1.1
12.5,6.5,1.15
12.5,6.5,1.2
12.5,6.5,1.25
12.5,6.5,1.3
12.5,6.5,1.35
12.5,6.5,1.4
12.5,6.5,1.45
12.5,6.5,1.5
12.5,6.5,1.55
12.5,6.5,1.6
12.5,6.5,1.65
12.5,6.5,1.7
12.5,6.5,1.75
12.5,6.5,1.8
12.5,6.5,1.85
12.5,6.5,1.9
12.5,6.5,1.95
12.5,6.5,2
12.5,6.5,2.05
12.5,6.5,2.1
12.5,6.5,2.15
12.5,6.5,2.2
12.5,6.5,2.25
12.5,6.5,2.3
12.5,6.5,2.35
12.5,6.5,2.4
12.5,6.5,2.45
12.5,6.5,2.5
12.5,6.5,2.55
12.5,6.5,2.6
12.5,6.5,2.65
12.5,6.5,2.7
12.5,6.5,2.75
12.5,6.5,2.8
12.5,6.5,2.85
12.5,6.5,2.9
12.5,6.5,2.95
12.5,6.5,3
12.5,6.5,3.05
12.5,6.5,3.1
12.5,6.5,3.15
12.5,6.5,3.2
12.5,6.5,3.25
12.5,6.5,3.3
12.5,6.5,3.35
12.5,6.5,3.4
12.5,6.5,3.45
12.5,6.5,3.5
12.5,6.5,3.55
12.5,6.5,3.6
12.5,6.5,3.65
12.5,6.5,3.7
12.5,6.5,3.75
12.5,6.5,3.8
12.5,6.5,3.85
12.5,6.5,3.9
12.5,6.5,3.95
12.5,6.5,4
12.5,6.5,4.05
12.5,6.5,4.1
12.5,6.5,4.15
12.5,6.5,4.2
12.5,6.5,4.25
12.5,6.5,4.3
12.5,6.5,4.35
12.5,6.5,4.4
12.5,6.5,4.45
12.5,6.5,4.5
12.5,6.5,4.55
12.5,6.5,4.6
12.5,6.5,4.65
12.5,6.5,4.7
12.5,6.5,4.75
12.5,6.5,4.8
12.5,6.5,4.85
12.5,6.5,4.9
12.5,6.5,4.95
12.5,6.5,5
12.5,7,0
12.5,7,0.05
12.5,7,0.1
12.5,7,0.15
12.5,7,0.2
12.5,7,0.25
12.5,7,0.3
12.5,7,0.35
12.5,7,0.4
12.5,7,0.45
12.5,7,0.5
12.5,7,0.55
12.5,7,0.6
12.5,7,0.65
12.5,7,0.7
12.5,7,0.75
12.5,7,0.8
12.5,7,0.85
12.5,7,0.9
12.5,7,0.95
12.5,7,1
12.5,7,1.05
12.5,7,1.1
12.5,7,1.15
12.5,7,1.2
12.5,7,1.25
12.5,7,1.3
12.5,7,1.35
12.5,7,1.4
12.5,7,1.45
12.5,7,1.5
12.5,7,1.55
12.5,7,1.6
12.5,7,1.65
12.5,7,1.7
12.5,7,1.75
12.5,7,1.8
12.5,7,1.85
12.5,7,1.9
12.5,7,1.95
12.5,7,2
12.5,7,2.05
12.5,7,2.1
12.5,7,2.15
12.5,7,2.2
12.5,7,2.25
12.5,7,2.3
12.5,7,2.35
12.5,7,2.4
12.5,7,2.45
12.5,7,2.5
12.5,7,2.55
12.5,7,2.6
12.5,7,2.65
12.5,7,2.7
12.5,7,2.75
12.5,7,2.8
12.5,7,2.85
12.5,7,2.9
12.5,7,2.95
12.5,7,3
12.5,7,3.05
12.5,7,3.1
12.5,7,3.15
12.5,7,3.2
12.5,7,3.25
12.5,7,3.3
12.5,7,3.35
12.5,7,3.4
12.5,7,3.45
12.5,7,3.5
12.5,7,3.55
12.5,7,3.6
12.5,7,3.65
12.5,7,3.7
12.5,7,3.75
12.5,7,3.8
12.5,7,3.85
12.5,7,3.9
12.5,7,3.95
12.5,7,4
12.5,7,4.05
12.5,7,4.1
12.5,7,4.15
12.5,7,4.2
12.5,7,4.25
12.5,7,4.3
12.5,7,4.35
12.5,7,4.4
12.5,7,4.45
12.5,7,4.5
12.5,7,4.55
12.5,7,4.6
12.5,7,4.65
12.5,7,4.7
12.5,7,4.75
12.5,7,4.8
12.5,7,4.85
12.5,7,4.9
12.5,7,4.95
12.5,7,5
12.5,7.5,0
12.5,7.5,0.05
12.5,7.5,0.1
12.5,7.5,0.15
12.5,7.5,0.2
12.5,7.5,0.25
12.5,7.5,0.3
12.5,7.5,0.35
12.5,7.5,0.4
12.5,7.5,0.45
12.5,7.5,0.5
12.5,7.5,0.55
12.5,7.5,0.6
12.5,7.5,0.65
12.5,7.5,0.7
12.5,7.5,0.75
12.5,7.5,0.8
12.5,7.5,0.85
12.5,7.5,0.9
12.5,7.5,0.95
12.5,7.5,1
12.5,7.5,1.05
12.5,7.5,1.1
12.5,7.5,1.15
12.5,7.5,1.2
12.5,7.5,1.25
12.5,7.5,1.3
12.5,7.5,1.35
12.5,7.5,1.4
12.5,7.5,1.45
12.5,7.5,1.5
12.5,7.5,1.55
12.5,7.5,1.6
12.5,7.5,1.65
12.5,7.5,1.7
12.5,7.5,1.75
12.5,7.5,1.8
12.5,7.5,1.85
12.5,7.5,1.9
12.5,7.5,1.95
12.5,7.5,2
12.5,7.5,2.05
12.5,7.5,2.1
12.5,7.5,2.15
12.5,7.5,2.2
12.5,7.5,2.25
12.5,7.5,2.3
12.5,7.5,2.35
12.5,7.5,2.4
12.5,7.5,2.45
12.5,7.5,2.5
12.5,7.5,2.55
12.5,7.5,2.6
12.5,7.5,2.65
12.5,7.5,2.7
12.5,7.5,2.75
12.5,7.5,2.8
12.5,7.5,2.85
12.5,7.5,2.9
12.5,7.5,2.95
12.5,7.5,3
12.5,7.5,3.05
12.5,7.5,3.1
12.5,7.5,3.15
12.5,7.5,3.2
12.5,7.5,3.25
12.5,7.5,3.3
12.5,7.5,3.35
12.5,7.5,3.4
12.5,7.5,3.45
12.5,7.5,3.5
12.5,7.5,3.55
12.5,7.5,3.6
12.5,7.5,3.65
12.5,7.5,3.7
12.5,7.5,3.75
12.5,7.5,3.8
12.5,7.5,3.85
12.5,7.5,3.9
12.5,7.5,3.95
12.5,7.5,4
12.5,7.5,4.05
12.5,7.5,4.1
12.5,7.5,4.15
12.5,7.5,4.2
12.5,7.5,4.25
12.5,7.5,4.3
12.5,7.5,4.35
12.5,7.5,4.4
12.5,7.5,4.45
12.5,7.5,4.5
12.5,7.5,4.55
12.5,7.5,4.6
12.5,7.5,4.65
12.5,7.5,4.7
12.5,7.5,4.75
12.5,7.5,4.8
12.5,7.5,4.85
12.5,7.5,4.9
12.5,7.5,4.95
12.5,7.5,5
12.5,8,0
12.5,8,0.05
12.5,8,0.1
12.5,8,0.15
12.5,8,0.2
12.5,8,0.25
12.5,8,0.3
12.5,8,0.35
12.5,8,0.4
12.5,8,0.45
12.5,8,0.5
12.5,8,0.55
12.5,8,0.6
12.5,8,0.65
12.5,8,0.7
12.5,8,0.75
12.5,8,0.8
12.5,8,0.85
12.5,8,0.9
12.5,8,0.95
12.5,8,1
12.5,8,1.05
12.5,8,1.1
12.5,8,1.15
12.5,8,1.2
12.5,8,1.25
12.5,8,1.3
12.5,8,1.35
12.5,8,1.4
12.5,8,1.45
12.5,8,1.5
12.5,8,1.55
12.5,8,1.6
12.5,8,1.65
12.5,8,1.7
12.5,8,1.75
12.5,8,1.8
12.5,8,1.85
12.5,8,1.9
12.5,8,1.95
12.5,8,2
12.5,8,2.05
12.5,8,2.1
12.5,8,2.15
12.5,8,2.2
12.5,8,2.25
12.5,8,2.3
12.5,8,2.35
12.5,8,2.4
12.5,8,2.45
12.5,8,2.5
12.5,8,2.55
12.5,8,2.6
12.5,8,2.65
12.5,8,2.7
12.5,8,2.75
12.5,8,2.8
12.5,8,2.85
12.5,8,2.9
12.5,8,2.95
12.5,8,3
12.5,8,3.05
12.5,8,3.1
12.5,8,3.15
12.5,8,3.2
12.5,8,3.25
12.5,8,3.3
12.5,8,3.35
12.5,8,3.4
12.5,8,3.45
12.5,8,3.5
12.5,8,3.55
12.5,8,3.6
12.5,8,3.65
12.5,8,3.7
12.5,8,3.75
12.5,8,3.8
12.5,8,3.85
12.5,8,3.9
12.5,8,3.95
12.5,8,4
12.5,8,4.05
12.5,8,4.1
12.5,8,4.15
12.5,8,4.2
12.5,8,4.25
12.5,8,4.3
12.5,8,4.35
12.5,8,4.4
12.5,8,4.45
12.5,8,4.5
12.5,8,4.55
12.5,8,4.6
12.5,8,4.65
12.5,8,4.7
12.5,8,4.75
12.5,8,4.8
12.5,8,4.85
12.5,8,4.9
12.5,8,4.95
12.5,8,5
12.5,8.5,0
12.5,8.5,0.05
12.5,8.5,0.1
12.5,8.5,0.15
12.5,8.5,0.2
12.5,8.5,0.25
12.5,8.5,0.3
12.5,8.5,0.35
12.5,8.5,0.4
12.5,8.5,0.45
12.5,8.5,0.5
12.5,8.5,0.55
12.5,8.5,0.6
12.5,8.5,0.65
12.5,8.5,0.7
12.5,8.5,0.75
12.5,8.5,0.8
12.5,8.5,0.85
12.5,8.5,0.9
12.5,8.5,0.95
12.5,8.5,1
12.5,8.5,1.05
12.5,8.5,1.1
12.5,8.5,1.15
12.5,8.5,1.2
12.5,8.5,1.25
12.5,8.5,1.3
12.5,8.5,1.35
12.5,8.5,1.4
12.5,8.5,1.45
12.5,8.5,1.5
12.5,8.5,1.55
12.5,8.5,1.6
12.5,8.5,1.65
12.5,8.5,1.7
12.5,8.5,1.75
12.5,8.5,1.8
12.5,8.5,1.85
12.5,8.5,1.9
12.5,8.5,1.95
12.5,8.5,2
12.5,8.5,2.05
12.5,8.5,2.1
12.5,8.5,2.15
12.5,8.5,2.2
12.5,8.5,2.25
12.5,8.5,2.3
12.5,8.5,2.35
12.5,8.5,2.4
12.5,8.5,2.45
12.5,8.5,2.5
12.5,8.5,2.55
12.5,8.5,2.6
12.5,8.5,2.65
12.5,8.5,2.7
12.5,8.5,2.75
12.5,8.5,2.8
12.5,8.5,2.85
12.5,8.5,2.9
12.5,8.5,2.95
12.5,8.5,3
12.5,8.5,3.05
12.5,8.5,3.1
12.5,8.5,3.15
12.5,8.5,3.2
12.5,8.5,3.25
12.5,8.5,3.3
12.5,8.5,3.35
12.5,8.5,3.4
12.5,8.5,3.45
12.5,8.5,3.5
12.5,8.5,3.55
12.5,8.5,3.6
12.5,8.5,3.65
12.5,8.5,3.7
12.5,8.5,3.75
12.5,8.5,3.8
12.5,8.5,3.85
12.5,8.5,3.9
12.5,8.5,3.95
12.5,8.5,4
12.5,8.5,4.05
12.5,8.5,4.1
12.5,8.5,4.15
12.5,8.5,4.2
12.5,8.5,4.25
12.5,8.5,4.3
12.5,8.5,4.35
12.5,8.5,4.4
12.5,8.5,4.45
12.5,8.5,4.5
12.5,8.5,4.55
12.5,8.5,4.6
12.5,8.5,4.65
12.5,8.5,4.7
12.5,8.5,4.75
12.5,8.5,4.8
12.5,8.5,4.85
12.5,8.5,4.9
12.5,8.5,4.95
12.5,8.5,5
12.5,9,0
12.5,9,0.05
12.5,9,0.1
12.5,9,0.15
12.5,9,0.2
12.5,9,0.25
12.5,9,0.3
12.5,9,0.35
12.5,9,0.4
12.5,9,0.45
12.5,9,0.5
12.5,9,0.55
12.5,9,0.6
12.5,9,0.65
12.5,9,0.7
12.5,9,0.75
12.5,9,0.8
12.5,9,0.85
12.5,9,0.9
12.5,9,0.95
12.5,9,1
12.5,9,1.05
12.5,9,1.1
12.5,9,1.15
12.5,9,1.2
12.5,9,1.25
12.5,9,1.3
12.5,9,1.35
12.5,9,1.4
12.5,9,1.45
12.5,9,1.5
12.5,9,1.55
12.5,9,1.6
12.5,9,1.65
12.5,9,1.7
12.5,9,1.75
12.5,9,1.8
12.5,9,1.85
12.5,9,1.9
12.5,9,1.95
12.5,9,2
12.5,9,2.05
12.5,9,2.1
12.5,9,2.15
12.5,9,2.2
12.5,9,2.25
12.5,9,2.3
12.5,9,2.35
12.5,9,2.4
12.5,9,2.45
12.5,9,2.5
12.5,9,2.55
12.5,9,2.6
12.5,9,2.65
12.5,9,2.7
12.5,9,2.75
12.5,9,2.8
12.5,9,2.85
12.5,9,2.9
12.5,9,2.95
12.5,9,3
12.5,9,3.05
12.5,9,3.1
12.5,9,3.15
12.5,9,3.2
12.5,9,3.25
12.5,9,3.3
12.5,9,3.35
12.5,9,3.4
12.5,9,3.45
12.5,9,3.5
12.5,9,3.55
12.5,9,3.6
12.5,9,3.65
12.5,9,3.7
12.5,9,3.75
12.5,9,3.8
12.5,9,3.85
12.5,9,3.9
12.5,9,3.95
12.5,9,4
12.5,9,4.05
12.5,9,4.1
12.5,9,4.15
12.5,9,4.2
12.5,9,4.25
12.5,9,4.3
12.5,9,4.35
12.5,9,4.4
12.5,9,4.45
12.5,9,4.5
12.5,9,4.55
12.5,9,4.6
12.5,9,4.65
12.5,9,4.7
12.5,9,4.75
12.5,9,4.8
12.5,9,4.85
12.5,9,4.9
12.5,9,4.95
12.5,9,5
12.5,9.5,0
12.5,9.5,0.05
12.5,9.5,0.1
12.5,9.5,0.15
12.5,9.5,0.2
12.5,9.5,0.25
12.5,9.5,0.3
12.5,9.5,0.35
12.5,9.5,0.4
12.5,9.5,0.45
12.5,9.5,0.5
12.5,9.5,0.55
12.5,9.5,0.6
12.5,9.5,0.65
12.5,9.5,0.7
12.5,9.5,0.75
12.5,9.5,0.8
12.5,9.5,0.85
12.5,9.5,0.9
12.5,9.5,0.95
12.5,9.5,1
12.5,9.5,1.05
12.5,9.5,1.1
12.5,9.5,1.15
12.5,9.5,1.2
12.5,9.5,1.25
12.5,9.5,1.3
12.5,9.5,1.35
12.5,9.5,1.4
12.5,9.5,1.45
12.5,9.5,1.5
12.5,9.5,1.55
12.5,9.5,1.6
12.5,9.5,1.65
12.5,9.5,1.7
12.5,9.5,1.75
12.5,9.5,1.8
12.5,9.5,1.85
12.5,9.5,1.9
12.5,9.5,1.95
12.5,9.5,2
12.5,9.5,2.05
12.5,9.5,2.1
12.5,9.5,2.15
12.5,9.5,2.2
12.5,9.5,2.25
12.5,9.5,2.3
12.5,9.5,2.35
12.5,9.5,2.4
12.5,9.5,2.45
12.5,9.5,2.5
12.5,9.5,2.55
12.5,9.5,2.6
12.5,9.5,2.65
12.5,9.5,2.7
12.5,9.5,2.75
12.5,9.5,2.8
12.5,9.5,2.85
12.5,9.5,2.9
12.5,9.5,2.95
12.5,9.5,3
12.5,9.5,3.05
12.5,9.5,3.1
12.5,9.5,3.15
12.5,9.5,3.2
12.5,9.5,3.25
12.5,9.5,3.3
12.5,9.5,3.35
12.5,9.5,3.4
12.5,9.5,3.45
12.5,9.5,3.5
12.5,9.5,3.55
12.5,9.5,3.6
12.5,9.5,3.65
12.5,9.5,3.7
12.5,9.5,3.75
12.5,9.5,3.8
12.5,9.5,3.85
12.5,9.5,3.9
12.5,9.5,3.95
12.5,9.5,4
12.5,9.5,4.05
12.5,9.5,4.1
12.5,9.5,4.15
12.5,9.5,4.2
12.5,9.5,4.25
12.5,9.5,4.3
12.5,9.5,4.35
12.5,9.5,4.4
12.5,9.5,4.45
12.5,9.5,4.5
12.5,9.5,4.55
12.5,9.5,4.6
12.5,9.5,4.65
12.5,9.5,4.7
12.5,9.5,4.75
12.5,9.5,4.8
12.5,9.5,4.85
12.5,9.5,4.9
12.5,9.5,4.95
12.5,9.5,5
12.5,10,0
12.5,10,0.05
12.5,10,0.1
12.5,10,0.15
12.5,10,0.2
12.5,10,0.25
12.5,10,0.3
12.5,10,0.35
12.5,10,0.4
12.5,10,0.45
12.5,10,0.5
12.5,10,0.55
12.5,10,0.6
12.5,10,0.65
12.5,10,0.7
12.5,10,0.75
12.5,10,0.8
12.5,10,0.85
12.5,10,0.9
12.5,10,0.95
12.5,10,1
12.5,10,1.05
12.5,10,1.1
12.5,10,1.15
12.5,10,1.2
12.5,10,1.25
12.5,10,1.3
12.5,10,1.35
12.5,10,1.4
12.5,10,1.45
12.5,10,1.5
12.5,10,1.55
12.5,10,1.6
12.5,10,1.65
12.5,10,1.7
12.5,10,1.75
12.5,10,1.8
12.5,10,1.85
12.5,10,1.9
12.5,10,1.95
12.5,10,2
12.5,10,2.05
12.5,10,2.1
12.5,10,2.15
12.5,10,2.2
12.5,10,2.25
12.5,10,2.3
12.5,10,2.35
12.5,10,2.4
12.5,10,2.45
12.5,10,2.5
12.5,10,2.55
12.5,10,2.6
12.5,10,2.65
12.5,10,2.7
12.5,10,2.75
12.5,10,2.8
12.5,10,2.85
12.5,10,2.9
12.5,10,2.95
12.5,10,3
12.5,10,3.05
12.5,10,3.1
12.5,10,3.15
12.5,10,3.2
12.5,10,3.25
12.5,10,3.3
12.5,10,3.35
12.5,10,3.4
12.5,10,3.45
12.5,10,3.5
12.5,10,3.55
12.5,10,3.6
12.5,10,3.65
12.5,10,3.7
12.5,10,3.75
12.5,10,3.8
12.5,10,3.85
12.5,10,3.9
12.5,10,3.95
12.5,10,4
12.5,10,4.05
12.5,10,4.1
12.5,10,4.15
12.5,10,4.2
12.5,10,4.25
12.5,10,4.3
12.5,10,4.35
12.5,10,4.4
12.5,10,4.45
12.5,10,4.5
12.5,10,4.55
12.5,10,4.6
12.5,10,4.65
12.5,10,4.7
12.5,10,4.75
12.5,10,4.8
12.5,10,4.85
12.5,10,4.9
12.5,10,4.95
12.5,10,5
13,0,0
13,0,0.05
13,0,0.1
13,0,0.15
13,0,0.2
13,0,0.25
13,0,0.3
13,0,0.35
13,0,0.4
13,0,0.45
13,0,0.5
13,0,0.55
13,0,0.6
13,0,0.65
13,0,0.7
13,0,0.75
13,0,0.8
13,0,0.85
13,0,0.9
13,0,0.95
13,0,1
13,0,1.05
13,0,1.1
13,0,1.15
13,0,1.2
13,0,1.25
13,0,1.3
13,0,1.35
13,0,1.4
13,0,1.45
13,0,1.5
13,0,1.55
13,0,1.6
13,0,1.65
13,0,1.7
13,0,1.75
13,0,1.8
13,0,1.85
13,0,1.9
13,0,1.95
13,0,2
13,0,2.05
13,0,2.1
13,0,2.15
13,0,2.2
13,0,2.25
13,0,2.3
13,0,2.35
13,0,2.4
13,0,2.45
13,0,2.5
13,0,2.55
13,0,2.6
13,0,2.65
13,0,2.7
13,0,2.75
13,0,2.8
13,0,2.85
13,0,2.9
13,0,2.95
13,0,3
13,0,3.05
13,0,3.1
13,0,3.15
13,0,3.2
13,0,3.25
13,0,3.3
13,0,3.35
13,0,3.4
13,0,3.45
13,0,3.5
13,0,3.55
13,0,3.6
13,0,3.65
13,0,3.7
13,0,3.75
13,0,3.8
13,0,3.85
13,0,3.9
13,0,3.95
13,0,4
13,0,4.05
13,0,4.1
13,0,4.15
13,0,4.2
13,0,4.25
13,0,4.3
13,0,4.35
13,0,4.4
13,0,4.45
13,0,4.5
13,0,4.55
13,0,4.6
13,0,4.65
13,0,4.7
13,0,4.75
13,0,4.8
13,0,4.85
13,0,4.9
13,0,4.95
13,0,5
13,0.5,0
13,0.5,0.05
13,0.5,0.1
13,0.5,0.15
13,0.5,0.2
13,0.5,0.25
13,0.5,0.3
13,0.5,0.35
13,0.5,0.4
13,0.5,0.45
13,0.5,0.5
13,0.5,0.55
13,0.5,0.6
13,0.5,0.65
13,0.5,0.7
13,0.5,0.75
13,0.5,0.8
13,0.5,0.85
13,0.5,0.9
13,0.5,0.95
13,0.5,1
13,0.5,1.05
13,0.5,1.1
13,0.5,1.15
13,0.5,1.2
13,0.5,1.25
13,0.5,1.3
13,0.5,1.35
13,0.5,1.4
13,0.5,1.45
13,0.5,1.5
13,0.5,1.55
13,0.5,1.6
13,0.5,1.65
13,0.5,1.7
13,0.5,1.75
13,0.5,1.8
13,0.5,1.85
13,0.5,1.9
13,0.5,1.95
13,0.5,2
13,0.5,2.05
13,0.5,2.1
13,0.5,2.15
13,0.5,2.2
13,0.5,2.25
13,0.5,2.3
13,0.5,2.35
13,0.5,2.4
13,0.5,2.45
13,0.5,2.5
13,0.5,2.55
13,0.5,2.6
13,0.5,2.65
13,0.5,2.7
13,0.5,2.75
13,0.5,2.8
13,0.5,2.85
13,0.5,2.9
13,0.5,2.95
13,0.5,3
13,0.5,3.05
13,0.5,3.1
13,0.5,3.15
13,0.5,3.2
13,0.5,3.25
13,0.5,3.3
13,0.5,3.35
13,0.5,3.4
13,0.5,3.45
13,0.5,3.5
13,0.5,3.55
13,0.5,3.6
13,0.5,3.65
13,0.5,3.7
13,0.5,3.75
13,0.5,3.8
13,0.5,3.85
13,0.5,3.9
13,0.5,3.95
13,0.5,4
13,0.5,4.05
13,0.5,4.1
13,0.5,4.15
13,0.5,4.2
13,0.5,4.25
13,0.5,4.3
13,0.5,4.35
13,0.5,4.4
13,0.5,4.45
13,0.5,4.5
13,0.5,4.55
13,0.5,4.6
13,0.5,4.65
13,0.5,4.7
13,0.5,4.75
13,0.5,4.8
13,0.5,4.85
13,0.5,4.9
13,0.5,4.95
13,0.5,5
13,1,0
13,1,0.05
13,1,0.1
13,1,0.15
13,1,0.2
13,1,0.25
13,1,0.3
13,1,0.35
13,1,0.4
13,1,0.45
13,1,0.5
13,1,0.55
13,1,0.6
13,1,0.65
13,1,0.7
13,1,0.75
13,1,0.8
13,1,0.85
13,1,0.9
13,1,0.95
13,1,1
13,1,1.05
13,1,1.1
13,1,1.15
13,1,1.2
13,1,1.25
13,1,1.3
13,1,1.35
13,1,1.4
13,1,1.45
13,1,1.5
13,1,1.55
13,1,1.6
13,1,1.65
13,1,1.7
13,1,1.75
13,1,1.8
13,1,1.85
13,1,1.9
13,1,1.95
13,1,2
13,1,2.05
13,1,2.1
13,1,2.15
13,1,2.2
13,1,2.25
13,1,2.3
13,1,2.35
13,1,2.4
13,1,2.45
13,1,2.5
13,1,2.55
13,1,2.6
13,1,2.65
13,1,2.7
13,1,2.75
13,1,2.8
13,1,2.85
13,1,2.9
13,1,2.95
13,1,3
13,1,3.05
13,1,3.1
13,1,3.15
13,1,3.2
13,1,3.25
13,1,3.3
13,1,3.35
13,1,3.4
13,1,3.45
13,1,3.5
13,1,3.55
13,1,3.6
13,1,3.65
13,1,3.7
13,1,3.75
13,1,3.8
13,1,3.85
13,1,3.9
13,1,3.95
13,1,4
13,1,4.05
13,1,4.1
13,1,4.15
13,1,4.2
13,1,4.25
13,1,4.3
13,1,4.35
13,1,4.4
13,1,4.45
13,1,4.5
13,1,4.55
13,1,4.6
13,1,4.65
13,1,4.7
13,1,4.75
13,1,4.8
13,1,4.85
13,1,4.9
13,1,4.95
13,1,5
13,1.5,0
13,1.5,0.05
13,1.5,0.1
13,1.5,0.15
13,1.5,0.2
13,1.5,0.25
13,1.5,0.3
13,1.5,0.35
13,1.5,0.4
13,1.5,0.45
13,1.5,0.5
13,1.5,0.55
13,1.5,0.6
13,1.5,0.65
13,1.5,0.7
13,1.5,0.75
13,1.5,0.8
13,1.5,0.85
13,1.5,0.9
13,1.5,0.95
13,1.5,1
13,1.5,1.05
13,1.5,1.1
13,1.5,1.15
13,1.5,1.2
13,1.5,1.25
13,1.5,1.3
13,1.5,1.35
13,1.5,1.4
13,1.5,1.45
13,1.5,1.5
13,1.5,1.55
13,1.5,1.6
13,1.5,1.65
13,1.5,1.7
13,1.5,1.75
13,1.5,1.8
13,1.5,1.85
13,1.5,1.9
13,1.5,1.95
13,1.5,2
13,1.5,2.05
13,1.5,2.1
13,1.5,2.15
13,1.5,2.2
13,1.5,2.25
13,1.5,2.3
13,1.5,2.35
13,1.5,2.4
13,1.5,2.45
13,1.5,2.5
13,1.5,2.55
13,1.5,2.6
13,1.5,2.65
13,1.5,2.7
13,1.5,2.75
13,1.5,2.8
13,1.5,2.85
13,1.5,2.9
13,1.5,2.95
13,1.5,3
13,1.5,3.05
13,1.5,3.1
13,1.5,3.15
13,1.5,3.2
13,1.5,3.25
13,1.5,3.3
13,1.5,3.35
13,1.5,3.4
13,1.5,3.45
13,1.5,3.5
13,1.5,3.55
13,1.5,3.6
13,1.5,3.65
13,1.5,3.7
13,1.5,3.75
13,1.5,3.8
13,1.5,3.85
13,1.5,3.9
13,1.5,3.95
13,1.5,4
13,1.5,4.05
13,1.5,4.1
13,1.5,4.15
13,1.5,4.2
13,1.5,4.25
13,1.5,4.3
13,1.5,4.35
13,1.5,4.4
13,1.5,4.45
13,1.5,4.5
13,1.5,4.55
13,1.5,4.6
13,1.5,4.65
13,1.5,4.7
13,1.5,4.75
13,1.5,4.8
13,1.5,4.85
13,1.5,4.9
13,1.5,4.95
13,1.5,5
13,2,0
13,2,0.05
13,2,0.1
13,2,0.15
13,2,0.2
13,2,0.25
13,2,0.3
13,2,0.35
13,2,0.4
13,2,0.45
13,2,0.5
13,2,0.55
13,2,0.6
13,2,0.65
13,2,0.7
13,2,0.75
13,2,0.8
13,2,0.85
13,2,0.9
13,2,0.95
13,2,1
13,2,1.05
13,2,1.1
13,2,1.15
13,2,1.2
13,2,1.25
13,2,1.3
13,2,1.35
13,2,1.4
13,2,1.45
13,2,1.5
13,2,1.55
13,2,1.6
13,2,1.65
13,2,1.7
13,2,1.75
13,2,1.8
13,2,1.85
13,2,1.9
13,2,1.95
13,2,2
13,2,2.05
13,2,2.1
13,2,2.15
13,2,2.2
13,2,2.25
13,2,2.3
13,2,2.35
13,2,2.4
13,2,2.45
13,2,2.5
13,2,2.55
13,2,2.6
13,2,2.65
13,2,2.7
13,2,2.75
13,2,2.8
13,2,2.85
13,2,2.9
13,2,2.95
13,2,3
13,2,3.05
13,2,3.1
13,2,3.15
13,2,3.2
13,2,3.25
13,2,3.3
13,2,3.35
13,2,3.4
13,2,3.45
13,2,3.5
13,2,3.55
13,2,3.6
13,2,3.65
13,2,3.7
13,2,3.75
13,2,3.8
13,2,3.85
13,2,3.9
13,2,3.95
13,2,4
13,2,4.05
13,2,4.1
13,2,4.15
13,2,4.2
13,2,4.25
13,2,4.3
13,2,4.35
13,2,4.4
13,2,4.45
13,2,4.5
13,2,4.55
13,2,4.6
13,2,4.65
13,2,4.7
13,2,4.75
13,2,4.8
13,2,4.85
13,2,4.9
13,2,4.95
13,2,5
13,2.5,0
13,2.5,0.05
13,2.5,0.1
13,2.5,0.15
13,2.5,0.2
13,2.5,0.25
13,2.5,0.3
13,2.5,0.35
13,2.5,0.4
13,2.5,0.45
13,2.5,0.5
13,2.5,0.55
13,2.5,0.6
13,2.5,0.65
13,2.5,0.7
13,2.5,0.75
13,2.5,0.8
13,2.5,0.85
13,2.5,0.9
13,2.5,0.95
13,2.5,1
13,2.5,1.05
13,2.5,1.1
13,2.5,1.15
13,2.5,1.2
13,2.5,1.25
13,2.5,1.3
13,2.5,1.35
13,2.5,1.4
13,2.5,1.45
13,2.5,1.5
13,2.5,1.55
13,2.5,1.6
13,2.5,1.65
13,2.5,1.7
13,2.5,1.75
13,2.5,1.8
13,2.5,1.85
13,2.5,1.9
13,2.5,1.95
13,2.5,2
13,2.5,2.05
13,2.5,2.1
13,2.5,2.15
13,2.5,2.2
13,2.5,2.25
13,2.5,2.3
13,2.5,2.35
13,2.5,2.4
13,2.5,2.45
13,2.5,2.5
13,2.5,2.55
13,2.5,2.6
13,2.5,2.65
13,2.5,2.7
13,2.5,2.75
13,2.5,2.8
13,2.5,2.85
13,2.5,2.9
13,2.5,2.95
13,2.5,3
13,2.5,3.05
13,2.5,3.1
13,2.5,3.15
13,2.5,3.2
13,2.5,3.25
13,2.5,3.3
13,2.5,3.35
13,2.5,3.4
13,2.5,3.45
13,2.5,3.5
13,2.5,3.55
13,2.5,3.6
13,2.5,3.65
13,2.5,3.7
13,2.5,3.75
13,2.5,3.8
13,2.5,3.85
13,2.5,3.9
13,2.5,3.95
13,2.5,4
13,2.5,4.05
13,2.5,4.1
13,2.5,4.15
13,2.5,4.2
13,2.5,4.25
13,2.5,4.3
13,2.5,4.35
13,2.5,4.4
13,2.5,4.45
13,2.5,4.5
13,2.5,4.55
13,2.5,4.6
13,2.5,4.65
13,2.5,4.7
13,2.5,4.75
13,2.5,4.8
13,2.5,4.85
13,2.5,4.9
13,2.5,4.95
13,2.5,5
13,3,0
13,3,0.05
13,3,0.1
13,3,0.15
13,3,0.2
13,3,0.25
13,3,0.3
13,3,0.35
13,3,0.4
13,3,0.45
13,3,0.5
13,3,0.55
13,3,0.6
13,3,0.65
13,3,0.7
13,3,0.75
13,3,0.8
13,3,0.85
13,3,0.9
13,3,0.95
13,3,1
13,3,1.05
13,3,1.1
13,3,1.15
13,3,1.2
13,3,1.25
13,3,1.3
13,3,1.35
13,3,1.4
13,3,1.45
13,3,1.5
13,3,1.55
13,3,1.6
13,3,1.65
13,3,1.7
13,3,1.75
13,3,1.8
13,3,1.85
13,3,1.9
13,3,1.95
13,3,2
13,3,2.05
13,3,2.1
13,3,2.15
13,3,2.2
13,3,2.25
13,3,2.3
13,3,2.35
13,3,2.4
13,3,2.45
13,3,2.5
13,3,2.55
13,3,2.6
13,3,2.65
13,3,2.7
13,3,2.75
13,3,2.8
13,3,2.85
13,3,2.9
13,3,2.95
13,3,3
13,3,3.05
13,3,3.1
13,3,3.15
13,3,3.2
13,3,3.25
13,3,3.3
13,3,3.35
13,3,3.4
13,3,3.45
13,3,3.5
13,3,3.55
13,3,3.6
13,3,3.65
13,3,3.7
13,3,3.75
13,3,3.8
13,3,3.85
13,3,3.9
13,3,3.95
13,3,4
13,3,4.05
13,3,4.1
13,3,4.15
13,3,4.2
13,3,4.25
13,3,4.3
13,3,4.35
13,3,4.4
13,3,4.45
13,3,4.5
13,3,4.55
13,3,4.6
13,3,4.65
13,3,4.7
13,3,4.75
13,3,4.8
13,3,4.85
13,3,4.9
13,3,4.95
13,3,5
13,3.5,0
13,3.5,0.05
13,3.5,0.1
13,3.5,0.15
13,3.5,0.2
13,3.5,0.25
13,3.5,0.3
13,3.5,0.35
13,3.5,0.4
13,3.5,0.45
13,3.5,0.5
13,3.5,0.55
13,3.5,0.6
13,3.5,0.65
13,3.5,0.7
13,3.5,0.75
13,3.5,0.8
13,3.5,0.85
13,3.5,0.9
13,3.5,0.95
13,3.5,1
13,3.5,1.05
13,3.5,1.1
13,3.5,1.15
13,3.5,1.2
13,3.5,1.25
13,3.5,1.3
13,3.5,1.35
13,3.5,1.4
13,3.5,1.45
13,3.5,1.5
13,3.5,1.55
13,3.5,1.6
13,3.5,1.65
13,3.5,1.7
13,3.5,1.75
13,3.5,1.8
13,3.5,1.85
13,3.5,1.9
13,3.5,1.95
13,3.5,2
13,3.5,2.05
13,3.5,2.1
13,3.5,2.15
13,3.5,2.2
13,3.5,2.25
13,3.5,2.3
13,3.5,2.35
13,3.5,2.4
13,3.5,2.45
13,3.5,2.5
13,3.5,2.55
13,3.5,2.6
13,3.5,2.65
13,3.5,2.7
13,3.5,2.75
13,3.5,2.8
13,3.5,2.85
13,3.5,2.9
13,3.5,2.95
13,3.5,3
13,3.5,3.05
13,3.5,3.1
13,3.5,3.15
13,3.5,3.2
13,3.5,3.25
13,3.5,3.3
13,3.5,3.35
13,3.5,3.4
13,3.5,3.45
13,3.5,3.5
13,3.5,3.55
13,3.5,3.6
13,3.5,3.65
13,3.5,3.7
13,3.5,3.75
13,3.5,3.8
13,3.5,3.85
13,3.5,3.9
13,3.5,3.95
13,3.5,4
13,3.5,4.05
13,3.5,4.1
13,3.5,4.15
13,3.5,4.2
13,3.5,4.25
13,3.5,4.3
13,3.5,4.35
13,3.5,4.4
13,3.5,4.45
13,3.5,4.5
13,3.5,4.55
13,3.5,4.6
13,3.5,4.65
13,3.5,4.7
13,3.5,4.75
13,3.5,4.8
13,3.5,4.85
13,3.5,4.9
13,3.5,4.95
13,3.5,5
13,4,0
13,4,0.05
13,4,0.1
13,4,0.15
13,4,0.2
13,4,0.25
13,4,0.3
13,4,0.35
13,4,0.4
13,4,0.45
13,4,0.5
13,4,0.55
13,4,0.6
13,4,0.65
13,4,0.7
13,4,0.75
13,4,0.8
13,4,0.85
13,4,0.9
13,4,0.95
13,4,1
13,4,1.05
13,4,1.1
13,4,1.15
13,4,1.2
13,4,1.25
13,4,1.3
13,4,1.35
13,4,1.4
13,4,1.45
13,4,1.5
13,4,1.55
13,4,1.6
13,4,1.65
13,4,1.7
13,4,1.75
13,4,1.8
13,4,1.85
13,4,1.9
13,4,1.95
13,4,2
13,4,2.05
13,4,2.1
13,4,2.15
13,4,2.2
13,4,2.25
13,4,2.3
13,4,2.35
13,4,2.4
13,4,2.45
13,4,2.5
13,4,2.55
13,4,2.6
13,4,2.65
13,4,2.7
13,4,2.75
13,4,2.8
13,4,2.85
13,4,2.9
13,4,2.95
13,4,3
13,4,3.05
13,4,3.1
13,4,3.15
13,4,3.2
13,4,3.25
13,4,3.3
13,4,3.35
13,4,3.4
13,4,3.45
13,4,3.5
13,4,3.55
13,4,3.6
13,4,3.65
13,4,3.7
13,4,3.75
13,4,3.8
13,4,3.85
13,4,3.9
13,4,3.95
13,4,4
13,4,4.05
13,4,4.1
13,4,4.15
13,4,4.2
13,4,4.25
13,4,4.3
13,4,4.35
13,4,4.4
13,4,4.45
13,4,4.5
13,4,4.55
13,4,4.6
13,4,4.65
13,4,4.7
13,4,4.75
13,4,4.8
13,4,4.85
13,4,4.9
13,4,4.95
13,4,5
13,4.5,0
13,4.5,0.05
13,4.5,0.1
13,4.5,0.15
13,4.5,0.2
13,4.5,0.25
13,4.5,0.3
13,4.5,0.35
13,4.5,0.4
13,4.5,0.45
13,4.5,0.5
13,4.5,0.55
13,4.5,0.6
13,4.5,0.65
13,4.5,0.7
13,4.5,0.75
13,4.5,0.8
13,4.5,0.85
13,4.5,0.9
13,4.5,0.95
13,4.5,1
13,4.5,1.05
13,4.5,1.1
13,4.5,1.15
13,4.5,1.2
13,4.5,1.25
13,4.5,1.3
13,4.5,1.35
13,4.5,1.4
13,4.5,1.45
13,4.5,1.5
13,4.5,1.55
13,4.5,1.6
13,4.5,1.65
13,4.5,1.7
13,4.5,1.75
13,4.5,1.8
13,4.5,1.85
13,4.5,1.9
13,4.5,1.95
13,4.5,2
13,4.5,2.05
13,4.5,2.1
13,4.5,2.15
13,4.5,2.2
13,4.5,2.25
13,4.5,2.3
13,4.5,2.35
13,4.5,2.4
13,4.5,2.45
13,4.5,2.5
13,4.5,2.55
13,4.5,2.6
13,4.5,2.65
13,4.5,2.7
13,4.5,2.75
13,4.5,2.8
13,4.5,2.85
13,4.5,2.9
13,4.5,2.95
13,4.5,3
13,4.5,3.05
13,4.5,3.1
13,4.5,3.15
13,4.5,3.2
13,4.5,3.25
13,4.5,3.3
13,4.5,3.35
13,4.5,3.4
13,4.5,3.45
13,4.5,3.5
13,4.5,3.55
13,4.5,3.6
13,4.5,3.65
13,4.5,3.7
13,4.5,3.75
13,4.5,3.8
13,4.5,3.85
13,4.5,3.9
13,4.5,3.95
13,4.5,4
13,4.5,4.05
13,4.5,4.1
13,4.5,4.15
13,4.5,4.2
13,4.5,4.25
13,4.5,4.3
13,4.5,4.35
13,4.5,4.4
13,4.5,4.45
13,4.5,4.5
13,4.5,4.55
13,4.5,4.6
13,4.5,4.65
13,4.5,4.7
13,4.5,4.75
13,4.5,4.8
13,4.5,4.85
13,4.5,4.9
13,4.5,4.95
13,4.5,5
13,5,0
13,5,0.05
13,5,0.1
13,5,0.15
13,5,0.2
13,5,0.25
13,5,0.3
13,5,0.35
13,5,0.4
13,5,0.45
13,5,0.5
13,5,0.55
13,5,0.6
13,5,0.65
13,5,0.7
13,5,0.75
13,5,0.8
13,5,0.85
13,5,0.9
13,5,0.95
13,5,1
13,5,1.05
13,5,1.1
13,5,1.15
13,5,1.2
13,5,1.25
13,5,1.3
13,5,1.35
13,5,1.4
13,5,1.45
13,5,1.5
13,5,1.55
13,5,1.6
13,5,1.65
13,5,1.7
13,5,1.75
13,5,1.8
13,5,1.85
13,5,1.9
13,5,1.95
13,5,2
13,5,2.05
13,5,2.1
13,5,2.15
13,5,2.2
13,5,2.25
13,5,2.3
13,5,2.35
13,5,2.4
13,5,2.45
13,5,2.5
13,5,2.55
13,5,2.6
13,5,2.65
13,5,2.7
13,5,2.75
13,5,2.8
13,5,2.85
13,5,2.9
13,5,2.95
13,5,3
13,5,3.05
13,5,3.1
13,5,3.15
13,5,3.2
13,5,3.25
13,5,3.3
13,5,3.35
13,5,3.4
13,5,3.45
13,5,3.5
13,5,3.55
13,5,3.6
13,5,3.65
13,5,3.7
13,5,3.75
13,5,3.8
13,5,3.85
13,5,3.9
13,5,3.95
13,5,4
13,5,4.05
13,5,4.1
13,5,4.15
13,5,4.2
13,5,4.25
13,5,4.3
13,5,4.35
13,5,4.4
13,5,4.45
13,5,4.5
13,5,4.55
13,5,4.6
13,5,4.65
13,5,4.7
13,5,4.75
13,5,4.8
13,5,4.85
13,5,4.9
13,5,4.95
13,5,5
13,5.5,0
13,5.5,0.05
13,5.5,0.1
13,5.5,0.15
13,5.5,0.2
13,5.5,0.25
13,5.5,0.3
13,5.5,0.35
13,5.5,0.4
13,5.5,0.45
13,5.5,0.5
13,5.5,0.55
13,5.5,0.6
13,5.5,0.65
13,5.5,0.7
13,5.5,0.75
13,5.5,0.8
13,5.5,0.85
13,5.5,0.9
13,5.5,0.95
13,5.5,1
13,5.5,1.05
13,5.5,1.1
13,5.5,1.15
13,5.5,1.2
13,5.5,1.25
13,5.5,1.3
13,5.5,1.35
13,5.5,1.4
13,5.5,1.45
13,5.5,1.5
13,5.5,1.55
13,5.5,1.6
13,5.5,1.65
13,5.5,1.7
13,5.5,1.75
13,5.5,1.8
13,5.5,1.85
13,5.5,1.9
13,5.5,1.95
13,5.5,2
13,5.5,2.05
13,5.5,2.1
13,5.5,2.15
13,5.5,2.2
13,5.5,2.25
13,5.5,2.3
13,5.5,2.35
13,5.5,2.4
13,5.5,2.45
13,5.5,2.5
13,5.5,2.55
13,5.5,2.6
13,5.5,2.65
13,5.5,2.7
13,5.5,2.75
13,5.5,2.8
13,5.5,2.85
13,5.5,2.9
13,5.5,2.95
13,5.5,3
13,5.5,3.05
13,5.5,3.1
13,5.5,3.15
13,5.5,3.2
13,5.5,3.25
13,5.5,3.3
13,5.5,3.35
13,5.5,3.4
13,5.5,3.45
13,5.5,3.5
13,5.5,3.55
13,5.5,3.6
13,5.5,3.65
13,5.5,3.7
13,5.5,3.75
13,5.5,3.8
13,5.5,3.85
13,5.5,3.9
13,5.5,3.95
13,5.5,4
13,5.5,4.05
13,5.5,4.1
13,5.5,4.15
13,5.5,4.2
13,5.5,4.25
13,5.5,4.3
13,5.5,4.35
13,5.5,4.4
13,5.5,4.45
13,5.5,4.5
13,5.5,4.55
13,5.5,4.6
13,5.5,4.65
13,5.5,4.7
13,5.5,4.75
13,5.5,4.8
13,5.5,4.85
13,5.5,4.9
13,5.5,4.95
13,5.5,5
13,6,0
13,6,0.05
13,6,0.1
13,6,0.15
13,6,0.2
13,6,0.25
13,6,0.3
13,6,0.35
13,6,0.4
13,6,0.45
13,6,0.5
13,6,0.55
13,6,0.6
13,6,0.65
13,6,0.7
13,6,0.75
13,6,0.8
13,6,0.85
13,6,0.9
13,6,0.95
13,6,1
13,6,1.05
13,6,1.1
13,6,1.15
13,6,1.2
13,6,1.25
13,6,1.3
13,6,1.35
13,6,1.4
13,6,1.45
13,6,1.5
13,6,1.55
13,6,1.6
13,6,1.65
13,6,1.7
13,6,1.75
13,6,1.8
13,6,1.85
13,6,1.9
13,6,1.95
13,6,2
13,6,2.05
13,6,2.1
13,6,2.15
13,6,2.2
13,6,2.25
13,6,2.3
13,6,2.35
13,6,2.4
13,6,2.45
13,6,2.5
13,6,2.55
13,6,2.6
13,6,2.65
13,6,2.7
13,6,2.75
13,6,2.8
13,6,2.85
13,6,2.9
13,6,2.95
13,6,3
13,6,3.05
13,6,3.1
13,6,3.15
13,6,3.2
13,6,3.25
13,6,3.3
13,6,3.35
13,6,3.4
13,6,3.45
13,6,3.5
13,6,3.55
13,6,3.6
13,6,3.65
13,6,3.7
13,6,3.75
13,6,3.8
13,6,3.85
13,6,3.9
13,6,3.95
13,6,4
13,6,4.05
13,6,4.1
13,6,4.15
13,6,4.2
13,6,4.25
13,6,4.3
13,6,4.35
13,6,4.4
13,6,4.45
13,6,4.5
13,6,4.55
13,6,4.6
13,6,4.65
13,6,4.7
13,6,4.75
13,6,4.8
13,6,4.85
13,6,4.9
13,6,4.95
13,6,5
13,6.5,0
13,6.5,0.05
13,6.5,0.1
13,6.5,0.15
13,6.5,0.2
13,6.5,0.25
13,6.5,0.3
13,6.5,0.35
13,6.5,0.4
13,6.5,0.45
13,6.5,0.5
13,6.5,0.55
13,6.5,0.6
13,6.5,0.65
13,6.5,0.7
13,6.5,0.75
13,6.5,0.8
13,6.5,0.85
13,6.5,0.9
13,6.5,0.95
13,6.5,1
13,6.5,1.05
13,6.5,1.1
13,6.5,1.15
13,6.5,1.2
13,6.5,1.25
13,6.5,1.3
13,6.5,1.35
13,6.5,1.4
13,6.5,1.45
13,6.5,1.5
13,6.5,1.55
13,6.5,1.6
13,6.5,1.65
13,6.5,1.7
13,6.5,1.75
13,6.5,1.8
13,6.5,1.85
13,6.5,1.9
13,6.5,1.95
13,6.5,2
13,6.5,2.05
13,6.5,2.1
13,6.5,2.15
13,6.5,2.2
13,6.5,2.25
13,6.5,2.3
13,6.5,2.35
13,6.5,2.4
13,6.5,2.45
13,6.5,2.5
13,6.5,2.55
13,6.5,2.6
13,6.5,2.65
13,6.5,2.7
13,6.5,2.75
13,6.5,2.8
13,6.5,2.85
13,6.5,2.9
13,6.5,2.95
13,6.5,3
13,6.5,3.05
13,6.5,3.1
13,6.5,3.15
13,6.5,3.2
13,6.5,3.25
13,6.5,3.3
13,6.5,3.35
13,6.5,3.4
13,6.5,3.45
13,6.5,3.5
13,6.5,3.55
13,6.5,3.6
13,6.5,3.65
13,6.5,3.7
13,6.5,3.75
13,6.5,3.8
13,6.5,3.85
13,6.5,3.9
13,6.5,3.95
13,6.5,4
13,6.5,4.05
13,6.5,4.1
13,6.5,4.15
13,6.5,4.2
13,6.5,4.25
13,6.5,4.3
13,6.5,4.35
13,6.5,4.4
13,6.5,4.45
13,6.5,4.5
13,6.5,4.55
13,6.5,4.6
13,6.5,4.65
13,6.5,4.7
13,6.5,4.75
13,6.5,4.8
13,6.5,4.85
13,6.5,4.9
13,6.5,4.95
13,6.5,5
13,7,0
13,7,0.05
13,7,0.1
13,7,0.15
13,7,0.2
13,7,0.25
13,7,0.3
13,7,0.35
13,7,0.4
13,7,0.45
13,7,0.5
13,7,0.55
13,7,0.6
13,7,0.65
13,7,0.7
13,7,0.75
13,7,0.8
13,7,0.85
13,7,0.9
13,7,0.95
13,7,1
13,7,1.05
13,7,1.1
13,7,1.15
13,7,1.2
13,7,1.25
13,7,1.3
13,7,1.35
13,7,1.4
13,7,1.45
13,7,1.5
13,7,1.55
13,7,1.6
13,7,1.65
13,7,1.7
13,7,1.75
13,7,1.8
13,7,1.85
13,7,1.9
13,7,1.95
13,7,2
13,7,2.05
13,7,2.1
13,7,2.15
13,7,2.2
13,7,2.25
13,7,2.3
13,7,2.35
13,7,2.4
13,7,2.45
13,7,2.5
13,7,2.55
13,7,2.6
13,7,2.65
13,7,2.7
13,7,2.75
13,7,2.8
13,7,2.85
13,7,2.9
13,7,2.95
13,7,3
13,7,3.05
13,7,3.1
13,7,3.15
13,7,3.2
13,7,3.25
13,7,3.3
13,7,3.35
13,7,3.4
13,7,3.45
13,7,3.5
13,7,3.55
13,7,3.6
13,7,3.65
13,7,3.7
13,7,3.75
13,7,3.8
13,7,3.85
13,7,3.9
13,7,3.95
13,7,4
13,7,4.05
13,7,4.1
13,7,4.15
13,7,4.2
13,7,4.25
13,7,4.3
13,7,4.35
13,7,4.4
13,7,4.45
13,7,4.5
13,7,4.55
13,7,4.6
13,7,4.65
13,7,4.7
13,7,4.75
13,7,4.8
13,7,4.85
13,7,4.9
13,7,4.95
13,7,5
13,7.5,0
13,7.5,0.05
13,7.5,0.1
13,7.5,0.15
13,7.5,0.2
13,7.5,0.25
13,7.5,0.3
13,7.5,0.35
13,7.5,0.4
13,7.5,0.45
13,7.5,0.5
13,7.5,0.55
13,7.5,0.6
13,7.5,0.65
13,7.5,0.7
13,7.5,0.75
13,7.5,0.8
13,7.5,0.85
13,7.5,0.9
13,7.5,0.95
13,7.5,1
13,7.5,1.05
13,7.5,1.1
13,7.5,1.15
13,7.5,1.2
13,7.5,1.25
13,7.5,1.3
13,7.5,1.35
13,7.5,1.4
13,7.5,1.45
13,7.5,1.5
13,7.5,1.55
13,7.5,1.6
13,7.5,1.65
13,7.5,1.7
13,7.5,1.75
13,7.5,1.8
13,7.5,1.85
13,7.5,1.9
13,7.5,1.95
13,7.5,2
13,7.5,2.05
13,7.5,2.1
13,7.5,2.15
13,7.5,2.2
13,7.5,2.25
13,7.5,2.3
13,7.5,2.35
13,7.5,2.4
13,7.5,2.45
13,7.5,2.5
13,7.5,2.55
13,7.5,2.6
13,7.5,2.65
13,7.5,2.7
13,7.5,2.75
13,7.5,2.8
13,7.5,2.85
13,7.5,2.9
13,7.5,2.95
13,7.5,3
13,7.5,3.05
13,7.5,3.1
13,7.5,3.15
13,7.5,3.2
13,7.5,3.25
13,7.5,3.3
13,7.5,3.35
13,7.5,3.4
13,7.5,3.45
13,7.5,3.5
13,7.5,3.55
13,7.5,3.6
13,7.5,3.65
13,7.5,3.7
13,7.5,3.75
13,7.5,3.8
13,7.5,3.85
13,7.5,3.9
13,7.5,3.95
13,7.5,4
13,7.5,4.05
13,7.5,4.1
13,7.5,4.15
13,7.5,4.2
13,7.5,4.25
13,7.5,4.3
13,7.5,4.35
13,7.5,4.4
13,7.5,4.45
13,7.5,4.5
13,7.5,4.55
13,7.5,4.6
13,7.5,4.65
13,7.5,4.7
13,7.5,4.75
13,7.5,4.8
13,7.5,4.85
13,7.5,4.9
13,7.5,4.95
13,7.5,5
13,8,0
13,8,0.05
13,8,0.1
13,8,0.15
13,8,0.2
13,8,0.25
13,8,0.3
13,8,0.35
13,8,0.4
13,8,0.45
13,8,0.5
13,8,0.55
13,8,0.6
13,8,0.65
13,8,0.7
13,8,0.75
13,8,0.8
13,8,0.85
13,8,0.9
13,8,0.95
13,8,1
13,8,1.05
13,8,1.1
13,8,1.15
13,8,1.2
13,8,1.25
13,8,1.3
13,8,1.35
13,8,1.4
13,8,1.45
13,8,1.5
13,8,1.55
13,8,1.6
13,8,1.65
13,8,1.7
13,8,1.75
13,8,1.8
13,8,1.85
13,8,1.9
13,8,1.95
13,8,2
13,8,2.05
13,8,2.1
13,8,2.15
13,8,2.2
13,8,2.25
13,8,2.3
13,8,2.35
13,8,2.4
13,8,2.45
13,8,2.5
13,8,2.55
13,8,2.6
13,8,2.65
13,8,2.7
13,8,2.75
13,8,2.8
13,8,2.85
13,8,2.9
13,8,2.95
13,8,3
13,8,3.05
13,8,3.1
13,8,3.15
13,8,3.2
13,8,3.25
13,8,3.3
13,8,3.35
13,8,3.4
13,8,3.45
13,8,3.5
13,8,3.55
13,8,3.6
13,8,3.65
13,8,3.7
13,8,3.75
13,8,3.8
13,8,3.85
13,8,3.9
13,8,3.95
13,8,4
13,8,4.05
13,8,4.1
13,8,4.15
13,8,4.2
13,8,4.25
13,8,4.3
13,8,4.35
13,8,4.4
13,8,4.45
13,8,4.5
13,8,4.55
13,8,4.6
13,8,4.65
13,8,4.7
13,8,4.75
13,8,4.8
13,8,4.85
13,8,4.9
13,8,4.95
13,8,5
13,8.5,0
13,8.5,0.05
13,8.5,0.1
13,8.5,0.15
13,8.5,0.2
13,8.5,0.25
13,8.5,0.3
13,8.5,0.35
13,8.5,0.4
13,8.5,0.45
13,8.5,0.5
13,8.5,0.55
13,8.5,0.6
13,8.5,0.65
13,8.5,0.7
13,8.5,0.75
13,8.5,0.8
13,8.5,0.85
13,8.5,0.9
13,8.5,0.95
13,8.5,1
13,8.5,1.05
13,8.5,1.1
13,8.5,1.15
13,8.5,1.2
13,8.5,1.25
13,8.5,1.3
13,8.5,1.35
13,8.5,1.4
13,8.5,1.45
13,8.5,1.5
13,8.5,1.55
13,8.5,1.6
13,8.5,1.65
13,8.5,1.7
13,8.5,1.75
13,8.5,1.8
13,8.5,1.85
13,8.5,1.9
13,8.5,1.95
13,8.5,2
13,8.5,2.05
13,8.5,2.1
13,8.5,2.15
13,8.5,2.2
13,8.5,2.25
13,8.5,2.3
13,8.5,2.35
13,8.5,2.4
13,8.5,2.45
13,8.5,2.5
13,8.5,2.55
13,8.5,2.6
13,8.5,2.65
13,8.5,2.7
13,8.5,2.75
13,8.5,2.8
13,8.5,2.85
13,8.5,2.9
13,8.5,2.95
13,8.5,3
13,8.5,3.05
13,8.5,3.1
13,8.5,3.15
13,8.5,3.2
13,8.5,3.25
13,8.5,3.3
13,8.5,3.35
13,8.5,3.4
13,8.5,3.45
13,8.5,3.5
13,8.5,3.55
13,8.5,3.6
13,8.5,3.65
13,8.5,3.7
13,8.5,3.75
13,8.5,3.8
13,8.5,3.85
13,8.5,3.9
13,8.5,3.95
13,8.5,4
13,8.5,4.05
13,8.5,4.1
13,8.5,4.15
13,8.5,4.2
13,8.5,4.25
13,8.5,4.3
13,8.5,4.35
13,8.5,4.4
13,8.5,4.45
13,8.5,4.5
13,8.5,4.55
13,8.5,4.6
13,8.5,4.65
13,8.5,4.7
13,8.5,4.75
13,8.5,4.8
13,8.5,4.85
13,8.5,4.9
13,8.5,4.95
13,8.5,5
13,9,0
13,9,0.05
13,9,0.1
13,9,0.15
13,9,0.2
13,9,0.25
13,9,0.3
13,9,0.35
13,9,0.4
13,9,0.45
13,9,0.5
13,9,0.55
13,9,0.6
13,9,0.65
13,9,0.7
13,9,0.75
13,9,0.8
13,9,0.85
13,9,0.9
13,9,0.95
13,9,1
13,9,1.05
13,9,1.1
13,9,1.15
13,9,1.2
13,9,1.25
13,9,1.3
13,9,1.35
13,9,1.4
13,9,1.45
13,9,1.5
13,9,1.55
13,9,1.6
13,9,1.65
13,9,1.7
13,9,1.75
13,9,1.8
13,9,1.85
13,9,1.9
13,9,1.95
13,9,2
13,9,2.05
13,9,2.1
13,9,2.15
13,9,2.2
13,9,2.25
13,9,2.3
13,9,2.35
13,9,2.4
13,9,2.45
13,9,2.5
13,9,2.55
13,9,2.6
13,9,2.65
13,9,2.7
13,9,2.75
13,9,2.8
13,9,2.85
13,9,2.9
13,9,2.95
13,9,3
13,9,3.05
13,9,3.1
13,9,3.15
13,9,3.2
13,9,3.25
13,9,3.3
13,9,3.35
13,9,3.4
13,9,3.45
13,9,3.5
13,9,3.55
13,9,3.6
13,9,3.65
13,9,3.7
13,9,3.75
13,9,3.8
13,9,3.85
13,9,3.9
13,9,3.95
13,9,4
13,9,4.05
13,9,4.1
13,9,4.15
13,9,4.2
13,9,4.25
13,9,4.3
13,9,4.35
13,9,4.4
13,9,4.45
13,9,4.5
13,9,4.55
13,9,4.6
13,9,4.65
13,9,4.7
13,9,4.75
13,9,4.8
13,9,4.85
13,9,4.9
13,9,4.95
13,9,5
13,9.5,0
13,9.5,0.05
13,9.5,0.1
13,9.5,0.15
13,9.5,0.2
13,9.5,0.25
13,9.5,0.3
13,9.5,0.35
13,9.5,0.4
13,9.5,0.45
13,9.5,0.5
13,9.5,0.55
13,9.5,0.6
13,9.5,0.65
13,9.5,0.7
13,9.5,0.75
13,9.5,0.8
13,9.5,0.85
13,9.5,0.9
13,9.5,0.95
13,9.5,1
13,9.5,1.05
13,9.5,1.1
13,9.5,1.15
13,9.5,1.2
13,9.5,1.25
13,9.5,1.3
13,9.5,1.35
13,9.5,1.4
13,9.5,1.45
13,9.5,1.5
13,9.5,1.55
13,9.5,1.6
13,9.5,1.65
13,9.5,1.7
13,9.5,1.75
13,9.5,1.8
13,9.5,1.85
13,9.5,1.9
13,9.5,1.95
13,9.5,2
13,9.5,2.05
13,9.5,2.1
13,9.5,2.15
13,9.5,2.2
13,9.5,2.25
13,9.5,2.3
13,9.5,2.35
13,9.5,2.4
13,9.5,2.45
13,9.5,2.5
13,9.5,2.55
13,9.5,2.6
13,9.5,2.65
13,9.5,2.7
13,9.5,2.75
13,9.5,2.8
13,9.5,2.85
13,9.5,2.9
13,9.5,2.95
13,9.5,3
13,9.5,3.05
13,9.5,3.1
13,9.5,3.15
13,9.5,3.2
13,9.5,3.25
13,9.5,3.3
13,9.5,3.35
13,9.5,3.4
13,9.5,3.45
13,9.5,3.5
13,9.5,3.55
13,9.5,3.6
13,9.5,3.65
13,9.5,3.7
13,9.5,3.75
13,9.5,3.8
13,9.5,3.85
13,9.5,3.9
13,9.5,3.95
13,9.5,4
13,9.5,4.05
13,9.5,4.1
13,9.5,4.15
13,9.5,4.2
13,9.5,4.25
13,9.5,4.3
13,9.5,4.35
13,9.5,4.4
13,9.5,4.45
13,9.5,4.5
13,9.5,4.55
13,9.5,4.6
13,9.5,4.65
13,9.5,4.7
13,9.5,4.75
13,9.5,4.8
13,9.5,4.85
13,9.5,4.9
13,9.5,4.95
13,9.5,5
13,10,0
13,10,0.05
13,10,0.1
13,10,0.15
13,10,0.2
13,10,0.25
13,10,0.3
13,10,0.35
13,10,0.4
13,10,0.45
13,10,0.5
13,10,0.55
13,10,0.6
13,10,0.65
13,10,0.7
13,10,0.75
13,10,0.8
13,10,0.85
13,10,0.9
13,10,0.95
13,10,1
13,10,1.05
13,10,1.1
13,10,1.15
13,10,1.2
13,10,1.25
13,10,1.3
13,10,1.35
13,10,1.4
13,10,1.45
13,10,1.5
13,10,1.55
13,10,1.6
13,10,1.65
13,10,1.7
13,10,1.75
13,10,1.8
13,10,1.85
13,10,1.9
13,10,1.95
13,10,2
13,10,2.05
13,10,2.1
13,10,2.15
13,10,2.2
13,10,2.25
13,10,2.3
13,10,2.35
13,10,2.4
13,10,2.45
13,10,2.5
13,10,2.55
13,10,2.6
13,10,2.65
13,10,2.7
13,10,2.75
13,10,2.8
13,10,2.85
13,10,2.9
13,10,2.95
13,10,3
13,10,3.05
13,10,3.1
13,10,3.15
13,10,3.2
13,10,3.25
13,10,3.3
13,10,3.35
13,10,3.4
13,10,3.45
13,10,3.5
13,10,3.55
13,10,3.6
13,10,3.65
13,10,3.7
13,10,3.75
13,10,3.8
13,10,3.85
13,10,3.9
13,10,3.95
13,10,4
13,10,4.05
13,10,4.1
13,10,4.15
13,10,4.2
13,10,4.25
13,10,4.3
13,10,4.35
13,10,4.4
13,10,4.45
13,10,4.5
13,10,4.55
13,10,4.6
13,10,4.65
13,10,4.7
13,10,4.75
13,10,4.8
13,10,4.85
13,10,4.9
13,10,4.95
13,10,5
13.5,0,0
13.5,0,0.05
13.5,0,0.1
13.5,0,0.15
13.5,0,0.2
13.5,0,0.25
13.5,0,0.3
13.5,0,0.35
13.5,0,0.4
13.5,0,0.45
13.5,0,0.5
13.5,0,0.55
13.5,0,0.6
13.5,0,0.65
13.5,0,0.7
13.5,0,0.75
13.5,0,0.8
13.5,0,0.85
13.5,0,0.9
13.5,0,0.95
13.5,0,1
13.5,0,1.05
13.5,0,1.1
13.5,0,1.15
13.5,0,1.2
13.5,0,1.25
13.5,0,1.3
13.5,0,1.35
13.5,0,1.4
13.5,0,1.45
13.5,0,1.5
13.5,0,1.55
13.5,0,1.6
13.5,0,1.65
13.5,0,1.7
13.5,0,1.75
13.5,0,1.8
13.5,0,1.85
13.5,0,1.9
13.5,0,1.95
13.5,0,2
13.5,0,2.05
13.5,0,2.1
13.5,0,2.15
13.5,0,2.2
13.5,0,2.25
13.5,0,2.3
13.5,0,2.35
13.5,0,2.4
13.5,0,2.45
13.5,0,2.5
13.5,0,2.55
13.5,0,2.6
13.5,0,2.65
13.5,0,2.7
13.5,0,2.75
13.5,0,2.8
13.5,0,2.85
13.5,0,2.9
13.5,0,2.95
13.5,0,3
13.5,0,3.05
13.5,0,3.1
13.5,0,3.15
13.5,0,3.2
13.5,0,3.25
13.5,0,3.3
13.5,0,3.35
13.5,0,3.4
13.5,0,3.45
13.5,0,3.5
13.5,0,3.55
13.5,0,3.6
13.5,0,3.65
13.5,0,3.7
13.5,0,3.75
13.5,0,3.8
13.5,0,3.85
13.5,0,3.9
13.5,0,3.95
13.5,0,4
13.5,0,4.05
13.5,0,4.1
13.5,0,4.15
13.5,0,4.2
13.5,0,4.25
13.5,0,4.3
13.5,0,4.35
13.5,0,4.4
13.5,0,4.45
13.5,0,4.5
13.5,0,4.55
13.5,0,4.6
13.5,0,4.65
13.5,0,4.7
13.5,0,4.75
13.5,0,4.8
13.5,0,4.85
13.5,0,4.9
13.5,0,4.95
13.5,0,5
13.5,0.5,0
13.5,0.5,0.05
13.5,0.5,0.1
13.5,0.5,0.15
13.5,0.5,0.2
13.5,0.5,0.25
13.5,0.5,0.3
13.5,0.5,0.35
13.5,0.5,0.4
13.5,0.5,0.45
13.5,0.5,0.5
13.5,0.5,0.55
13.5,0.5,0.6
13.5,0.5,0.65
13.5,0.5,0.7
13.5,0.5,0.75
13.5,0.5,0.8
13.5,0.5,0.85
13.5,0.5,0.9
13.5,0.5,0.95
13.5,0.5,1
13.5,0.5,1.05
13.5,0.5,1.1
13.5,0.5,1.15
13.5,0.5,1.2
13.5,0.5,1.25
13.5,0.5,1.3
13.5,0.5,1.35
13.5,0.5,1.4
13.5,0.5,1.45
13.5,0.5,1.5
13.5,0.5,1.55
13.5,0.5,1.6
13.5,0.5,1.65
13.5,0.5,1.7
13.5,0.5,1.75
13.5,0.5,1.8
13.5,0.5,1.85
13.5,0.5,1.9
13.5,0.5,1.95
13.5,0.5,2
13.5,0.5,2.05
13.5,0.5,2.1
13.5,0.5,2.15
13.5,0.5,2.2
13.5,0.5,2.25
13.5,0.5,2.3
13.5,0.5,2.35
13.5,0.5,2.4
13.5,0.5,2.45
13.5,0.5,2.5
13.5,0.5,2.55
13.5,0.5,2.6
13.5,0.5,2.65
13.5,0.5,2.7
13.5,0.5,2.75
13.5,0.5,2.8
13.5,0.5,2.85
13.5,0.5,2.9
13.5,0.5,2.95
13.5,0.5,3
13.5,0.5,3.05
13.5,0.5,3.1
13.5,0.5,3.15
13.5,0.5,3.2
13.5,0.5,3.25
13.5,0.5,3.3
13.5,0.5,3.35
13.5,0.5,3.4
13.5,0.5,3.45
13.5,0.5,3.5
13.5,0.5,3.55
13.5,0.5,3.6
13.5,0.5,3.65
13.5,0.5,3.7
13.5,0.5,3.75
13.5,0.5,3.8
13.5,0.5,3.85
13.5,0.5,3.9
13.5,0.5,3.95
13.5,0.5,4
13.5,0.5,4.05
13.5,0.5,4.1
13.5,0.5,4.15
13.5,0.5,4.2
13.5,0.5,4.25
13.5,0.5,4.3
13.5,0.5,4.35
13.5,0.5,4.4
13.5,0.5,4.45
13.5,0.5,4.5
13.5,0.5,4.55
13.5,0.5,4.6
13.5,0.5,4.65
13.5,0.5,4.7
13.5,0.5,4.75
13.5,0.5,4.8
13.5,0.5,4.85
13.5,0.5,4.9
13.5,0.5,4.95
13.5,0.5,5
13.5,1,0
13.5,1,0.05
13.5,1,0.1
13.5,1,0.15
13.5,1,0.2
13.5,1,0.25
13.5,1,0.3
13.5,1,0.35
13.5,1,0.4
13.5,1,0.45
13.5,1,0.5
13.5,1,0.55
13.5,1,0.6
13.5,1,0.65
13.5,1,0.7
13.5,1,0.75
13.5,1,0.8
13.5,1,0.85
13.5,1,0.9
13.5,1,0.95
13.5,1,1
13.5,1,1.05
13.5,1,1.1
13.5,1,1.15
13.5,1,1.2
13.5,1,1.25
13.5,1,1.3
13.5,1,1.35
13.5,1,1.4
13.5,1,1.45
13.5,1,1.5
13.5,1,1.55
13.5,1,1.6
13.5,1,1.65
13.5,1,1.7
13.5,1,1.75
13.5,1,1.8
13.5,1,1.85
13.5,1,1.9
13.5,1,1.95
13.5,1,2
13.5,1,2.05
13.5,1,2.1
13.5,1,2.15
13.5,1,2.2
13.5,1,2.25
13.5,1,2.3
13.5,1,2.35
13.5,1,2.4
13.5,1,2.45
13.5,1,2.5
13.5,1,2.55
13.5,1,2.6
13.5,1,2.65
13.5,1,2.7
13.5,1,2.75
13.5,1,2.8
13.5,1,2.85
13.5,1,2.9
13.5,1,2.95
13.5,1,3
13.5,1,3.05
13.5,1,3.1
13.5,1,3.15
13.5,1,3.2
13.5,1,3.25
13.5,1,3.3
13.5,1,3.35
13.5,1,3.4
13.5,1,3.45
13.5,1,3.5
13.5,1,3.55
13.5,1,3.6
13.5,1,3.65
13.5,1,3.7
13.5,1,3.75
13.5,1,3.8
13.5,1,3.85
13.5,1,3.9
13.5,1,3.95
13.5,1,4
13.5,1,4.05
13.5,1,4.1
13.5,1,4.15
13.5,1,4.2
13.5,1,4.25
13.5,1,4.3
13.5,1,4.35
13.5,1,4.4
13.5,1,4.45
13.5,1,4.5
13.5,1,4.55
13.5,1,4.6
13.5,1,4.65
13.5,1,4.7
13.5,1,4.75
13.5,1,4.8
13.5,1,4.85
13.5,1,4.9
13.5,1,4.95
13.5,1,5
13.5,1.5,0
13.5,1.5,0.05
13.5,1.5,0.1
13.5,1.5,0.15
13.5,1.5,0.2
13.5,1.5,0.25
13.5,1.5,0.3
13.5,1.5,0.35
13.5,1.5,0.4
13.5,1.5,0.45
13.5,1.5,0.5
13.5,1.5,0.55
13.5,1.5,0.6
13.5,1.5,0.65
13.5,1.5,0.7
13.5,1.5,0.75
13.5,1.5,0.8
13.5,1.5,0.85
13.5,1.5,0.9
13.5,1.5,0.95
13.5,1.5,1
13.5,1.5,1.05
13.5,1.5,1.1
13.5,1.5,1.15
13.5,1.5,1.2
13.5,1.5,1.25
13.5,1.5,1.3
13.5,1.5,1.35
13.5,1.5,1.4
13.5,1.5,1.45
13.5,1.5,1.5
13.5,1.5,1.55
13.5,1.5,1.6
13.5,1.5,1.65
13.5,1.5,1.7
13.5,1.5,1.75
13.5,1.5,1.8
13.5,1.5,1.85
13.5,1.5,1.9
13.5,1.5,1.95
13.5,1.5,2
13.5,1.5,2.05
13.5,1.5,2.1
13.5,1.5,2.15
13.5,1.5,2.2
13.5,1.5,2.25
13.5,1.5,2.3
13.5,1.5,2.35
13.5,1.5,2.4
13.5,1.5,2.45
13.5,1.5,2.5
13.5,1.5,2.55
13.5,1.5,2.6
13.5,1.5,2.65
13.5,1.5,2.7
13.5,1.5,2.75
13.5,1.5,2.8
13.5,1.5,2.85
13.5,1.5,2.9
13.5,1.5,2.95
13.5,1.5,3
13.5,1.5,3.05
13.5,1.5,3.1
13.5,1.5,3.15
13.5,1.5,3.2
13.5,1.5,3.25
13.5,1.5,3.3
13.5,1.5,3.35
13.5,1.5,3.4
13.5,1.5,3.45
13.5,1.5,3.5
13.5,1.5,3.55
13.5,1.5,3.6
13.5,1.5,3.65
13.5,1.5,3.7
13.5,1.5,3.75
13.5,1.5,3.8
13.5,1.5,3.85
13.5,1.5,3.9
13.5,1.5,3.95
13.5,1.5,4
13.5,1.5,4.05
13.5,1.5,4.1
13.5,1.5,4.15
13.5,1.5,4.2
13.5,1.5,4.25
13.5,1.5,4.3
13.5,1.5,4.35
13.5,1.5,4.4
13.5,1.5,4.45
13.5,1.5,4.5
13.5,1.5,4.55
13.5,1.5,4.6
13.5,1.5,4.65
13.5,1.5,4.7
13.5,1.5,4.75
13.5,1.5,4.8
13.5,1.5,4.85
13.5,1.5,4.9
13.5,1.5,4.95
13.5,1.5,5
13.5,2,0
13.5,2,0.05
13.5,2,0.1
13.5,2,0.15
13.5,2,0.2
13.5,2,0.25
13.5,2,0.3
13.5,2,0.35
13.5,2,0.4
13.5,2,0.45
13.5,2,0.5
13.5,2,0.55
13.5,2,0.6
13.5,2,0.65
13.5,2,0.7
13.5,2,0.75
13.5,2,0.8
13.5,2,0.85
13.5,2,0.9
13.5,2,0.95
13.5,2,1
13.5,2,1.05
13.5,2,1.1
13.5,2,1.15
13.5,2,1.2
13.5,2,1.25
13.5,2,1.3
13.5,2,1.35
13.5,2,1.4
13.5,2,1.45
13.5,2,1.5
13.5,2,1.55
13.5,2,1.6
13.5,2,1.65
13.5,2,1.7
13.5,2,1.75
13.5,2,1.8
13.5,2,1.85
13.5,2,1.9
13.5,2,1.95
13.5,2,2
13.5,2,2.05
13.5,2,2.1
13.5,2,2.15
13.5,2,2.2
13.5,2,2.25
13.5,2,2.3
13.5,2,2.35
13.5,2,2.4
13.5,2,2.45
13.5,2,2.5
13.5,2,2.55
13.5,2,2.6
13.5,2,2.65
13.5,2,2.7
13.5,2,2.75
13.5,2,2.8
13.5,2,2.85
13.5,2,2.9
13.5,2,2.95
13.5,2,3
13.5,2,3.05
13.5,2,3.1
13.5,2,3.15
13.5,2,3.2
13.5,2,3.25
13.5,2,3.3
13.5,2,3.35
13.5,2,3.4
13.5,2,3.45
13.5,2,3.5
13.5,2,3.55
13.5,2,3.6
13.5,2,3.65
13.5,2,3.7
13.5,2,3.75
13.5,2,3.8
13.5,2,3.85
13.5,2,3.9
13.5,2,3.95
13.5,2,4
13.5,2,4.05
13.5,2,4.1
13.5,2,4.15
13.5,2,4.2
13.5,2,4.25
13.5,2,4.3
13.5,2,4.35
13.5,2,4.4
13.5,2,4.45
13.5,2,4.5
13.5,2,4.55
13.5,2,4.6
13.5,2,4.65
13.5,2,4.7
13.5,2,4.75
13.5,2,4.8
13.5,2,4.85
13.5,2,4.9
13.5,2,4.95
13.5,2,5
13.5,2.5,0
13.5,2.5,0.05
13.5,2.5,0.1
13.5,2.5,0.15
13.5,2.5,0.2
13.5,2.5,0.25
13.5,2.5,0.3
13.5,2.5,0.35
13.5,2.5,0.4
13.5,2.5,0.45
13.5,2.5,0.5
13.5,2.5,0.55
13.5,2.5,0.6
13.5,2.5,0.65
13.5,2.5,0.7
13.5,2.5,0.75
13.5,2.5,0.8
13.5,2.5,0.85
13.5,2.5,0.9
13.5,2.5,0.95
13.5,2.5,1
13.5,2.5,1.05
13.5,2.5,1.1
13.5,2.5,1.15
13.5,2.5,1.2
13.5,2.5,1.25
13.5,2.5,1.3
13.5,2.5,1.35
13.5,2.5,1.4
13.5,2.5,1.45
13.5,2.5,1.5
13.5,2.5,1.55
13.5,2.5,1.6
13.5,2.5,1.65
13.5,2.5,1.7
13.5,2.5,1.75
13.5,2.5,1.8
13.5,2.5,1.85
13.5,2.5,1.9
13.5,2.5,1.95
13.5,2.5,2
13.5,2.5,2.05
13.5,2.5,2.1
13.5,2.5,2.15
13.5,2.5,2.2
13.5,2.5,2.25
13.5,2.5,2.3
13.5,2.5,2.35
13.5,2.5,2.4
13.5,2.5,2.45
13.5,2.5,2.5
13.5,2.5,2.55
13.5,2.5,2.6
13.5,2.5,2.65
13.5,2.5,2.7
13.5,2.5,2.75
13.5,2.5,2.8
13.5,2.5,2.85
13.5,2.5,2.9
13.5,2.5,2.95
13.5,2.5,3
13.5,2.5,3.05
13.5,2.5,3.1
13.5,2.5,3.15
13.5,2.5,3.2
13.5,2.5,3.25
13.5,2.5,3.3
13.5,2.5,3.35
13.5,2.5,3.4
13.5,2.5,3.45
13.5,2.5,3.5
13.5,2.5,3.55
13.5,2.5,3.6
13.5,2.5,3.65
13.5,2.5,3.7
13.5,2.5,3.75
13.5,2.5,3.8
13.5,2.5,3.85
13.5,2.5,3.9
13.5,2.5,3.95
13.5,2.5,4
13.5,2.5,4.05
13.5,2.5,4.1
13.5,2.5,4.15
13.5,2.5,4.2
13.5,2.5,4.25
13.5,2.5,4.3
13.5,2.5,4.35
13.5,2.5,4.4
13.5,2.5,4.45
13.5,2.5,4.5
13.5,2.5,4.55
13.5,2.5,4.6
13.5,2.5,4.65
13.5,2.5,4.7
13.5,2.5,4.75
13.5,2.5,4.8
13.5,2.5,4.85
13.5,2.5,4.9
13.5,2.5,4.95
13.5,2.5,5
13.5,3,0
13.5,3,0.05
13.5,3,0.1
13.5,3,0.15
13.5,3,0.2
13.5,3,0.25
13.5,3,0.3
13.5,3,0.35
13.5,3,0.4
13.5,3,0.45
13.5,3,0.5
13.5,3,0.55
13.5,3,0.6
13.5,3,0.65
13.5,3,0.7
13.5,3,0.75
13.5,3,0.8
13.5,3,0.85
13.5,3,0.9
13.5,3,0.95
13.5,3,1
13.5,3,1.05
13.5,3,1.1
13.5,3,1.15
13.5,3,1.2
13.5,3,1.25
13.5,3,1.3
13.5,3,1.35
13.5,3,1.4
13.5,3,1.45
13.5,3,1.5
13.5,3,1.55
13.5,3,1.6
13.5,3,1.65
13.5,3,1.7
13.5,3,1.75
13.5,3,1.8
13.5,3,1.85
13.5,3,1.9
13.5,3,1.95
13.5,3,2
13.5,3,2.05
13.5,3,2.1
13.5,3,2.15
13.5,3,2.2
13.5,3,2.25
13.5,3,2.3
13.5,3,2.35
13.5,3,2.4
13.5,3,2.45
13.5,3,2.5
13.5,3,2.55
13.5,3,2.6
13.5,3,2.65
13.5,3,2.7
13.5,3,2.75
13.5,3,2.8
13.5,3,2.85
13.5,3,2.9
13.5,3,2.95
13.5,3,3
13.5,3,3.05
13.5,3,3.1
13.5,3,3.15
13.5,3,3.2
13.5,3,3.25
13.5,3,3.3
13.5,3,3.35
13.5,3,3.4
13.5,3,3.45
13.5,3,3.5
13.5,3,3.55
13.5,3,3.6
13.5,3,3.65
13.5,3,3.7
13.5,3,3.75
13.5,3,3.8
13.5,3,3.85
13.5,3,3.9
13.5,3,3.95
13.5,3,4
13.5,3,4.05
13.5,3,4.1
13.5,3,4.15
13.5,3,4.2
13.5,3,4.25
13.5,3,4.3
13.5,3,4.35
13.5,3,4.4
13.5,3,4.45
13.5,3,4.5
13.5,3,4.55
13.5,3,4.6
13.5,3,4.65
13.5,3,4.7
13.5,3,4.75
13.5,3,4.8
13.5,3,4.85
13.5,3,4.9
13.5,3,4.95
13.5,3,5
13.5,3.5,0
13.5,3.5,0.05
13.5,3.5,0.1
13.5,3.5,0.15
13.5,3.5,0.2
13.5,3.5,0.25
13.5,3.5,0.3
13.5,3.5,0.35
13.5,3.5,0.4
13.5,3.5,0.45
13.5,3.5,0.5
13.5,3.5,0.55
13.5,3.5,0.6
13.5,3.5,0.65
13.5,3.5,0.7
13.5,3.5,0.75
13.5,3.5,0.8
13.5,3.5,0.85
13.5,3.5,0.9
13.5,3.5,0.95
13.5,3.5,1
13.5,3.5,1.05
13.5,3.5,1.1
13.5,3.5,1.15
13.5,3.5,1.2
13.5,3.5,1.25
13.5,3.5,1.3
13.5,3.5,1.35
13.5,3.5,1.4
13.5,3.5,1.45
13.5,3.5,1.5
13.5,3.5,1.55
13.5,3.5,1.6
13.5,3.5,1.65
13.5,3.5,1.7
13.5,3.5,1.75
13.5,3.5,1.8
13.5,3.5,1.85
13.5,3.5,1.9
13.5,3.5,1.95
13.5,3.5,2
13.5,3.5,2.05
13.5,3.5,2.1
13.5,3.5,2.15
13.5,3.5,2.2
13.5,3.5,2.25
13.5,3.5,2.3
13.5,3.5,2.35
13.5,3.5,2.4
13.5,3.5,2.45
13.5,3.5,2.5
13.5,3.5,2.55
13.5,3.5,2.6
13.5,3.5,2.65
13.5,3.5,2.7
13.5,3.5,2.75
13.5,3.5,2.8
13.5,3.5,2.85
13.5,3.5,2.9
13.5,3.5,2.95
13.5,3.5,3
13.5,3.5,3.05
13.5,3.5,3.1
13.5,3.5,3.15
13.5,3.5,3.2
13.5,3.5,3.25
13.5,3.5,3.3
13.5,3.5,3.35
13.5,3.5,3.4
13.5,3.5,3.45
13.5,3.5,3.5
13.5,3.5,3.55
13.5,3.5,3.6
13.5,3.5,3.65
13.5,3.5,3.7
13.5,3.5,3.75
13.5,3.5,3.8
13.5,3.5,3.85
13.5,3.5,3.9
13.5,3.5,3.95
13.5,3.5,4
13.5,3.5,4.05
13.5,3.5,4.1
13.5,3.5,4.15
13.5,3.5,4.2
13.5,3.5,4.25
13.5,3.5,4.3
13.5,3.5,4.35
13.5,3.5,4.4
13.5,3.5,4.45
13.5,3.5,4.5
13.5,3.5,4.55
13.5,3.5,4.6
13.5,3.5,4.65
13.5,3.5,4.7
13.5,3.5,4.75
13.5,3.5,4.8
13.5,3.5,4.85
13.5,3.5,4.9
13.5,3.5,4.95
13.5,3.5,5
13.5,4,0
13.5,4,0.05
13.5,4,0.1
13.5,4,0.15
13.5,4,0.2
13.5,4,0.25
13.5,4,0.3
13.5,4,0.35
13.5,4,0.4
13.5,4,0.45
13.5,4,0.5
13.5,4,0.55
13.5,4,0.6
13.5,4,0.65
13.5,4,0.7
13.5,4,0.75
13.5,4,0.8
13.5,4,0.85
13.5,4,0.9
13.5,4,0.95
13.5,4,1
13.5,4,1.05
13.5,4,1.1
13.5,4,1.15
13.5,4,1.2
13.5,4,1.25
13.5,4,1.3
13.5,4,1.35
13.5,4,1.4
13.5,4,1.45
13.5,4,1.5
13.5,4,1.55
13.5,4,1.6
13.5,4,1.65
13.5,4,1.7
13.5,4,1.75
13.5,4,1.8
13.5,4,1.85
13.5,4,1.9
13.5,4,1.95
13.5,4,2
13.5,4,2.05
13.5,4,2.1
13.5,4,2.15
13.5,4,2.2
13.5,4,2.25
13.5,4,2.3
13.5,4,2.35
13.5,4,2.4
13.5,4,2.45
13.5,4,2.5
13.5,4,2.55
13.5,4,2.6
13.5,4,2.65
13.5,4,2.7
13.5,4,2.75
13.5,4,2.8
13.5,4,2.85
13.5,4,2.9
13.5,4,2.95
13.5,4,3
13.5,4,3.05
13.5,4,3.1
13.5,4,3.15
13.5,4,3.2
13.5,4,3.25
13.5,4,3.3
13.5,4,3.35
13.5,4,3.4
13.5,4,3.45
13.5,4,3.5
13.5,4,3.55
13.5,4,3.6
13.5,4,3.65
13.5,4,3.7
13.5,4,3.75
13.5,4,3.8
13.5,4,3.85
13.5,4,3.9
13.5,4,3.95
13.5,4,4
13.5,4,4.05
13.5,4,4.1
13.5,4,4.15
13.5,4,4.2
13.5,4,4.25
13.5,4,4.3
13.5,4,4.35
13.5,4,4.4
13.5,4,4.45
13.5,4,4.5
13.5,4,4.55
13.5,4,4.6
13.5,4,4.65
13.5,4,4.7
13.5,4,4.75
13.5,4,4.8
13.5,4,4.85
13.5,4,4.9
13.5,4,4.95
13.5,4,5
13.5,4.5,0
13.5,4.5,0.05
13.5,4.5,0.1
13.5,4.5,0.15
13.5,4.5,0.2
13.5,4.5,0.25
13.5,4.5,0.3
13.5,4.5,0.35
13.5,4.5,0.4
13.5,4.5,0.45
13.5,4.5,0.5
13.5,4.5,0.55
13.5,4.5,0.6
13.5,4.5,0.65
13.5,4.5,0.7
13.5,4.5,0.75
13.5,4.5,0.8
13.5,4.5,0.85
13.5,4.5,0.9
13.5,4.5,0.95
13.5,4.5,1
13.5,4.5,1.05
13.5,4.5,1.1
13.5,4.5,1.15
13.5,4.5,1.2
13.5,4.5,1.25
13.5,4.5,1.3
13.5,4.5,1.35
13.5,4.5,1.4
13.5,4.5,1.45
13.5,4.5,1.5
13.5,4.5,1.55
13.5,4.5,1.6
13.5,4.5,1.65
13.5,4.5,1.7
13.5,4.5,1.75
13.5,4.5,1.8
13.5,4.5,1.85
13.5,4.5,1.9
13.5,4.5,1.95
13.5,4.5,2
13.5,4.5,2.05
13.5,4.5,2.1
13.5,4.5,2.15
13.5,4.5,2.2
13.5,4.5,2.25
13.5,4.5,2.3
13.5,4.5,2.35
13.5,4.5,2.4
13.5,4.5,2.45
13.5,4.5,2.5
13.5,4.5,2.55
13.5,4.5,2.6
13.5,4.5,2.65
13.5,4.5,2.7
13.5,4.5,2.75
13.5,4.5,2.8
13.5,4.5,2.85
13.5,4.5,2.9
13.5,4.5,2.95
13.5,4.5,3
13.5,4.5,3.05
13.5,4.5,3.1
13.5,4.5,3.15
13.5,4.5,3.2
13.5,4.5,3.25
13.5,4.5,3.3
13.5,4.5,3.35
13.5,4.5,3.4
13.5,4.5,3.45
13.5,4.5,3.5
13.5,4.5,3.55
13.5,4.5,3.6
13.5,4.5,3.65
13.5,4.5,3.7
13.5,4.5,3.75
13.5,4.5,3.8
13.5,4.5,3.85
13.5,4.5,3.9
13.5,4.5,3.95
13.5,4.5,4
13.5,4.5,4.05
13.5,4.5,4.1
13.5,4.5,4.15
13.5,4.5,4.2
13.5,4.5,4.25
13.5,4.5,4.3
13.5,4.5,4.35
13.5,4.5,4.4
13.5,4.5,4.45
13.5,4.5,4.5
13.5,4.5,4.55
13.5,4.5,4.6
13.5,4.5,4.65
13.5,4.5,4.7
13.5,4.5,4.75
13.5,4.5,4.8
13.5,4.5,4.85
13.5,4.5,4.9
13.5,4.5,4.95
13.5,4.5,5
13.5,5,0
13.5,5,0.05
13.5,5,0.1
13.5,5,0.15
13.5,5,0.2
13.5,5,0.25
13.5,5,0.3
13.5,5,0.35
13.5,5,0.4
13.5,5,0.45
13.5,5,0.5
13.5,5,0.55
13.5,5,0.6
13.5,5,0.65
13.5,5,0.7
13.5,5,0.75
13.5,5,0.8
13.5,5,0.85
13.5,5,0.9
13.5,5,0.95
13.5,5,1
13.5,5,1.05
13.5,5,1.1
13.5,5,1.15
13.5,5,1.2
13.5,5,1.25
13.5,5,1.3
13.5,5,1.35
13.5,5,1.4
13.5,5,1.45
13.5,5,1.5
13.5,5,1.55
13.5,5,1.6
13.5,5,1.65
13.5,5,1.7
13.5,5,1.75
13.5,5,1.8
13.5,5,1.85
13.5,5,1.9
13.5,5,1.95
13.5,5,2
13.5,5,2.05
13.5,5,2.1
13.5,5,2.15
13.5,5,2.2
13.5,5,2.25
13.5,5,2.3
13.5,5,2.35
13.5,5,2.4
13.5,5,2.45
13.5,5,2.5
13.5,5,2.55
13.5,5,2.6
13.5,5,2.65
13.5,5,2.7
13.5,5,2.75
13.5,5,2.8
13.5,5,2.85
13.5,5,2.9
13.5,5,2.95
13.5,5,3
13.5,5,3.05
13.5,5,3.1
13.5,5,3.15
13.5,5,3.2
13.5,5,3.25
13.5,5,3.3
13.5,5,3.35
13.5,5,3.4
13.5,5,3.45
13.5,5,3.5
13.5,5,3.55
13.5,5,3.6
13.5,5,3.65
13.5,5,3.7
13.5,5,3.75
13.5,5,3.8
13.5,5,3.85
13.5,5,3.9
13.5,5,3.95
13.5,5,4
13.5,5,4.05
13.5,5,4.1
13.5,5,4.15
13.5,5,4.2
13.5,5,4.25
13.5,5,4.3
13.5,5,4.35
13.5,5,4.4
13.5,5,4.45
13.5,5,4.5
13.5,5,4.55
13.5,5,4.6
13.5,5,4.65
13.5,5,4.7
13.5,5,4.75
13.5,5,4.8
13.5,5,4.85
13.5,5,4.9
13.5,5,4.95
13.5,5,5
13.5,5.5,0
13.5,5.5,0.05
13.5,5.5,0.1
13.5,5.5,0.15
13.5,5.5,0.2
13.5,5.5,0.25
13.5,5.5,0.3
13.5,5.5,0.35
13.5,5.5,0.4
13.5,5.5,0.45
13.5,5.5,0.5
13.5,5.5,0.55
13.5,5.5,0.6
13.5,5.5,0.65
13.5,5.5,0.7
13.5,5.5,0.75
13.5,5.5,0.8
13.5,5.5,0.85
13.5,5.5,0.9
13.5,5.5,0.95
13.5,5.5,1
13.5,5.5,1.05
13.5,5.5,1.1
13.5,5.5,1.15
13.5,5.5,1.2
13.5,5.5,1.25
13.5,5.5,1.3
13.5,5.5,1.35
13.5,5.5,1.4
13.5,5.5,1.45
13.5,5.5,1.5
13.5,5.5,1.55
13.5,5.5,1.6
13.5,5.5,1.65
13.5,5.5,1.7
13.5,5.5,1.75
13.5,5.5,1.8
13.5,5.5,1.85
13.5,5.5,1.9
13.5,5.5,1.95
13.5,5.5,2
13.5,5.5,2.05
13.5,5.5,2.1
13.5,5.5,2.15
13.5,5.5,2.2
13.5,5.5,2.25
13.5,5.5,2.3
13.5,5.5,2.35
13.5,5.5,2.4
13.5,5.5,2.45
13.5,5.5,2.5
13.5,5.5,2.55
13.5,5.5,2.6
13.5,5.5,2.65
13.5,5.5,2.7
13.5,5.5,2.75
13.5,5.5,2.8
13.5,5.5,2.85
13.5,5.5,2.9
13.5,5.5,2.95
13.5,5.5,3
13.5,5.5,3.05
13.5,5.5,3.1
13.5,5.5,3.15
13.5,5.5,3.2
13.5,5.5,3.25
13.5,5.5,3.3
13.5,5.5,3.35
13.5,5.5,3.4
13.5,5.5,3.45
13.5,5.5,3.5
13.5,5.5,3.55
13.5,5.5,3.6
13.5,5.5,3.65
13.5,5.5,3.7
13.5,5.5,3.75
13.5,5.5,3.8
13.5,5.5,3.85
13.5,5.5,3.9
13.5,5.5,3.95
13.5,5.5,4
13.5,5.5,4.05
13.5,5.5,4.1
13.5,5.5,4.15
13.5,5.5,4.2
13.5,5.5,4.25
13.5,5.5,4.3
13.5,5.5,4.35
13.5,5.5,4.4
13.5,5.5,4.45
13.5,5.5,4.5
13.5,5.5,4.55
13.5,5.5,4.6
13.5,5.5,4.65
13.5,5.5,4.7
13.5,5.5,4.75
13.5,5.5,4.8
13.5,5.5,4.85
13.5,5.5,4.9
13.5,5.5,4.95
13.5,5.5,5
13.5,6,0
13.5,6,0.05
13.5,6,0.1
13.5,6,0.15
13.5,6,0.2
13.5,6,0.25
13.5,6,0.3
13.5,6,0.35
13.5,6,0.4
13.5,6,0.45
13.5,6,0.5
13.5,6,0.55
13.5,6,0.6
13.5,6,0.65
13.5,6,0.7
13.5,6,0.75
13.5,6,0.8
13.5,6,0.85
13.5,6,0.9
13.5,6,0.95
13.5,6,1
13.5,6,1.05
13.5,6,1.1
13.5,6,1.15
13.5,6,1.2
13.5,6,1.25
13.5,6,1.3
13.5,6,1.35
13.5,6,1.4
13.5,6,1.45
13.5,6,1.5
13.5,6,1.55
13.5,6,1.6
13.5,6,1.65
13.5,6,1.7
13.5,6,1.75
13.5,6,1.8
13.5,6,1.85
13.5,6,1.9
13.5,6,1.95
13.5,6,2
13.5,6,2.05
13.5,6,2.1
13.5,6,2.15
13.5,6,2.2
13.5,6,2.25
13.5,6,2.3
13.5,6,2.35
13.5,6,2.4
13.5,6,2.45
13.5,6,2.5
13.5,6,2.55
13.5,6,2.6
13.5,6,2.65
13.5,6,2.7
13.5,6,2.75
13.5,6,2.8
13.5,6,2.85
13.5,6,2.9
13.5,6,2.95
13.5,6,3
13.5,6,3.05
13.5,6,3.1
13.5,6,3.15
13.5,6,3.2
13.5,6,3.25
13.5,6,3.3
13.5,6,3.35
13.5,6,3.4
13.5,6,3.45
13.5,6,3.5
13.5,6,3.55
13.5,6,3.6
13.5,6,3.65
13.5,6,3.7
13.5,6,3.75
13.5,6,3.8
13.5,6,3.85
13.5,6,3.9
13.5,6,3.95
13.5,6,4
13.5,6,4.05
13.5,6,4.1
13.5,6,4.15
13.5,6,4.2
13.5,6,4.25
13.5,6,4.3
13.5,6,4.35
13.5,6,4.4
13.5,6,4.45
13.5,6,4.5
13.5,6,4.55
13.5,6,4.6
13.5,6,4.65
13.5,6,4.7
13.5,6,4.75
13.5,6,4.8
13.5,6,4.85
13.5,6,4.9
13.5,6,4.95
13.5,6,5
13.5,6.5,0
13.5,6.5,0.05
13.5,6.5,0.1
13.5,6.5,0.15
13.5,6.5,0.2
13.5,6.5,0.25
13.5,6.5,0.3
13.5,6.5,0.35
13.5,6.5,0.4
13.5,6.5,0.45
13.5,6.5,0.5
13.5,6.5,0.55
13.5,6.5,0.6
13.5,6.5,0.65
13.5,6.5,0.7
13.5,6.5,0.75
13.5,6.5,0.8
13.5,6.5,0.85
13.5,6.5,0.9
13.5,6.5,0.95
13.5,6.5,1
13.5,6.5,1.05
13.5,6.5,1.1
13.5,6.5,1.15
13.5,6.5,1.2
13.5,6.5,1.25
13.5,6.5,1.3
13.5,6.5,1.35
13.5,6.5,1.4
13.5,6.5,1.45
13.5,6.5,1.5
13.5,6.5,1.55
13.5,6.5,1.6
13.5,6.5,1.65
13.5,6.5,1.7
13.5,6.5,1.75
13.5,6.5,1.8
13.5,6.5,1.85
13.5,6.5,1.9
13.5,6.5,1.95
13.5,6.5,2
13.5,6.5,2.05
13.5,6.5,2.1
13.5,6.5,2.15
13.5,6.5,2.2
13.5,6.5,2.25
13.5,6.5,2.3
13.5,6.5,2.35
13.5,6.5,2.4
13.5,6.5,2.45
13.5,6.5,2.5
13.5,6.5,2.55
13.5,6.5,2.6
13.5,6.5,2.65
13.5,6.5,2.7
13.5,6.5,2.75
13.5,6.5,2.8
13.5,6.5,2.85
13.5,6.5,2.9
13.5,6.5,2.95
13.5,6.5,3
13.5,6.5,3.05
13.5,6.5,3.1
13.5,6.5,3.15
13.5,6.5,3.2
13.5,6.5,3.25
13.5,6.5,3.3
13.5,6.5,3.35
13.5,6.5,3.4
13.5,6.5,3.45
13.5,6.5,3.5
13.5,6.5,3.55
13.5,6.5,3.6
13.5,6.5,3.65
13.5,6.5,3.7
13.5,6.5,3.75
13.5,6.5,3.8
13.5,6.5,3.85
13.5,6.5,3.9
13.5,6.5,3.95
13.5,6.5,4
13.5,6.5,4.05
13.5,6.5,4.1
13.5,6.5,4.15
13.5,6.5,4.2
13.5,6.5,4.25
13.5,6.5,4.3
13.5,6.5,4.35
13.5,6.5,4.4
13.5,6.5,4.45
13.5,6.5,4.5
13.5,6.5,4.55
13.5,6.5,4.6
13.5,6.5,4.65
13.5,6.5,4.7
13.5,6.5,4.75
13.5,6.5,4.8
13.5,6.5,4.85
13.5,6.5,4.9
13.5,6.5,4.95
13.5,6.5,5
13.5,7,0
13.5,7,0.05
13.5,7,0.1
13.5,7,0.15
13.5,7,0.2
13.5,7,0.25
13.5,7,0.3
13.5,7,0.35
13.5,7,0.4
13.5,7,0.45
13.5,7,0.5
13.5,7,0.55
13.5,7,0.6
13.5,7,0.65
13.5,7,0.7
13.5,7,0.75
13.5,7,0.8
13.5,7,0.85
13.5,7,0.9
13.5,7,0.95
13.5,7,1
13.5,7,1.05
13.5,7,1.1
13.5,7,1.15
13.5,7,1.2
13.5,7,1.25
13.5,7,1.3
13.5,7,1.35
13.5,7,1.4
13.5,7,1.45
13.5,7,1.5
13.5,7,1.55
13.5,7,1.6
13.5,7,1.65
13.5,7,1.7
13.5,7,1.75
13.5,7,1.8
13.5,7,1.85
13.5,7,1.9
13.5,7,1.95
13.5,7,2
13.5,7,2.05
13.5,7,2.1
13.5,7,2.15
13.5,7,2.2
13.5,7,2.25
13.5,7,2.3
13.5,7,2.35
13.5,7,2.4
13.5,7,2.45
13.5,7,2.5
13.5,7,2.55
13.5,7,2.6
13.5,7,2.65
13.5,7,2.7
13.5,7,2.75
13.5,7,2.8
13.5,7,2.85
13.5,7,2.9
13.5,7,2.95
13.5,7,3
13.5,7,3.05
13.5,7,3.1
13.5,7,3.15
13.5,7,3.2
13.5,7,3.25
13.5,7,3.3
13.5,7,3.35
13.5,7,3.4
13.5,7,3.45
13.5,7,3.5
13.5,7,3.55
13.5,7,3.6
13.5,7,3.65
13.5,7,3.7
13.5,7,3.75
13.5,7,3.8
13.5,7,3.85
13.5,7,3.9
13.5,7,3.95
13.5,7,4
13.5,7,4.05
13.5,7,4.1
13.5,7,4.15
13.5,7,4.2
13.5,7,4.25
13.5,7,4.3
13.5,7,4.35
13.5,7,4.4
13.5,7,4.45
13.5,7,4.5
13.5,7,4.55
13.5,7,4.6
13.5,7,4.65
13.5,7,4.7
13.5,7,4.75
13.5,7,4.8
13.5,7,4.85
13.5,7,4.9
13.5,7,4.95
13.5,7,5
13.5,7.5,0
13.5,7.5,0.05
13.5,7.5,0.1
13.5,7.5,0.15
13.5,7.5,0.2
13.5,7.5,0.25
13.5,7.5,0.3
13.5,7.5,0.35
13.5,7.5,0.4
13.5,7.5,0.45
13.5,7.5,0.5
13.5,7.5,0.55
13.5,7.5,0.6
13.5,7.5,0.65
13.5,7.5,0.7
13.5,7.5,0.75
13.5,7.5,0.8
13.5,7.5,0.85
13.5,7.5,0.9
13.5,7.5,0.95
13.5,7.5,1
13.5,7.5,1.05
13.5,7.5,1.1
13.5,7.5,1.15
13.5,7.5,1.2
13.5,7.5,1.25
13.5,7.5,1.3
13.5,7.5,1.35
13.5,7.5,1.4
13.5,7.5,1.45
13.5,7.5,1.5
13.5,7.5,1.55
13.5,7.5,1.6
13.5,7.5,1.65
13.5,7.5,1.7
13.5,7.5,1.75
13.5,7.5,1.8
13.5,7.5,1.85
13.5,7.5,1.9
13.5,7.5,1.95
13.5,7.5,2
13.5,7.5,2.05
13.5,7.5,2.1
13.5,7.5,2.15
13.5,7.5,2.2
13.5,7.5,2.25
13.5,7.5,2.3
13.5,7.5,2.35
13.5,7.5,2.4
13.5,7.5,2.45
13.5,7.5,2.5
13.5,7.5,2.55
13.5,7.5,2.6
13.5,7.5,2.65
13.5,7.5,2.7
13.5,7.5,2.75
13.5,7.5,2.8
13.5,7.5,2.85
13.5,7.5,2.9
13.5,7.5,2.95
13.5,7.5,3
13.5,7.5,3.05
13.5,7.5,3.1
13.5,7.5,3.15
13.5,7.5,3.2
13.5,7.5,3.25
13.5,7.5,3.3
13.5,7.5,3.35
13.5,7.5,3.4
13.5,7.5,3.45
13.5,7.5,3.5
13.5,7.5,3.55
13.5,7.5,3.6
13.5,7.5,3.65
13.5,7.5,3.7
13.5,7.5,3.75
13.5,7.5,3.8
13.5,7.5,3.85
13.5,7.5,3.9
13.5,7.5,3.95
13.5,7.5,4
13.5,7.5,4.05
13.5,7.5,4.1
13.5,7.5,4.15
13.5,7.5,4.2
13.5,7.5,4.25
13.5,7.5,4.3
13.5,7.5,4.35
13.5,7.5,4.4
13.5,7.5,4.45
13.5,7.5,4.5
13.5,7.5,4.55
13.5,7.5,4.6
13.5,7.5,4.65
13.5,7.5,4.7
13.5,7.5,4.75
13.5,7.5,4.8
13.5,7.5,4.85
13.5,7.5,4.9
13.5,7.5,4.95
13.5,7.5,5
13.5,8,0
13.5,8,0.05
13.5,8,0.1
13.5,8,0.15
13.5,8,0.2
13.5,8,0.25
13.5,8,0.3
13.5,8,0.35
13.5,8,0.4
13.5,8,0.45
13.5,8,0.5
13.5,8,0.55
13.5,8,0.6
13.5,8,0.65
13.5,8,0.7
13.5,8,0.75
13.5,8,0.8
13.5,8,0.85
13.5,8,0.9
13.5,8,0.95
13.5,8,1
13.5,8,1.05
13.5,8,1.1
13.5,8,1.15
13.5,8,1.2
13.5,8,1.25
13.5,8,1.3
13.5,8,1.35
13.5,8,1.4
13.5,8,1.45
13.5,8,1.5
13.5,8,1.55
13.5,8,1.6
13.5,8,1.65
13.5,8,1.7
13.5,8,1.75
13.5,8,1.8
13.5,8,1.85
13.5,8,1.9
13.5,8,1.95
13.5,8,2
13.5,8,2.05
13.5,8,2.1
13.5,8,2.15
13.5,8,2.2
13.5,8,2.25
13.5,8,2.3
13.5,8,2.35
13.5,8,2.4
13.5,8,2.45
13.5,8,2.5
13.5,8,2.55
13.5,8,2.6
13.5,8,2.65
13.5,8,2.7
13.5,8,2.75
13.5,8,2.8
13.5,8,2.85
13.5,8,2.9
13.5,8,2.95
13.5,8,3
13.5,8,3.05
13.5,8,3.1
13.5,8,3.15
13.5,8,3.2
13.5,8,3.25
13.5,8,3.3
13.5,8,3.35
13.5,8,3.4
13.5,8,3.45
13.5,8,3.5
13.5,8,3.55
13.5,8,3.6
13.5,8,3.65
13.5,8,3.7
13.5,8,3.75
13.5,8,3.8
13.5,8,3.85
13.5,8,3.9
13.5,8,3.95
13.5,8,4
13.5,8,4.05
13.5,8,4.1
13.5,8,4.15
13.5,8,4.2
13.5,8,4.25
13.5,8,4.3
13.5,8,4.35
13.5,8,4.4
13.5,8,4.45
13.5,8,4.5
13.5,8,4.55
13.5,8,4.6
13.5,8,4.65
13.5,8,4.7
13.5,8,4.75
13.5,8,4.8
13.5,8,4.85
13.5,8,4.9
13.5,8,4.95
13.5,8,5
13.5,8.5,0
13.5,8.5,0.05
13.5,8.5,0.1
13.5,8.5,0.15
13.5,8.5,0.2
13.5,8.5,0.25
13.5,8.5,0.3
13.5,8.5,0.35
13.5,8.5,0.4
13.5,8.5,0.45
13.5,8.5,0.5
13.5,8.5,0.55
13.5,8.5,0.6
13.5,8.5,0.65
13.5,8.5,0.7
13.5,8.5,0.75
13.5,8.5,0.8
13.5,8.5,0.85
13.5,8.5,0.9
13.5,8.5,0.95
13.5,8.5,1
13.5,8.5,1.05
13.5,8.5,1.1
13.5,8.5,1.15
13.5,8.5,1.2
13.5,8.5,1.25
13.5,8.5,1.3
13.5,8.5,1.35
13.5,8.5,1.4
13.5,8.5,1.45
13.5,8.5,1.5
13.5,8.5,1.55
13.5,8.5,1.6
13.5,8.5,1.65
13.5,8.5,1.7
13.5,8.5,1.75
13.5,8.5,1.8
13.5,8.5,1.85
13.5,8.5,1.9
13.5,8.5,1.95
13.5,8.5,2
13.5,8.5,2.05
13.5,8.5,2.1
13.5,8.5,2.15
13.5,8.5,2.2
13.5,8.5,2.25
13.5,8.5,2.3
13.5,8.5,2.35
13.5,8.5,2.4
13.5,8.5,2.45
13.5,8.5,2.5
13.5,8.5,2.55
13.5,8.5,2.6
13.5,8.5,2.65
13.5,8.5,2.7
13.5,8.5,2.75
13.5,8.5,2.8
13.5,8.5,2.85
13.5,8.5,2.9
13.5,8.5,2.95
13.5,8.5,3
13.5,8.5,3.05
13.5,8.5,3.1
13.5,8.5,3.15
13.5,8.5,3.2
13.5,8.5,3.25
13.5,8.5,3.3
13.5,8.5,3.35
13.5,8.5,3.4
13.5,8.5,3.45
13.5,8.5,3.5
13.5,8.5,3.55
13.5,8.5,3.6
13.5,8.5,3.65
13.5,8.5,3.7
13.5,8.5,3.75
13.5,8.5,3.8
13.5,8.5,3.85
13.5,8.5,3.9
13.5,8.5,3.95
13.5,8.5,4
13.5,8.5,4.05
13.5,8.5,4.1
13.5,8.5,4.15
13.5,8.5,4.2
13.5,8.5,4.25
13.5,8.5,4.3
13.5,8.5,4.35
13.5,8.5,4.4
13.5,8.5,4.45
13.5,8.5,4.5
13.5,8.5,4.55
13.5,8.5,4.6
13.5,8.5,4.65
13.5,8.5,4.7
13.5,8.5,4.75
13.5,8.5,4.8
13.5,8.5,4.85
13.5,8.5,4.9
13.5,8.5,4.95
13.5,8.5,5
13.5,9,0
13.5,9,0.05
13.5,9,0.1
13.5,9,0.15
13.5,9,0.2
13.5,9,0.25
13.5,9,0.3
13.5,9,0.35
13.5,9,0.4
13.5,9,0.45
13.5,9,0.5
13.5,9,0.55
13.5,9,0.6
13.5,9,0.65
13.5,9,0.7
13.5,9,0.75
13.5,9,0.8
13.5,9,0.85
13.5,9,0.9
13.5,9,0.95
13.5,9,1
13.5,9,1.05
13.5,9,1.1
13.5,9,1.15
13.5,9,1.2
13.5,9,1.25
13.5,9,1.3
13.5,9,1.35
13.5,9,1.4
13.5,9,1.45
13.5,9,1.5
13.5,9,1.55
13.5,9,1.6
13.5,9,1.65
13.5,9,1.7
13.5,9,1.75
13.5,9,1.8
13.5,9,1.85
13.5,9,1.9
13.5,9,1.95
13.5,9,2
13.5,9,2.05
13.5,9,2.1
13.5,9,2.15
13.5,9,2.2
13.5,9,2.25
13.5,9,2.3
13.5,9,2.35
13.5,9,2.4
13.5,9,2.45
13.5,9,2.5
13.5,9,2.55
13.5,9,2.6
13.5,9,2.65
13.5,9,2.7
13.5,9,2.75
13.5,9,2.8
13.5,9,2.85
13.5,9,2.9
13.5,9,2.95
13.5,9,3
13.5,9,3.05
13.5,9,3.1
13.5,9,3.15
13.5,9,3.2
13.5,9,3.25
13.5,9,3.3
13.5,9,3.35
13.5,9,3.4
13.5,9,3.45
13.5,9,3.5
13.5,9,3.55
13.5,9,3.6
13.5,9,3.65
13.5,9,3.7
13.5,9,3.75
13.5,9,3.8
13.5,9,3.85
13.5,9,3.9
13.5,9,3.95
13.5,9,4
13.5,9,4.05
13.5,9,4.1
13.5,9,4.15
13.5,9,4.2
13.5,9,4.25
13.5,9,4.3
13.5,9,4.35
13.5,9,4.4
13.5,9,4.45
13.5,9,4.5
13.5,9,4.55
13.5,9,4.6
13.5,9,4.65
13.5,9,4.7
13.5,9,4.75
13.5,9,4.8
13.5,9,4.85
13.5,9,4.9
13.5,9,4.95
13.5,9,5
13.5,9.5,0
13.5,9.5,0.05
13.5,9.5,0.1
13.5,9.5,0.15
13.5,9.5,0.2
13.5,9.5,0.25
13.5,9.5,0.3
13.5,9.5,0.35
13.5,9.5,0.4
13.5,9.5,0.45
13.5,9.5,0.5
13.5,9.5,0.55
13.5,9.5,0.6
13.5,9.5,0.65
13.5,9.5,0.7
13.5,9.5,0.75
13.5,9.5,0.8
13.5,9.5,0.85
13.5,9.5,0.9
13.5,9.5,0.95
13.5,9.5,1
13.5,9.5,1.05
13.5,9.5,1.1
13.5,9.5,1.15
13.5,9.5,1.2
13.5,9.5,1.25
13.5,9.5,1.3
13.5,9.5,1.35
13.5,9.5,1.4
13.5,9.5,1.45
13.5,9.5,1.5
13.5,9.5,1.55
13.5,9.5,1.6
13.5,9.5,1.65
13.5,9.5,1.7
13.5,9.5,1.75
13.5,9.5,1.8
13.5,9.5,1.85
13.5,9.5,1.9
13.5,9.5,1.95
13.5,9.5,2
13.5,9.5,2.05
13.5,9.5,2.1
13.5,9.5,2.15
13.5,9.5,2.2
13.5,9.5,2.25
13.5,9.5,2.3
13.5,9.5,2.35
13.5,9.5,2.4
13.5,9.5,2.45
13.5,9.5,2.5
13.5,9.5,2.55
13.5,9.5,2.6
13.5,9.5,2.65
13.5,9.5,2.7
13.5,9.5,2.75
13.5,9.5,2.8
13.5,9.5,2.85
13.5,9.5,2.9
13.5,9.5,2.95
13.5,9.5,3
13.5,9.5,3.05
13.5,9.5,3.1
13.5,9.5,3.15
13.5,9.5,3.2
13.5,9.5,3.25
13.5,9.5,3.3
13.5,9.5,3.35
13.5,9.5,3.4
13.5,9.5,3.45
13.5,9.5,3.5
13.5,9.5,3.55
13.5,9.5,3.6
13.5,9.5,3.65
13.5,9.5,3.7
13.5,9.5,3.75
13.5,9.5,3.8
13.5,9.5,3.85
13.5,9.5,3.9
13.5,9.5,3.95
13.5,9.5,4
13.5,9.5,4.05
13.5,9.5,4.1
13.5,9.5,4.15
13.5,9.5,4.2
13.5,9.5,4.25
13.5,9.5,4.3
13.5,9.5,4.35
13.5,9.5,4.4
13.5,9.5,4.45
13.5,9.5,4.5
13.5,9.5,4.55
13.5,9.5,4.6
13.5,9.5,4.65
13.5,9.5,4.7
13.5,9.5,4.75
13.5,9.5,4.8
13.5,9.5,4.85
13.5,9.5,4.9
13.5,9.5,4.95
13.5,9.5,5
13.5,10,0
13.5,10,0.05
13.5,10,0.1
13.5,10,0.15
13.5,10,0.2
13.5,10,0.25
13.5,10,0.3
13.5,10,0.35
13.5,10,0.4
13.5,10,0.45
13.5,10,0.5
13.5,10,0.55
13.5,10,0.6
13.5,10,0.65
13.5,10,0.7
13.5,10,0.75
13.5,10,0.8
13.5,10,0.85
13.5,10,0.9
13.5,10,0.95
13.5,10,1
13.5,10,1.05
13.5,10,1.1
13.5,10,1.15
13.5,10,1.2
13.5,10,1.25
13.5,10,1.3
13.5,10,1.35
13.5,10,1.4
13.5,10,1.45
13.5,10,1.5
13.5,10,1.55
13.5,10,1.6
13.5,10,1.65
13.5,10,1.7
13.5,10,1.75
13.5,10,1.8
13.5,10,1.85
13.5,10,1.9
13.5,10,1.95
13.5,10,2
13.5,10,2.05
13.5,10,2.1
13.5,10,2.15
13.5,10,2.2
13.5,10,2.25
13.5,10,2.3
13.5,10,2.35
13.5,10,2.4
13.5,10,2.45
13.5,10,2.5
13.5,10,2.55
13.5,10,2.6
13.5,10,2.65
13.5,10,2.7
13.5,10,2.75
13.5,10,2.8
13.5,10,2.85
13.5,10,2.9
13.5,10,2.95
13.5,10,3
13.5,10,3.05
13.5,10,3.1
13.5,10,3.15
13.5,10,3.2
13.5,10,3.25
13.5,10,3.3
13.5,10,3.35
13.5,10,3.4
13.5,10,3.45
13.5,10,3.5
13.5,10,3.55
13.5,10,3.6
13.5,10,3.65
13.5,10,3.7
13.5,10,3.75
13.5,10,3.8
13.5,10,3.85
13.5,10,3.9
13.5,10,3.95
13.5,10,4
13.5,10,4.05
13.5,10,4.1
13.5,10,4.15
13.5,10,4.2
13.5,10,4.25
13.5,10,4.3
13.5,10,4.35
13.5,10,4.4
13.5,10,4.45
13.5,10,4.5
13.5,10,4.55
13.5,10,4.6
13.5,10,4.65
13.5,10,4.7
13.5,10,4.75
13.5,10,4.8
13.5,10,4.85
13.5,10,4.9
13.5,10,4.95
13.5,10,5
14,0,0
14,0,0.05
14,0,0.1
14,0,0.15
14,0,0.2
14,0,0.25
14,0,0.3
14,0,0.35
14,0,0.4
14,0,0.45
14,0,0.5
14,0,0.55
14,0,0.6
14,0,0.65
14,0,0.7
14,0,0.75
14,0,0.8
14,0,0.85
14,0,0.9
14,0,0.95
14,0,1
14,0,1.05
14,0,1.1
14,0,1.15
14,0,1.2
14,0,1.25
14,0,1.3
14,0,1.35
14,0,1.4
14,0,1.45
14,0,1.5
14,0,1.55
14,0,1.6
14,0,1.65
14,0,1.7
14,0,1.75
14,0,1.8
14,0,1.85
14,0,1.9
14,0,1.95
14,0,2
14,0,2.05
14,0,2.1
14,0,2.15
14,0,2.2
14,0,2.25
14,0,2.3
14,0,2.35
14,0,2.4
14,0,2.45
14,0,2.5
14,0,2.55
14,0,2.6
14,0,2.65
14,0,2.7
14,0,2.75
14,0,2.8
14,0,2.85
14,0,2.9
14,0,2.95
14,0,3
14,0,3.05
14,0,3.1
14,0,3.15
14,0,3.2
14,0,3.25
14,0,3.3
14,0,3.35
14,0,3.4
14,0,3.45
14,0,3.5
14,0,3.55
14,0,3.6
14,0,3.65
14,0,3.7
14,0,3.75
14,0,3.8
14,0,3.85
14,0,3.9
14,0,3.95
14,0,4
14,0,4.05
14,0,4.1
14,0,4.15
14,0,4.2
14,0,4.25
14,0,4.3
14,0,4.35
14,0,4.4
14,0,4.45
14,0,4.5
14,0,4.55
14,0,4.6
14,0,4.65
14,0,4.7
14,0,4.75
14,0,4.8
14,0,4.85
14,0,4.9
14,0,4.95
14,0,5
14,0.5,0
14,0.5,0.05
14,0.5,0.1
14,0.5,0.15
14,0.5,0.2
14,0.5,0.25
14,0.5,0.3
14,0.5,0.35
14,0.5,0.4
14,0.5,0.45
14,0.5,0.5
14,0.5,0.55
14,0.5,0.6
14,0.5,0.65
14,0.5,0.7
14,0.5,0.75
14,0.5,0.8
14,0.5,0.85
14,0.5,0.9
14,0.5,0.95
14,0.5,1
14,0.5,1.05
14,0.5,1.1
14,0.5,1.15
14,0.5,1.2
14,0.5,1.25
14,0.5,1.3
14,0.5,1.35
14,0.5,1.4
14,0.5,1.45
14,0.5,1.5
14,0.5,1.55
14,0.5,1.6
14,0.5,1.65
14,0.5,1.7
14,0.5,1.75
14,0.5,1.8
14,0.5,1.85
14,0.5,1.9
14,0.5,1.95
14,0.5,2
14,0.5,2.05
14,0.5,2.1
14,0.5,2.15
14,0.5,2.2
14,0.5,2.25
14,0.5,2.3
14,0.5,2.35
14,0.5,2.4
14,0.5,2.45
14,0.5,2.5
14,0.5,2.55
14,0.5,2.6
14,0.5,2.65
14,0.5,2.7
14,0.5,2.75
14,0.5,2.8
14,0.5,2.85
14,0.5,2.9
14,0.5,2.95
14,0.5,3
14,0.5,3.05
14,0.5,3.1
14,0.5,3.15
14,0.5,3.2
14,0.5,3.25
14,0.5,3.3
14,0.5,3.35
14,0.5,3.4
14,0.5,3.45
14,0.5,3.5
14,0.5,3.55
14,0.5,3.6
14,0.5,3.65
14,0.5,3.7
14,0.5,3.75
14,0.5,3.8
14,0.5,3.85
14,0.5,3.9
14,0.5,3.95
14,0.5,4
14,0.5,4.05
14,0.5,4.1
14,0.5,4.15
14,0.5,4.2
14,0.5,4.25
14,0.5,4.3
14,0.5,4.35
14,0.5,4.4
14,0.5,4.45
14,0.5,4.5
14,0.5,4.55
14,0.5,4.6
14,0.5,4.65
14,0.5,4.7
14,0.5,4.75
14,0.5,4.8
14,0.5,4.85
14,0.5,4.9
14,0.5,4.95
14,0.5,5
14,1,0
14,1,0.05
14,1,0.1
14,1,0.15
14,1,0.2
14,1,0.25
14,1,0.3
14,1,0.35
14,1,0.4
14,1,0.45
14,1,0.5
14,1,0.55
14,1,0.6
14,1,0.65
14,1,0.7
14,1,0.75
14,1,0.8
14,1,0.85
14,1,0.9
14,1,0.95
14,1,1
14,1,1.05
14,1,1.1
14,1,1.15
14,1,1.2
14,1,1.25
14,1,1.3
14,1,1.35
14,1,1.4
14,1,1.45
14,1,1.5
14,1,1.55
14,1,1.6
14,1,1.65
14,1,1.7
14,1,1.75
14,1,1.8
14,1,1.85
14,1,1.9
14,1,1.95
14,1,2
14,1,2.05
14,1,2.1
14,1,2.15
14,1,2.2
14,1,2.25
14,1,2.3
14,1,2.35
14,1,2.4
14,1,2.45
14,1,2.5
14,1,2.55
14,1,2.6
14,1,2.65
14,1,2.7
14,1,2.75
14,1,2.8
14,1,2.85
14,1,2.9
14,1,2.95
14,1,3
14,1,3.05
14,1,3.1
14,1,3.15
14,1,3.2
14,1,3.25
14,1,3.3
14,1,3.35
14,1,3.4
14,1,3.45
14,1,3.5
14,1,3.55
14,1,3.6
14,1,3.65
14,1,3.7
14,1,3.75
14,1,3.8
14,1,3.85
14,1,3.9
14,1,3.95
14,1,4
14,1,4.05
14,1,4.1
14,1,4.15
14,1,4.2
14,1,4.25
14,1,4.3
14,1,4.35
14,1,4.4
14,1,4.45
14,1,4.5
14,1,4.55
14,1,4.6
14,1,4.65
14,1,4.7
14,1,4.75
14,1,4.8
14,1,4.85
14,1,4.9
14,1,4.95
14,1,5
14,1.5,0
14,1.5,0.05
14,1.5,0.1
14,1.5,0.15
14,1.5,0.2
14,1.5,0.25
14,1.5,0.3
14,1.5,0.35
14,1.5,0.4
14,1.5,0.45
14,1.5,0.5
14,1.5,0.55
14,1.5,0.6
14,1.5,0.65
14,1.5,0.7
14,1.5,0.75
14,1.5,0.8
14,1.5,0.85
14,1.5,0.9
14,1.5,0.95
14,1.5,1
14,1.5,1.05
14,1.5,1.1
14,1.5,1.15
14,1.5,1.2
14,1.5,1.25
14,1.5,1.3
14,1.5,1.35
14,1.5,1.4
14,1.5,1.45
14,1.5,1.5
14,1.5,1.55
14,1.5,1.6
14,1.5,1.65
14,1.5,1.7
14,1.5,1.75
14,1.5,1.8
14,1.5,1.85
14,1.5,1.9
14,1.5,1.95
14,1.5,2
14,1.5,2.05
14,1.5,2.1
14,1.5,2.15
14,1.5,2.2
14,1.5,2.25
14,1.5,2.3
14,1.5,2.35
14,1.5,2.4
14,1.5,2.45
14,1.5,2.5
14,1.5,2.55
14,1.5,2.6
14,1.5,2.65
14,1.5,2.7
14,1.5,2.75
14,1.5,2.8
14,1.5,2.85
14,1.5,2.9
14,1.5,2.95
14,1.5,3
14,1.5,3.05
14,1.5,3.1
14,1.5,3.15
14,1.5,3.2
14,1.5,3.25
14,1.5,3.3
14,1.5,3.35
14,1.5,3.4
14,1.5,3.45
14,1.5,3.5
14,1.5,3.55
14,1.5,3.6
14,1.5,3.65
14,1.5,3.7
14,1.5,3.75
14,1.5,3.8
14,1.5,3.85
14,1.5,3.9
14,1.5,3.95
14,1.5,4
14,1.5,4.05
14,1.5,4.1
14,1.5,4.15
14,1.5,4.2
14,1.5,4.25
14,1.5,4.3
14,1.5,4.35
14,1.5,4.4
14,1.5,4.45
14,1.5,4.5
14,1.5,4.55
14,1.5,4.6
14,1.5,4.65
14,1.5,4.7
14,1.5,4.75
14,1.5,4.8
14,1.5,4.85
14,1.5,4.9
14,1.5,4.95
14,1.5,5
14,2,0
14,2,0.05
14,2,0.1
14,2,0.15
14,2,0.2
14,2,0.25
14,2,0.3
14,2,0.35
14,2,0.4
14,2,0.45
14,2,0.5
14,2,0.55
14,2,0.6
14,2,0.65
14,2,0.7
14,2,0.75
14,2,0.8
14,2,0.85
14,2,0.9
14,2,0.95
14,2,1
14,2,1.05
14,2,1.1
14,2,1.15
14,2,1.2
14,2,1.25
14,2,1.3
14,2,1.35
14,2,1.4
14,2,1.45
14,2,1.5
14,2,1.55
14,2,1.6
14,2,1.65
14,2,1.7
14,2,1.75
14,2,1.8
14,2,1.85
14,2,1.9
14,2,1.95
14,2,2
14,2,2.05
14,2,2.1
14,2,2.15
14,2,2.2
14,2,2.25
14,2,2.3
14,2,2.35
14,2,2.4
14,2,2.45
14,2,2.5
14,2,2.55
14,2,2.6
14,2,2.65
14,2,2.7
14,2,2.75
14,2,2.8
14,2,2.85
14,2,2.9
14,2,2.95
14,2,3
14,2,3.05
14,2,3.1
14,2,3.15
14,2,3.2
14,2,3.25
14,2,3.3
14,2,3.35
14,2,3.4
14,2,3.45
14,2,3.5
14,2,3.55
14,2,3.6
14,2,3.65
14,2,3.7
14,2,3.75
14,2,3.8
14,2,3.85
14,2,3.9
14,2,3.95
14,2,4
14,2,4.05
14,2,4.1
14,2,4.15
14,2,4.2
14,2,4.25
14,2,4.3
14,2,4.35
14,2,4.4
14,2,4.45
14,2,4.5
14,2,4.55
14,2,4.6
14,2,4.65
14,2,4.7
14,2,4.75
14,2,4.8
14,2,4.85
14,2,4.9
14,2,4.95
14,2,5
14,2.5,0
14,2.5,0.05
14,2.5,0.1
14,2.5,0.15
14,2.5,0.2
14,2.5,0.25
14,2.5,0.3
14,2.5,0.35
14,2.5,0.4
14,2.5,0.45
14,2.5,0.5
14,2.5,0.55
14,2.5,0.6
14,2.5,0.65
14,2.5,0.7
14,2.5,0.75
14,2.5,0.8
14,2.5,0.85
14,2.5,0.9
14,2.5,0.95
14,2.5,1
14,2.5,1.05
14,2.5,1.1
14,2.5,1.15
14,2.5,1.2
14,2.5,1.25
14,2.5,1.3
14,2.5,1.35
14,2.5,1.4
14,2.5,1.45
14,2.5,1.5
14,2.5,1.55
14,2.5,1.6
14,2.5,1.65
14,2.5,1.7
14,2.5,1.75
14,2.5,1.8
14,2.5,1.85
14,2.5,1.9
14,2.5,1.95
14,2.5,2
14,2.5,2.05
14,2.5,2.1
14,2.5,2.15
14,2.5,2.2
14,2.5,2.25
14,2.5,2.3
14,2.5,2.35
14,2.5,2.4
14,2.5,2.45
14,2.5,2.5
14,2.5,2.55
14,2.5,2.6
14,2.5,2.65
14,2.5,2.7
14,2.5,2.75
14,2.5,2.8
14,2.5,2.85
14,2.5,2.9
14,2.5,2.95
14,2.5,3
14,2.5,3.05
14,2.5,3.1
14,2.5,3.15
14,2.5,3.2
14,2.5,3.25
14,2.5,3.3
14,2.5,3.35
14,2.5,3.4
14,2.5,3.45
14,2.5,3.5
14,2.5,3.55
14,2.5,3.6
14,2.5,3.65
14,2.5,3.7
14,2.5,3.75
14,2.5,3.8
14,2.5,3.85
14,2.5,3.9
14,2.5,3.95
14,2.5,4
14,2.5,4.05
14,2.5,4.1
14,2.5,4.15
14,2.5,4.2
14,2.5,4.25
14,2.5,4.3
14,2.5,4.35
14,2.5,4.4
14,2.5,4.45
14,2.5,4.5
14,2.5,4.55
14,2.5,4.6
14,2.5,4.65
14,2.5,4.7
14,2.5,4.75
14,2.5,4.8
14,2.5,4.85
14,2.5,4.9
14,2.5,4.95
14,2.5,5
14,3,0
14,3,0.05
14,3,0.1
14,3,0.15
14,3,0.2
14,3,0.25
14,3,0.3
14,3,0.35
14,3,0.4
14,3,0.45
14,3,0.5
14,3,0.55
14,3,0.6
14,3,0.65
14,3,0.7
14,3,0.75
14,3,0.8
14,3,0.85
14,3,0.9
14,3,0.95
14,3,1
14,3,1.05
14,3,1.1
14,3,1.15
14,3,1.2
14,3,1.25
14,3,1.3
14,3,1.35
14,3,1.4
14,3,1.45
14,3,1.5
14,3,1.55
14,3,1.6
14,3,1.65
14,3,1.7
14,3,1.75
14,3,1.8
14,3,1.85
14,3,1.9
14,3,1.95
14,3,2
14,3,2.05
14,3,2.1
14,3,2.15
14,3,2.2
14,3,2.25
14,3,2.3
14,3,2.35
14,3,2.4
14,3,2.45
14,3,2.5
14,3,2.55
14,3,2.6
14,3,2.65
14,3,2.7
14,3,2.75
14,3,2.8
14,3,2.85
14,3,2.9
14,3,2.95
14,3,3
14,3,3.05
14,3,3.1
14,3,3.15
14,3,3.2
14,3,3.25
14,3,3.3
14,3,3.35
14,3,3.4
14,3,3.45
14,3,3.5
14,3,3.55
14,3,3.6
14,3,3.65
14,3,3.7
14,3,3.75
14,3,3.8
14,3,3.85
14,3,3.9
14,3,3.95
14,3,4
14,3,4.05
14,3,4.1
14,3,4.15
14,3,4.2
14,3,4.25
14,3,4.3
14,3,4.35
14,3,4.4
14,3,4.45
14,3,4.5
14,3,4.55
14,3,4.6
14,3,4.65
14,3,4.7
14,3,4.75
14,3,4.8
14,3,4.85
14,3,4.9
14,3,4.95
14,3,5
14,3.5,0
14,3.5,0.05
14,3.5,0.1
14,3.5,0.15
14,3.5,0.2
14,3.5,0.25
14,3.5,0.3
14,3.5,0.35
14,3.5,0.4
14,3.5,0.45
14,3.5,0.5
14,3.5,0.55
14,3.5,0.6
14,3.5,0.65
14,3.5,0.7
14,3.5,0.75
14,3.5,0.8
14,3.5,0.85
14,3.5,0.9
14,3.5,0.95
14,3.5,1
14,3.5,1.05
14,3.5,1.1
14,3.5,1.15
14,3.5,1.2
14,3.5,1.25
14,3.5,1.3
14,3.5,1.35
14,3.5,1.4
14,3.5,1.45
14,3.5,1.5
14,3.5,1.55
14,3.5,1.6
14,3.5,1.65
14,3.5,1.7
14,3.5,1.75
14,3.5,1.8
14,3.5,1.85
14,3.5,1.9
14,3.5,1.95
14,3.5,2
14,3.5,2.05
14,3.5,2.1
14,3.5,2.15
14,3.5,2.2
14,3.5,2.25
14,3.5,2.3
14,3.5,2.35
14,3.5,2.4
14,3.5,2.45
14,3.5,2.5
14,3.5,2.55
14,3.5,2.6
14,3.5,2.65
14,3.5,2.7
14,3.5,2.75
14,3.5,2.8
14,3.5,2.85
14,3.5,2.9
14,3.5,2.95
14,3.5,3
14,3.5,3.05
14,3.5,3.1
14,3.5,3.15
14,3.5,3.2
14,3.5,3.25
14,3.5,3.3
14,3.5,3.35
14,3.5,3.4
14,3.5,3.45
14,3.5,3.5
14,3.5,3.55
14,3.5,3.6
14,3.5,3.65
14,3.5,3.7
14,3.5,3.75
14,3.5,3.8
14,3.5,3.85
14,3.5,3.9
14,3.5,3.95
14,3.5,4
14,3.5,4.05
14,3.5,4.1
14,3.5,4.15
14,3.5,4.2
14,3.5,4.25
14,3.5,4.3
14,3.5,4.35
14,3.5,4.4
14,3.5,4.45
14,3.5,4.5
14,3.5,4.55
14,3.5,4.6
14,3.5,4.65
14,3.5,4.7
14,3.5,4.75
14,3.5,4.8
14,3.5,4.85
14,3.5,4.9
14,3.5,4.95
14,3.5,5
14,4,0
14,4,0.05
14,4,0.1
14,4,0.15
14,4,0.2
14,4,0.25
14,4,0.3
14,4,0.35
14,4,0.4
14,4,0.45
14,4,0.5
14,4,0.55
14,4,0.6
14,4,0.65
14,4,0.7
14,4,0.75
14,4,0.8
14,4,0.85
14,4,0.9
14,4,0.95
14,4,1
14,4,1.05
14,4,1.1
14,4,1.15
14,4,1.2
14,4,1.25
14,4,1.3
14,4,1.35
14,4,1.4
14,4,1.45
14,4,1.5
14,4,1.55
14,4,1.6
14,4,1.65
14,4,1.7
14,4,1.75
14,4,1.8
14,4,1.85
14,4,1.9
14,4,1.95
14,4,2
14,4,2.05
14,4,2.1
14,4,2.15
14,4,2.2
14,4,2.25
14,4,2.3
14,4,2.35
14,4,2.4
14,4,2.45
14,4,2.5
14,4,2.55
14,4,2.6
14,4,2.65
14,4,2.7
14,4,2.75
14,4,2.8
14,4,2.85
14,4,2.9
14,4,2.95
14,4,3
14,4,3.05
14,4,3.1
14,4,3.15
14,4,3.2
14,4,3.25
14,4,3.3
14,4,3.35
14,4,3.4
14,4,3.45
14,4,3.5
14,4,3.55
14,4,3.6
14,4,3.65
14,4,3.7
14,4,3.75
14,4,3.8
14,4,3.85
14,4,3.9
14,4,3.95
14,4,4
14,4,4.05
14,4,4.1
14,4,4.15
14,4,4.2
14,4,4.25
14,4,4.3
14,4,4.35
14,4,4.4
14,4,4.45
14,4,4.5
14,4,4.55
14,4,4.6
14,4,4.65
14,4,4.7
14,4,4.75
14,4,4.8
14,4,4.85
14,4,4.9
14,4,4.95
14,4,5
14,4.5,0
14,4.5,0.05
14,4.5,0.1
14,4.5,0.15
14,4.5,0.2
14,4.5,0.25
14,4.5,0.3
14,4.5,0.35
14,4.5,0.4
14,4.5,0.45
14,4.5,0.5
14,4.5,0.55
14,4.5,0.6
14,4.5,0.65
14,4.5,0.7
14,4.5,0.75
14,4.5,0.8
14,4.5,0.85
14,4.5,0.9
14,4.5,0.95
14,4.5,1
14,4.5,1.05
14,4.5,1.1
14,4.5,1.15
14,4.5,1.2
14,4.5,1.25
14,4.5,1.3
14,4.5,1.35
14,4.5,1.4
14,4.5,1.45
14,4.5,1.5
14,4.5,1.55
14,4.5,1.6
14,4.5,1.65
14,4.5,1.7
14,4.5,1.75
14,4.5,1.8
14,4.5,1.85
14,4.5,1.9
14,4.5,1.95
14,4.5,2
14,4.5,2.05
14,4.5,2.1
14,4.5,2.15
14,4.5,2.2
14,4.5,2.25
14,4.5,2.3
14,4.5,2.35
14,4.5,2.4
14,4.5,2.45
14,4.5,2.5
14,4.5,2.55
14,4.5,2.6
14,4.5,2.65
14,4.5,2.7
14,4.5,2.75
14,4.5,2.8
14,4.5,2.85
14,4.5,2.9
14,4.5,2.95
14,4.5,3
14,4.5,3.05
14,4.5,3.1
14,4.5,3.15
14,4.5,3.2
14,4.5,3.25
14,4.5,3.3
14,4.5,3.35
14,4.5,3.4
14,4.5,3.45
14,4.5,3.5
14,4.5,3.55
14,4.5,3.6
14,4.5,3.65
14,4.5,3.7
14,4.5,3.75
14,4.5,3.8
14,4.5,3.85
14,4.5,3.9
14,4.5,3.95
14,4.5,4
14,4.5,4.05
14,4.5,4.1
14,4.5,4.15
14,4.5,4.2
14,4.5,4.25
14,4.5,4.3
14,4.5,4.35
14,4.5,4.4
14,4.5,4.45
14,4.5,4.5
14,4.5,4.55
14,4.5,4.6
14,4.5,4.65
14,4.5,4.7
14,4.5,4.75
14,4.5,4.8
14,4.5,4.85
14,4.5,4.9
14,4.5,4.95
14,4.5,5
14,5,0
14,5,0.05
14,5,0.1
14,5,0.15
14,5,0.2
14,5,0.25
14,5,0.3
14,5,0.35
14,5,0.4
14,5,0.45
14,5,0.5
14,5,0.55
14,5,0.6
14,5,0.65
14,5,0.7
14,5,0.75
14,5,0.8
14,5,0.85
14,5,0.9
14,5,0.95
14,5,1
14,5,1.05
14,5,1.1
14,5,1.15
14,5,1.2
14,5,1.25
14,5,1.3
14,5,1.35
14,5,1.4
14,5,1.45
14,5,1.5
14,5,1.55
14,5,1.6
14,5,1.65
14,5,1.7
14,5,1.75
14,5,1.8
14,5,1.85
14,5,1.9
14,5,1.95
14,5,2
14,5,2.05
14,5,2.1
14,5,2.15
14,5,2.2
14,5,2.25
14,5,2.3
14,5,2.35
14,5,2.4
14,5,2.45
14,5,2.5
14,5,2.55
14,5,2.6
14,5,2.65
14,5,2.7
14,5,2.75
14,5,2.8
14,5,2.85
14,5,2.9
14,5,2.95
14,5,3
14,5,3.05
14,5,3.1
14,5,3.15
14,5,3.2
14,5,3.25
14,5,3.3
14,5,3.35
14,5,3.4
14,5,3.45
14,5,3.5
14,5,3.55
14,5,3.6
14,5,3.65
14,5,3.7
14,5,3.75
14,5,3.8
14,5,3.85
14,5,3.9
14,5,3.95
14,5,4
14,5,4.05
14,5,4.1
14,5,4.15
14,5,4.2
14,5,4.25
14,5,4.3
14,5,4.35
14,5,4.4
14,5,4.45
14,5,4.5
14,5,4.55
14,5,4.6
14,5,4.65
14,5,4.7
14,5,4.75
14,5,4.8
14,5,4.85
14,5,4.9
14,5,4.95
14,5,5
14,5.5,0
14,5.5,0.05
14,5.5,0.1
14,5.5,0.15
14,5.5,0.2
14,5.5,0.25
14,5.5,0.3
14,5.5,0.35
14,5.5,0.4
14,5.5,0.45
14,5.5,0.5
14,5.5,0.55
14,5.5,0.6
14,5.5,0.65
14,5.5,0.7
14,5.5,0.75
14,5.5,0.8
14,5.5,0.85
14,5.5,0.9
14,5.5,0.95
14,5.5,1
14,5.5,1.05
14,5.5,1.1
14,5.5,1.15
14,5.5,1.2
14,5.5,1.25
14,5.5,1.3
14,5.5,1.35
14,5.5,1.4
14,5.5,1.45
14,5.5,1.5
14,5.5,1.55
14,5.5,1.6
14,5.5,1.65
14,5.5,1.7
14,5.5,1.75
14,5.5,1.8
14,5.5,1.85
14,5.5,1.9
14,5.5,1.95
14,5.5,2
14,5.5,2.05
14,5.5,2.1
14,5.5,2.15
14,5.5,2.2
14,5.5,2.25
14,5.5,2.3
14,5.5,2.35
14,5.5,2.4
14,5.5,2.45
14,5.5,2.5
14,5.5,2.55
14,5.5,2.6
14,5.5,2.65
14,5.5,2.7
14,5.5,2.75
14,5.5,2.8
14,5.5,2.85
14,5.5,2.9
14,5.5,2.95
14,5.5,3
14,5.5,3.05
14,5.5,3.1
14,5.5,3.15
14,5.5,3.2
14,5.5,3.25
14,5.5,3.3
14,5.5,3.35
14,5.5,3.4
14,5.5,3.45
14,5.5,3.5
14,5.5,3.55
14,5.5,3.6
14,5.5,3.65
14,5.5,3.7
14,5.5,3.75
14,5.5,3.8
14,5.5,3.85
14,5.5,3.9
14,5.5,3.95
14,5.5,4
14,5.5,4.05
14,5.5,4.1
14,5.5,4.15
14,5.5,4.2
14,5.5,4.25
14,5.5,4.3
14,5.5,4.35
14,5.5,4.4
14,5.5,4.45
14,5.5,4.5
14,5.5,4.55
14,5.5,4.6
14,5.5,4.65
14,5.5,4.7
14,5.5,4.75
14,5.5,4.8
14,5.5,4.85
14,5.5,4.9
14,5.5,4.95
14,5.5,5
14,6,0
14,6,0.05
14,6,0.1
14,6,0.15
14,6,0.2
14,6,0.25
14,6,0.3
14,6,0.35
14,6,0.4
14,6,0.45
14,6,0.5
14,6,0.55
14,6,0.6
14,6,0.65
14,6,0.7
14,6,0.75
14,6,0.8
14,6,0.85
14,6,0.9
14,6,0.95
14,6,1
14,6,1.05
14,6,1.1
14,6,1.15
14,6,1.2
14,6,1.25
14,6,1.3
14,6,1.35
14,6,1.4
14,6,1.45
14,6,1.5
14,6,1.55
14,6,1.6
14,6,1.65
14,6,1.7
14,6,1.75
14,6,1.8
14,6,1.85
14,6,1.9
14,6,1.95
14,6,2
14,6,2.05
14,6,2.1
14,6,2.15
14,6,2.2
14,6,2.25
14,6,2.3
14,6,2.35
14,6,2.4
14,6,2.45
14,6,2.5
14,6,2.55
14,6,2.6
14,6,2.65
14,6,2.7
14,6,2.75
14,6,2.8
14,6,2.85
14,6,2.9
14,6,2.95
14,6,3
14,6,3.05
14,6,3.1
14,6,3.15
14,6,3.2
14,6,3.25
14,6,3.3
14,6,3.35
14,6,3.4
14,6,3.45
14,6,3.5
14,6,3.55
14,6,3.6
14,6,3.65
14,6,3.7
14,6,3.75
14,6,3.8
14,6,3.85
14,6,3.9
14,6,3.95
14,6,4
14,6,4.05
14,6,4.1
14,6,4.15
14,6,4.2
14,6,4.25
14,6,4.3
14,6,4.35
14,6,4.4
14,6,4.45
14,6,4.5
14,6,4.55
14,6,4.6
14,6,4.65
14,6,4.7
14,6,4.75
14,6,4.8
14,6,4.85
14,6,4.9
14,6,4.95
14,6,5
14,6.5,0
14,6.5,0.05
14,6.5,0.1
14,6.5,0.15
14,6.5,0.2
14,6.5,0.25
14,6.5,0.3
14,6.5,0.35
14,6.5,0.4
14,6.5,0.45
14,6.5,0.5
14,6.5,0.55
14,6.5,0.6
14,6.5,0.65
14,6.5,0.7
14,6.5,0.75
14,6.5,0.8
14,6.5,0.85
14,6.5,0.9
14,6.5,0.95
14,6.5,1
14,6.5,1.05
14,6.5,1.1
14,6.5,1.15
14,6.5,1.2
14,6.5,1.25
14,6.5,1.3
14,6.5,1.35
14,6.5,1.4
14,6.5,1.45
14,6.5,1.5
14,6.5,1.55
14,6.5,1.6
14,6.5,1.65
14,6.5,1.7
14,6.5,1.75
14,6.5,1.8
14,6.5,1.85
14,6.5,1.9
14,6.5,1.95
14,6.5,2
14,6.5,2.05
14,6.5,2.1
14,6.5,2.15
14,6.5,2.2
14,6.5,2.25
14,6.5,2.3
14,6.5,2.35
14,6.5,2.4
14,6.5,2.45
14,6.5,2.5
14,6.5,2.55
14,6.5,2.6
14,6.5,2.65
14,6.5,2.7
14,6.5,2.75
14,6.5,2.8
14,6.5,2.85
14,6.5,2.9
14,6.5,2.95
14,6.5,3
14,6.5,3.05
14,6.5,3.1
14,6.5,3.15
14,6.5,3.2
14,6.5,3.25
14,6.5,3.3
14,6.5,3.35
14,6.5,3.4
14,6.5,3.45
14,6.5,3.5
14,6.5,3.55
14,6.5,3.6
14,6.5,3.65
14,6.5,3.7
14,6.5,3.75
14,6.5,3.8
14,6.5,3.85
14,6.5,3.9
14,6.5,3.95
14,6.5,4
14,6.5,4.05
14,6.5,4.1
14,6.5,4.15
14,6.5,4.2
14,6.5,4.25
14,6.5,4.3
14,6.5,4.35
14,6.5,4.4
14,6.5,4.45
14,6.5,4.5
14,6.5,4.55
14,6.5,4.6
14,6.5,4.65
14,6.5,4.7
14,6.5,4.75
14,6.5,4.8
14,6.5,4.85
14,6.5,4.9
14,6.5,4.95
14,6.5,5
14,7,0
14,7,0.05
14,7,0.1
14,7,0.15
14,7,0.2
14,7,0.25
14,7,0.3
14,7,0.35
14,7,0.4
14,7,0.45
14,7,0.5
14,7,0.55
14,7,0.6
14,7,0.65
14,7,0.7
14,7,0.75
14,7,0.8
14,7,0.85
14,7,0.9
14,7,0.95
14,7,1
14,7,1.05
14,7,1.1
14,7,1.15
14,7,1.2
14,7,1.25
14,7,1.3
14,7,1.35
14,7,1.4
14,7,1.45
14,7,1.5
14,7,1.55
14,7,1.6
14,7,1.65
14,7,1.7
14,7,1.75
14,7,1.8
14,7,1.85
14,7,1.9
14,7,1.95
14,7,2
14,7,2.05
14,7,2.1
14,7,2.15
14,7,2.2
14,7,2.25
14,7,2.3
14,7,2.35
14,7,2.4
14,7,2.45
14,7,2.5
14,7,2.55
14,7,2.6
14,7,2.65
14,7,2.7
14,7,2.75
14,7,2.8
14,7,2.85
14,7,2.9
14,7,2.95
14,7,3
14,7,3.05
14,7,3.1
14,7,3.15
14,7,3.2
14,7,3.25
14,7,3.3
14,7,3.35
14,7,3.4
14,7,3.45
14,7,3.5
14,7,3.55
14,7,3.6
14,7,3.65
14,7,3.7
14,7,3.75
14,7,3.8
14,7,3.85
14,7,3.9
14,7,3.95
14,7,4
14,7,4.05
14,7,4.1
14,7,4.15
14,7,4.2
14,7,4.25
14,7,4.3
14,7,4.35
14,7,4.4
14,7,4.45
14,7,4.5
14,7,4.55
14,7,4.6
14,7,4.65
14,7,4.7
14,7,4.75
14,7,4.8
14,7,4.85
14,7,4.9
14,7,4.95
14,7,5
14,7.5,0
14,7.5,0.05
14,7.5,0.1
14,7.5,0.15
14,7.5,0.2
14,7.5,0.25
14,7.5,0.3
14,7.5,0.35
14,7.5,0.4
14,7.5,0.45
14,7.5,0.5
14,7.5,0.55
14,7.5,0.6
14,7.5,0.65
14,7.5,0.7
14,7.5,0.75
14,7.5,0.8
14,7.5,0.85
14,7.5,0.9
14,7.5,0.95
14,7.5,1
14,7.5,1.05
14,7.5,1.1
14,7.5,1.15
14,7.5,1.2
14,7.5,1.25
14,7.5,1.3
14,7.5,1.35
14,7.5,1.4
14,7.5,1.45
14,7.5,1.5
14,7.5,1.55
14,7.5,1.6
14,7.5,1.65
14,7.5,1.7
14,7.5,1.75
14,7.5,1.8
14,7.5,1.85
14,7.5,1.9
14,7.5,1.95
14,7.5,2
14,7.5,2.05
14,7.5,2.1
14,7.5,2.15
14,7.5,2.2
14,7.5,2.25
14,7.5,2.3
14,7.5,2.35
14,7.5,2.4
14,7.5,2.45
14,7.5,2.5
14,7.5,2.55
14,7.5,2.6
14,7.5,2.65
14,7.5,2.7
14,7.5,2.75
14,7.5,2.8
14,7.5,2.85
14,7.5,2.9
14,7.5,2.95
14,7.5,3
14,7.5,3.05
14,7.5,3.1
14,7.5,3.15
14,7.5,3.2
14,7.5,3.25
14,7.5,3.3
14,7.5,3.35
14,7.5,3.4
14,7.5,3.45
14,7.5,3.5
14,7.5,3.55
14,7.5,3.6
14,7.5,3.65
14,7.5,3.7
14,7.5,3.75
14,7.5,3.8
14,7.5,3.85
14,7.5,3.9
14,7.5,3.95
14,7.5,4
14,7.5,4.05
14,7.5,4.1
14,7.5,4.15
14,7.5,4.2
14,7.5,4.25
14,7.5,4.3
14,7.5,4.35
14,7.5,4.4
14,7.5,4.45
14,7.5,4.5
14,7.5,4.55
14,7.5,4.6
14,7.5,4.65
14,7.5,4.7
14,7.5,4.75
14,7.5,4.8
14,7.5,4.85
14,7.5,4.9
14,7.5,4.95
14,7.5,5
14,8,0
14,8,0.05
14,8,0.1
14,8,0.15
14,8,0.2
14,8,0.25
14,8,0.3
14,8,0.35
14,8,0.4
14,8,0.45
14,8,0.5
14,8,0.55
14,8,0.6
14,8,0.65
14,8,0.7
14,8,0.75
14,8,0.8
14,8,0.85
14,8,0.9
14,8,0.95
14,8,1
14,8,1.05
14,8,1.1
14,8,1.15
14,8,1.2
14,8,1.25
14,8,1.3
14,8,1.35
14,8,1.4
14,8,1.45
14,8,1.5
14,8,1.55
14,8,1.6
14,8,1.65
14,8,1.7
14,8,1.75
14,8,1.8
14,8,1.85
14,8,1.9
14,8,1.95
14,8,2
14,8,2.05
14,8,2.1
14,8,2.15
14,8,2.2
14,8,2.25
14,8,2.3
14,8,2.35
14,8,2.4
14,8,2.45
14,8,2.5
14,8,2.55
14,8,2.6
14,8,2.65
14,8,2.7
14,8,2.75
14,8,2.8
14,8,2.85
14,8,2.9
14,8,2.95
14,8,3
14,8,3.05
14,8,3.1
14,8,3.15
14,8,3.2
14,8,3.25
14,8,3.3
14,8,3.35
14,8,3.4
14,8,3.45
14,8,3.5
14,8,3.55
14,8,3.6
14,8,3.65
14,8,3.7
14,8,3.75
14,8,3.8
14,8,3.85
14,8,3.9
14,8,3.95
14,8,4
14,8,4.05
14,8,4.1
14,8,4.15
14,8,4.2
14,8,4.25
14,8,4.3
14,8,4.35
14,8,4.4
14,8,4.45
14,8,4.5
14,8,4.55
14,8,4.6
14,8,4.65
14,8,4.7
14,8,4.75
14,8,4.8
14,8,4.85
14,8,4.9
14,8,4.95
14,8,5
14,8.5,0
14,8.5,0.05
14,8.5,0.1
14,8.5,0.15
14,8.5,0.2
14,8.5,0.25
14,8.5,0.3
14,8.5,0.35
14,8.5,0.4
14,8.5,0.45
14,8.5,0.5
14,8.5,0.55
14,8.5,0.6
14,8.5,0.65
14,8.5,0.7
14,8.5,0.75
14,8.5,0.8
14,8.5,0.85
14,8.5,0.9
14,8.5,0.95
14,8.5,1
14,8.5,1.05
14,8.5,1.1
14,8.5,1.15
14,8.5,1.2
14,8.5,1.25
14,8.5,1.3
14,8.5,1.35
14,8.5,1.4
14,8.5,1.45
14,8.5,1.5
14,8.5,1.55
14,8.5,1.6
14,8.5,1.65
14,8.5,1.7
14,8.5,1.75
14,8.5,1.8
14,8.5,1.85
14,8.5,1.9
14,8.5,1.95
14,8.5,2
14,8.5,2.05
14,8.5,2.1
14,8.5,2.15
14,8.5,2.2
14,8.5,2.25
14,8.5,2.3
14,8.5,2.35
14,8.5,2.4
14,8.5,2.45
14,8.5,2.5
14,8.5,2.55
14,8.5,2.6
14,8.5,2.65
14,8.5,2.7
14,8.5,2.75
14,8.5,2.8
14,8.5,2.85
14,8.5,2.9
14,8.5,2.95
14,8.5,3
14,8.5,3.05
14,8.5,3.1
14,8.5,3.15
14,8.5,3.2
14,8.5,3.25
14,8.5,3.3
14,8.5,3.35
14,8.5,3.4
14,8.5,3.45
14,8.5,3.5
14,8.5,3.55
14,8.5,3.6
14,8.5,3.65
14,8.5,3.7
14,8.5,3.75
14,8.5,3.8
14,8.5,3.85
14,8.5,3.9
14,8.5,3.95
14,8.5,4
14,8.5,4.05
14,8.5,4.1
14,8.5,4.15
14,8.5,4.2
14,8.5,4.25
14,8.5,4.3
14,8.5,4.35
14,8.5,4.4
14,8.5,4.45
14,8.5,4.5
14,8.5,4.55
14,8.5,4.6
14,8.5,4.65
14,8.5,4.7
14,8.5,4.75
14,8.5,4.8
14,8.5,4.85
14,8.5,4.9
14,8.5,4.95
14,8.5,5
14,9,0
14,9,0.05
14,9,0.1
14,9,0.15
14,9,0.2
14,9,0.25
14,9,0.3
14,9,0.35
14,9,0.4
14,9,0.45
14,9,0.5
14,9,0.55
14,9,0.6
14,9,0.65
14,9,0.7
14,9,0.75
14,9,0.8
14,9,0.85
14,9,0.9
14,9,0.95
14,9,1
14,9,1.05
14,9,1.1
14,9,1.15
14,9,1.2
14,9,1.25
14,9,1.3
14,9,1.35
14,9,1.4
14,9,1.45
14,9,1.5
14,9,1.55
14,9,1.6
14,9,1.65
14,9,1.7
14,9,1.75
14,9,1.8
14,9,1.85
14,9,1.9
14,9,1.95
14,9,2
14,9,2.05
14,9,2.1
14,9,2.15
14,9,2.2
14,9,2.25
14,9,2.3
14,9,2.35
14,9,2.4
14,9,2.45
14,9,2.5
14,9,2.55
14,9,2.6
14,9,2.65
14,9,2.7
14,9,2.75
14,9,2.8
14,9,2.85
14,9,2.9
14,9,2.95
14,9,3
14,9,3.05
14,9,3.1
14,9,3.15
14,9,3.2
14,9,3.25
14,9,3.3
14,9,3.35
14,9,3.4
14,9,3.45
14,9,3.5
14,9,3.55
14,9,3.6
14,9,3.65
14,9,3.7
14,9,3.75
14,9,3.8
14,9,3.85
14,9,3.9
14,9,3.95
14,9,4
14,9,4.05
14,9,4.1
14,9,4.15
14,9,4.2
14,9,4.25
14,9,4.3
14,9,4.35
14,9,4.4
14,9,4.45
14,9,4.5
14,9,4.55
14,9,4.6
14,9,4.65
14,9,4.7
14,9,4.75
14,9,4.8
14,9,4.85
14,9,4.9
14,9,4.95
14,9,5
14,9.5,0
14,9.5,0.05
14,9.5,0.1
14,9.5,0.15
14,9.5,0.2
14,9.5,0.25
14,9.5,0.3
14,9.5,0.35
14,9.5,0.4
14,9.5,0.45
14,9.5,0.5
14,9.5,0.55
14,9.5,0.6
14,9.5,0.65
14,9.5,0.7
14,9.5,0.75
14,9.5,0.8
14,9.5,0.85
14,9.5,0.9
14,9.5,0.95
14,9.5,1
14,9.5,1.05
14,9.5,1.1
14,9.5,1.15
14,9.5,1.2
14,9.5,1.25
14,9.5,1.3
14,9.5,1.35
14,9.5,1.4
14,9.5,1.45
14,9.5,1.5
14,9.5,1.55
14,9.5,1.6
14,9.5,1.65
14,9.5,1.7
14,9.5,1.75
14,9.5,1.8
14,9.5,1.85
14,9.5,1.9
14,9.5,1.95
14,9.5,2
14,9.5,2.05
14,9.5,2.1
14,9.5,2.15
14,9.5,2.2
14,9.5,2.25
14,9.5,2.3
14,9.5,2.35
14,9.5,2.4
14,9.5,2.45
14,9.5,2.5
14,9.5,2.55
14,9.5,2.6
14,9.5,2.65
14,9.5,2.7
14,9.5,2.75
14,9.5,2.8
14,9.5,2.85
14,9.5,2.9
14,9.5,2.95
14,9.5,3
14,9.5,3.05
14,9.5,3.1
14,9.5,3.15
14,9.5,3.2
14,9.5,3.25
14,9.5,3.3
14,9.5,3.35
14,9.5,3.4
14,9.5,3.45
14,9.5,3.5
14,9.5,3.55
14,9.5,3.6
14,9.5,3.65
14,9.5,3.7
14,9.5,3.75
14,9.5,3.8
14,9.5,3.85
14,9.5,3.9
14,9.5,3.95
14,9.5,4
14,9.5,4.05
14,9.5,4.1
14,9.5,4.15
14,9.5,4.2
14,9.5,4.25
14,9.5,4.3
14,9.5,4.35
14,9.5,4.4
14,9.5,4.45
14,9.5,4.5
14,9.5,4.55
14,9.5,4.6
14,9.5,4.65
14,9.5,4.7
14,9.5,4.75
14,9.5,4.8
14,9.5,4.85
14,9.5,4.9
14,9.5,4.95
14,9.5,5
14,10,0
14,10,0.05
14,10,0.1
14,10,0.15
14,10,0.2
14,10,0.25
14,10,0.3
14,10,0.35
14,10,0.4
14,10,0.45
14,10,0.5
14,10,0.55
14,10,0.6
14,10,0.65
14,10,0.7
14,10,0.75
14,10,0.8
14,10,0.85
14,10,0.9
14,10,0.95
14,10,1
14,10,1.05
14,10,1.1
14,10,1.15
14,10,1.2
14,10,1.25
14,10,1.3
14,10,1.35
14,10,1.4
14,10,1.45
14,10,1.5
14,10,1.55
14,10,1.6
14,10,1.65
14,10,1.7
14,10,1.75
14,10,1.8
14,10,1.85
14,10,1.9
14,10,1.95
14,10,2
14,10,2.05
14,10,2.1
14,10,2.15
14,10,2.2
14,10,2.25
14,10,2.3
14,10,2.35
14,10,2.4
14,10,2.45
14,10,2.5
14,10,2.55
14,10,2.6
14,10,2.65
14,10,2.7
14,10,2.75
14,10,2.8
14,10,2.85
14,10,2.9
14,10,2.95
14,10,3
14,10,3.05
14,10,3.1
14,10,3.15
14,10,3.2
14,10,3.25
14,10,3.3
14,10,3.35
14,10,3.4
14,10,3.45
14,10,3.5
14,10,3.55
14,10,3.6
14,10,3.65
14,10,3.7
14,10,3.75
14,10,3.8
14,10,3.85
14,10,3.9
14,10,3.95
14,10,4
14,10,4.05
14,10,4.1
14,10,4.15
14,10,4.2
14,10,4.25
14,10,4.3
14,10,4.35
14,10,4.4
14,10,4.45
14,10,4.5
14,10,4.55
14,10,4.6
14,10,4.65
14,10,4.7
14,10,4.75
14,10,4.8
14,10,4.85
14,10,4.9
14,10,4.95
14,10,5
14.5,0,0
14.5,0,0.05
14.5,0,0.1
14.5,0,0.15
14.5,0,0.2
14.5,0,0.25
14.5,0,0.3
14.5,0,0.35
14.5,0,0.4
14.5,0,0.45
14.5,0,0.5
14.5,0,0.55
14.5,0,0.6
14.5,0,0.65
14.5,0,0.7
14.5,0,0.75
14.5,0,0.8
14.5,0,0.85
14.5,0,0.9
14.5,0,0.95
14.5,0,1
14.5,0,1.05
14.5,0,1.1
14.5,0,1.15
14.5,0,1.2
14.5,0,1.25
14.5,0,1.3
14.5,0,1.35
14.5,0,1.4
14.5,0,1.45
14.5,0,1.5
14.5,0,1.55
14.5,0,1.6
14.5,0,1.65
14.5,0,1.7
14.5,0,1.75
14.5,0,1.8
14.5,0,1.85
14.5,0,1.9
14.5,0,1.95
14.5,0,2
14.5,0,2.05
14.5,0,2.1
14.5,0,2.15
14.5,0,2.2
14.5,0,2.25
14.5,0,2.3
14.5,0,2.35
14.5,0,2.4
14.5,0,2.45
14.5,0,2.5
14.5,0,2.55
14.5,0,2.6
14.5,0,2.65
14.5,0,2.7
14.5,0,2.75
14.5,0,2.8
14.5,0,2.85
14.5,0,2.9
14.5,0,2.95
14.5,0,3
14.5,0,3.05
14.5,0,3.1
14.5,0,3.15
14.5,0,3.2
14.5,0,3.25
14.5,0,3.3
14.5,0,3.35
14.5,0,3.4
14.5,0,3.45
14.5,0,3.5
14.5,0,3.55
14.5,0,3.6
14.5,0,3.65
14.5,0,3.7
14.5,0,3.75
14.5,0,3.8
14.5,0,3.85
14.5,0,3.9
14.5,0,3.95
14.5,0,4
14.5,0,4.05
14.5,0,4.1
14.5,0,4.15
14.5,0,4.2
14.5,0,4.25
14.5,0,4.3
14.5,0,4.35
14.5,0,4.4
14.5,0,4.45
14.5,0,4.5
14.5,0,4.55
14.5,0,4.6
14.5,0,4.65
14.5,0,4.7
14.5,0,4.75
14.5,0,4.8
14.5,0,4.85
14.5,0,4.9
14.5,0,4.95
14.5,0,5
14.5,0.5,0
14.5,0.5,0.05
14.5,0.5,0.1
14.5,0.5,0.15
14.5,0.5,0.2
14.5,0.5,0.25
14.5,0.5,0.3
14.5,0.5,0.35
14.5,0.5,0.4
14.5,0.5,0.45
14.5,0.5,0.5
14.5,0.5,0.55
14.5,0.5,0.6
14.5,0.5,0.65
14.5,0.5,0.7
14.5,0.5,0.75
14.5,0.5,0.8
14.5,0.5,0.85
14.5,0.5,0.9
14.5,0.5,0.95
14.5,0.5,1
14.5,0.5,1.05
14.5,0.5,1.1
14.5,0.5,1.15
14.5,0.5,1.2
14.5,0.5,1.25
14.5,0.5,1.3
14.5,0.5,1.35
14.5,0.5,1.4
14.5,0.5,1.45
14.5,0.5,1.5
14.5,0.5,1.55
14.5,0.5,1.6
14.5,0.5,1.65
14.5,0.5,1.7
14.5,0.5,1.75
14.5,0.5,1.8
14.5,0.5,1.85
14.5,0.5,1.9
14.5,0.5,1.95
14.5,0.5,2
14.5,0.5,2.05
14.5,0.5,2.1
14.5,0.5,2.15
14.5,0.5,2.2
14.5,0.5,2.25
14.5,0.5,2.3
14.5,0.5,2.35
14.5,0.5,2.4
14.5,0.5,2.45
14.5,0.5,2.5
14.5,0.5,2.55
14.5,0.5,2.6
14.5,0.5,2.65
14.5,0.5,2.7
14.5,0.5,2.75
14.5,0.5,2.8
14.5,0.5,2.85
14.5,0.5,2.9
14.5,0.5,2.95
14.5,0.5,3
14.5,0.5,3.05
14.5,0.5,3.1
14.5,0.5,3.15
14.5,0.5,3.2
14.5,0.5,3.25
14.5,0.5,3.3
14.5,0.5,3.35
14.5,0.5,3.4
14.5,0.5,3.45
14.5,0.5,3.5
14.5,0.5,3.55
14.5,0.5,3.6
14.5,0.5,3.65
14.5,0.5,3.7
14.5,0.5,3.75
14.5,0.5,3.8
14.5,0.5,3.85
14.5,0.5,3.9
14.5,0.5,3.95
14.5,0.5,4
14.5,0.5,4.05
14.5,0.5,4.1
14.5,0.5,4.15
14.5,0.5,4.2
14.5,0.5,4.25
14.5,0.5,4.3
14.5,0.5,4.35
14.5,0.5,4.4
14.5,0.5,4.45
14.5,0.5,4.5
14.5,0.5,4.55
14.5,0.5,4.6
14.5,0.5,4.65
14.5,0.5,4.7
14.5,0.5,4.75
14.5,0.5,4.8
14.5,0.5,4.85
14.5,0.5,4.9
14.5,0.5,4.95
14.5,0.5,5
14.5,1,0
14.5,1,0.05
14.5,1,0.1
14.5,1,0.15
14.5,1,0.2
14.5,1,0.25
14.5,1,0.3
14.5,1,0.35
14.5,1,0.4
14.5,1,0.45
14.5,1,0.5
14.5,1,0.55
14.5,1,0.6
14.5,1,0.65
14.5,1,0.7
14.5,1,0.75
14.5,1,0.8
14.5,1,0.85
14.5,1,0.9
14.5,1,0.95
14.5,1,1
14.5,1,1.05
14.5,1,1.1
14.5,1,1.15
14.5,1,1.2
14.5,1,1.25
14.5,1,1.3
14.5,1,1.35
14.5,1,1.4
14.5,1,1.45
14.5,1,1.5
14.5,1,1.55
14.5,1,1.6
14.5,1,1.65
14.5,1,1.7
14.5,1,1.75
14.5,1,1.8
14.5,1,1.85
14.5,1,1.9
14.5,1,1.95
14.5,1,2
14.5,1,2.05
14.5,1,2.1
14.5,1,2.15
14.5,1,2.2
14.5,1,2.25
14.5,1,2.3
14.5,1,2.35
14.5,1,2.4
14.5,1,2.45
14.5,1,2.5
14.5,1,2.55
14.5,1,2.6
14.5,1,2.65
14.5,1,2.7
14.5,1,2.75
14.5,1,2.8
14.5,1,2.85
14.5,1,2.9
14.5,1,2.95
14.5,1,3
14.5,1,3.05
14.5,1,3.1
14.5,1,3.15
14.5,1,3.2
14.5,1,3.25
14.5,1,3.3
14.5,1,3.35
14.5,1,3.4
14.5,1,3.45
14.5,1,3.5
14.5,1,3.55
14.5,1,3.6
14.5,1,3.65
14.5,1,3.7
14.5,1,3.75
14.5,1,3.8
14.5,1,3.85
14.5,1,3.9
14.5,1,3.95
14.5,1,4
14.5,1,4.05
14.5,1,4.1
14.5,1,4.15
14.5,1,4.2
14.5,1,4.25
14.5,1,4.3
14.5,1,4.35
14.5,1,4.4
14.5,1,4.45
14.5,1,4.5
14.5,1,4.55
14.5,1,4.6
14.5,1,4.65
14.5,1,4.7
14.5,1,4.75
14.5,1,4.8
14.5,1,4.85
14.5,1,4.9
14.5,1,4.95
14.5,1,5
14.5,1.5,0
14.5,1.5,0.05
14.5,1.5,0.1
14.5,1.5,0.15
14.5,1.5,0.2
14.5,1.5,0.25
14.5,1.5,0.3
14.5,1.5,0.35
14.5,1.5,0.4
14.5,1.5,0.45
14.5,1.5,0.5
14.5,1.5,0.55
14.5,1.5,0.6
14.5,1.5,0.65
14.5,1.5,0.7
14.5,1.5,0.75
14.5,1.5,0.8
14.5,1.5,0.85
14.5,1.5,0.9
14.5,1.5,0.95
14.5,1.5,1
14.5,1.5,1.05
14.5,1.5,1.1
14.5,1.5,1.15
14.5,1.5,1.2
14.5,1.5,1.25
14.5,1.5,1.3
14.5,1.5,1.35
14.5,1.5,1.4
14.5,1.5,1.45
14.5,1.5,1.5
14.5,1.5,1.55
14.5,1.5,1.6
14.5,1.5,1.65
14.5,1.5,1.7
14.5,1.5,1.75
14.5,1.5,1.8
14.5,1.5,1.85
14.5,1.5,1.9
14.5,1.5,1.95
14.5,1.5,2
14.5,1.5,2.05
14.5,1.5,2.1
14.5,1.5,2.15
14.5,1.5,2.2
14.5,1.5,2.25
14.5,1.5,2.3
14.5,1.5,2.35
14.5,1.5,2.4
14.5,1.5,2.45
14.5,1.5,2.5
14.5,1.5,2.55
14.5,1.5,2.6
14.5,1.5,2.65
14.5,1.5,2.7
14.5,1.5,2.75
14.5,1.5,2.8
14.5,1.5,2.85
14.5,1.5,2.9
14.5,1.5,2.95
14.5,1.5,3
14.5,1.5,3.05
14.5,1.5,3.1
14.5,1.5,3.15
14.5,1.5,3.2
14.5,1.5,3.25
14.5,1.5,3.3
14.5,1.5,3.35
14.5,1.5,3.4
14.5,1.5,3.45
14.5,1.5,3.5
14.5,1.5,3.55
14.5,1.5,3.6
14.5,1.5,3.65
14.5,1.5,3.7
14.5,1.5,3.75
14.5,1.5,3.8
14.5,1.5,3.85
14.5,1.5,3.9
14.5,1.5,3.95
14.5,1.5,4
14.5,1.5,4.05
14.5,1.5,4.1
14.5,1.5,4.15
14.5,1.5,4.2
14.5,1.5,4.25
14.5,1.5,4.3
14.5,1.5,4.35
14.5,1.5,4.4
14.5,1.5,4.45
14.5,1.5,4.5
14.5,1.5,4.55
14.5,1.5,4.6
14.5,1.5,4.65
14.5,1.5,4.7
14.5,1.5,4.75
14.5,1.5,4.8
14.5,1.5,4.85
14.5,1.5,4.9
14.5,1.5,4.95
14.5,1.5,5
14.5,2,0
14.5,2,0.05
14.5,2,0.1
14.5,2,0.15
14.5,2,0.2
14.5,2,0.25
14.5,2,0.3
14.5,2,0.35
14.5,2,0.4
14.5,2,0.45
14.5,2,0.5
14.5,2,0.55
14.5,2,0.6
14.5,2,0.65
14.5,2,0.7
14.5,2,0.75
14.5,2,0.8
14.5,2,0.85
14.5,2,0.9
14.5,2,0.95
14.5,2,1
14.5,2,1.05
14.5,2,1.1
14.5,2,1.15
14.5,2,1.2
14.5,2,1.25
14.5,2,1.3
14.5,2,1.35
14.5,2,1.4
14.5,2,1.45
14.5,2,1.5
14.5,2,1.55
14.5,2,1.6
14.5,2,1.65
14.5,2,1.7
14.5,2,1.75
14.5,2,1.8
14.5,2,1.85
14.5,2,1.9
14.5,2,1.95
14.5,2,2
14.5,2,2.05
14.5,2,2.1
14.5,2,2.15
14.5,2,2.2
14.5,2,2.25
14.5,2,2.3
14.5,2,2.35
14.5,2,2.4
14.5,2,2.45
14.5,2,2.5
14.5,2,2.55
14.5,2,2.6
14.5,2,2.65
14.5,2,2.7
14.5,2,2.75
14.5,2,2.8
14.5,2,2.85
14.5,2,2.9
14.5,2,2.95
14.5,2,3
14.5,2,3.05
14.5,2,3.1
14.5,2,3.15
14.5,2,3.2
14.5,2,3.25
14.5,2,3.3
14.5,2,3.35
14.5,2,3.4
14.5,2,3.45
14.5,2,3.5
14.5,2,3.55
14.5,2,3.6
14.5,2,3.65
14.5,2,3.7
14.5,2,3.75
14.5,2,3.8
14.5,2,3.85
14.5,2,3.9
14.5,2,3.95
14.5,2,4
14.5,2,4.05
14.5,2,4.1
14.5,2,4.15
14.5,2,4.2
14.5,2,4.25
14.5,2,4.3
14.5,2,4.35
14.5,2,4.4
14.5,2,4.45
14.5,2,4.5
14.5,2,4.55
14.5,2,4.6
14.5,2,4.65
14.5,2,4.7
14.5,2,4.75
14.5,2,4.8
14.5,2,4.85
14.5,2,4.9
14.5,2,4.95
14.5,2,5
14.5,2.5,0
14.5,2.5,0.05
14.5,2.5,0.1
14.5,2.5,0.15
14.5,2.5,0.2
14.5,2.5,0.25
14.5,2.5,0.3
14.5,2.5,0.35
14.5,2.5,0.4
14.5,2.5,0.45
14.5,2.5,0.5
14.5,2.5,0.55
14.5,2.5,0.6
14.5,2.5,0.65
14.5,2.5,0.7
14.5,2.5,0.75
14.5,2.5,0.8
14.5,2.5,0.85
14.5,2.5,0.9
14.5,2.5,0.95
14.5,2.5,1
14.5,2.5,1.05
14.5,2.5,1.1
14.5,2.5,1.15
14.5,2.5,1.2
14.5,2.5,1.25
14.5,2.5,1.3
14.5,2.5,1.35
14.5,2.5,1.4
14.5,2.5,1.45
14.5,2.5,1.5
14.5,2.5,1.55
14.5,2.5,1.6
14.5,2.5,1.65
14.5,2.5,1.7
14.5,2.5,1.75
14.5,2.5,1.8
14.5,2.5,1.85
14.5,2.5,1.9
14.5,2.5,1.95
14.5,2.5,2
14.5,2.5,2.05
14.5,2.5,2.1
14.5,2.5,2.15
14.5,2.5,2.2
14.5,2.5,2.25
14.5,2.5,2.3
14.5,2.5,2.35
14.5,2.5,2.4
14.5,2.5,2.45
14.5,2.5,2.5
14.5,2.5,2.55
14.5,2.5,2.6
14.5,2.5,2.65
14.5,2.5,2.7
14.5,2.5,2.75
14.5,2.5,2.8
14.5,2.5,2.85
14.5,2.5,2.9
14.5,2.5,2.95
14.5,2.5,3
14.5,2.5,3.05
14.5,2.5,3.1
14.5,2.5,3.15
14.5,2.5,3.2
14.5,2.5,3.25
14.5,2.5,3.3
14.5,2.5,3.35
14.5,2.5,3.4
14.5,2.5,3.45
14.5,2.5,3.5
14.5,2.5,3.55
14.5,2.5,3.6
14.5,2.5,3.65
14.5,2.5,3.7
14.5,2.5,3.75
14.5,2.5,3.8
14.5,2.5,3.85
14.5,2.5,3.9
14.5,2.5,3.95
14.5,2.5,4
14.5,2.5,4.05
14.5,2.5,4.1
14.5,2.5,4.15
14.5,2.5,4.2
14.5,2.5,4.25
14.5,2.5,4.3
14.5,2.5,4.35
14.5,2.5,4.4
14.5,2.5,4.45
14.5,2.5,4.5
14.5,2.5,4.55
14.5,2.5,4.6
14.5,2.5,4.65
14.5,2.5,4.7
14.5,2.5,4.75
14.5,2.5,4.8
14.5,2.5,4.85
14.5,2.5,4.9
14.5,2.5,4.95
14.5,2.5,5
14.5,3,0
14.5,3,0.05
14.5,3,0.1
14.5,3,0.15
14.5,3,0.2
14.5,3,0.25
14.5,3,0.3
14.5,3,0.35
14.5,3,0.4
14.5,3,0.45
14.5,3,0.5
14.5,3,0.55
14.5,3,0.6
14.5,3,0.65
14.5,3,0.7
14.5,3,0.75
14.5,3,0.8
14.5,3,0.85
14.5,3,0.9
14.5,3,0.95
14.5,3,1
14.5,3,1.05
14.5,3,1.1
14.5,3,1.15
14.5,3,1.2
14.5,3,1.25
14.5,3,1.3
14.5,3,1.35
14.5,3,1.4
14.5,3,1.45
14.5,3,1.5
14.5,3,1.55
14.5,3,1.6
14.5,3,1.65
14.5,3,1.7
14.5,3,1.75
14.5,3,1.8
14.5,3,1.85
14.5,3,1.9
14.5,3,1.95
14.5,3,2
14.5,3,2.05
14.5,3,2.1
14.5,3,2.15
14.5,3,2.2
14.5,3,2.25
14.5,3,2.3
14.5,3,2.35
14.5,3,2.4
14.5,3,2.45
14.5,3,2.5
14.5,3,2.55
14.5,3,2.6
14.5,3,2.65
14.5,3,2.7
14.5,3,2.75
14.5,3,2.8
14.5,3,2.85
14.5,3,2.9
14.5,3,2.95
14.5,3,3
14.5,3,3.05
14.5,3,3.1
14.5,3,3.15
14.5,3,3.2
14.5,3,3.25
14.5,3,3.3
14.5,3,3.35
14.5,3,3.4
14.5,3,3.45
14.5,3,3.5
14.5,3,3.55
14.5,3,3.6
14.5,3,3.65
14.5,3,3.7
14.5,3,3.75
14.5,3,3.8
14.5,3,3.85
14.5,3,3.9
14.5,3,3.95
14.5,3,4
14.5,3,4.05
14.5,3,4.1
14.5,3,4.15
14.5,3,4.2
14.5,3,4.25
14.5,3,4.3
14.5,3,4.35
14.5,3,4.4
14.5,3,4.45
14.5,3,4.5
14.5,3,4.55
14.5,3,4.6
14.5,3,4.65
14.5,3,4.7
14.5,3,4.75
14.5,3,4.8
14.5,3,4.85
14.5,3,4.9
14.5,3,4.95
14.5,3,5
14.5,3.5,0
14.5,3.5,0.05
14.5,3.5,0.1
14.5,3.5,0.15
14.5,3.5,0.2
14.5,3.5,0.25
14.5,3.5,0.3
14.5,3.5,0.35
14.5,3.5,0.4
14.5,3.5,0.45
14.5,3.5,0.5
14.5,3.5,0.55
14.5,3.5,0.6
14.5,3.5,0.65
14.5,3.5,0.7
14.5,3.5,0.75
14.5,3.5,0.8
14.5,3.5,0.85
14.5,3.5,0.9
14.5,3.5,0.95
14.5,3.5,1
14.5,3.5,1.05
14.5,3.5,1.1
14.5,3.5,1.15
14.5,3.5,1.2
14.5,3.5,1.25
14.5,3.5,1.3
14.5,3.5,1.35
14.5,3.5,1.4
14.5,3.5,1.45
14.5,3.5,1.5
14.5,3.5,1.55
14.5,3.5,1.6
14.5,3.5,1.65
14.5,3.5,1.7
14.5,3.5,1.75
14.5,3.5,1.8
14.5,3.5,1.85
14.5,3.5,1.9
14.5,3.5,1.95
14.5,3.5,2
14.5,3.5,2.05
14.5,3.5,2.1
14.5,3.5,2.15
14.5,3.5,2.2
14.5,3.5,2.25
14.5,3.5,2.3
14.5,3.5,2.35
14.5,3.5,2.4
14.5,3.5,2.45
14.5,3.5,2.5
14.5,3.5,2.55
14.5,3.5,2.6
14.5,3.5,2.65
14.5,3.5,2.7
14.5,3.5,2.75
14.5,3.5,2.8
14.5,3.5,2.85
14.5,3.5,2.9
14.5,3.5,2.95
14.5,3.5,3
14.5,3.5,3.05
14.5,3.5,3.1
14.5,3.5,3.15
14.5,3.5,3.2
14.5,3.5,3.25
14.5,3.5,3.3
14.5,3.5,3.35
14.5,3.5,3.4
14.5,3.5,3.45
14.5,3.5,3.5
14.5,3.5,3.55
14.5,3.5,3.6
14.5,3.5,3.65
14.5,3.5,3.7
14.5,3.5,3.75
14.5,3.5,3.8
14.5,3.5,3.85
14.5,3.5,3.9
14.5,3.5,3.95
14.5,3.5,4
14.5,3.5,4.05
14.5,3.5,4.1
14.5,3.5,4.15
14.5,3.5,4.2
14.5,3.5,4.25
14.5,3.5,4.3
14.5,3.5,4.35
14.5,3.5,4.4
14.5,3.5,4.45
14.5,3.5,4.5
14.5,3.5,4.55
14.5,3.5,4.6
14.5,3.5,4.65
14.5,3.5,4.7
14.5,3.5,4.75
14.5,3.5,4.8
14.5,3.5,4.85
14.5,3.5,4.9
14.5,3.5,4.95
14.5,3.5,5
14.5,4,0
14.5,4,0.05
14.5,4,0.1
14.5,4,0.15
14.5,4,0.2
14.5,4,0.25
14.5,4,0.3
14.5,4,0.35
14.5,4,0.4
14.5,4,0.45
14.5,4,0.5
14.5,4,0.55
14.5,4,0.6
14.5,4,0.65
14.5,4,0.7
14.5,4,0.75
14.5,4,0.8
14.5,4,0.85
14.5,4,0.9
14.5,4,0.95
14.5,4,1
14.5,4,1.05
14.5,4,1.1
14.5,4,1.15
14.5,4,1.2
14.5,4,1.25
14.5,4,1.3
14.5,4,1.35
14.5,4,1.4
14.5,4,1.45
14.5,4,1.5
14.5,4,1.55
14.5,4,1.6
14.5,4,1.65
14.5,4,1.7
14.5,4,1.75
14.5,4,1.8
14.5,4,1.85
14.5,4,1.9
14.5,4,1.95
14.5,4,2
14.5,4,2.05
14.5,4,2.1
14.5,4,2.15
14.5,4,2.2
14.5,4,2.25
14.5,4,2.3
14.5,4,2.35
14.5,4,2.4
14.5,4,2.45
14.5,4,2.5
14.5,4,2.55
14.5,4,2.6
14.5,4,2.65
14.5,4,2.7
14.5,4,2.75
14.5,4,2.8
14.5,4,2.85
14.5,4,2.9
14.5,4,2.95
14.5,4,3
14.5,4,3.05
14.5,4,3.1
14.5,4,3.15
14.5,4,3.2
14.5,4,3.25
14.5,4,3.3
14.5,4,3.35
14.5,4,3.4
14.5,4,3.45
14.5,4,3.5
14.5,4,3.55
14.5,4,3.6
14.5,4,3.65
14.5,4,3.7
14.5,4,3.75
14.5,4,3.8
14.5,4,3.85
14.5,4,3.9
14.5,4,3.95
14.5,4,4
14.5,4,4.05
14.5,4,4.1
14.5,4,4.15
14.5,4,4.2
14.5,4,4.25
14.5,4,4.3
14.5,4,4.35
14.5,4,4.4
14.5,4,4.45
14.5,4,4.5
14.5,4,4.55
14.5,4,4.6
14.5,4,4.65
14.5,4,4.7
14.5,4,4.75
14.5,4,4.8
14.5,4,4.85
14.5,4,4.9
14.5,4,4.95
14.5,4,5
14.5,4.5,0
14.5,4.5,0.05
14.5,4.5,0.1
14.5,4.5,0.15
14.5,4.5,0.2
14.5,4.5,0.25
14.5,4.5,0.3
14.5,4.5,0.35
14.5,4.5,0.4
14.5,4.5,0.45
14.5,4.5,0.5
14.5,4.5,0.55
14.5,4.5,0.6
14.5,4.5,0.65
14.5,4.5,0.7
14.5,4.5,0.75
14.5,4.5,0.8
14.5,4.5,0.85
14.5,4.5,0.9
14.5,4.5,0.95
14.5,4.5,1
14.5,4.5,1.05
14.5,4.5,1.1
14.5,4.5,1.15
14.5,4.5,1.2
14.5,4.5,1.25
14.5,4.5,1.3
14.5,4.5,1.35
14.5,4.5,1.4
14.5,4.5,1.45
14.5,4.5,1.5
14.5,4.5,1.55
14.5,4.5,1.6
14.5,4.5,1.65
14.5,4.5,1.7
14.5,4.5,1.75
14.5,4.5,1.8
14.5,4.5,1.85
14.5,4.5,1.9
14.5,4.5,1.95
14.5,4.5,2
14.5,4.5,2.05
14.5,4.5,2.1
14.5,4.5,2.15
14.5,4.5,2.2
14.5,4.5,2.25
14.5,4.5,2.3
14.5,4.5,2.35
14.5,4.5,2.4
14.5,4.5,2.45
14.5,4.5,2.5
14.5,4.5,2.55
14.5,4.5,2.6
14.5,4.5,2.65
14.5,4.5,2.7
14.5,4.5,2.75
14.5,4.5,2.8
14.5,4.5,2.85
14.5,4.5,2.9
14.5,4.5,2.95
14.5,4.5,3
14.5,4.5,3.05
14.5,4.5,3.1
14.5,4.5,3.15
14.5,4.5,3.2
14.5,4.5,3.25
14.5,4.5,3.3
14.5,4.5,3.35
14.5,4.5,3.4
14.5,4.5,3.45
14.5,4.5,3.5
14.5,4.5,3.55
14.5,4.5,3.6
14.5,4.5,3.65
14.5,4.5,3.7
14.5,4.5,3.75
14.5,4.5,3.8
14.5,4.5,3.85
14.5,4.5,3.9
14.5,4.5,3.95
14.5,4.5,4
14.5,4.5,4.05
14.5,4.5,4.1
14.5,4.5,4.15
14.5,4.5,4.2
14.5,4.5,4.25
14.5,4.5,4.3
14.5,4.5,4.35
14.5,4.5,4.4
14.5,4.5,4.45
14.5,4.5,4.5
14.5,4.5,4.55
14.5,4.5,4.6
14.5,4.5,4.65
14.5,4.5,4.7
14.5,4.5,4.75
14.5,4.5,4.8
14.5,4.5,4.85
14.5,4.5,4.9
14.5,4.5,4.95
14.5,4.5,5
14.5,5,0
14.5,5,0.05
14.5,5,0.1
14.5,5,0.15
14.5,5,0.2
14.5,5,0.25
14.5,5,0.3
14.5,5,0.35
14.5,5,0.4
14.5,5,0.45
14.5,5,0.5
14.5,5,0.55
14.5,5,0.6
14.5,5,0.65
14.5,5,0.7
14.5,5,0.75
14.5,5,0.8
14.5,5,0.85
14.5,5,0.9
14.5,5,0.95
14.5,5,1
14.5,5,1.05
14.5,5,1.1
14.5,5,1.15
14.5,5,1.2
14.5,5,1.25
14.5,5,1.3
14.5,5,1.35
14.5,5,1.4
14.5,5,1.45
14.5,5,1.5
14.5,5,1.55
14.5,5,1.6
14.5,5,1.65
14.5,5,1.7
14.5,5,1.75
14.5,5,1.8
14.5,5,1.85
14.5,5,1.9
14.5,5,1.95
14.5,5,2
14.5,5,2.05
14.5,5,2.1
14.5,5,2.15
14.5,5,2.2
14.5,5,2.25
14.5,5,2.3
14.5,5,2.35
14.5,5,2.4
14.5,5,2.45
14.5,5,2.5
14.5,5,2.55
14.5,5,2.6
14.5,5,2.65
14.5,5,2.7
14.5,5,2.75
14.5,5,2.8
14.5,5,2.85
14.5,5,2.9
14.5,5,2.95
14.5,5,3
14.5,5,3.05
14.5,5,3.1
14.5,5,3.15
14.5,5,3.2
14.5,5,3.25
14.5,5,3.3
14.5,5,3.35
14.5,5,3.4
14.5,5,3.45
14.5,5,3.5
14.5,5,3.55
14.5,5,3.6
14.5,5,3.65
14.5,5,3.7
14.5,5,3.75
14.5,5,3.8
14.5,5,3.85
14.5,5,3.9
14.5,5,3.95
14.5,5,4
14.5,5,4.05
14.5,5,4.1
14.5,5,4.15
14.5,5,4.2
14.5,5,4.25
14.5,5,4.3
14.5,5,4.35
14.5,5,4.4
14.5,5,4.45
14.5,5,4.5
14.5,5,4.55
14.5,5,4.6
14.5,5,4.65
14.5,5,4.7
14.5,5,4.75
14.5,5,4.8
14.5,5,4.85
14.5,5,4.9
14.5,5,4.95
14.5,5,5
14.5,5.5,0
14.5,5.5,0.05
14.5,5.5,0.1
14.5,5.5,0.15
14.5,5.5,0.2
14.5,5.5,0.25
14.5,5.5,0.3
14.5,5.5,0.35
14.5,5.5,0.4
14.5,5.5,0.45
14.5,5.5,0.5
14.5,5.5,0.55
14.5,5.5,0.6
14.5,5.5,0.65
14.5,5.5,0.7
14.5,5.5,0.75
14.5,5.5,0.8
14.5,5.5,0.85
14.5,5.5,0.9
14.5,5.5,0.95
14.5,5.5,1
14.5,5.5,1.05
14.5,5.5,1.1
14.5,5.5,1.15
14.5,5.5,1.2
14.5,5.5,1.25
14.5,5.5,1.3
14.5,5.5,1.35
14.5,5.5,1.4
14.5,5.5,1.45
14.5,5.5,1.5
14.5,5.5,1.55
14.5,5.5,1.6
14.5,5.5,1.65
14.5,5.5,1.7
14.5,5.5,1.75
14.5,5.5,1.8
14.5,5.5,1.85
14.5,5.5,1.9
14.5,5.5,1.95
14.5,5.5,2
14.5,5.5,2.05
14.5,5.5,2.1
14.5,5.5,2.15
14.5,5.5,2.2
14.5,5.5,2.25
14.5,5.5,2.3
14.5,5.5,2.35
14.5,5.5,2.4
14.5,5.5,2.45
14.5,5.5,2.5
14.5,5.5,2.55
14.5,5.5,2.6
14.5,5.5,2.65
14.5,5.5,2.7
14.5,5.5,2.75
14.5,5.5,2.8
14.5,5.5,2.85
14.5,5.5,2.9
14.5,5.5,2.95
14.5,5.5,3
14.5,5.5,3.05
14.5,5.5,3.1
14.5,5.5,3.15
14.5,5.5,3.2
14.5,5.5,3.25
14.5,5.5,3.3
14.5,5.5,3.35
14.5,5.5,3.4
14.5,5.5,3.45
14.5,5.5,3.5
14.5,5.5,3.55
14.5,5.5,3.6
14.5,5.5,3.65
14.5,5.5,3.7
14.5,5.5,3.75
14.5,5.5,3.8
14.5,5.5,3.85
14.5,5.5,3.9
14.5,5.5,3.95
14.5,5.5,4
14.5,5.5,4.05
14.5,5.5,4.1
14.5,5.5,4.15
14.5,5.5,4.2
14.5,5.5,4.25
14.5,5.5,4.3
14.5,5.5,4.35
14.5,5.5,4.4
14.5,5.5,4.45
14.5,5.5,4.5
14.5,5.5,4.55
14.5,5.5,4.6
14.5,5.5,4.65
14.5,5.5,4.7
14.5,5.5,4.75
14.5,5.5,4.8
14.5,5.5,4.85
14.5,5.5,4.9
14.5,5.5,4.95
14.5,5.5,5
14.5,6,0
14.5,6,0.05
14.5,6,0.1
14.5,6,0.15
14.5,6,0.2
14.5,6,0.25
14.5,6,0.3
14.5,6,0.35
14.5,6,0.4
14.5,6,0.45
14.5,6,0.5
14.5,6,0.55
14.5,6,0.6
14.5,6,0.65
14.5,6,0.7
14.5,6,0.75
14.5,6,0.8
14.5,6,0.85
14.5,6,0.9
14.5,6,0.95
14.5,6,1
14.5,6,1.05
14.5,6,1.1
14.5,6,1.15
14.5,6,1.2
14.5,6,1.25
14.5,6,1.3
14.5,6,1.35
14.5,6,1.4
14.5,6,1.45
14.5,6,1.5
14.5,6,1.55
14.5,6,1.6
14.5,6,1.65
14.5,6,1.7
14.5,6,1.75
14.5,6,1.8
14.5,6,1.85
14.5,6,1.9
14.5,6,1.95
14.5,6,2
14.5,6,2.05
14.5,6,2.1
14.5,6,2.15
14.5,6,2.2
14.5,6,2.25
14.5,6,2.3
14.5,6,2.35
14.5,6,2.4
14.5,6,2.45
14.5,6,2.5
14.5,6,2.55
14.5,6,2.6
14.5,6,2.65
14.5,6,2.7
14.5,6,2.75
14.5,6,2.8
14.5,6,2.85
14.5,6,2.9
14.5,6,2.95
14.5,6,3
14.5,6,3.05
14.5,6,3.1
14.5,6,3.15
14.5,6,3.2
14.5,6,3.25
14.5,6,3.3
14.5,6,3.35
14.5,6,3.4
14.5,6,3.45
14.5,6,3.5
14.5,6,3.55
14.5,6,3.6
14.5,6,3.65
14.5,6,3.7
14.5,6,3.75
14.5,6,3.8
14.5,6,3.85
14.5,6,3.9
14.5,6,3.95
14.5,6,4
14.5,6,4.05
14.5,6,4.1
14.5,6,4.15
14.5,6,4.2
14.5,6,4.25
14.5,6,4.3
14.5,6,4.35
14.5,6,4.4
14.5,6,4.45
14.5,6,4.5
14.5,6,4.55
14.5,6,4.6
14.5,6,4.65
14.5,6,4.7
14.5,6,4.75
14.5,6,4.8
14.5,6,4.85
14.5,6,4.9
14.5,6,4.95
14.5,6,5
14.5,6.5,0
14.5,6.5,0.05
14.5,6.5,0.1
14.5,6.5,0.15
14.5,6.5,0.2
14.5,6.5,0.25
14.5,6.5,0.3
14.5,6.5,0.35
14.5,6.5,0.4
14.5,6.5,0.45
14.5,6.5,0.5
14.5,6.5,0.55
14.5,6.5,0.6
14.5,6.5,0.65
14.5,6.5,0.7
14.5,6.5,0.75
14.5,6.5,0.8
14.5,6.5,0.85
14.5,6.5,0.9
14.5,6.5,0.95
14.5,6.5,1
14.5,6.5,1.05
14.5,6.5,1.1
14.5,6.5,1.15
14.5,6.5,1.2
14.5,6.5,1.25
14.5,6.5,1.3
14.5,6.5,1.35
14.5,6.5,1.4
14.5,6.5,1.45
14.5,6.5,1.5
14.5,6.5,1.55
14.5,6.5,1.6
14.5,6.5,1.65
14.5,6.5,1.7
14.5,6.5,1.75
14.5,6.5,1.8
14.5,6.5,1.85
14.5,6.5,1.9
14.5,6.5,1.95
14.5,6.5,2
14.5,6.5,2.05
14.5,6.5,2.1
14.5,6.5,2.15
14.5,6.5,2.2
14.5,6.5,2.25
14.5,6.5,2.3
14.5,6.5,2.35
14.5,6.5,2.4
14.5,6.5,2.45
14.5,6.5,2.5
14.5,6.5,2.55
14.5,6.5,2.6
14.5,6.5,2.65
14.5,6.5,2.7
14.5,6.5,2.75
14.5,6.5,2.8
14.5,6.5,2.85
14.5,6.5,2.9
14.5,6.5,2.95
14.5,6.5,3
14.5,6.5,3.05
14.5,6.5,3.1
14.5,6.5,3.15
14.5,6.5,3.2
14.5,6.5,3.25
14.5,6.5,3.3
14.5,6.5,3.35
14.5,6.5,3.4
14.5,6.5,3.45
14.5,6.5,3.5
14.5,6.5,3.55
14.5,6.5,3.6
14.5,6.5,3.65
14.5,6.5,3.7
14.5,6.5,3.75
14.5,6.5,3.8
14.5,6.5,3.85
14.5,6.5,3.9
14.5,6.5,3.95
14.5,6.5,4
14.5,6.5,4.05
14.5,6.5,4.1
14.5,6.5,4.15
14.5,6.5,4.2
14.5,6.5,4.25
14.5,6.5,4.3
14.5,6.5,4.35
14.5,6.5,4.4
14.5,6.5,4.45
14.5,6.5,4.5
14.5,6.5,4.55
14.5,6.5,4.6
14.5,6.5,4.65
14.5,6.5,4.7
14.5,6.5,4.75
14.5,6.5,4.8
14.5,6.5,4.85
14.5,6.5,4.9
14.5,6.5,4.95
14.5,6.5,5
14.5,7,0
14.5,7,0.05
14.5,7,0.1
14.5,7,0.15
14.5,7,0.2
14.5,7,0.25
14.5,7,0.3
14.5,7,0.35
14.5,7,0.4
14.5,7,0.45
14.5,7,0.5
14.5,7,0.55
14.5,7,0.6
14.5,7,0.65
14.5,7,0.7
14.5,7,0.75
14.5,7,0.8
14.5,7,0.85
14.5,7,0.9
14.5,7,0.95
14.5,7,1
14.5,7,1.05
14.5,7,1.1
14.5,7,1.15
14.5,7,1.2
14.5,7,1.25
14.5,7,1.3
14.5,7,1.35
14.5,7,1.4
14.5,7,1.45
14.5,7,1.5
14.5,7,1.55
14.5,7,1.6
14.5,7,1.65
14.5,7,1.7
14.5,7,1.75
14.5,7,1.8
14.5,7,1.85
14.5,7,1.9
14.5,7,1.95
14.5,7,2
14.5,7,2.05
14.5,7,2.1
14.5,7,2.15
14.5,7,2.2
14.5,7,2.25
14.5,7,2.3
14.5,7,2.35
14.5,7,2.4
14.5,7,2.45
14.5,7,2.5
14.5,7,2.55
14.5,7,2.6
14.5,7,2.65
14.5,7,2.7
14.5,7,2.75
14.5,7,2.8
14.5,7,2.85
14.5,7,2.9
14.5,7,2.95
14.5,7,3
14.5,7,3.05
14.5,7,3.1
14.5,7,3.15
14.5,7,3.2
14.5,7,3.25
14.5,7,3.3
14.5,7,3.35
14.5,7,3.4
14.5,7,3.45
14.5,7,3.5
14.5,7,3.55
14.5,7,3.6
14.5,7,3.65
14.5,7,3.7
14.5,7,3.75
14.5,7,3.8
14.5,7,3.85
14.5,7,3.9
14.5,7,3.95
14.5,7,4
14.5,7,4.05
14.5,7,4.1
14.5,7,4.15
14.5,7,4.2
14.5,7,4.25
14.5,7,4.3
14.5,7,4.35
14.5,7,4.4
14.5,7,4.45
14.5,7,4.5
14.5,7,4.55
14.5,7,4.6
14.5,7,4.65
14.5,7,4.7
14.5,7,4.75
14.5,7,4.8
14.5,7,4.85
14.5,7,4.9
14.5,7,4.95
14.5,7,5
14.5,7.5,0
14.5,7.5,0.05
14.5,7.5,0.1
14.5,7.5,0.15
14.5,7.5,0.2
14.5,7.5,0.25
14.5,7.5,0.3
14.5,7.5,0.35
14.5,7.5,0.4
14.5,7.5,0.45
14.5,7.5,0.5
14.5,7.5,0.55
14.5,7.5,0.6
14.5,7.5,0.65
14.5,7.5,0.7
14.5,7.5,0.75
14.5,7.5,0.8
14.5,7.5,0.85
14.5,7.5,0.9
14.5,7.5,0.95
14.5,7.5,1
14.5,7.5,1.05
14.5,7.5,1.1
14.5,7.5,1.15
14.5,7.5,1.2
14.5,7.5,1.25
14.5,7.5,1.3
14.5,7.5,1.35
14.5,7.5,1.4
14.5,7.5,1.45
14.5,7.5,1.5
14.5,7.5,1.55
14.5,7.5,1.6
14.5,7.5,1.65
14.5,7.5,1.7
14.5,7.5,1.75
14.5,7.5,1.8
14.5,7.5,1.85
14.5,7.5,1.9
14.5,7.5,1.95
14.5,7.5,2
14.5,7.5,2.05
14.5,7.5,2.1
14.5,7.5,2.15
14.5,7.5,2.2
14.5,7.5,2.25
14.5,7.5,2.3
14.5,7.5,2.35
14.5,7.5,2.4
14.5,7.5,2.45
14.5,7.5,2.5
14.5,7.5,2.55
14.5,7.5,2.6
14.5,7.5,2.65
14.5,7.5,2.7
14.5,7.5,2.75
14.5,7.5,2.8
14.5,7.5,2.85
14.5,7.5,2.9
14.5,7.5,2.95
14.5,7.5,3
14.5,7.5,3.05
14.5,7.5,3.1
14.5,7.5,3.15
14.5,7.5,3.2
14.5,7.5,3.25
14.5,7.5,3.3
14.5,7.5,3.35
14.5,7.5,3.4
14.5,7.5,3.45
14.5,7.5,3.5
14.5,7.5,3.55
14.5,7.5,3.6
14.5,7.5,3.65
14.5,7.5,3.7
14.5,7.5,3.75
14.5,7.5,3.8
14.5,7.5,3.85
14.5,7.5,3.9
14.5,7.5,3.95
14.5,7.5,4
14.5,7.5,4.05
14.5,7.5,4.1
14.5,7.5,4.15
14.5,7.5,4.2
14.5,7.5,4.25
14.5,7.5,4.3
14.5,7.5,4.35
14.5,7.5,4.4
14.5,7.5,4.45
14.5,7.5,4.5
14.5,7.5,4.55
14.5,7.5,4.6
14.5,7.5,4.65
14.5,7.5,4.7
14.5,7.5,4.75
14.5,7.5,4.8
14.5,7.5,4.85
14.5,7.5,4.9
14.5,7.5,4.95
14.5,7.5,5
14.5,8,0
14.5,8,0.05
14.5,8,0.1
14.5,8,0.15
14.5,8,0.2
14.5,8,0.25
14.5,8,0.3
14.5,8,0.35
14.5,8,0.4
14.5,8,0.45
14.5,8,0.5
14.5,8,0.55
14.5,8,0.6
14.5,8,0.65
14.5,8,0.7
14.5,8,0.75
14.5,8,0.8
14.5,8,0.85
14.5,8,0.9
14.5,8,0.95
14.5,8,1
14.5,8,1.05
14.5,8,1.1
14.5,8,1.15
14.5,8,1.2
14.5,8,1.25
14.5,8,1.3
14.5,8,1.35
14.5,8,1.4
14.5,8,1.45
14.5,8,1.5
14.5,8,1.55
14.5,8,1.6
14.5,8,1.65
14.5,8,1.7
14.5,8,1.75
14.5,8,1.8
14.5,8,1.85
14.5,8,1.9
14.5,8,1.95
14.5,8,2
14.5,8,2.05
14.5,8,2.1
14.5,8,2.15
14.5,8,2.2
14.5,8,2.25
14.5,8,2.3
14.5,8,2.35
14.5,8,2.4
14.5,8,2.45
14.5,8,2.5
14.5,8,2.55
14.5,8,2.6
14.5,8,2.65
14.5,8,2.7
14.5,8,2.75
14.5,8,2.8
14.5,8,2.85
14.5,8,2.9
14.5,8,2.95
14.5,8,3
14.5,8,3.05
14.5,8,3.1
14.5,8,3.15
14.5,8,3.2
14.5,8,3.25
14.5,8,3.3
14.5,8,3.35
14.5,8,3.4
14.5,8,3.45
14.5,8,3.5
14.5,8,3.55
14.5,8,3.6
14.5,8,3.65
14.5,8,3.7
14.5,8,3.75
14.5,8,3.8
14.5,8,3.85
14.5,8,3.9
14.5,8,3.95
14.5,8,4
14.5,8,4.05
14.5,8,4.1
14.5,8,4.15
14.5,8,4.2
14.5,8,4.25
14.5,8,4.3
14.5,8,4.35
14.5,8,4.4
14.5,8,4.45
14.5,8,4.5
14.5,8,4.55
14.5,8,4.6
14.5,8,4.65
14.5,8,4.7
14.5,8,4.75
14.5,8,4.8
14.5,8,4.85
14.5,8,4.9
14.5,8,4.95
14.5,8,5
14.5,8.5,0
14.5,8.5,0.05
14.5,8.5,0.1
14.5,8.5,0.15
14.5,8.5,0.2
14.5,8.5,0.25
14.5,8.5,0.3
14.5,8.5,0.35
14.5,8.5,0.4
14.5,8.5,0.45
14.5,8.5,0.5
14.5,8.5,0.55
14.5,8.5,0.6
14.5,8.5,0.65
14.5,8.5,0.7
14.5,8.5,0.75
14.5,8.5,0.8
14.5,8.5,0.85
14.5,8.5,0.9
14.5,8.5,0.95
14.5,8.5,1
14.5,8.5,1.05
14.5,8.5,1.1
14.5,8.5,1.15
14.5,8.5,1.2
14.5,8.5,1.25
14.5,8.5,1.3
14.5,8.5,1.35
14.5,8.5,1.4
14.5,8.5,1.45
14.5,8.5,1.5
14.5,8.5,1.55
14.5,8.5,1.6
14.5,8.5,1.65
14.5,8.5,1.7
14.5,8.5,1.75
14.5,8.5,1.8
14.5,8.5,1.85
14.5,8.5,1.9
14.5,8.5,1.95
14.5,8.5,2
14.5,8.5,2.05
14.5,8.5,2.1
14.5,8.5,2.15
14.5,8.5,2.2
14.5,8.5,2.25
14.5,8.5,2.3
14.5,8.5,2.35
14.5,8.5,2.4
14.5,8.5,2.45
14.5,8.5,2.5
14.5,8.5,2.55
14.5,8.5,2.6
14.5,8.5,2.65
14.5,8.5,2.7
14.5,8.5,2.75
14.5,8.5,2.8
14.5,8.5,2.85
14.5,8.5,2.9
14.5,8.5,2.95
14.5,8.5,3
14.5,8.5,3.05
14.5,8.5,3.1
14.5,8.5,3.15
14.5,8.5,3.2
14.5,8.5,3.25
14.5,8.5,3.3
14.5,8.5,3.35
14.5,8.5,3.4
14.5,8.5,3.45
14.5,8.5,3.5
14.5,8.5,3.55
14.5,8.5,3.6
14.5,8.5,3.65
14.5,8.5,3.7
14.5,8.5,3.75
14.5,8.5,3.8
14.5,8.5,3.85
14.5,8.5,3.9
14.5,8.5,3.95
14.5,8.5,4
14.5,8.5,4.05
14.5,8.5,4.1
14.5,8.5,4.15
14.5,8.5,4.2
14.5,8.5,4.25
14.5,8.5,4.3
14.5,8.5,4.35
14.5,8.5,4.4
14.5,8.5,4.45
14.5,8.5,4.5
14.5,8.5,4.55
14.5,8.5,4.6
14.5,8.5,4.65
14.5,8.5,4.7
14.5,8.5,4.75
14.5,8.5,4.8
14.5,8.5,4.85
14.5,8.5,4.9
14.5,8.5,4.95
14.5,8.5,5
14.5,9,0
14.5,9,0.05
14.5,9,0.1
14.5,9,0.15
14.5,9,0.2
14.5,9,0.25
14.5,9,0.3
14.5,9,0.35
14.5,9,0.4
14.5,9,0.45
14.5,9,0.5
14.5,9,0.55
14.5,9,0.6
14.5,9,0.65
14.5,9,0.7
14.5,9,0.75
14.5,9,0.8
14.5,9,0.85
14.5,9,0.9
14.5,9,0.95
14.5,9,1
14.5,9,1.05
14.5,9,1.1
14.5,9,1.15
14.5,9,1.2
14.5,9,1.25
14.5,9,1.3
14.5,9,1.35
14.5,9,1.4
14.5,9,1.45
14.5,9,1.5
14.5,9,1.55
14.5,9,1.6
14.5,9,1.65
14.5,9,1.7
14.5,9,1.75
14.5,9,1.8
14.5,9,1.85
14.5,9,1.9
14.5,9,1.95
14.5,9,2
14.5,9,2.05
14.5,9,2.1
14.5,9,2.15
14.5,9,2.2
14.5,9,2.25
14.5,9,2.3
14.5,9,2.35
14.5,9,2.4
14.5,9,2.45
14.5,9,2.5
14.5,9,2.55
14.5,9,2.6
14.5,9,2.65
14.5,9,2.7
14.5,9,2.75
14.5,9,2.8
14.5,9,2.85
14.5,9,2.9
14.5,9,2.95
14.5,9,3
14.5,9,3.05
14.5,9,3.1
14.5,9,3.15
14.5,9,3.2
14.5,9,3.25
14.5,9,3.3
14.5,9,3.35
14.5,9,3.4
14.5,9,3.45
14.5,9,3.5
14.5,9,3.55
14.5,9,3.6
14.5,9,3.65
14.5,9,3.7
14.5,9,3.75
14.5,9,3.8
14.5,9,3.85
14.5,9,3.9
14.5,9,3.95
14.5,9,4
14.5,9,4.05
14.5,9,4.1
14.5,9,4.15
14.5,9,4.2
14.5,9,4.25
14.5,9,4.3
14.5,9,4.35
14.5,9,4.4
14.5,9,4.45
14.5,9,4.5
14.5,9,4.55
14.5,9,4.6
14.5,9,4.65
14.5,9,4.7
14.5,9,4.75
14.5,9,4.8
14.5,9,4.85
14.5,9,4.9
14.5,9,4.95
14.5,9,5
14.5,9.5,0
14.5,9.5,0.05
14.5,9.5,0.1
14.5,9.5,0.15
14.5,9.5,0.2
14.5,9.5,0.25
14.5,9.5,0.3
14.5,9.5,0.35
14.5,9.5,0.4
14.5,9.5,0.45
14.5,9.5,0.5
14.5,9.5,0.55
14.5,9.5,0.6
14.5,9.5,0.65
14.5,9.5,0.7
14.5,9.5,0.75
14.5,9.5,0.8
14.5,9.5,0.85
14.5,9.5,0.9
14.5,9.5,0.95
14.5,9.5,1
14.5,9.5,1.05
14.5,9.5,1.1
14.5,9.5,1.15
14.5,9.5,1.2
14.5,9.5,1.25
14.5,9.5,1.3
14.5,9.5,1.35
14.5,9.5,1.4
14.5,9.5,1.45
14.5,9.5,1.5
14.5,9.5,1.55
14.5,9.5,1.6
14.5,9.5,1.65
14.5,9.5,1.7
14.5,9.5,1.75
14.5,9.5,1.8
14.5,9.5,1.85
14.5,9.5,1.9
14.5,9.5,1.95
14.5,9.5,2
14.5,9.5,2.05
14.5,9.5,2.1
14.5,9.5,2.15
14.5,9.5,2.2
14.5,9.5,2.25
14.5,9.5,2.3
14.5,9.5,2.35
14.5,9.5,2.4
14.5,9.5,2.45
14.5,9.5,2.5
14.5,9.5,2.55
14.5,9.5,2.6
14.5,9.5,2.65
14.5,9.5,2.7
14.5,9.5,2.75
14.5,9.5,2.8
14.5,9.5,2.85
14.5,9.5,2.9
14.5,9.5,2.95
14.5,9.5,3
14.5,9.5,3.05
14.5,9.5,3.1
14.5,9.5,3.15
14.5,9.5,3.2
14.5,9.5,3.25
14.5,9.5,3.3
14.5,9.5,3.35
14.5,9.5,3.4
14.5,9.5,3.45
14.5,9.5,3.5
14.5,9.5,3.55
14.5,9.5,3.6
14.5,9.5,3.65
14.5,9.5,3.7
14.5,9.5,3.75
14.5,9.5,3.8
14.5,9.5,3.85
14.5,9.5,3.9
14.5,9.5,3.95
14.5,9.5,4
14.5,9.5,4.05
14.5,9.5,4.1
14.5,9.5,4.15
14.5,9.5,4.2
14.5,9.5,4.25
14.5,9.5,4.3
14.5,9.5,4.35
14.5,9.5,4.4
14.5,9.5,4.45
14.5,9.5,4.5
14.5,9.5,4.55
14.5,9.5,4.6
14.5,9.5,4.65
14.5,9.5,4.7
14.5,9.5,4.75
14.5,9.5,4.8
14.5,9.5,4.85
14.5,9.5,4.9
14.5,9.5,4.95
14.5,9.5,5
14.5,10,0
14.5,10,0.05
14.5,10,0.1
14.5,10,0.15
14.5,10,0.2
14.5,10,0.25
14.5,10,0.3
14.5,10,0.35
14.5,10,0.4
14.5,10,0.45
14.5,10,0.5
14.5,10,0.55
14.5,10,0.6
14.5,10,0.65
14.5,10,0.7
14.5,10,0.75
14.5,10,0.8
14.5,10,0.85
14.5,10,0.9
14.5,10,0.95
14.5,10,1
14.5,10,1.05
14.5,10,1.1
14.5,10,1.15
14.5,10,1.2
14.5,10,1.25
14.5,10,1.3
14.5,10,1.35
14.5,10,1.4
14.5,10,1.45
14.5,10,1.5
14.5,10,1.55
14.5,10,1.6
14.5,10,1.65
14.5,10,1.7
14.5,10,1.75
14.5,10,1.8
14.5,10,1.85
14.5,10,1.9
14.5,10,1.95
14.5,10,2
14.5,10,2.05
14.5,10,2.1
14.5,10,2.15
14.5,10,2.2
14.5,10,2.25
14.5,10,2.3
14.5,10,2.35
14.5,10,2.4
14.5,10,2.45
14.5,10,2.5
14.5,10,2.55
14.5,10,2.6
14.5,10,2.65
14.5,10,2.7
14.5,10,2.75
14.5,10,2.8
14.5,10,2.85
14.5,10,2.9
14.5,10,2.95
14.5,10,3
14.5,10,3.05
14.5,10,3.1
14.5,10,3.15
14.5,10,3.2
14.5,10,3.25
14.5,10,3.3
14.5,10,3.35
14.5,10,3.4
14.5,10,3.45
14.5,10,3.5
14.5,10,3.55
14.5,10,3.6
14.5,10,3.65
14.5,10,3.7
14.5,10,3.75
14.5,10,3.8
14.5,10,3.85
14.5,10,3.9
14.5,10,3.95
14.5,10,4
14.5,10,4.05
14.5,10,4.1
14.5,10,4.15
14.5,10,4.2
14.5,10,4.25
14.5,10,4.3
14.5,10,4.35
14.5,10,4.4
14.5,10,4.45
14.5,10,4.5
14.5,10,4.55
14.5,10,4.6
14.5,10,4.65
14.5,10,4.7
14.5,10,4.75
14.5,10,4.8
14.5,10,4.85
14.5,10,4.9
14.5,10,4.95
14.5,10,5
15,0,0
15,0,0.05
15,0,0.1
15,0,0.15
15,0,0.2
15,0,0.25
15,0,0.3
15,0,0.35
15,0,0.4
15,0,0.45
15,0,0.5
15,0,0.55
15,0,0.6
15,0,0.65
15,0,0.7
15,0,0.75
15,0,0.8
15,0,0.85
15,0,0.9
15,0,0.95
15,0,1
15,0,1.05
15,0,1.1
15,0,1.15
15,0,1.2
15,0,1.25
15,0,1.3
15,0,1.35
15,0,1.4
15,0,1.45
15,0,1.5
15,0,1.55
15,0,1.6
15,0,1.65
15,0,1.7
15,0,1.75
15,0,1.8
15,0,1.85
15,0,1.9
15,0,1.95
15,0,2
15,0,2.05
15,0,2.1
15,0,2.15
15,0,2.2
15,0,2.25
15,0,2.3
15,0,2.35
15,0,2.4
15,0,2.45
15,0,2.5
15,0,2.55
15,0,2.6
15,0,2.65
15,0,2.7
15,0,2.75
15,0,2.8
15,0,2.85
15,0,2.9
15,0,2.95
15,0,3
15,0,3.05
15,0,3.1
15,0,3.15
15,0,3.2
15,0,3.25
15,0,3.3
15,0,3.35
15,0,3.4
15,0,3.45
15,0,3.5
15,0,3.55
15,0,3.6
15,0,3.65
15,0,3.7
15,0,3.75
15,0,3.8
15,0,3.85
15,0,3.9
15,0,3.95
15,0,4
15,0,4.05
15,0,4.1
15,0,4.15
15,0,4.2
15,0,4.25
15,0,4.3
15,0,4.35
15,0,4.4
15,0,4.45
15,0,4.5
15,0,4.55
15,0,4.6
15,0,4.65
15,0,4.7
15,0,4.75
15,0,4.8
15,0,4.85
15,0,4.9
15,0,4.95
15,0,5
15,0.5,0
15,0.5,0.05
15,0.5,0.1
15,0.5,0.15
15,0.5,0.2
15,0.5,0.25
15,0.5,0.3
15,0.5,0.35
15,0.5,0.4
15,0.5,0.45
15,0.5,0.5
15,0.5,0.55
15,0.5,0.6
15,0.5,0.65
15,0.5,0.7
15,0.5,0.75
15,0.5,0.8
15,0.5,0.85
15,0.5,0.9
15,0.5,0.95
15,0.5,1
15,0.5,1.05
15,0.5,1.1
15,0.5,1.15
15,0.5,1.2
15,0.5,1.25
15,0.5,1.3
15,0.5,1.35
15,0.5,1.4
15,0.5,1.45
15,0.5,1.5
15,0.5,1.55
15,0.5,1.6
15,0.5,1.65
15,0.5,1.7
15,0.5,1.75
15,0.5,1.8
15,0.5,1.85
15,0.5,1.9
15,0.5,1.95
15,0.5,2
15,0.5,2.05
15,0.5,2.1
15,0.5,2.15
15,0.5,2.2
15,0.5,2.25
15,0.5,2.3
15,0.5,2.35
15,0.5,2.4
15,0.5,2.45
15,0.5,2.5
15,0.5,2.55
15,0.5,2.6
15,0.5,2.65
15,0.5,2.7
15,0.5,2.75
15,0.5,2.8
15,0.5,2.85
15,0.5,2.9
15,0.5,2.95
15,0.5,3
15,0.5,3.05
15,0.5,3.1
15,0.5,3.15
15,0.5,3.2
15,0.5,3.25
15,0.5,3.3
15,0.5,3.35
15,0.5,3.4
15,0.5,3.45
15,0.5,3.5
15,0.5,3.55
15,0.5,3.6
15,0.5,3.65
15,0.5,3.7
15,0.5,3.75
15,0.5,3.8
15,0.5,3.85
15,0.5,3.9
15,0.5,3.95
15,0.5,4
15,0.5,4.05
15,0.5,4.1
15,0.5,4.15
15,0.5,4.2
15,0.5,4.25
15,0.5,4.3
15,0.5,4.35
15,0.5,4.4
15,0.5,4.45
15,0.5,4.5
15,0.5,4.55
15,0.5,4.6
15,0.5,4.65
15,0.5,4.7
15,0.5,4.75
15,0.5,4.8
15,0.5,4.85
15,0.5,4.9
15,0.5,4.95
15,0.5,5
15,1,0
15,1,0.05
15,1,0.1
15,1,0.15
15,1,0.2
15,1,0.25
15,1,0.3
15,1,0.35
15,1,0.4
15,1,0.45
15,1,0.5
15,1,0.55
15,1,0.6
15,1,0.65
15,1,0.7
15,1,0.75
15,1,0.8
15,1,0.85
15,1,0.9
15,1,0.95
15,1,1
15,1,1.05
15,1,1.1
15,1,1.15
15,1,1.2
15,1,1.25
15,1,1.3
15,1,1.35
15,1,1.4
15,1,1.45
15,1,1.5
15,1,1.55
15,1,1.6
15,1,1.65
15,1,1.7
15,1,1.75
15,1,1.8
15,1,1.85
15,1,1.9
15,1,1.95
15,1,2
15,1,2.05
15,1,2.1
15,1,2.15
15,1,2.2
15,1,2.25
15,1,2.3
15,1,2.35
15,1,2.4
15,1,2.45
15,1,2.5
15,1,2.55
15,1,2.6
15,1,2.65
15,1,2.7
15,1,2.75
15,1,2.8
15,1,2.85
15,1,2.9
15,1,2.95
15,1,3
15,1,3.05
15,1,3.1
15,1,3.15
15,1,3.2
15,1,3.25
15,1,3.3
15,1,3.35
15,1,3.4
15,1,3.45
15,1,3.5
15,1,3.55
15,1,3.6
15,1,3.65
15,1,3.7
15,1,3.75
15,1,3.8
15,1,3.85
15,1,3.9
15,1,3.95
15,1,4
15,1,4.05
15,1,4.1
15,1,4.15
15,1,4.2
15,1,4.25
15,1,4.3
15,1,4.35
15,1,4.4
15,1,4.45
15,1,4.5
15,1,4.55
15,1,4.6
15,1,4.65
15,1,4.7
15,1,4.75
15,1,4.8
15,1,4.85
15,1,4.9
15,1,4.95
15,1,5
15,1.5,0
15,1.5,0.05
15,1.5,0.1
15,1.5,0.15
15,1.5,0.2
15,1.5,0.25
15,1.5,0.3
15,1.5,0.35
15,1.5,0.4
15,1.5,0.45
15,1.5,0.5
15,1.5,0.55
15,1.5,0.6
15,1.5,0.65
15,1.5,0.7
15,1.5,0.75
15,1.5,0.8
15,1.5,0.85
15,1.5,0.9
15,1.5,0.95
15,1.5,1
15,1.5,1.05
15,1.5,1.1
15,1.5,1.15
15,1.5,1.2
15,1.5,1.25
15,1.5,1.3
15,1.5,1.35
15,1.5,1.4
15,1.5,1.45
15,1.5,1.5
15,1.5,1.55
15,1.5,1.6
15,1.5,1.65
15,1.5,1.7
15,1.5,1.75
15,1.5,1.8
15,1.5,1.85
15,1.5,1.9
15,1.5,1.95
15,1.5,2
15,1.5,2.05
15,1.5,2.1
15,1.5,2.15
15,1.5,2.2
15,1.5,2.25
15,1.5,2.3
15,1.5,2.35
15,1.5,2.4
15,1.5,2.45
15,1.5,2.5
15,1.5,2.55
15,1.5,2.6
15,1.5,2.65
15,1.5,2.7
15,1.5,2.75
15,1.5,2.8
15,1.5,2.85
15,1.5,2.9
15,1.5,2.95
15,1.5,3
15,1.5,3.05
15,1.5,3.1
15,1.5,3.15
15,1.5,3.2
15,1.5,3.25
15,1.5,3.3
15,1.5,3.35
15,1.5,3.4
15,1.5,3.45
15,1.5,3.5
15,1.5,3.55
15,1.5,3.6
15,1.5,3.65
15,1.5,3.7
15,1.5,3.75
15,1.5,3.8
15,1.5,3.85
15,1.5,3.9
15,1.5,3.95
15,1.5,4
15,1.5,4.05
15,1.5,4.1
15,1.5,4.15
15,1.5,4.2
15,1.5,4.25
15,1.5,4.3
15,1.5,4.35
15,1.5,4.4
15,1.5,4.45
15,1.5,4.5
15,1.5,4.55
15,1.5,4.6
15,1.5,4.65
15,1.5,4.7
15,1.5,4.75
15,1.5,4.8
15,1.5,4.85
15,1.5,4.9
15,1.5,4.95
15,1.5,5
15,2,0
15,2,0.05
15,2,0.1
15,2,0.15
15,2,0.2
15,2,0.25
15,2,0.3
15,2,0.35
15,2,0.4
15,2,0.45
15,2,0.5
15,2,0.55
15,2,0.6
15,2,0.65
15,2,0.7
15,2,0.75
15,2,0.8
15,2,0.85
15,2,0.9
15,2,0.95
15,2,1
15,2,1.05
15,2,1.1
15,2,1.15
15,2,1.2
15,2,1.25
15,2,1.3
15,2,1.35
15,2,1.4
15,2,1.45
15,2,1.5
15,2,1.55
15,2,1.6
15,2,1.65
15,2,1.7
15,2,1.75
15,2,1.8
15,2,1.85
15,2,1.9
15,2,1.95
15,2,2
15,2,2.05
15,2,2.1
15,2,2.15
15,2,2.2
15,2,2.25
15,2,2.3
15,2,2.35
15,2,2.4
15,2,2.45
15,2,2.5
15,2,2.55
15,2,2.6
15,2,2.65
15,2,2.7
15,2,2.75
15,2,2.8
15,2,2.85
15,2,2.9
15,2,2.95
15,2,3
15,2,3.05
15,2,3.1
15,2,3.15
15,2,3.2
15,2,3.25
15,2,3.3
15,2,3.35
15,2,3.4
15,2,3.45
15,2,3.5
15,2,3.55
15,2,3.6
15,2,3.65
15,2,3.7
15,2,3.75
15,2,3.8
15,2,3.85
15,2,3.9
15,2,3.95
15,2,4
15,2,4.05
15,2,4.1
15,2,4.15
15,2,4.2
15,2,4.25
15,2,4.3
15,2,4.35
15,2,4.4
15,2,4.45
15,2,4.5
15,2,4.55
15,2,4.6
15,2,4.65
15,2,4.7
15,2,4.75
15,2,4.8
15,2,4.85
15,2,4.9
15,2,4.95
15,2,5
15,2.5,0
15,2.5,0.05
15,2.5,0.1
15,2.5,0.15
15,2.5,0.2
15,2.5,0.25
15,2.5,0.3
15,2.5,0.35
15,2.5,0.4
15,2.5,0.45
15,2.5,0.5
15,2.5,0.55
15,2.5,0.6
15,2.5,0.65
15,2.5,0.7
15,2.5,0.75
15,2.5,0.8
15,2.5,0.85
15,2.5,0.9
15,2.5,0.95
15,2.5,1
15,2.5,1.05
15,2.5,1.1
15,2.5,1.15
15,2.5,1.2
15,2.5,1.25
15,2.5,1.3
15,2.5,1.35
15,2.5,1.4
15,2.5,1.45
15,2.5,1.5
15,2.5,1.55
15,2.5,1.6
15,2.5,1.65
15,2.5,1.7
15,2.5,1.75
15,2.5,1.8
15,2.5,1.85
15,2.5,1.9
15,2.5,1.95
15,2.5,2
15,2.5,2.05
15,2.5,2.1
15,2.5,2.15
15,2.5,2.2
15,2.5,2.25
15,2.5,2.3
15,2.5,2.35
15,2.5,2.4
15,2.5,2.45
15,2.5,2.5
15,2.5,2.55
15,2.5,2.6
15,2.5,2.65
15,2.5,2.7
15,2.5,2.75
15,2.5,2.8
15,2.5,2.85
15,2.5,2.9
15,2.5,2.95
15,2.5,3
15,2.5,3.05
15,2.5,3.1
15,2.5,3.15
15,2.5,3.2
15,2.5,3.25
15,2.5,3.3
15,2.5,3.35
15,2.5,3.4
15,2.5,3.45
15,2.5,3.5
15,2.5,3.55
15,2.5,3.6
15,2.5,3.65
15,2.5,3.7
15,2.5,3.75
15,2.5,3.8
15,2.5,3.85
15,2.5,3.9
15,2.5,3.95
15,2.5,4
15,2.5,4.05
15,2.5,4.1
15,2.5,4.15
15,2.5,4.2
15,2.5,4.25
15,2.5,4.3
15,2.5,4.35
15,2.5,4.4
15,2.5,4.45
15,2.5,4.5
15,2.5,4.55
15,2.5,4.6
15,2.5,4.65
15,2.5,4.7
15,2.5,4.75
15,2.5,4.8
15,2.5,4.85
15,2.5,4.9
15,2.5,4.95
15,2.5,5
15,3,0
15,3,0.05
15,3,0.1
15,3,0.15
15,3,0.2
15,3,0.25
15,3,0.3
15,3,0.35
15,3,0.4
15,3,0.45
15,3,0.5
15,3,0.55
15,3,0.6
15,3,0.65
15,3,0.7
15,3,0.75
15,3,0.8
15,3,0.85
15,3,0.9
15,3,0.95
15,3,1
15,3,1.05
15,3,1.1
15,3,1.15
15,3,1.2
15,3,1.25
15,3,1.3
15,3,1.35
15,3,1.4
15,3,1.45
15,3,1.5
15,3,1.55
15,3,1.6
15,3,1.65
15,3,1.7
15,3,1.75
15,3,1.8
15,3,1.85
15,3,1.9
15,3,1.95
15,3,2
15,3,2.05
15,3,2.1
15,3,2.15
15,3,2.2
15,3,2.25
15,3,2.3
15,3,2.35
15,3,2.4
15,3,2.45
15,3,2.5
15,3,2.55
15,3,2.6
15,3,2.65
15,3,2.7
15,3,2.75
15,3,2.8
15,3,2.85
15,3,2.9
15,3,2.95
15,3,3
15,3,3.05
15,3,3.1
15,3,3.15
15,3,3.2
15,3,3.25
15,3,3.3
15,3,3.35
15,3,3.4
15,3,3.45
15,3,3.5
15,3,3.55
15,3,3.6
15,3,3.65
15,3,3.7
15,3,3.75
15,3,3.8
15,3,3.85
15,3,3.9
15,3,3.95
15,3,4
15,3,4.05
15,3,4.1
15,3,4.15
15,3,4.2
15,3,4.25
15,3,4.3
15,3,4.35
15,3,4.4
15,3,4.45
15,3,4.5
15,3,4.55
15,3,4.6
15,3,4.65
15,3,4.7
15,3,4.75
15,3,4.8
15,3,4.85
15,3,4.9
15,3,4.95
15,3,5
15,3.5,0
15,3.5,0.05
15,3.5,0.1
15,3.5,0.15
15,3.5,0.2
15,3.5,0.25
15,3.5,0.3
15,3.5,0.35
15,3.5,0.4
15,3.5,0.45
15,3.5,0.5
15,3.5,0.55
15,3.5,0.6
15,3.5,0.65
15,3.5,0.7
15,3.5,0.75
15,3.5,0.8
15,3.5,0.85
15,3.5,0.9
15,3.5,0.95
15,3.5,1
15,3.5,1.05
15,3.5,1.1
15,3.5,1.15
15,3.5,1.2
15,3.5,1.25
15,3.5,1.3
15,3.5,1.35
15,3.5,1.4
15,3.5,1.45
15,3.5,1.5
15,3.5,1.55
15,3.5,1.6
15,3.5,1.65
15,3.5,1.7
15,3.5,1.75
15,3.5,1.8
15,3.5,1.85
15,3.5,1.9
15,3.5,1.95
15,3.5,2
15,3.5,2.05
15,3.5,2.1
15,3.5,2.15
15,3.5,2.2
15,3.5,2.25
15,3.5,2.3
15,3.5,2.35
15,3.5,2.4
15,3.5,2.45
15,3.5,2.5
15,3.5,2.55
15,3.5,2.6
15,3.5,2.65
15,3.5,2.7
15,3.5,2.75
15,3.5,2.8
15,3.5,2.85
15,3.5,2.9
15,3.5,2.95
15,3.5,3
15,3.5,3.05
15,3.5,3.1
15,3.5,3.15
15,3.5,3.2
15,3.5,3.25
15,3.5,3.3
15,3.5,3.35
15,3.5,3.4
15,3.5,3.45
15,3.5,3.5
15,3.5,3.55
15,3.5,3.6
15,3.5,3.65
15,3.5,3.7
15,3.5,3.75
15,3.5,3.8
15,3.5,3.85
15,3.5,3.9
15,3.5,3.95
15,3.5,4
15,3.5,4.05
15,3.5,4.1
15,3.5,4.15
15,3.5,4.2
15,3.5,4.25
15,3.5,4.3
15,3.5,4.35
15,3.5,4.4
15,3.5,4.45
15,3.5,4.5
15,3.5,4.55
15,3.5,4.6
15,3.5,4.65
15,3.5,4.7
15,3.5,4.75
15,3.5,4.8
15,3.5,4.85
15,3.5,4.9
15,3.5,4.95
15,3.5,5
15,4,0
15,4,0.05
15,4,0.1
15,4,0.15
15,4,0.2
15,4,0.25
15,4,0.3
15,4,0.35
15,4,0.4
15,4,0.45
15,4,0.5
15,4,0.55
15,4,0.6
15,4,0.65
15,4,0.7
15,4,0.75
15,4,0.8
15,4,0.85
15,4,0.9
15,4,0.95
15,4,1
15,4,1.05
15,4,1.1
15,4,1.15
15,4,1.2
15,4,1.25
15,4,1.3
15,4,1.35
15,4,1.4
15,4,1.45
15,4,1.5
15,4,1.55
15,4,1.6
15,4,1.65
15,4,1.7
15,4,1.75
15,4,1.8
15,4,1.85
15,4,1.9
15,4,1.95
15,4,2
15,4,2.05
15,4,2.1
15,4,2.15
15,4,2.2
15,4,2.25
15,4,2.3
15,4,2.35
15,4,2.4
15,4,2.45
15,4,2.5
15,4,2.55
15,4,2.6
15,4,2.65
15,4,2.7
15,4,2.75
15,4,2.8
15,4,2.85
15,4,2.9
15,4,2.95
15,4,3
15,4,3.05
15,4,3.1
15,4,3.15
15,4,3.2
15,4,3.25
15,4,3.3
15,4,3.35
15,4,3.4
15,4,3.45
15,4,3.5
15,4,3.55
15,4,3.6
15,4,3.65
15,4,3.7
15,4,3.75
15,4,3.8
15,4,3.85
15,4,3.9
15,4,3.95
15,4,4
15,4,4.05
15,4,4.1
15,4,4.15
15,4,4.2
15,4,4.25
15,4,4.3
15,4,4.35
15,4,4.4
15,4,4.45
15,4,4.5
15,4,4.55
15,4,4.6
15,4,4.65
15,4,4.7
15,4,4.75
15,4,4.8
15,4,4.85
15,4,4.9
15,4,4.95
15,4,5
15,4.5,0
15,4.5,0.05
15,4.5,0.1
15,4.5,0.15
15,4.5,0.2
15,4.5,0.25
15,4.5,0.3
15,4.5,0.35
15,4.5,0.4
15,4.5,0.45
15,4.5,0.5
15,4.5,0.55
15,4.5,0.6
15,4.5,0.65
15,4.5,0.7
15,4.5,0.75
15,4.5,0.8
15,4.5,0.85
15,4.5,0.9
15,4.5,0.95
15,4.5,1
15,4.5,1.05
15,4.5,1.1
15,4.5,1.15
15,4.5,1.2
15,4.5,1.25
15,4.5,1.3
15,4.5,1.35
15,4.5,1.4
15,4.5,1.45
15,4.5,1.5
15,4.5,1.55
15,4.5,1.6
15,4.5,1.65
15,4.5,1.7
15,4.5,1.75
15,4.5,1.8
15,4.5,1.85
15,4.5,1.9
15,4.5,1.95
15,4.5,2
15,4.5,2.05
15,4.5,2.1
15,4.5,2.15
15,4.5,2.2
15,4.5,2.25
15,4.5,2.3
15,4.5,2.35
15,4.5,2.4
15,4.5,2.45
15,4.5,2.5
15,4.5,2.55
15,4.5,2.6
15,4.5,2.65
15,4.5,2.7
15,4.5,2.75
15,4.5,2.8
15,4.5,2.85
15,4.5,2.9
15,4.5,2.95
15,4.5,3
15,4.5,3.05
15,4.5,3.1
15,4.5,3.15
15,4.5,3.2
15,4.5,3.25
15,4.5,3.3
15,4.5,3.35
15,4.5,3.4
15,4.5,3.45
15,4.5,3.5
15,4.5,3.55
15,4.5,3.6
15,4.5,3.65
15,4.5,3.7
15,4.5,3.75
15,4.5,3.8
15,4.5,3.85
15,4.5,3.9
15,4.5,3.95
15,4.5,4
15,4.5,4.05
15,4.5,4.1
15,4.5,4.15
15,4.5,4.2
15,4.5,4.25
15,4.5,4.3
15,4.5,4.35
15,4.5,4.4
15,4.5,4.45
15,4.5,4.5
15,4.5,4.55
15,4.5,4.6
15,4.5,4.65
15,4.5,4.7
15,4.5,4.75
15,4.5,4.8
15,4.5,4.85
15,4.5,4.9
15,4.5,4.95
15,4.5,5
15,5,0
15,5,0.05
15,5,0.1
15,5,0.15
15,5,0.2
15,5,0.25
15,5,0.3
15,5,0.35
15,5,0.4
15,5,0.45
15,5,0.5
15,5,0.55
15,5,0.6
15,5,0.65
15,5,0.7
15,5,0.75
15,5,0.8
15,5,0.85
15,5,0.9
15,5,0.95
15,5,1
15,5,1.05
15,5,1.1
15,5,1.15
15,5,1.2
15,5,1.25
15,5,1.3
15,5,1.35
15,5,1.4
15,5,1.45
15,5,1.5
15,5,1.55
15,5,1.6
15,5,1.65
15,5,1.7
15,5,1.75
15,5,1.8
15,5,1.85
15,5,1.9
15,5,1.95
15,5,2
15,5,2.05
15,5,2.1
15,5,2.15
15,5,2.2
15,5,2.25
15,5,2.3
15,5,2.35
15,5,2.4
15,5,2.45
15,5,2.5
15,5,2.55
15,5,2.6
15,5,2.65
15,5,2.7
15,5,2.75
15,5,2.8
15,5,2.85
15,5,2.9
15,5,2.95
15,5,3
15,5,3.05
15,5,3.1
15,5,3.15
15,5,3.2
15,5,3.25
15,5,3.3
15,5,3.35
15,5,3.4
15,5,3.45
15,5,3.5
15,5,3.55
15,5,3.6
15,5,3.65
15,5,3.7
15,5,3.75
15,5,3.8
15,5,3.85
15,5,3.9
15,5,3.95
15,5,4
15,5,4.05
15,5,4.1
15,5,4.15
15,5,4.2
15,5,4.25
15,5,4.3
15,5,4.35
15,5,4.4
15,5,4.45
15,5,4.5
15,5,4.55
15,5,4.6
15,5,4.65
15,5,4.7
15,5,4.75
15,5,4.8
15,5,4.85
15,5,4.9
15,5,4.95
15,5,5
15,5.5,0
15,5.5,0.05
15,5.5,0.1
15,5.5,0.15
15,5.5,0.2
15,5.5,0.25
15,5.5,0.3
15,5.5,0.35
15,5.5,0.4
15,5.5,0.45
15,5.5,0.5
15,5.5,0.55
15,5.5,0.6
15,5.5,0.65
15,5.5,0.7
15,5.5,0.75
15,5.5,0.8
15,5.5,0.85
15,5.5,0.9
15,5.5,0.95
15,5.5,1
15,5.5,1.05
15,5.5,1.1
15,5.5,1.15
15,5.5,1.2
15,5.5,1.25
15,5.5,1.3
15,5.5,1.35
15,5.5,1.4
15,5.5,1.45
15,5.5,1.5
15,5.5,1.55
15,5.5,1.6
15,5.5,1.65
15,5.5,1.7
15,5.5,1.75
15,5.5,1.8
15,5.5,1.85
15,5.5,1.9
15,5.5,1.95
15,5.5,2
15,5.5,2.05
15,5.5,2.1
15,5.5,2.15
15,5.5,2.2
15,5.5,2.25
15,5.5,2.3
15,5.5,2.35
15,5.5,2.4
15,5.5,2.45
15,5.5,2.5
15,5.5,2.55
15,5.5,2.6
15,5.5,2.65
15,5.5,2.7
15,5.5,2.75
15,5.5,2.8
15,5.5,2.85
15,5.5,2.9
15,5.5,2.95
15,5.5,3
15,5.5,3.05
15,5.5,3.1
15,5.5,3.15
15,5.5,3.2
15,5.5,3.25
15,5.5,3.3
15,5.5,3.35
15,5.5,3.4
15,5.5,3.45
15,5.5,3.5
15,5.5,3.55
15,5.5,3.6
15,5.5,3.65
15,5.5,3.7
15,5.5,3.75
15,5.5,3.8
15,5.5,3.85
15,5.5,3.9
15,5.5,3.95
15,5.5,4
15,5.5,4.05
15,5.5,4.1
15,5.5,4.15
15,5.5,4.2
15,5.5,4.25
15,5.5,4.3
15,5.5,4.35
15,5.5,4.4
15,5.5,4.45
15,5.5,4.5
15,5.5,4.55
15,5.5,4.6
15,5.5,4.65
15,5.5,4.7
15,5.5,4.75
15,5.5,4.8
15,5.5,4.85
15,5.5,4.9
15,5.5,4.95
15,5.5,5
15,6,0
15,6,0.05
15,6,0.1
15,6,0.15
15,6,0.2
15,6,0.25
15,6,0.3
15,6,0.35
15,6,0.4
15,6,0.45
15,6,0.5
15,6,0.55
15,6,0.6
15,6,0.65
15,6,0.7
15,6,0.75
15,6,0.8
15,6,0.85
15,6,0.9
15,6,0.95
15,6,1
15,6,1.05
15,6,1.1
15,6,1.15
15,6,1.2
15,6,1.25
15,6,1.3
15,6,1.35
15,6,1.4
15,6,1.45
15,6,1.5
15,6,1.55
15,6,1.6
15,6,1.65
15,6,1.7
15,6,1.75
15,6,1.8
15,6,1.85
15,6,1.9
15,6,1.95
15,6,2
15,6,2.05
15,6,2.1
15,6,2.15
15,6,2.2
15,6,2.25
15,6,2.3
15,6,2.35
15,6,2.4
15,6,2.45
15,6,2.5
15,6,2.55
15,6,2.6
15,6,2.65
15,6,2.7
15,6,2.75
15,6,2.8
15,6,2.85
15,6,2.9
15,6,2.95
15,6,3
15,6,3.05
15,6,3.1
15,6,3.15
15,6,3.2
15,6,3.25
15,6,3.3
15,6,3.35
15,6,3.4
15,6,3.45
15,6,3.5
15,6,3.55
15,6,3.6
15,6,3.65
15,6,3.7
15,6,3.75
15,6,3.8
15,6,3.85
15,6,3.9
15,6,3.95
15,6,4
15,6,4.05
15,6,4.1
15,6,4.15
15,6,4.2
15,6,4.25
15,6,4.3
15,6,4.35
15,6,4.4
15,6,4.45
15,6,4.5
15,6,4.55
15,6,4.6
15,6,4.65
15,6,4.7
15,6,4.75
15,6,4.8
15,6,4.85
15,6,4.9
15,6,4.95
15,6,5
15,6.5,0
15,6.5,0.05
15,6.5,0.1
15,6.5,0.15
15,6.5,0.2
15,6.5,0.25
15,6.5,0.3
15,6.5,0.35
15,6.5,0.4
15,6.5,0.45
15,6.5,0.5
15,6.5,0.55
15,6.5,0.6
15,6.5,0.65
15,6.5,0.7
15,6.5,0.75
15,6.5,0.8
15,6.5,0.85
15,6.5,0.9
15,6.5,0.95
15,6.5,1
15,6.5,1.05
15,6.5,1.1
15,6.5,1.15
15,6.5,1.2
15,6.5,1.25
15,6.5,1.3
15,6.5,1.35
15,6.5,1.4
15,6.5,1.45
15,6.5,1.5
15,6.5,1.55
15,6.5,1.6
15,6.5,1.65
15,6.5,1.7
15,6.5,1.75
15,6.5,1.8
15,6.5,1.85
15,6.5,1.9
15,6.5,1.95
15,6.5,2
15,6.5,2.05
15,6.5,2.1
15,6.5,2.15
15,6.5,2.2
15,6.5,2.25
15,6.5,2.3
15,6.5,2.35
15,6.5,2.4
15,6.5,2.45
15,6.5,2.5
15,6.5,2.55
15,6.5,2.6
15,6.5,2.65
15,6.5,2.7
15,6.5,2.75
15,6.5,2.8
15,6.5,2.85
15,6.5,2.9
15,6.5,2.95
15,6.5,3
15,6.5,3.05
15,6.5,3.1
15,6.5,3.15
15,6.5,3.2
15,6.5,3.25
15,6.5,3.3
15,6.5,3.35
15,6.5,3.4
15,6.5,3.45
15,6.5,3.5
15,6.5,3.55
15,6.5,3.6
15,6.5,3.65
15,6.5,3.7
15,6.5,3.75
15,6.5,3.8
15,6.5,3.85
15,6.5,3.9
15,6.5,3.95
15,6.5,4
15,6.5,4.05
15,6.5,4.1
15,6.5,4.15
15,6.5,4.2
15,6.5,4.25
15,6.5,4.3
15,6.5,4.35
15,6.5,4.4
15,6.5,4.45
15,6.5,4.5
15,6.5,4.55
15,6.5,4.6
15,6.5,4.65
15,6.5,4.7
15,6.5,4.75
15,6.5,4.8
15,6.5,4.85
15,6.5,4.9
15,6.5,4.95
15,6.5,5
15,7,0
15,7,0.05
15,7,0.1
15,7,0.15
15,7,0.2
15,7,0.25
15,7,0.3
15,7,0.35
15,7,0.4
15,7,0.45
15,7,0.5
15,7,0.55
15,7,0.6
15,7,0.65
15,7,0.7
15,7,0.75
15,7,0.8
15,7,0.85
15,7,0.9
15,7,0.95
15,7,1
15,7,1.05
15,7,1.1
15,7,1.15
15,7,1.2
15,7,1.25
15,7,1.3
15,7,1.35
15,7,1.4
15,7,1.45
15,7,1.5
15,7,1.55
15,7,1.6
15,7,1.65
15,7,1.7
15,7,1.75
15,7,1.8
15,7,1.85
15,7,1.9
15,7,1.95
15,7,2
15,7,2.05
15,7,2.1
15,7,2.15
15,7,2.2
15,7,2.25
15,7,2.3
15,7,2.35
15,7,2.4
15,7,2.45
15,7,2.5
15,7,2.55
15,7,2.6
15,7,2.65
15,7,2.7
15,7,2.75
15,7,2.8
15,7,2.85
15,7,2.9
15,7,2.95
15,7,3
15,7,3.05
15,7,3.1
15,7,3.15
15,7,3.2
15,7,3.25
15,7,3.3
15,7,3.35
15,7,3.4
15,7,3.45
15,7,3.5
15,7,3.55
15,7,3.6
15,7,3.65
15,7,3.7
15,7,3.75
15,7,3.8
15,7,3.85
15,7,3.9
15,7,3.95
15,7,4
15,7,4.05
15,7,4.1
15,7,4.15
15,7,4.2
15,7,4.25
15,7,4.3
15,7,4.35
15,7,4.4
15,7,4.45
15,7,4.5
15,7,4.55
15,7,4.6
15,7,4.65
15,7,4.7
15,7,4.75
15,7,4.8
15,7,4.85
15,7,4.9
15,7,4.95
15,7,5
15,7.5,0
15,7.5,0.05
15,7.5,0.1
15,7.5,0.15
15,7.5,0.2
15,7.5,0.25
15,7.5,0.3
15,7.5,0.35
15,7.5,0.4
15,7.5,0.45
15,7.5,0.5
15,7.5,0.55
15,7.5,0.6
15,7.5,0.65
15,7.5,0.7
15,7.5,0.75
15,7.5,0.8
15,7.5,0.85
15,7.5,0.9
15,7.5,0.95
15,7.5,1
15,7.5,1.05
15,7.5,1.1
15,7.5,1.15
15,7.5,1.2
15,7.5,1.25
15,7.5,1.3
15,7.5,1.35
15,7.5,1.4
15,7.5,1.45
15,7.5,1.5
15,7.5,1.55
15,7.5,1.6
15,7.5,1.65
15,7.5,1.7
15,7.5,1.75
15,7.5,1.8
15,7.5,1.85
15,7.5,1.9
15,7.5,1.95
15,7.5,2
15,7.5,2.05
15,7.5,2.1
15,7.5,2.15
15,7.5,2.2
15,7.5,2.25
15,7.5,2.3
15,7.5,2.35
15,7.5,2.4
15,7.5,2.45
15,7.5,2.5
15,7.5,2.55
15,7.5,2.6
15,7.5,2.65
15,7.5,2.7
15,7.5,2.75
15,7.5,2.8
15,7.5,2.85
15,7.5,2.9
15,7.5,2.95
15,7.5,3
15,7.5,3.05
15,7.5,3.1
15,7.5,3.15
15,7.5,3.2
15,7.5,3.25
15,7.5,3.3
15,7.5,3.35
15,7.5,3.4
15,7.5,3.45
15,7.5,3.5
15,7.5,3.55
15,7.5,3.6
15,7.5,3.65
15,7.5,3.7
15,7.5,3.75
15,7.5,3.8
15,7.5,3.85
15,7.5,3.9
15,7.5,3.95
15,7.5,4
15,7.5,4.05
15,7.5,4.1
15,7.5,4.15
15,7.5,4.2
15,7.5,4.25
15,7.5,4.3
15,7.5,4.35
15,7.5,4.4
15,7.5,4.45
15,7.5,4.5
15,7.5,4.55
15,7.5,4.6
15,7.5,4.65
15,7.5,4.7
15,7.5,4.75
15,7.5,4.8
15,7.5,4.85
15,7.5,4.9
15,7.5,4.95
15,7.5,5
15,8,0
15,8,0.05
15,8,0.1
15,8,0.15
15,8,0.2
15,8,0.25
15,8,0.3
15,8,0.35
15,8,0.4
15,8,0.45
15,8,0.5
15,8,0.55
15,8,0.6
15,8,0.65
15,8,0.7
15,8,0.75
15,8,0.8
15,8,0.85
15,8,0.9
15,8,0.95
15,8,1
15,8,1.05
15,8,1.1
15,8,1.15
15,8,1.2
15,8,1.25
15,8,1.3
15,8,1.35
15,8,1.4
15,8,1.45
15,8,1.5
15,8,1.55
15,8,1.6
15,8,1.65
15,8,1.7
15,8,1.75
15,8,1.8
15,8,1.85
15,8,1.9
15,8,1.95
15,8,2
15,8,2.05
15,8,2.1
15,8,2.15
15,8,2.2
15,8,2.25
15,8,2.3
15,8,2.35
15,8,2.4
15,8,2.45
15,8,2.5
15,8,2.55
15,8,2.6
15,8,2.65
15,8,2.7
15,8,2.75
15,8,2.8
15,8,2.85
15,8,2.9
15,8,2.95
15,8,3
15,8,3.05
15,8,3.1
15,8,3.15
15,8,3.2
15,8,3.25
15,8,3.3
15,8,3.35
15,8,3.4
15,8,3.45
15,8,3.5
15,8,3.55
15,8,3.6
15,8,3.65
15,8,3.7
15,8,3.75
15,8,3.8
15,8,3.85
15,8,3.9
15,8,3.95
15,8,4
15,8,4.05
15,8,4.1
15,8,4.15
15,8,4.2
15,8,4.25
15,8,4.3
15,8,4.35
15,8,4.4
15,8,4.45
15,8,4.5
15,8,4.55
15,8,4.6
15,8,4.65
15,8,4.7
15,8,4.75
15,8,4.8
15,8,4.85
15,8,4.9
15,8,4.95
15,8,5
15,8.5,0
15,8.5,0.05
15,8.5,0.1
15,8.5,0.15
15,8.5,0.2
15,8.5,0.25
15,8.5,0.3
15,8.5,0.35
15,8.5,0.4
15,8.5,0.45
15,8.5,0.5
15,8.5,0.55
15,8.5,0.6
15,8.5,0.65
15,8.5,0.7
15,8.5,0.75
15,8.5,0.8
15,8.5,0.85
15,8.5,0.9
15,8.5,0.95
15,8.5,1
15,8.5,1.05
15,8.5,1.1
15,8.5,1.15
15,8.5,1.2
15,8.5,1.25
15,8.5,1.3
15,8.5,1.35
15,8.5,1.4
15,8.5,1.45
15,8.5,1.5
15,8.5,1.55
15,8.5,1.6
15,8.5,1.65
15,8.5,1.7
15,8.5,1.75
15,8.5,1.8
15,8.5,1.85
15,8.5,1.9
15,8.5,1.95
15,8.5,2
15,8.5,2.05
15,8.5,2.1
15,8.5,2.15
15,8.5,2.2
15,8.5,2.25
15,8.5,2.3
15,8.5,2.35
15,8.5,2.4
15,8.5,2.45
15,8.5,2.5
15,8.5,2.55
15,8.5,2.6
15,8.5,2.65
15,8.5,2.7
15,8.5,2.75
15,8.5,2.8
15,8.5,2.85
15,8.5,2.9
15,8.5,2.95
15,8.5,3
15,8.5,3.05
15,8.5,3.1
15,8.5,3.15
15,8.5,3.2
15,8.5,3.25
15,8.5,3.3
15,8.5,3.35
15,8.5,3.4
15,8.5,3.45
15,8.5,3.5
15,8.5,3.55
15,8.5,3.6
15,8.5,3.65
15,8.5,3.7
15,8.5,3.75
15,8.5,3.8
15,8.5,3.85
15,8.5,3.9
15,8.5,3.95
15,8.5,4
15,8.5,4.05
15,8.5,4.1
15,8.5,4.15
15,8.5,4.2
15,8.5,4.25
15,8.5,4.3
15,8.5,4.35
15,8.5,4.4
15,8.5,4.45
15,8.5,4.5
15,8.5,4.55
15,8.5,4.6
15,8.5,4.65
15,8.5,4.7
15,8.5,4.75
15,8.5,4.8
15,8.5,4.85
15,8.5,4.9
15,8.5,4.95
15,8.5,5
15,9,0
15,9,0.05
15,9,0.1
15,9,0.15
15,9,0.2
15,9,0.25
15,9,0.3
15,9,0.35
15,9,0.4
15,9,0.45
15,9,0.5
15,9,0.55
15,9,0.6
15,9,0.65
15,9,0.7
15,9,0.75
15,9,0.8
15,9,0.85
15,9,0.9
15,9,0.95
15,9,1
15,9,1.05
15,9,1.1
15,9,1.15
15,9,1.2
15,9,1.25
15,9,1.3
15,9,1.35
15,9,1.4
15,9,1.45
15,9,1.5
15,9,1.55
15,9,1.6
15,9,1.65
15,9,1.7
15,9,1.75
15,9,1.8
15,9,1.85
15,9,1.9
15,9,1.95
15,9,2
15,9,2.05
15,9,2.1
15,9,2.15
15,9,2.2
15,9,2.25
15,9,2.3
15,9,2.35
15,9,2.4
15,9,2.45
15,9,2.5
15,9,2.55
15,9,2.6
15,9,2.65
15,9,2.7
15,9,2.75
15,9,2.8
15,9,2.85
15,9,2.9
15,9,2.95
15,9,3
15,9,3.05
15,9,3.1
15,9,3.15
15,9,3.2
15,9,3.25
15,9,3.3
15,9,3.35
15,9,3.4
15,9,3.45
15,9,3.5
15,9,3.55
15,9,3.6
15,9,3.65
15,9,3.7
15,9,3.75
15,9,3.8
15,9,3.85
15,9,3.9
15,9,3.95
15,9,4
15,9,4.05
15,9,4.1
15,9,4.15
15,9,4.2
15,9,4.25
15,9,4.3
15,9,4.35
15,9,4.4
15,9,4.45
15,9,4.5
15,9,4.55
15,9,4.6
15,9,4.65
15,9,4.7
15,9,4.75
15,9,4.8
15,9,4.85
15,9,4.9
15,9,4.95
15,9,5
15,9.5,0
15,9.5,0.05
15,9.5,0.1
15,9.5,0.15
15,9.5,0.2
15,9.5,0.25
15,9.5,0.3
15,9.5,0.35
15,9.5,0.4
15,9.5,0.45
15,9.5,0.5
15,9.5,0.55
15,9.5,0.6
15,9.5,0.65
15,9.5,0.7
15,9.5,0.75
15,9.5,0.8
15,9.5,0.85
15,9.5,0.9
15,9.5,0.95
15,9.5,1
15,9.5,1.05
15,9.5,1.1
15,9.5,1.15
15,9.5,1.2
15,9.5,1.25
15,9.5,1.3
15,9.5,1.35
15,9.5,1.4
15,9.5,1.45
15,9.5,1.5
15,9.5,1.55
15,9.5,1.6
15,9.5,1.65
15,9.5,1.7
15,9.5,1.75
15,9.5,1.8
15,9.5,1.85
15,9.5,1.9
15,9.5,1.95
15,9.5,2
15,9.5,2.05
15,9.5,2.1
15,9.5,2.15
15,9.5,2.2
15,9.5,2.25
15,9.5,2.3
15,9.5,2.35
15,9.5,2.4
15,9.5,2.45
15,9.5,2.5
15,9.5,2.55
15,9.5,2.6
15,9.5,2.65
15,9.5,2.7
15,9.5,2.75
15,9.5,2.8
15,9.5,2.85
15,9.5,2.9
15,9.5,2.95
15,9.5,3
15,9.5,3.05
15,9.5,3.1
15,9.5,3.15
15,9.5,3.2
15,9.5,3.25
15,9.5,3.3
15,9.5,3.35
15,9.5,3.4
15,9.5,3.45
15,9.5,3.5
15,9.5,3.55
15,9.5,3.6
15,9.5,3.65
15,9.5,3.7
15,9.5,3.75
15,9.5,3.8
15,9.5,3.85
15,9.5,3.9
15,9.5,3.95
15,9.5,4
15,9.5,4.05
15,9.5,4.1
15,9.5,4.15
15,9.5,4.2
15,9.5,4.25
15,9.5,4.3
15,9.5,4.35
15,9.5,4.4
15,9.5,4.45
15,9.5,4.5
15,9.5,4.55
15,9.5,4.6
15,9.5,4.65
15,9.5,4.7
15,9.5,4.75
15,9.5,4.8
15,9.5,4.85
15,9.5,4.9
15,9.5,4.95
15,9.5,5
15,10,0
15,10,0.05
15,10,0.1
15,10,0.15
15,10,0.2
15,10,0.25
15,10,0.3
15,10,0.35
15,10,0.4
15,10,0.45
15,10,0.5
15,10,0.55
15,10,0.6
15,10,0.65
15,10,0.7
15,10,0.75
15,10,0.8
15,10,0.85
15,10,0.9
15,10,0.95
15,10,1
15,10,1.05
15,10,1.1
15,10,1.15
15,10,1.2
15,10,1.25
15,10,1.3
15,10,1.35
15,10,1.4
15,10,1.45
15,10,1.5
15,10,1.55
15,10,1.6
15,10,1.65
15,10,1.7
15,10,1.75
15,10,1.8
15,10,1.85
15,10,1.9
15,10,1.95
15,10,2
15,10,2.05
15,10,2.1
15,10,2.15
15,10,2.2
15,10,2.25
15,10,2.3
15,10,2.35
15,10,2.4
15,10,2.45
15,10,2.5
15,10,2.55
15,10,2.6
15,10,2.65
15,10,2.7
15,10,2.75
15,10,2.8
15,10,2.85
15,10,2.9
15,10,2.95
15,10,3
15,10,3.05
15,10,3.1
15,10,3.15
15,10,3.2
15,10,3.25
15,10,3.3
15,10,3.35
15,10,3.4
15,10,3.45
15,10,3.5
15,10,3.55
15,10,3.6
15,10,3.65
15,10,3.7
15,10,3.75
15,10,3.8
15,10,3.85
15,10,3.9
15,10,3.95
15,10,4
15,10,4.05
15,10,4.1
15,10,4.15
15,10,4.2
15,10,4.25
15,10,4.3
15,10,4.35
15,10,4.4
15,10,4.45
15,10,4.5
15,10,4.55
15,10,4.6
15,10,4.65
15,10,4.7
15,10,4.75
15,10,4.8
15,10,4.85
15,10,4.9
15,10,4.95
15,10,5
15.5,0,0
15.5,0,0.05
15.5,0,0.1
15.5,0,0.15
15.5,0,0.2
15.5,0,0.25
15.5,0,0.3
15.5,0,0.35
15.5,0,0.4
15.5,0,0.45
15.5,0,0.5
15.5,0,0.55
15.5,0,0.6
15.5,0,0.65
15.5,0,0.7
15.5,0,0.75
15.5,0,0.8
15.5,0,0.85
15.5,0,0.9
15.5,0,0.95
15.5,0,1
15.5,0,1.05
15.5,0,1.1
15.5,0,1.15
15.5,0,1.2
15.5,0,1.25
15.5,0,1.3
15.5,0,1.35
15.5,0,1.4
15.5,0,1.45
15.5,0,1.5
15.5,0,1.55
15.5,0,1.6
15.5,0,1.65
15.5,0,1.7
15.5,0,1.75
15.5,0,1.8
15.5,0,1.85
15.5,0,1.9
15.5,0,1.95
15.5,0,2
15.5,0,2.05
15.5,0,2.1
15.5,0,2.15
15.5,0,2.2
15.5,0,2.25
15.5,0,2.3
15.5,0,2.35
15.5,0,2.4
15.5,0,2.45
15.5,0,2.5
15.5,0,2.55
15.5,0,2.6
15.5,0,2.65
15.5,0,2.7
15.5,0,2.75
15.5,0,2.8
15.5,0,2.85
15.5,0,2.9
15.5,0,2.95
15.5,0,3
15.5,0,3.05
15.5,0,3.1
15.5,0,3.15
15.5,0,3.2
15.5,0,3.25
15.5,0,3.3
15.5,0,3.35
15.5,0,3.4
15.5,0,3.45
15.5,0,3.5
15.5,0,3.55
15.5,0,3.6
15.5,0,3.65
15.5,0,3.7
15.5,0,3.75
15.5,0,3.8
15.5,0,3.85
15.5,0,3.9
15.5,0,3.95
15.5,0,4
15.5,0,4.05
15.5,0,4.1
15.5,0,4.15
15.5,0,4.2
15.5,0,4.25
15.5,0,4.3
15.5,0,4.35
15.5,0,4.4
15.5,0,4.45
15.5,0,4.5
15.5,0,4.55
15.5,0,4.6
15.5,0,4.65
15.5,0,4.7
15.5,0,4.75
15.5,0,4.8
15.5,0,4.85
15.5,0,4.9
15.5,0,4.95
15.5,0,5
15.5,0.5,0
15.5,0.5,0.05
15.5,0.5,0.1
15.5,0.5,0.15
15.5,0.5,0.2
15.5,0.5,0.25
15.5,0.5,0.3
15.5,0.5,0.35
15.5,0.5,0.4
15.5,0.5,0.45
15.5,0.5,0.5
15.5,0.5,0.55
15.5,0.5,0.6
15.5,0.5,0.65
15.5,0.5,0.7
15.5,0.5,0.75
15.5,0.5,0.8
15.5,0.5,0.85
15.5,0.5,0.9
15.5,0.5,0.95
15.5,0.5,1
15.5,0.5,1.05
15.5,0.5,1.1
15.5,0.5,1.15
15.5,0.5,1.2
15.5,0.5,1.25
15.5,0.5,1.3
15.5,0.5,1.35
15.5,0.5,1.4
15.5,0.5,1.45
15.5,0.5,1.5
15.5,0.5,1.55
15.5,0.5,1.6
15.5,0.5,1.65
15.5,0.5,1.7
15.5,0.5,1.75
15.5,0.5,1.8
15.5,0.5,1.85
15.5,0.5,1.9
15.5,0.5,1.95
15.5,0.5,2
15.5,0.5,2.05
15.5,0.5,2.1
15.5,0.5,2.15
15.5,0.5,2.2
15.5,0.5,2.25
15.5,0.5,2.3
15.5,0.5,2.35
15.5,0.5,2.4
15.5,0.5,2.45
15.5,0.5,2.5
15.5,0.5,2.55
15.5,0.5,2.6
15.5,0.5,2.65
15.5,0.5,2.7
15.5,0.5,2.75
15.5,0.5,2.8
15.5,0.5,2.85
15.5,0.5,2.9
15.5,0.5,2.95
15.5,0.5,3
15.5,0.5,3.05
15.5,0.5,3.1
15.5,0.5,3.15
15.5,0.5,3.2
15.5,0.5,3.25
15.5,0.5,3.3
15.5,0.5,3.35
15.5,0.5,3.4
15.5,0.5,3.45
15.5,0.5,3.5
15.5,0.5,3.55
15.5,0.5,3.6
15.5,0.5,3.65
15.5,0.5,3.7
15.5,0.5,3.75
15.5,0.5,3.8
15.5,0.5,3.85
15.5,0.5,3.9
15.5,0.5,3.95
15.5,0.5,4
15.5,0.5,4.05
15.5,0.5,4.1
15.5,0.5,4.15
15.5,0.5,4.2
15.5,0.5,4.25
15.5,0.5,4.3
15.5,0.5,4.35
15.5,0.5,4.4
15.5,0.5,4.45
15.5,0.5,4.5
15.5,0.5,4.55
15.5,0.5,4.6
15.5,0.5,4.65
15.5,0.5,4.7
15.5,0.5,4.75
15.5,0.5,4.8
15.5,0.5,4.85
15.5,0.5,4.9
15.5,0.5,4.95
15.5,0.5,5
15.5,1,0
15.5,1,0.05
15.5,1,0.1
15.5,1,0.15
15.5,1,0.2
15.5,1,0.25
15.5,1,0.3
15.5,1,0.35
15.5,1,0.4
15.5,1,0.45
15.5,1,0.5
15.5,1,0.55
15.5,1,0.6
15.5,1,0.65
15.5,1,0.7
15.5,1,0.75
15.5,1,0.8
15.5,1,0.85
15.5,1,0.9
15.5,1,0.95
15.5,1,1
15.5,1,1.05
15.5,1,1.1
15.5,1,1.15
15.5,1,1.2
15.5,1,1.25
15.5,1,1.3
15.5,1,1.35
15.5,1,1.4
15.5,1,1.45
15.5,1,1.5
15.5,1,1.55
15.5,1,1.6
15.5,1,1.65
15.5,1,1.7
15.5,1,1.75
15.5,1,1.8
15.5,1,1.85
15.5,1,1.9
15.5,1,1.95
15.5,1,2
15.5,1,2.05
15.5,1,2.1
15.5,1,2.15
15.5,1,2.2
15.5,1,2.25
15.5,1,2.3
15.5,1,2.35
15.5,1,2.4
15.5,1,2.45
15.5,1,2.5
15.5,1,2.55
15.5,1,2.6
15.5,1,2.65
15.5,1,2.7
15.5,1,2.75
15.5,1,2.8
15.5,1,2.85
15.5,1,2.9
15.5,1,2.95
15.5,1,3
15.5,1,3.05
15.5,1,3.1
15.5,1,3.15
15.5,1,3.2
15.5,1,3.25
15.5,1,3.3
15.5,1,3.35
15.5,1,3.4
15.5,1,3.45
15.5,1,3.5
15.5,1,3.55
15.5,1,3.6
15.5,1,3.65
15.5,1,3.7
15.5,1,3.75
15.5,1,3.8
15.5,1,3.85
15.5,1,3.9
15.5,1,3.95
15.5,1,4
15.5,1,4.05
15.5,1,4.1
15.5,1,4.15
15.5,1,4.2
15.5,1,4.25
15.5,1,4.3
15.5,1,4.35
15.5,1,4.4
15.5,1,4.45
15.5,1,4.5
15.5,1,4.55
15.5,1,4.6
15.5,1,4.65
15.5,1,4.7
15.5,1,4.75
15.5,1,4.8
15.5,1,4.85
15.5,1,4.9
15.5,1,4.95
15.5,1,5
15.5,1.5,0
15.5,1.5,0.05
15.5,1.5,0.1
15.5,1.5,0.15
15.5,1.5,0.2
15.5,1.5,0.25
15.5,1.5,0.3
15.5,1.5,0.35
15.5,1.5,0.4
15.5,1.5,0.45
15.5,1.5,0.5
15.5,1.5,0.55
15.5,1.5,0.6
15.5,1.5,0.65
15.5,1.5,0.7
15.5,1.5,0.75
15.5,1.5,0.8
15.5,1.5,0.85
15.5,1.5,0.9
15.5,1.5,0.95
15.5,1.5,1
15.5,1.5,1.05
15.5,1.5,1.1
15.5,1.5,1.15
15.5,1.5,1.2
15.5,1.5,1.25
15.5,1.5,1.3
15.5,1.5,1.35
15.5,1.5,1.4
15.5,1.5,1.45
15.5,1.5,1.5
15.5,1.5,1.55
15.5,1.5,1.6
15.5,1.5,1.65
15.5,1.5,1.7
15.5,1.5,1.75
15.5,1.5,1.8
15.5,1.5,1.85
15.5,1.5,1.9
15.5,1.5,1.95
15.5,1.5,2
15.5,1.5,2.05
15.5,1.5,2.1
15.5,1.5,2.15
15.5,1.5,2.2
15.5,1.5,2.25
15.5,1.5,2.3
15.5,1.5,2.35
15.5,1.5,2.4
15.5,1.5,2.45
15.5,1.5,2.5
15.5,1.5,2.55
15.5,1.5,2.6
15.5,1.5,2.65
15.5,1.5,2.7
15.5,1.5,2.75
15.5,1.5,2.8
15.5,1.5,2.85
15.5,1.5,2.9
15.5,1.5,2.95
15.5,1.5,3
15.5,1.5,3.05
15.5,1.5,3.1
15.5,1.5,3.15
15.5,1.5,3.2
15.5,1.5,3.25
15.5,1.5,3.3
15.5,1.5,3.35
15.5,1.5,3.4
15.5,1.5,3.45
15.5,1.5,3.5
15.5,1.5,3.55
15.5,1.5,3.6
15.5,1.5,3.65
15.5,1.5,3.7
15.5,1.5,3.75
15.5,1.5,3.8
15.5,1.5,3.85
15.5,1.5,3.9
15.5,1.5,3.95
15.5,1.5,4
15.5,1.5,4.05
15.5,1.5,4.1
15.5,1.5,4.15
15.5,1.5,4.2
15.5,1.5,4.25
15.5,1.5,4.3
15.5,1.5,4.35
15.5,1.5,4.4
15.5,1.5,4.45
15.5,1.5,4.5
15.5,1.5,4.55
15.5,1.5,4.6
15.5,1.5,4.65
15.5,1.5,4.7
15.5,1.5,4.75
15.5,1.5,4.8
15.5,1.5,4.85
15.5,1.5,4.9
15.5,1.5,4.95
15.5,1.5,5
15.5,2,0
15.5,2,0.05
15.5,2,0.1
15.5,2,0.15
15.5,2,0.2
15.5,2,0.25
15.5,2,0.3
15.5,2,0.35
15.5,2,0.4
15.5,2,0.45
15.5,2,0.5
15.5,2,0.55
15.5,2,0.6
15.5,2,0.65
15.5,2,0.7
15.5,2,0.75
15.5,2,0.8
15.5,2,0.85
15.5,2,0.9
15.5,2,0.95
15.5,2,1
15.5,2,1.05
15.5,2,1.1
15.5,2,1.15
15.5,2,1.2
15.5,2,1.25
15.5,2,1.3
15.5,2,1.35
15.5,2,1.4
15.5,2,1.45
15.5,2,1.5
15.5,2,1.55
15.5,2,1.6
15.5,2,1.65
15.5,2,1.7
15.5,2,1.75
15.5,2,1.8
15.5,2,1.85
15.5,2,1.9
15.5,2,1.95
15.5,2,2
15.5,2,2.05
15.5,2,2.1
15.5,2,2.15
15.5,2,2.2
15.5,2,2.25
15.5,2,2.3
15.5,2,2.35
15.5,2,2.4
15.5,2,2.45
15.5,2,2.5
15.5,2,2.55
15.5,2,2.6
15.5,2,2.65
15.5,2,2.7
15.5,2,2.75
15.5,2,2.8
15.5,2,2.85
15.5,2,2.9
15.5,2,2.95
15.5,2,3
15.5,2,3.05
15.5,2,3.1
15.5,2,3.15
15.5,2,3.2
15.5,2,3.25
15.5,2,3.3
15.5,2,3.35
15.5,2,3.4
15.5,2,3.45
15.5,2,3.5
15.5,2,3.55
15.5,2,3.6
15.5,2,3.65
15.5,2,3.7
15.5,2,3.75
15.5,2,3.8
15.5,2,3.85
15.5,2,3.9
15.5,2,3.95
15.5,2,4
15.5,2,4.05
15.5,2,4.1
15.5,2,4.15
15.5,2,4.2
15.5,2,4.25
15.5,2,4.3
15.5,2,4.35
15.5,2,4.4
15.5,2,4.45
15.5,2,4.5
15.5,2,4.55
15.5,2,4.6
15.5,2,4.65
15.5,2,4.7
15.5,2,4.75
15.5,2,4.8
15.5,2,4.85
15.5,2,4.9
15.5,2,4.95
15.5,2,5
15.5,2.5,0
15.5,2.5,0.05
15.5,2.5,0.1
15.5,2.5,0.15
15.5,2.5,0.2
15.5,2.5,0.25
15.5,2.5,0.3
15.5,2.5,0.35
15.5,2.5,0.4
15.5,2.5,0.45
15.5,2.5,0.5
15.5,2.5,0.55
15.5,2.5,0.6
15.5,2.5,0.65
15.5,2.5,0.7
15.5,2.5,0.75
15.5,2.5,0.8
15.5,2.5,0.85
15.5,2.5,0.9
15.5,2.5,0.95
15.5,2.5,1
15.5,2.5,1.05
15.5,2.5,1.1
15.5,2.5,1.15
15.5,2.5,1.2
15.5,2.5,1.25
15.5,2.5,1.3
15.5,2.5,1.35
15.5,2.5,1.4
15.5,2.5,1.45
15.5,2.5,1.5
15.5,2.5,1.55
15.5,2.5,1.6
15.5,2.5,1.65
15.5,2.5,1.7
15.5,2.5,1.75
15.5,2.5,1.8
15.5,2.5,1.85
15.5,2.5,1.9
15.5,2.5,1.95
15.5,2.5,2
15.5,2.5,2.05
15.5,2.5,2.1
15.5,2.5,2.15
15.5,2.5,2.2
15.5,2.5,2.25
15.5,2.5,2.3
15.5,2.5,2.35
15.5,2.5,2.4
15.5,2.5,2.45
15.5,2.5,2.5
15.5,2.5,2.55
15.5,2.5,2.6
15.5,2.5,2.65
15.5,2.5,2.7
15.5,2.5,2.75
15.5,2.5,2.8
15.5,2.5,2.85
15.5,2.5,2.9
15.5,2.5,2.95
15.5,2.5,3
15.5,2.5,3.05
15.5,2.5,3.1
15.5,2.5,3.15
15.5,2.5,3.2
15.5,2.5,3.25
15.5,2.5,3.3
15.5,2.5,3.35
15.5,2.5,3.4
15.5,2.5,3.45
15.5,2.5,3.5
15.5,2.5,3.55
15.5,2.5,3.6
15.5,2.5,3.65
15.5,2.5,3.7
15.5,2.5,3.75
15.5,2.5,3.8
15.5,2.5,3.85
15.5,2.5,3.9
15.5,2.5,3.95
15.5,2.5,4
15.5,2.5,4.05
15.5,2.5,4.1
15.5,2.5,4.15
15.5,2.5,4.2
15.5,2.5,4.25
15.5,2.5,4.3
15.5,2.5,4.35
15.5,2.5,4.4
15.5,2.5,4.45
15.5,2.5,4.5
15.5,2.5,4.55
15.5,2.5,4.6
15.5,2.5,4.65
15.5,2.5,4.7
15.5,2.5,4.75
15.5,2.5,4.8
15.5,2.5,4.85
15.5,2.5,4.9
15.5,2.5,4.95
15.5,2.5,5
15.5,3,0
15.5,3,0.05
15.5,3,0.1
15.5,3,0.15
15.5,3,0.2
15.5,3,0.25
15.5,3,0.3
15.5,3,0.35
15.5,3,0.4
15.5,3,0.45
15.5,3,0.5
15.5,3,0.55
15.5,3,0.6
15.5,3,0.65
15.5,3,0.7
15.5,3,0.75
15.5,3,0.8
15.5,3,0.85
15.5,3,0.9
15.5,3,0.95
15.5,3,1
15.5,3,1.05
15.5,3,1.1
15.5,3,1.15
15.5,3,1.2
15.5,3,1.25
15.5,3,1.3
15.5,3,1.35
15.5,3,1.4
15.5,3,1.45
15.5,3,1.5
15.5,3,1.55
15.5,3,1.6
15.5,3,1.65
15.5,3,1.7
15.5,3,1.75
15.5,3,1.8
15.5,3,1.85
15.5,3,1.9
15.5,3,1.95
15.5,3,2
15.5,3,2.05
15.5,3,2.1
15.5,3,2.15
15.5,3,2.2
15.5,3,2.25
15.5,3,2.3
15.5,3,2.35
15.5,3,2.4
15.5,3,2.45
15.5,3,2.5
15.5,3,2.55
15.5,3,2.6
15.5,3,2.65
15.5,3,2.7
15.5,3,2.75
15.5,3,2.8
15.5,3,2.85
15.5,3,2.9
15.5,3,2.95
15.5,3,3
15.5,3,3.05
15.5,3,3.1
15.5,3,3.15
15.5,3,3.2
15.5,3,3.25
15.5,3,3.3
15.5,3,3.35
15.5,3,3.4
15.5,3,3.45
15.5,3,3.5
15.5,3,3.55
15.5,3,3.6
15.5,3,3.65
15.5,3,3.7
15.5,3,3.75
15.5,3,3.8
15.5,3,3.85
15.5,3,3.9
15.5,3,3.95
15.5,3,4
15.5,3,4.05
15.5,3,4.1
15.5,3,4.15
15.5,3,4.2
15.5,3,4.25
15.5,3,4.3
15.5,3,4.35
15.5,3,4.4
15.5,3,4.45
15.5,3,4.5
15.5,3,4.55
15.5,3,4.6
15.5,3,4.65
15.5,3,4.7
15.5,3,4.75
15.5,3,4.8
15.5,3,4.85
15.5,3,4.9
15.5,3,4.95
15.5,3,5
15.5,3.5,0
15.5,3.5,0.05
15.5,3.5,0.1
15.5,3.5,0.15
15.5,3.5,0.2
15.5,3.5,0.25
15.5,3.5,0.3
15.5,3.5,0.35
15.5,3.5,0.4
15.5,3.5,0.45
15.5,3.5,0.5
15.5,3.5,0.55
15.5,3.5,0.6
15.5,3.5,0.65
15.5,3.5,0.7
15.5,3.5,0.75
15.5,3.5,0.8
15.5,3.5,0.85
15.5,3.5,0.9
15.5,3.5,0.95
15.5,3.5,1
15.5,3.5,1.05
15.5,3.5,1.1
15.5,3.5,1.15
15.5,3.5,1.2
15.5,3.5,1.25
15.5,3.5,1.3
15.5,3.5,1.35
15.5,3.5,1.4
15.5,3.5,1.45
15.5,3.5,1.5
15.5,3.5,1.55
15.5,3.5,1.6
15.5,3.5,1.65
15.5,3.5,1.7
15.5,3.5,1.75
15.5,3.5,1.8
15.5,3.5,1.85
15.5,3.5,1.9
15.5,3.5,1.95
15.5,3.5,2
15.5,3.5,2.05
15.5,3.5,2.1
15.5,3.5,2.15
15.5,3.5,2.2
15.5,3.5,2.25
15.5,3.5,2.3
15.5,3.5,2.35
15.5,3.5,2.4
15.5,3.5,2.45
15.5,3.5,2.5
15.5,3.5,2.55
15.5,3.5,2.6
15.5,3.5,2.65
15.5,3.5,2.7
15.5,3.5,2.75
15.5,3.5,2.8
15.5,3.5,2.85
15.5,3.5,2.9
15.5,3.5,2.95
15.5,3.5,3
15.5,3.5,3.05
15.5,3.5,3.1
15.5,3.5,3.15
15.5,3.5,3.2
15.5,3.5,3.25
15.5,3.5,3.3
15.5,3.5,3.35
15.5,3.5,3.4
15.5,3.5,3.45
15.5,3.5,3.5
15.5,3.5,3.55
15.5,3.5,3.6
15.5,3.5,3.65
15.5,3.5,3.7
15.5,3.5,3.75
15.5,3.5,3.8
15.5,3.5,3.85
15.5,3.5,3.9
15.5,3.5,3.95
15.5,3.5,4
15.5,3.5,4.05
15.5,3.5,4.1
15.5,3.5,4.15
15.5,3.5,4.2
15.5,3.5,4.25
15.5,3.5,4.3
15.5,3.5,4.35
15.5,3.5,4.4
15.5,3.5,4.45
15.5,3.5,4.5
15.5,3.5,4.55
15.5,3.5,4.6
15.5,3.5,4.65
15.5,3.5,4.7
15.5,3.5,4.75
15.5,3.5,4.8
15.5,3.5,4.85
15.5,3.5,4.9
15.5,3.5,4.95
15.5,3.5,5
15.5,4,0
15.5,4,0.05
15.5,4,0.1
15.5,4,0.15
15.5,4,0.2
15.5,4,0.25
15.5,4,0.3
15.5,4,0.35
15.5,4,0.4
15.5,4,0.45
15.5,4,0.5
15.5,4,0.55
15.5,4,0.6
15.5,4,0.65
15.5,4,0.7
15.5,4,0.75
15.5,4,0.8
15.5,4,0.85
15.5,4,0.9
15.5,4,0.95
15.5,4,1
15.5,4,1.05
15.5,4,1.1
15.5,4,1.15
15.5,4,1.2
15.5,4,1.25
15.5,4,1.3
15.5,4,1.35
15.5,4,1.4
15.5,4,1.45
15.5,4,1.5
15.5,4,1.55
15.5,4,1.6
15.5,4,1.65
15.5,4,1.7
15.5,4,1.75
15.5,4,1.8
15.5,4,1.85
15.5,4,1.9
15.5,4,1.95
15.5,4,2
15.5,4,2.05
15.5,4,2.1
15.5,4,2.15
15.5,4,2.2
15.5,4,2.25
15.5,4,2.3
15.5,4,2.35
15.5,4,2.4
15.5,4,2.45
15.5,4,2.5
15.5,4,2.55
15.5,4,2.6
15.5,4,2.65
15.5,4,2.7
15.5,4,2.75
15.5,4,2.8
15.5,4,2.85
15.5,4,2.9
15.5,4,2.95
15.5,4,3
15.5,4,3.05
15.5,4,3.1
15.5,4,3.15
15.5,4,3.2
15.5,4,3.25
15.5,4,3.3
15.5,4,3.35
15.5,4,3.4
15.5,4,3.45
15.5,4,3.5
15.5,4,3.55
15.5,4,3.6
15.5,4,3.65
15.5,4,3.7
15.5,4,3.75
15.5,4,3.8
15.5,4,3.85
15.5,4,3.9
15.5,4,3.95
15.5,4,4
15.5,4,4.05
15.5,4,4.1
15.5,4,4.15
15.5,4,4.2
15.5,4,4.25
15.5,4,4.3
15.5,4,4.35
15.5,4,4.4
15.5,4,4.45
15.5,4,4.5
15.5,4,4.55
15.5,4,4.6
15.5,4,4.65
15.5,4,4.7
15.5,4,4.75
15.5,4,4.8
15.5,4,4.85
15.5,4,4.9
15.5,4,4.95
15.5,4,5
15.5,4.5,0
15.5,4.5,0.05
15.5,4.5,0.1
15.5,4.5,0.15
15.5,4.5,0.2
15.5,4.5,0.25
15.5,4.5,0.3
15.5,4.5,0.35
15.5,4.5,0.4
15.5,4.5,0.45
15.5,4.5,0.5
15.5,4.5,0.55
15.5,4.5,0.6
15.5,4.5,0.65
15.5,4.5,0.7
15.5,4.5,0.75
15.5,4.5,0.8
15.5,4.5,0.85
15.5,4.5,0.9
15.5,4.5,0.95
15.5,4.5,1
15.5,4.5,1.05
15.5,4.5,1.1
15.5,4.5,1.15
15.5,4.5,1.2
15.5,4.5,1.25
15.5,4.5,1.3
15.5,4.5,1.35
15.5,4.5,1.4
15.5,4.5,1.45
15.5,4.5,1.5
15.5,4.5,1.55
15.5,4.5,1.6
15.5,4.5,1.65
15.5,4.5,1.7
15.5,4.5,1.75
15.5,4.5,1.8
15.5,4.5,1.85
15.5,4.5,1.9
15.5,4.5,1.95
15.5,4.5,2
15.5,4.5,2.05
15.5,4.5,2.1
15.5,4.5,2.15
15.5,4.5,2.2
15.5,4.5,2.25
15.5,4.5,2.3
15.5,4.5,2.35
15.5,4.5,2.4
15.5,4.5,2.45
15.5,4.5,2.5
15.5,4.5,2.55
15.5,4.5,2.6
15.5,4.5,2.65
15.5,4.5,2.7
15.5,4.5,2.75
15.5,4.5,2.8
15.5,4.5,2.85
15.5,4.5,2.9
15.5,4.5,2.95
15.5,4.5,3
15.5,4.5,3.05
15.5,4.5,3.1
15.5,4.5,3.15
15.5,4.5,3.2
15.5,4.5,3.25
15.5,4.5,3.3
15.5,4.5,3.35
15.5,4.5,3.4
15.5,4.5,3.45
15.5,4.5,3.5
15.5,4.5,3.55
15.5,4.5,3.6
15.5,4.5,3.65
15.5,4.5,3.7
15.5,4.5,3.75
15.5,4.5,3.8
15.5,4.5,3.85
15.5,4.5,3.9
15.5,4.5,3.95
15.5,4.5,4
15.5,4.5,4.05
15.5,4.5,4.1
15.5,4.5,4.15
15.5,4.5,4.2
15.5,4.5,4.25
15.5,4.5,4.3
15.5,4.5,4.35
15.5,4.5,4.4
15.5,4.5,4.45
15.5,4.5,4.5
15.5,4.5,4.55
15.5,4.5,4.6
15.5,4.5,4.65
15.5,4.5,4.7
15.5,4.5,4.75
15.5,4.5,4.8
15.5,4.5,4.85
15.5,4.5,4.9
15.5,4.5,4.95
15.5,4.5,5
15.5,5,0
15.5,5,0.05
15.5,5,0.1
15.5,5,0.15
15.5,5,0.2
15.5,5,0.25
15.5,5,0.3
15.5,5,0.35
15.5,5,0.4
15.5,5,0.45
15.5,5,0.5
15.5,5,0.55
15.5,5,0.6
15.5,5,0.65
15.5,5,0.7
15.5,5,0.75
15.5,5,0.8
15.5,5,0.85
15.5,5,0.9
15.5,5,0.95
15.5,5,1
15.5,5,1.05
15.5,5,1.1
15.5,5,1.15
15.5,5,1.2
15.5,5,1.25
15.5,5,1.3
15.5,5,1.35
15.5,5,1.4
15.5,5,1.45
15.5,5,1.5
15.5,5,1.55
15.5,5,1.6
15.5,5,1.65
15.5,5,1.7
15.5,5,1.75
15.5,5,1.8
15.5,5,1.85
15.5,5,1.9
15.5,5,1.95
15.5,5,2
15.5,5,2.05
15.5,5,2.1
15.5,5,2.15
15.5,5,2.2
15.5,5,2.25
15.5,5,2.3
15.5,5,2.35
15.5,5,2.4
15.5,5,2.45
15.5,5,2.5
15.5,5,2.55
15.5,5,2.6
15.5,5,2.65
15.5,5,2.7
15.5,5,2.75
15.5,5,2.8
15.5,5,2.85
15.5,5,2.9
15.5,5,2.95
15.5,5,3
15.5,5,3.05
15.5,5,3.1
15.5,5,3.15
15.5,5,3.2
15.5,5,3.25
15.5,5,3.3
15.5,5,3.35
15.5,5,3.4
15.5,5,3.45
15.5,5,3.5
15.5,5,3.55
15.5,5,3.6
15.5,5,3.65
15.5,5,3.7
15.5,5,3.75
15.5,5,3.8
15.5,5,3.85
15.5,5,3.9
15.5,5,3.95
15.5,5,4
15.5,5,4.05
15.5,5,4.1
15.5,5,4.15
15.5,5,4.2
15.5,5,4.25
15.5,5,4.3
15.5,5,4.35
15.5,5,4.4
15.5,5,4.45
15.5,5,4.5
15.5,5,4.55
15.5,5,4.6
15.5,5,4.65
15.5,5,4.7
15.5,5,4.75
15.5,5,4.8
15.5,5,4.85
15.5,5,4.9
15.5,5,4.95
15.5,5,5
15.5,5.5,0
15.5,5.5,0.05
15.5,5.5,0.1
15.5,5.5,0.15
15.5,5.5,0.2
15.5,5.5,0.25
15.5,5.5,0.3
15.5,5.5,0.35
15.5,5.5,0.4
15.5,5.5,0.45
15.5,5.5,0.5
15.5,5.5,0.55
15.5,5.5,0.6
15.5,5.5,0.65
15.5,5.5,0.7
15.5,5.5,0.75
15.5,5.5,0.8
15.5,5.5,0.85
15.5,5.5,0.9
15.5,5.5,0.95
15.5,5.5,1
15.5,5.5,1.05
15.5,5.5,1.1
15.5,5.5,1.15
15.5,5.5,1.2
15.5,5.5,1.25
15.5,5.5,1.3
15.5,5.5,1.35
15.5,5.5,1.4
15.5,5.5,1.45
15.5,5.5,1.5
15.5,5.5,1.55
15.5,5.5,1.6
15.5,5.5,1.65
15.5,5.5,1.7
15.5,5.5,1.75
15.5,5.5,1.8
15.5,5.5,1.85
15.5,5.5,1.9
15.5,5.5,1.95
15.5,5.5,2
15.5,5.5,2.05
15.5,5.5,2.1
15.5,5.5,2.15
15.5,5.5,2.2
15.5,5.5,2.25
15.5,5.5,2.3
15.5,5.5,2.35
15.5,5.5,2.4
15.5,5.5,2.45
15.5,5.5,2.5
15.5,5.5,2.55
15.5,5.5,2.6
15.5,5.5,2.65
15.5,5.5,2.7
15.5,5.5,2.75
15.5,5.5,2.8
15.5,5.5,2.85
15.5,5.5,2.9
15.5,5.5,2.95
15.5,5.5,3
15.5,5.5,3.05
15.5,5.5,3.1
15.5,5.5,3.15
15.5,5.5,3.2
15.5,5.5,3.25
15.5,5.5,3.3
15.5,5.5,3.35
15.5,5.5,3.4
15.5,5.5,3.45
15.5,5.5,3.5
15.5,5.5,3.55
15.5,5.5,3.6
15.5,5.5,3.65
15.5,5.5,3.7
15.5,5.5,3.75
15.5,5.5,3.8
15.5,5.5,3.85
15.5,5.5,3.9
15.5,5.5,3.95
15.5,5.5,4
15.5,5.5,4.05
15.5,5.5,4.1
15.5,5.5,4.15
15.5,5.5,4.2
15.5,5.5,4.25
15.5,5.5,4.3
15.5,5.5,4.35
15.5,5.5,4.4
15.5,5.5,4.45
15.5,5.5,4.5
15.5,5.5,4.55
15.5,5.5,4.6
15.5,5.5,4.65
15.5,5.5,4.7
15.5,5.5,4.75
15.5,5.5,4.8
15.5,5.5,4.85
15.5,5.5,4.9
15.5,5.5,4.95
15.5,5.5,5
15.5,6,0
15.5,6,0.05
15.5,6,0.1
15.5,6,0.15
15.5,6,0.2
15.5,6,0.25
15.5,6,0.3
15.5,6,0.35
15.5,6,0.4
15.5,6,0.45
15.5,6,0.5
15.5,6,0.55
15.5,6,0.6
15.5,6,0.65
15.5,6,0.7
15.5,6,0.75
15.5,6,0.8
15.5,6,0.85
15.5,6,0.9
15.5,6,0.95
15.5,6,1
15.5,6,1.05
15.5,6,1.1
15.5,6,1.15
15.5,6,1.2
15.5,6,1.25
15.5,6,1.3
15.5,6,1.35
15.5,6,1.4
15.5,6,1.45
15.5,6,1.5
15.5,6,1.55
15.5,6,1.6
15.5,6,1.65
15.5,6,1.7
15.5,6,1.75
15.5,6,1.8
15.5,6,1.85
15.5,6,1.9
15.5,6,1.95
15.5,6,2
15.5,6,2.05
15.5,6,2.1
15.5,6,2.15
15.5,6,2.2
15.5,6,2.25
15.5,6,2.3
15.5,6,2.35
15.5,6,2.4
15.5,6,2.45
15.5,6,2.5
15.5,6,2.55
15.5,6,2.6
15.5,6,2.65
15.5,6,2.7
15.5,6,2.75
15.5,6,2.8
15.5,6,2.85
15.5,6,2.9
15.5,6,2.95
15.5,6,3
15.5,6,3.05
15.5,6,3.1
15.5,6,3.15
15.5,6,3.2
15.5,6,3.25
15.5,6,3.3
15.5,6,3.35
15.5,6,3.4
15.5,6,3.45
15.5,6,3.5
15.5,6,3.55
15.5,6,3.6
15.5,6,3.65
15.5,6,3.7
15.5,6,3.75
15.5,6,3.8
15.5,6,3.85
15.5,6,3.9
15.5,6,3.95
15.5,6,4
15.5,6,4.05
15.5,6,4.1
15.5,6,4.15
15.5,6,4.2
15.5,6,4.25
15.5,6,4.3
15.5,6,4.35
15.5,6,4.4
15.5,6,4.45
15.5,6,4.5
15.5,6,4.55
15.5,6,4.6
15.5,6,4.65
15.5,6,4.7
15.5,6,4.75
15.5,6,4.8
15.5,6,4.85
15.5,6,4.9
15.5,6,4.95
15.5,6,5
15.5,6.5,0
15.5,6.5,0.05
15.5,6.5,0.1
15.5,6.5,0.15
15.5,6.5,0.2
15.5,6.5,0.25
15.5,6.5,0.3
15.5,6.5,0.35
15.5,6.5,0.4
15.5,6.5,0.45
15.5,6.5,0.5
15.5,6.5,0.55
15.5,6.5,0.6
15.5,6.5,0.65
15.5,6.5,0.7
15.5,6.5,0.75
15.5,6.5,0.8
15.5,6.5,0.85
15.5,6.5,0.9
15.5,6.5,0.95
15.5,6.5,1
15.5,6.5,1.05
15.5,6.5,1.1
15.5,6.5,1.15
15.5,6.5,1.2
15.5,6.5,1.25
15.5,6.5,1.3
15.5,6.5,1.35
15.5,6.5,1.4
15.5,6.5,1.45
15.5,6.5,1.5
15.5,6.5,1.55
15.5,6.5,1.6
15.5,6.5,1.65
15.5,6.5,1.7
15.5,6.5,1.75
15.5,6.5,1.8
15.5,6.5,1.85
15.5,6.5,1.9
15.5,6.5,1.95
15.5,6.5,2
15.5,6.5,2.05
15.5,6.5,2.1
15.5,6.5,2.15
15.5,6.5,2.2
15.5,6.5,2.25
15.5,6.5,2.3
15.5,6.5,2.35
15.5,6.5,2.4
15.5,6.5,2.45
15.5,6.5,2.5
15.5,6.5,2.55
15.5,6.5,2.6
15.5,6.5,2.65
15.5,6.5,2.7
15.5,6.5,2.75
15.5,6.5,2.8
15.5,6.5,2.85
15.5,6.5,2.9
15.5,6.5,2.95
15.5,6.5,3
15.5,6.5,3.05
15.5,6.5,3.1
15.5,6.5,3.15
15.5,6.5,3.2
15.5,6.5,3.25
15.5,6.5,3.3
15.5,6.5,3.35
15.5,6.5,3.4
15.5,6.5,3.45
15.5,6.5,3.5
15.5,6.5,3.55
15.5,6.5,3.6
15.5,6.5,3.65
15.5,6.5,3.7
15.5,6.5,3.75
15.5,6.5,3.8
15.5,6.5,3.85
15.5,6.5,3.9
15.5,6.5,3.95
15.5,6.5,4
15.5,6.5,4.05
15.5,6.5,4.1
15.5,6.5,4.15
15.5,6.5,4.2
15.5,6.5,4.25
15.5,6.5,4.3
15.5,6.5,4.35
15.5,6.5,4.4
15.5,6.5,4.45
15.5,6.5,4.5
15.5,6.5,4.55
15.5,6.5,4.6
15.5,6.5,4.65
15.5,6.5,4.7
15.5,6.5,4.75
15.5,6.5,4.8
15.5,6.5,4.85
15.5,6.5,4.9
15.5,6.5,4.95
15.5,6.5,5
15.5,7,0
15.5,7,0.05
15.5,7,0.1
15.5,7,0.15
15.5,7,0.2
15.5,7,0.25
15.5,7,0.3
15.5,7,0.35
15.5,7,0.4
15.5,7,0.45
15.5,7,0.5
15.5,7,0.55
15.5,7,0.6
15.5,7,0.65
15.5,7,0.7
15.5,7,0.75
15.5,7,0.8
15.5,7,0.85
15.5,7,0.9
15.5,7,0.95
15.5,7,1
15.5,7,1.05
15.5,7,1.1
15.5,7,1.15
15.5,7,1.2
15.5,7,1.25
15.5,7,1.3
15.5,7,1.35
15.5,7,1.4
15.5,7,1.45
15.5,7,1.5
15.5,7,1.55
15.5,7,1.6
15.5,7,1.65
15.5,7,1.7
15.5,7,1.75
15.5,7,1.8
15.5,7,1.85
15.5,7,1.9
15.5,7,1.95
15.5,7,2
15.5,7,2.05
15.5,7,2.1
15.5,7,2.15
15.5,7,2.2
15.5,7,2.25
15.5,7,2.3
15.5,7,2.35
15.5,7,2.4
15.5,7,2.45
15.5,7,2.5
15.5,7,2.55
15.5,7,2.6
15.5,7,2.65
15.5,7,2.7
15.5,7,2.75
15.5,7,2.8
15.5,7,2.85
15.5,7,2.9
15.5,7,2.95
15.5,7,3
15.5,7,3.05
15.5,7,3.1
15.5,7,3.15
15.5,7,3.2
15.5,7,3.25
15.5,7,3.3
15.5,7,3.35
15.5,7,3.4
15.5,7,3.45
15.5,7,3.5
15.5,7,3.55
15.5,7,3.6
15.5,7,3.65
15.5,7,3.7
15.5,7,3.75
15.5,7,3.8
15.5,7,3.85
15.5,7,3.9
15.5,7,3.95
15.5,7,4
15.5,7,4.05
15.5,7,4.1
15.5,7,4.15
15.5,7,4.2
15.5,7,4.25
15.5,7,4.3
15.5,7,4.35
15.5,7,4.4
15.5,7,4.45
15.5,7,4.5
15.5,7,4.55
15.5,7,4.6
15.5,7,4.65
15.5,7,4.7
15.5,7,4.75
15.5,7,4.8
15.5,7,4.85
15.5,7,4.9
15.5,7,4.95
15.5,7,5
15.5,7.5,0
15.5,7.5,0.05
15.5,7.5,0.1
15.5,7.5,0.15
15.5,7.5,0.2
15.5,7.5,0.25
15.5,7.5,0.3
15.5,7.5,0.35
15.5,7.5,0.4
15.5,7.5,0.45
15.5,7.5,0.5
15.5,7.5,0.55
15.5,7.5,0.6
15.5,7.5,0.65
15.5,7.5,0.7
15.5,7.5,0.75
15.5,7.5,0.8
15.5,7.5,0.85
15.5,7.5,0.9
15.5,7.5,0.95
15.5,7.5,1
15.5,7.5,1.05
15.5,7.5,1.1
15.5,7.5,1.15
15.5,7.5,1.2
15.5,7.5,1.25
15.5,7.5,1.3
15.5,7.5,1.35
15.5,7.5,1.4
15.5,7.5,1.45
15.5,7.5,1.5
15.5,7.5,1.55
15.5,7.5,1.6
15.5,7.5,1.65
15.5,7.5,1.7
15.5,7.5,1.75
15.5,7.5,1.8
15.5,7.5,1.85
15.5,7.5,1.9
15.5,7.5,1.95
15.5,7.5,2
15.5,7.5,2.05
15.5,7.5,2.1
15.5,7.5,2.15
15.5,7.5,2.2
15.5,7.5,2.25
15.5,7.5,2.3
15.5,7.5,2.35
15.5,7.5,2.4
15.5,7.5,2.45
15.5,7.5,2.5
15.5,7.5,2.55
15.5,7.5,2.6
15.5,7.5,2.65
15.5,7.5,2.7
15.5,7.5,2.75
15.5,7.5,2.8
15.5,7.5,2.85
15.5,7.5,2.9
15.5,7.5,2.95
15.5,7.5,3
15.5,7.5,3.05
15.5,7.5,3.1
15.5,7.5,3.15
15.5,7.5,3.2
15.5,7.5,3.25
15.5,7.5,3.3
15.5,7.5,3.35
15.5,7.5,3.4
15.5,7.5,3.45
15.5,7.5,3.5
15.5,7.5,3.55
15.5,7.5,3.6
15.5,7.5,3.65
15.5,7.5,3.7
15.5,7.5,3.75
15.5,7.5,3.8
15.5,7.5,3.85
15.5,7.5,3.9
15.5,7.5,3.95
15.5,7.5,4
15.5,7.5,4.05
15.5,7.5,4.1
15.5,7.5,4.15
15.5,7.5,4.2
15.5,7.5,4.25
15.5,7.5,4.3
15.5,7.5,4.35
15.5,7.5,4.4
15.5,7.5,4.45
15.5,7.5,4.5
15.5,7.5,4.55
15.5,7.5,4.6
15.5,7.5,4.65
15.5,7.5,4.7
15.5,7.5,4.75
15.5,7.5,4.8
15.5,7.5,4.85
15.5,7.5,4.9
15.5,7.5,4.95
15.5,7.5,5
15.5,8,0
15.5,8,0.05
15.5,8,0.1
15.5,8,0.15
15.5,8,0.2
15.5,8,0.25
15.5,8,0.3
15.5,8,0.35
15.5,8,0.4
15.5,8,0.45
15.5,8,0.5
15.5,8,0.55
15.5,8,0.6
15.5,8,0.65
15.5,8,0.7
15.5,8,0.75
15.5,8,0.8
15.5,8,0.85
15.5,8,0.9
15.5,8,0.95
15.5,8,1
15.5,8,1.05
15.5,8,1.1
15.5,8,1.15
15.5,8,1.2
15.5,8,1.25
15.5,8,1.3
15.5,8,1.35
15.5,8,1.4
15.5,8,1.45
15.5,8,1.5
15.5,8,1.55
15.5,8,1.6
15.5,8,1.65
15.5,8,1.7
15.5,8,1.75
15.5,8,1.8
15.5,8,1.85
15.5,8,1.9
15.5,8,1.95
15.5,8,2
15.5,8,2.05
15.5,8,2.1
15.5,8,2.15
15.5,8,2.2
15.5,8,2.25
15.5,8,2.3
15.5,8,2.35
15.5,8,2.4
15.5,8,2.45
15.5,8,2.5
15.5,8,2.55
15.5,8,2.6
15.5,8,2.65
15.5,8,2.7
15.5,8,2.75
15.5,8,2.8
15.5,8,2.85
15.5,8,2.9
15.5,8,2.95
15.5,8,3
15.5,8,3.05
15.5,8,3.1
15.5,8,3.15
15.5,8,3.2
15.5,8,3.25
15.5,8,3.3
15.5,8,3.35
15.5,8,3.4
15.5,8,3.45
15.5,8,3.5
15.5,8,3.55
15.5,8,3.6
15.5,8,3.65
15.5,8,3.7
15.5,8,3.75
15.5,8,3.8
15.5,8,3.85
15.5,8,3.9
15.5,8,3.95
15.5,8,4
15.5,8,4.05
15.5,8,4.1
15.5,8,4.15
15.5,8,4.2
15.5,8,4.25
15.5,8,4.3
15.5,8,4.35
15.5,8,4.4
15.5,8,4.45
15.5,8,4.5
15.5,8,4.55
15.5,8,4.6
15.5,8,4.65
15.5,8,4.7
15.5,8,4.75
15.5,8,4.8
15.5,8,4.85
15.5,8,4.9
15.5,8,4.95
15.5,8,5
15.5,8.5,0
15.5,8.5,0.05
15.5,8.5,0.1
15.5,8.5,0.15
15.5,8.5,0.2
15.5,8.5,0.25
15.5,8.5,0.3
15.5,8.5,0.35
15.5,8.5,0.4
15.5,8.5,0.45
15.5,8.5,0.5
15.5,8.5,0.55
15.5,8.5,0.6
15.5,8.5,0.65
15.5,8.5,0.7
15.5,8.5,0.75
15.5,8.5,0.8
15.5,8.5,0.85
15.5,8.5,0.9
15.5,8.5,0.95
15.5,8.5,1
15.5,8.5,1.05
15.5,8.5,1.1
15.5,8.5,1.15
15.5,8.5,1.2
15.5,8.5,1.25
15.5,8.5,1.3
15.5,8.5,1.35
15.5,8.5,1.4
15.5,8.5,1.45
15.5,8.5,1.5
15.5,8.5,1.55
15.5,8.5,1.6
15.5,8.5,1.65
15.5,8.5,1.7
15.5,8.5,1.75
15.5,8.5,1.8
15.5,8.5,1.85
15.5,8.5,1.9
15.5,8.5,1.95
15.5,8.5,2
15.5,8.5,2.05
15.5,8.5,2.1
15.5,8.5,2.15
15.5,8.5,2.2
15.5,8.5,2.25
15.5,8.5,2.3
15.5,8.5,2.35
15.5,8.5,2.4
15.5,8.5,2.45
15.5,8.5,2.5
15.5,8.5,2.55
15.5,8.5,2.6
15.5,8.5,2.65
15.5,8.5,2.7
15.5,8.5,2.75
15.5,8.5,2.8
15.5,8.5,2.85
15.5,8.5,2.9
15.5,8.5,2.95
15.5,8.5,3
15.5,8.5,3.05
15.5,8.5,3.1
15.5,8.5,3.15
15.5,8.5,3.2
15.5,8.5,3.25
15.5,8.5,3.3
15.5,8.5,3.35
15.5,8.5,3.4
15.5,8.5,3.45
15.5,8.5,3.5
15.5,8.5,3.55
15.5,8.5,3.6
15.5,8.5,3.65
15.5,8.5,3.7
15.5,8.5,3.75
15.5,8.5,3.8
15.5,8.5,3.85
15.5,8.5,3.9
15.5,8.5,3.95
15.5,8.5,4
15.5,8.5,4.05
15.5,8.5,4.1
15.5,8.5,4.15
15.5,8.5,4.2
15.5,8.5,4.25
15.5,8.5,4.3
15.5,8.5,4.35
15.5,8.5,4.4
15.5,8.5,4.45
15.5,8.5,4.5
15.5,8.5,4.55
15.5,8.5,4.6
15.5,8.5,4.65
15.5,8.5,4.7
15.5,8.5,4.75
15.5,8.5,4.8
15.5,8.5,4.85
15.5,8.5,4.9
15.5,8.5,4.95
15.5,8.5,5
15.5,9,0
15.5,9,0.05
15.5,9,0.1
15.5,9,0.15
15.5,9,0.2
15.5,9,0.25
15.5,9,0.3
15.5,9,0.35
15.5,9,0.4
15.5,9,0.45
15.5,9,0.5
15.5,9,0.55
15.5,9,0.6
15.5,9,0.65
15.5,9,0.7
15.5,9,0.75
15.5,9,0.8
15.5,9,0.85
15.5,9,0.9
15.5,9,0.95
15.5,9,1
15.5,9,1.05
15.5,9,1.1
15.5,9,1.15
15.5,9,1.2
15.5,9,1.25
15.5,9,1.3
15.5,9,1.35
15.5,9,1.4
15.5,9,1.45
15.5,9,1.5
15.5,9,1.55
15.5,9,1.6
15.5,9,1.65
15.5,9,1.7
15.5,9,1.75
15.5,9,1.8
15.5,9,1.85
15.5,9,1.9
15.5,9,1.95
15.5,9,2
15.5,9,2.05
15.5,9,2.1
15.5,9,2.15
15.5,9,2.2
15.5,9,2.25
15.5,9,2.3
15.5,9,2.35
15.5,9,2.4
15.5,9,2.45
15.5,9,2.5
15.5,9,2.55
15.5,9,2.6
15.5,9,2.65
15.5,9,2.7
15.5,9,2.75
15.5,9,2.8
15.5,9,2.85
15.5,9,2.9
15.5,9,2.95
15.5,9,3
15.5,9,3.05
15.5,9,3.1
15.5,9,3.15
15.5,9,3.2
15.5,9,3.25
15.5,9,3.3
15.5,9,3.35
15.5,9,3.4
15.5,9,3.45
15.5,9,3.5
15.5,9,3.55
15.5,9,3.6
15.5,9,3.65
15.5,9,3.7
15.5,9,3.75
15.5,9,3.8
15.5,9,3.85
15.5,9,3.9
15.5,9,3.95
15.5,9,4
15.5,9,4.05
15.5,9,4.1
15.5,9,4.15
15.5,9,4.2
15.5,9,4.25
15.5,9,4.3
15.5,9,4.35
15.5,9,4.4
15.5,9,4.45
15.5,9,4.5
15.5,9,4.55
15.5,9,4.6
15.5,9,4.65
15.5,9,4.7
15.5,9,4.75
15.5,9,4.8
15.5,9,4.85
15.5,9,4.9
15.5,9,4.95
15.5,9,5
15.5,9.5,0
15.5,9.5,0.05
15.5,9.5,0.1
15.5,9.5,0.15
15.5,9.5,0.2
15.5,9.5,0.25
15.5,9.5,0.3
15.5,9.5,0.35
15.5,9.5,0.4
15.5,9.5,0.45
15.5,9.5,0.5
15.5,9.5,0.55
15.5,9.5,0.6
15.5,9.5,0.65
15.5,9.5,0.7
15.5,9.5,0.75
15.5,9.5,0.8
15.5,9.5,0.85
15.5,9.5,0.9
15.5,9.5,0.95
15.5,9.5,1
15.5,9.5,1.05
15.5,9.5,1.1
15.5,9.5,1.15
15.5,9.5,1.2
15.5,9.5,1.25
15.5,9.5,1.3
15.5,9.5,1.35
15.5,9.5,1.4
15.5,9.5,1.45
15.5,9.5,1.5
15.5,9.5,1.55
15.5,9.5,1.6
15.5,9.5,1.65
15.5,9.5,1.7
15.5,9.5,1.75
15.5,9.5,1.8
15.5,9.5,1.85
15.5,9.5,1.9
15.5,9.5,1.95
15.5,9.5,2
15.5,9.5,2.05
15.5,9.5,2.1
15.5,9.5,2.15
15.5,9.5,2.2
15.5,9.5,2.25
15.5,9.5,2.3
15.5,9.5,2.35
15.5,9.5,2.4
15.5,9.5,2.45
15.5,9.5,2.5
15.5,9.5,2.55
15.5,9.5,2.6
15.5,9.5,2.65
15.5,9.5,2.7
15.5,9.5,2.75
15.5,9.5,2.8
15.5,9.5,2.85
15.5,9.5,2.9
15.5,9.5,2.95
15.5,9.5,3
15.5,9.5,3.05
15.5,9.5,3.1
15.5,9.5,3.15
15.5,9.5,3.2
15.5,9.5,3.25
15.5,9.5,3.3
15.5,9.5,3.35
15.5,9.5,3.4
15.5,9.5,3.45
15.5,9.5,3.5
15.5,9.5,3.55
15.5,9.5,3.6
15.5,9.5,3.65
15.5,9.5,3.7
15.5,9.5,3.75
15.5,9.5,3.8
15.5,9.5,3.85
15.5,9.5,3.9
15.5,9.5,3.95
15.5,9.5,4
15.5,9.5,4.05
15.5,9.5,4.1
15.5,9.5,4.15
15.5,9.5,4.2
15.5,9.5,4.25
15.5,9.5,4.3
15.5,9.5,4.35
15.5,9.5,4.4
15.5,9.5,4.45
15.5,9.5,4.5
15.5,9.5,4.55
15.5,9.5,4.6
15.5,9.5,4.65
15.5,9.5,4.7
15.5,9.5,4.75
15.5,9.5,4.8
15.5,9.5,4.85
15.5,9.5,4.9
15.5,9.5,4.95
15.5,9.5,5
15.5,10,0
15.5,10,0.05
15.5,10,0.1
15.5,10,0.15
15.5,10,0.2
15.5,10,0.25
15.5,10,0.3
15.5,10,0.35
15.5,10,0.4
15.5,10,0.45
15.5,10,0.5
15.5,10,0.55
15.5,10,0.6
15.5,10,0.65
15.5,10,0.7
15.5,10,0.75
15.5,10,0.8
15.5,10,0.85
15.5,10,0.9
15.5,10,0.95
15.5,10,1
15.5,10,1.05
15.5,10,1.1
15.5,10,1.15
15.5,10,1.2
15.5,10,1.25
15.5,10,1.3
15.5,10,1.35
15.5,10,1.4
15.5,10,1.45
15.5,10,1.5
15.5,10,1.55
15.5,10,1.6
15.5,10,1.65
15.5,10,1.7
15.5,10,1.75
15.5,10,1.8
15.5,10,1.85
15.5,10,1.9
15.5,10,1.95
15.5,10,2
15.5,10,2.05
15.5,10,2.1
15.5,10,2.15
15.5,10,2.2
15.5,10,2.25
15.5,10,2.3
15.5,10,2.35
15.5,10,2.4
15.5,10,2.45
15.5,10,2.5
15.5,10,2.55
15.5,10,2.6
15.5,10,2.65
15.5,10,2.7
15.5,10,2.75
15.5,10,2.8
15.5,10,2.85
15.5,10,2.9
15.5,10,2.95
15.5,10,3
15.5,10,3.05
15.5,10,3.1
15.5,10,3.15
15.5,10,3.2
15.5,10,3.25
15.5,10,3.3
15.5,10,3.35
15.5,10,3.4
15.5,10,3.45
15.5,10,3.5
15.5,10,3.55
15.5,10,3.6
15.5,10,3.65
15.5,10,3.7
15.5,10,3.75
15.5,10,3.8
15.5,10,3.85
15.5,10,3.9
15.5,10,3.95
15.5,10,4
15.5,10,4.05
15.5,10,4.1
15.5,10,4.15
15.5,10,4.2
15.5,10,4.25
15.5,10,4.3
15.5,10,4.35
15.5,10,4.4
15.5,10,4.45
15.5,10,4.5
15.5,10,4.55
15.5,10,4.6
15.5,10,4.65
15.5,10,4.7
15.5,10,4.75
15.5,10,4.8
15.5,10,4.85
15.5,10,4.9
15.5,10,4.95
15.5,10,5
16,0,0
16,0,0.05
16,0,0.1
16,0,0.15
16,0,0.2
16,0,0.25
16,0,0.3
16,0,0.35
16,0,0.4
16,0,0.45
16,0,0.5
16,0,0.55
16,0,0.6
16,0,0.65
16,0,0.7
16,0,0.75
16,0,0.8
16,0,0.85
16,0,0.9
16,0,0.95
16,0,1
16,0,1.05
16,0,1.1
16,0,1.15
16,0,1.2
16,0,1.25
16,0,1.3
16,0,1.35
16,0,1.4
16,0,1.45
16,0,1.5
16,0,1.55
16,0,1.6
16,0,1.65
16,0,1.7
16,0,1.75
16,0,1.8
16,0,1.85
16,0,1.9
16,0,1.95
16,0,2
16,0,2.05
16,0,2.1
16,0,2.15
16,0,2.2
16,0,2.25
16,0,2.3
16,0,2.35
16,0,2.4
16,0,2.45
16,0,2.5
16,0,2.55
16,0,2.6
16,0,2.65
16,0,2.7
16,0,2.75
16,0,2.8
16,0,2.85
16,0,2.9
16,0,2.95
16,0,3
16,0,3.05
16,0,3.1
16,0,3.15
16,0,3.2
16,0,3.25
16,0,3.3
16,0,3.35
16,0,3.4
16,0,3.45
16,0,3.5
16,0,3.55
16,0,3.6
16,0,3.65
16,0,3.7
16,0,3.75
16,0,3.8
16,0,3.85
16,0,3.9
16,0,3.95
16,0,4
16,0,4.05
16,0,4.1
16,0,4.15
16,0,4.2
16,0,4.25
16,0,4.3
16,0,4.35
16,0,4.4
16,0,4.45
16,0,4.5
16,0,4.55
16,0,4.6
16,0,4.65
16,0,4.7
16,0,4.75
16,0,4.8
16,0,4.85
16,0,4.9
16,0,4.95
16,0,5
16,0.5,0
16,0.5,0.05
16,0.5,0.1
16,0.5,0.15
16,0.5,0.2
16,0.5,0.25
16,0.5,0.3
16,0.5,0.35
16,0.5,0.4
16,0.5,0.45
16,0.5,0.5
16,0.5,0.55
16,0.5,0.6
16,0.5,0.65
16,0.5,0.7
16,0.5,0.75
16,0.5,0.8
16,0.5,0.85
16,0.5,0.9
16,0.5,0.95
16,0.5,1
16,0.5,1.05
16,0.5,1.1
16,0.5,1.15
16,0.5,1.2
16,0.5,1.25
16,0.5,1.3
16,0.5,1.35
16,0.5,1.4
16,0.5,1.45
16,0.5,1.5
16,0.5,1.55
16,0.5,1.6
16,0.5,1.65
16,0.5,1.7
16,0.5,1.75
16,0.5,1.8
16,0.5,1.85
16,0.5,1.9
16,0.5,1.95
16,0.5,2
16,0.5,2.05
16,0.5,2.1
16,0.5,2.15
16,0.5,2.2
16,0.5,2.25
16,0.5,2.3
16,0.5,2.35
16,0.5,2.4
16,0.5,2.45
16,0.5,2.5
16,0.5,2.55
16,0.5,2.6
16,0.5,2.65
16,0.5,2.7
16,0.5,2.75
16,0.5,2.8
16,0.5,2.85
16,0.5,2.9
16,0.5,2.95
16,0.5,3
16,0.5,3.05
16,0.5,3.1
16,0.5,3.15
16,0.5,3.2
16,0.5,3.25
16,0.5,3.3
16,0.5,3.35
16,0.5,3.4
16,0.5,3.45
16,0.5,3.5
16,0.5,3.55
16,0.5,3.6
16,0.5,3.65
16,0.5,3.7
16,0.5,3.75
16,0.5,3.8
16,0.5,3.85
16,0.5,3.9
16,0.5,3.95
16,0.5,4
16,0.5,4.05
16,0.5,4.1
16,0.5,4.15
16,0.5,4.2
16,0.5,4.25
16,0.5,4.3
16,0.5,4.35
16,0.5,4.4
16,0.5,4.45
16,0.5,4.5
16,0.5,4.55
16,0.5,4.6
16,0.5,4.65
16,0.5,4.7
16,0.5,4.75
16,0.5,4.8
16,0.5,4.85
16,0.5,4.9
16,0.5,4.95
16,0.5,5
16,1,0
16,1,0.05
16,1,0.1
16,1,0.15
16,1,0.2
16,1,0.25
16,1,0.3
16,1,0.35
16,1,0.4
16,1,0.45
16,1,0.5
16,1,0.55
16,1,0.6
16,1,0.65
16,1,0.7
16,1,0.75
16,1,0.8
16,1,0.85
16,1,0.9
16,1,0.95
16,1,1
16,1,1.05
16,1,1.1
16,1,1.15
16,1,1.2
16,1,1.25
16,1,1.3
16,1,1.35
16,1,1.4
16,1,1.45
16,1,1.5
16,1,1.55
16,1,1.6
16,1,1.65
16,1,1.7
16,1,1.75
16,1,1.8
16,1,1.85
16,1,1.9
16,1,1.95
16,1,2
16,1,2.05
16,1,2.1
16,1,2.15
16,1,2.2
16,1,2.25
16,1,2.3
16,1,2.35
16,1,2.4
16,1,2.45
16,1,2.5
16,1,2.55
16,1,2.6
16,1,2.65
16,1,2.7
16,1,2.75
16,1,2.8
16,1,2.85
16,1,2.9
16,1,2.95
16,1,3
16,1,3.05
16,1,3.1
16,1,3.15
16,1,3.2
16,1,3.25
16,1,3.3
16,1,3.35
16,1,3.4
16,1,3.45
16,1,3.5
16,1,3.55
16,1,3.6
16,1,3.65
16,1,3.7
16,1,3.75
16,1,3.8
16,1,3.85
16,1,3.9
16,1,3.95
16,1,4
16,1,4.05
16,1,4.1
16,1,4.15
16,1,4.2
16,1,4.25
16,1,4.3
16,1,4.35
16,1,4.4
16,1,4.45
16,1,4.5
16,1,4.55
16,1,4.6
16,1,4.65
16,1,4.7
16,1,4.75
16,1,4.8
16,1,4.85
16,1,4.9
16,1,4.95
16,1,5
16,1.5,0
16,1.5,0.05
16,1.5,0.1
16,1.5,0.15
16,1.5,0.2
16,1.5,0.25
16,1.5,0.3
16,1.5,0.35
16,1.5,0.4
16,1.5,0.45
16,1.5,0.5
16,1.5,0.55
16,1.5,0.6
16,1.5,0.65
16,1.5,0.7
16,1.5,0.75
16,1.5,0.8
16,1.5,0.85
16,1.5,0.9
16,1.5,0.95
16,1.5,1
16,1.5,1.05
16,1.5,1.1
16,1.5,1.15
16,1.5,1.2
16,1.5,1.25
16,1.5,1.3
16,1.5,1.35
16,1.5,1.4
16,1.5,1.45
16,1.5,1.5
16,1.5,1.55
16,1.5,1.6
16,1.5,1.65
16,1.5,1.7
16,1.5,1.75
16,1.5,1.8
16,1.5,1.85
16,1.5,1.9
16,1.5,1.95
16,1.5,2
16,1.5,2.05
16,1.5,2.1
16,1.5,2.15
16,1.5,2.2
16,1.5,2.25
16,1.5,2.3
16,1.5,2.35
16,1.5,2.4
16,1.5,2.45
16,1.5,2.5
16,1.5,2.55
16,1.5,2.6
16,1.5,2.65
16,1.5,2.7
16,1.5,2.75
16,1.5,2.8
16,1.5,2.85
16,1.5,2.9
16,1.5,2.95
16,1.5,3
16,1.5,3.05
16,1.5,3.1
16,1.5,3.15
16,1.5,3.2
16,1.5,3.25
16,1.5,3.3
16,1.5,3.35
16,1.5,3.4
16,1.5,3.45
16,1.5,3.5
16,1.5,3.55
16,1.5,3.6
16,1.5,3.65
16,1.5,3.7
16,1.5,3.75
16,1.5,3.8
16,1.5,3.85
16,1.5,3.9
16,1.5,3.95
16,1.5,4
16,1.5,4.05
16,1.5,4.1
16,1.5,4.15
16,1.5,4.2
16,1.5,4.25
16,1.5,4.3
16,1.5,4.35
16,1.5,4.4
16,1.5,4.45
16,1.5,4.5
16,1.5,4.55
16,1.5,4.6
16,1.5,4.65
16,1.5,4.7
16,1.5,4.75
16,1.5,4.8
16,1.5,4.85
16,1.5,4.9
16,1.5,4.95
16,1.5,5
16,2,0
16,2,0.05
16,2,0.1
16,2,0.15
16,2,0.2
16,2,0.25
16,2,0.3
16,2,0.35
16,2,0.4
16,2,0.45
16,2,0.5
16,2,0.55
16,2,0.6
16,2,0.65
16,2,0.7
16,2,0.75
16,2,0.8
16,2,0.85
16,2,0.9
16,2,0.95
16,2,1
16,2,1.05
16,2,1.1
16,2,1.15
16,2,1.2
16,2,1.25
16,2,1.3
16,2,1.35
16,2,1.4
16,2,1.45
16,2,1.5
16,2,1.55
16,2,1.6
16,2,1.65
16,2,1.7
16,2,1.75
16,2,1.8
16,2,1.85
16,2,1.9
16,2,1.95
16,2,2
16,2,2.05
16,2,2.1
16,2,2.15
16,2,2.2
16,2,2.25
16,2,2.3
16,2,2.35
16,2,2.4
16,2,2.45
16,2,2.5
16,2,2.55
16,2,2.6
16,2,2.65
16,2,2.7
16,2,2.75
16,2,2.8
16,2,2.85
16,2,2.9
16,2,2.95
16,2,3
16,2,3.05
16,2,3.1
16,2,3.15
16,2,3.2
16,2,3.25
16,2,3.3
16,2,3.35
16,2,3.4
16,2,3.45
16,2,3.5
16,2,3.55
16,2,3.6
16,2,3.65
16,2,3.7
16,2,3.75
16,2,3.8
16,2,3.85
16,2,3.9
16,2,3.95
16,2,4
16,2,4.05
16,2,4.1
16,2,4.15
16,2,4.2
16,2,4.25
16,2,4.3
16,2,4.35
16,2,4.4
16,2,4.45
16,2,4.5
16,2,4.55
16,2,4.6
16,2,4.65
16,2,4.7
16,2,4.75
16,2,4.8
16,2,4.85
16,2,4.9
16,2,4.95
16,2,5
16,2.5,0
16,2.5,0.05
16,2.5,0.1
16,2.5,0.15
16,2.5,0.2
16,2.5,0.25
16,2.5,0.3
16,2.5,0.35
16,2.5,0.4
16,2.5,0.45
16,2.5,0.5
16,2.5,0.55
16,2.5,0.6
16,2.5,0.65
16,2.5,0.7
16,2.5,0.75
16,2.5,0.8
16,2.5,0.85
16,2.5,0.9
16,2.5,0.95
16,2.5,1
16,2.5,1.05
16,2.5,1.1
16,2.5,1.15
16,2.5,1.2
16,2.5,1.25
16,2.5,1.3
16,2.5,1.35
16,2.5,1.4
16,2.5,1.45
16,2.5,1.5
16,2.5,1.55
16,2.5,1.6
16,2.5,1.65
16,2.5,1.7
16,2.5,1.75
16,2.5,1.8
16,2.5,1.85
16,2.5,1.9
16,2.5,1.95
16,2.5,2
16,2.5,2.05
16,2.5,2.1
16,2.5,2.15
16,2.5,2.2
16,2.5,2.25
16,2.5,2.3
16,2.5,2.35
16,2.5,2.4
16,2.5,2.45
16,2.5,2.5
16,2.5,2.55
16,2.5,2.6
16,2.5,2.65
16,2.5,2.7
16,2.5,2.75
16,2.5,2.8
16,2.5,2.85
16,2.5,2.9
16,2.5,2.95
16,2.5,3
16,2.5,3.05
16,2.5,3.1
16,2.5,3.15
16,2.5,3.2
16,2.5,3.25
16,2.5,3.3
16,2.5,3.35
16,2.5,3.4
16,2.5,3.45
16,2.5,3.5
16,2.5,3.55
16,2.5,3.6
16,2.5,3.65
16,2.5,3.7
16,2.5,3.75
16,2.5,3.8
16,2.5,3.85
16,2.5,3.9
16,2.5,3.95
16,2.5,4
16,2.5,4.05
16,2.5,4.1
16,2.5,4.15
16,2.5,4.2
16,2.5,4.25
16,2.5,4.3
16,2.5,4.35
16,2.5,4.4
16,2.5,4.45
16,2.5,4.5
16,2.5,4.55
16,2.5,4.6
16,2.5,4.65
16,2.5,4.7
16,2.5,4.75
16,2.5,4.8
16,2.5,4.85
16,2.5,4.9
16,2.5,4.95
16,2.5,5
16,3,0
16,3,0.05
16,3,0.1
16,3,0.15
16,3,0.2
16,3,0.25
16,3,0.3
16,3,0.35
16,3,0.4
16,3,0.45
16,3,0.5
16,3,0.55
16,3,0.6
16,3,0.65
16,3,0.7
16,3,0.75
16,3,0.8
16,3,0.85
16,3,0.9
16,3,0.95
16,3,1
16,3,1.05
16,3,1.1
16,3,1.15
16,3,1.2
16,3,1.25
16,3,1.3
16,3,1.35
16,3,1.4
16,3,1.45
16,3,1.5
16,3,1.55
16,3,1.6
16,3,1.65
16,3,1.7
16,3,1.75
16,3,1.8
16,3,1.85
16,3,1.9
16,3,1.95
16,3,2
16,3,2.05
16,3,2.1
16,3,2.15
16,3,2.2
16,3,2.25
16,3,2.3
16,3,2.35
16,3,2.4
16,3,2.45
16,3,2.5
16,3,2.55
16,3,2.6
16,3,2.65
16,3,2.7
16,3,2.75
16,3,2.8
16,3,2.85
16,3,2.9
16,3,2.95
16,3,3
16,3,3.05
16,3,3.1
16,3,3.15
16,3,3.2
16,3,3.25
16,3,3.3
16,3,3.35
16,3,3.4
16,3,3.45
16,3,3.5
16,3,3.55
16,3,3.6
16,3,3.65
16,3,3.7
16,3,3.75
16,3,3.8
16,3,3.85
16,3,3.9
16,3,3.95
16,3,4
16,3,4.05
16,3,4.1
16,3,4.15
16,3,4.2
16,3,4.25
16,3,4.3
16,3,4.35
16,3,4.4
16,3,4.45
16,3,4.5
16,3,4.55
16,3,4.6
16,3,4.65
16,3,4.7
16,3,4.75
16,3,4.8
16,3,4.85
16,3,4.9
16,3,4.95
16,3,5
16,3.5,0
16,3.5,0.05
16,3.5,0.1
16,3.5,0.15
16,3.5,0.2
16,3.5,0.25
16,3.5,0.3
16,3.5,0.35
16,3.5,0.4
16,3.5,0.45
16,3.5,0.5
16,3.5,0.55
16,3.5,0.6
16,3.5,0.65
16,3.5,0.7
16,3.5,0.75
16,3.5,0.8
16,3.5,0.85
16,3.5,0.9
16,3.5,0.95
16,3.5,1
16,3.5,1.05
16,3.5,1.1
16,3.5,1.15
16,3.5,1.2
16,3.5,1.25
16,3.5,1.3
16,3.5,1.35
16,3.5,1.4
16,3.5,1.45
16,3.5,1.5
16,3.5,1.55
16,3.5,1.6
16,3.5,1.65
16,3.5,1.7
16,3.5,1.75
16,3.5,1.8
16,3.5,1.85
16,3.5,1.9
16,3.5,1.95
16,3.5,2
16,3.5,2.05
16,3.5,2.1
16,3.5,2.15
16,3.5,2.2
16,3.5,2.25
16,3.5,2.3
16,3.5,2.35
16,3.5,2.4
16,3.5,2.45
16,3.5,2.5
16,3.5,2.55
16,3.5,2.6
16,3.5,2.65
16,3.5,2.7
16,3.5,2.75
16,3.5,2.8
16,3.5,2.85
16,3.5,2.9
16,3.5,2.95
16,3.5,3
16,3.5,3.05
16,3.5,3.1
16,3.5,3.15
16,3.5,3.2
16,3.5,3.25
16,3.5,3.3
16,3.5,3.35
16,3.5,3.4
16,3.5,3.45
16,3.5,3.5
16,3.5,3.55
16,3.5,3.6
16,3.5,3.65
16,3.5,3.7
16,3.5,3.75
16,3.5,3.8
16,3.5,3.85
16,3.5,3.9
16,3.5,3.95
16,3.5,4
16,3.5,4.05
16,3.5,4.1
16,3.5,4.15
16,3.5,4.2
16,3.5,4.25
16,3.5,4.3
16,3.5,4.35
16,3.5,4.4
16,3.5,4.45
16,3.5,4.5
16,3.5,4.55
16,3.5,4.6
16,3.5,4.65
16,3.5,4.7
16,3.5,4.75
16,3.5,4.8
16,3.5,4.85
16,3.5,4.9
16,3.5,4.95
16,3.5,5
16,4,0
16,4,0.05
16,4,0.1
16,4,0.15
16,4,0.2
16,4,0.25
16,4,0.3
16,4,0.35
16,4,0.4
16,4,0.45
16,4,0.5
16,4,0.55
16,4,0.6
16,4,0.65
16,4,0.7
16,4,0.75
16,4,0.8
16,4,0.85
16,4,0.9
16,4,0.95
16,4,1
16,4,1.05
16,4,1.1
16,4,1.15
16,4,1.2
16,4,1.25
16,4,1.3
16,4,1.35
16,4,1.4
16,4,1.45
16,4,1.5
16,4,1.55
16,4,1.6
16,4,1.65
16,4,1.7
16,4,1.75
16,4,1.8
16,4,1.85
16,4,1.9
16,4,1.95
16,4,2
16,4,2.05
16,4,2.1
16,4,2.15
16,4,2.2
16,4,2.25
16,4,2.3
16,4,2.35
16,4,2.4
16,4,2.45
16,4,2.5
16,4,2.55
16,4,2.6
16,4,2.65
16,4,2.7
16,4,2.75
16,4,2.8
16,4,2.85
16,4,2.9
16,4,2.95
16,4,3
16,4,3.05
16,4,3.1
16,4,3.15
16,4,3.2
16,4,3.25
16,4,3.3
16,4,3.35
16,4,3.4
16,4,3.45
16,4,3.5
16,4,3.55
16,4,3.6
16,4,3.65
16,4,3.7
16,4,3.75
16,4,3.8
16,4,3.85
16,4,3.9
16,4,3.95
16,4,4
16,4,4.05
16,4,4.1
16,4,4.15
16,4,4.2
16,4,4.25
16,4,4.3
16,4,4.35
16,4,4.4
16,4,4.45
16,4,4.5
16,4,4.55
16,4,4.6
16,4,4.65
16,4,4.7
16,4,4.75
16,4,4.8
16,4,4.85
16,4,4.9
16,4,4.95
16,4,5
16,4.5,0
16,4.5,0.05
16,4.5,0.1
16,4.5,0.15
16,4.5,0.2
16,4.5,0.25
16,4.5,0.3
16,4.5,0.35
16,4.5,0.4
16,4.5,0.45
16,4.5,0.5
16,4.5,0.55
16,4.5,0.6
16,4.5,0.65
16,4.5,0.7
16,4.5,0.75
16,4.5,0.8
16,4.5,0.85
16,4.5,0.9
16,4.5,0.95
16,4.5,1
16,4.5,1.05
16,4.5,1.1
16,4.5,1.15
16,4.5,1.2
16,4.5,1.25
16,4.5,1.3
16,4.5,1.35
16,4.5,1.4
16,4.5,1.45
16,4.5,1.5
16,4.5,1.55
16,4.5,1.6
16,4.5,1.65
16,4.5,1.7
16,4.5,1.75
16,4.5,1.8
16,4.5,1.85
16,4.5,1.9
16,4.5,1.95
16,4.5,2
16,4.5,2.05
16,4.5,2.1
16,4.5,2.15
16,4.5,2.2
16,4.5,2.25
16,4.5,2.3
16,4.5,2.35
16,4.5,2.4
16,4.5,2.45
16,4.5,2.5
16,4.5,2.55
16,4.5,2.6
16,4.5,2.65
16,4.5,2.7
16,4.5,2.75
16,4.5,2.8
16,4.5,2.85
16,4.5,2.9
16,4.5,2.95
16,4.5,3
16,4.5,3.05
16,4.5,3.1
16,4.5,3.15
16,4.5,3.2
16,4.5,3.25
16,4.5,3.3
16,4.5,3.35
16,4.5,3.4
16,4.5,3.45
16,4.5,3.5
16,4.5,3.55
16,4.5,3.6
16,4.5,3.65
16,4.5,3.7
16,4.5,3.75
16,4.5,3.8
16,4.5,3.85
16,4.5,3.9
16,4.5,3.95
16,4.5,4
16,4.5,4.05
16,4.5,4.1
16,4.5,4.15
16,4.5,4.2
16,4.5,4.25
16,4.5,4.3
16,4.5,4.35
16,4.5,4.4
16,4.5,4.45
16,4.5,4.5
16,4.5,4.55
16,4.5,4.6
16,4.5,4.65
16,4.5,4.7
16,4.5,4.75
16,4.5,4.8
16,4.5,4.85
16,4.5,4.9
16,4.5,4.95
16,4.5,5
16,5,0
16,5,0.05
16,5,0.1
16,5,0.15
16,5,0.2
16,5,0.25
16,5,0.3
16,5,0.35
16,5,0.4
16,5,0.45
16,5,0.5
16,5,0.55
16,5,0.6
16,5,0.65
16,5,0.7
16,5,0.75
16,5,0.8
16,5,0.85
16,5,0.9
16,5,0.95
16,5,1
16,5,1.05
16,5,1.1
16,5,1.15
16,5,1.2
16,5,1.25
16,5,1.3
16,5,1.35
16,5,1.4
16,5,1.45
16,5,1.5
16,5,1.55
16,5,1.6
16,5,1.65
16,5,1.7
16,5,1.75
16,5,1.8
16,5,1.85
16,5,1.9
16,5,1.95
16,5,2
16,5,2.05
16,5,2.1
16,5,2.15
16,5,2.2
16,5,2.25
16,5,2.3
16,5,2.35
16,5,2.4
16,5,2.45
16,5,2.5
16,5,2.55
16,5,2.6
16,5,2.65
16,5,2.7
16,5,2.75
16,5,2.8
16,5,2.85
16,5,2.9
16,5,2.95
16,5,3
16,5,3.05
16,5,3.1
16,5,3.15
16,5,3.2
16,5,3.25
16,5,3.3
16,5,3.35
16,5,3.4
16,5,3.45
16,5,3.5
16,5,3.55
16,5,3.6
16,5,3.65
16,5,3.7
16,5,3.75
16,5,3.8
16,5,3.85
16,5,3.9
16,5,3.95
16,5,4
16,5,4.05
16,5,4.1
16,5,4.15
16,5,4.2
16,5,4.25
16,5,4.3
16,5,4.35
16,5,4.4
16,5,4.45
16,5,4.5
16,5,4.55
16,5,4.6
16,5,4.65
16,5,4.7
16,5,4.75
16,5,4.8
16,5,4.85
16,5,4.9
16,5,4.95
16,5,5
16,5.5,0
16,5.5,0.05
16,5.5,0.1
16,5.5,0.15
16,5.5,0.2
16,5.5,0.25
16,5.5,0.3
16,5.5,0.35
16,5.5,0.4
16,5.5,0.45
16,5.5,0.5
16,5.5,0.55
16,5.5,0.6
16,5.5,0.65
16,5.5,0.7
16,5.5,0.75
16,5.5,0.8
16,5.5,0.85
16,5.5,0.9
16,5.5,0.95
16,5.5,1
16,5.5,1.05
16,5.5,1.1
16,5.5,1.15
16,5.5,1.2
16,5.5,1.25
16,5.5,1.3
16,5.5,1.35
16,5.5,1.4
16,5.5,1.45
16,5.5,1.5
16,5.5,1.55
16,5.5,1.6
16,5.5,1.65
16,5.5,1.7
16,5.5,1.75
16,5.5,1.8
16,5.5,1.85
16,5.5,1.9
16,5.5,1.95
16,5.5,2
16,5.5,2.05
16,5.5,2.1
16,5.5,2.15
16,5.5,2.2
16,5.5,2.25
16,5.5,2.3
16,5.5,2.35
16,5.5,2.4
16,5.5,2.45
16,5.5,2.5
16,5.5,2.55
16,5.5,2.6
16,5.5,2.65
16,5.5,2.7
16,5.5,2.75
16,5.5,2.8
16,5.5,2.85
16,5.5,2.9
16,5.5,2.95
16,5.5,3
16,5.5,3.05
16,5.5,3.1
16,5.5,3.15
16,5.5,3.2
16,5.5,3.25
16,5.5,3.3
16,5.5,3.35
16,5.5,3.4
16,5.5,3.45
16,5.5,3.5
16,5.5,3.55
16,5.5,3.6
16,5.5,3.65
16,5.5,3.7
16,5.5,3.75
16,5.5,3.8
16,5.5,3.85
16,5.5,3.9
16,5.5,3.95
16,5.5,4
16,5.5,4.05
16,5.5,4.1
16,5.5,4.15
16,5.5,4.2
16,5.5,4.25
16,5.5,4.3
16,5.5,4.35
16,5.5,4.4
16,5.5,4.45
16,5.5,4.5
16,5.5,4.55
16,5.5,4.6
16,5.5,4.65
16,5.5,4.7
16,5.5,4.75
16,5.5,4.8
16,5.5,4.85
16,5.5,4.9
16,5.5,4.95
16,5.5,5
16,6,0
16,6,0.05
16,6,0.1
16,6,0.15
16,6,0.2
16,6,0.25
16,6,0.3
16,6,0.35
16,6,0.4
16,6,0.45
16,6,0.5
16,6,0.55
16,6,0.6
16,6,0.65
16,6,0.7
16,6,0.75
16,6,0.8
16,6,0.85
16,6,0.9
16,6,0.95
16,6,1
16,6,1.05
16,6,1.1
16,6,1.15
16,6,1.2
16,6,1.25
16,6,1.3
16,6,1.35
16,6,1.4
16,6,1.45
16,6,1.5
16,6,1.55
16,6,1.6
16,6,1.65
16,6,1.7
16,6,1.75
16,6,1.8
16,6,1.85
16,6,1.9
16,6,1.95
16,6,2
16,6,2.05
16,6,2.1
16,6,2.15
16,6,2.2
16,6,2.25
16,6,2.3
16,6,2.35
16,6,2.4
16,6,2.45
16,6,2.5
16,6,2.55
16,6,2.6
16,6,2.65
16,6,2.7
16,6,2.75
16,6,2.8
16,6,2.85
16,6,2.9
16,6,2.95
16,6,3
16,6,3.05
16,6,3.1
16,6,3.15
16,6,3.2
16,6,3.25
16,6,3.3
16,6,3.35
16,6,3.4
16,6,3.45
16,6,3.5
16,6,3.55
16,6,3.6
16,6,3.65
16,6,3.7
16,6,3.75
16,6,3.8
16,6,3.85
16,6,3.9
16,6,3.95
16,6,4
16,6,4.05
16,6,4.1
16,6,4.15
16,6,4.2
16,6,4.25
16,6,4.3
16,6,4.35
16,6,4.4
16,6,4.45
16,6,4.5
16,6,4.55
16,6,4.6
16,6,4.65
16,6,4.7
16,6,4.75
16,6,4.8
16,6,4.85
16,6,4.9
16,6,4.95
16,6,5
16,6.5,0
16,6.5,0.05
16,6.5,0.1
16,6.5,0.15
16,6.5,0.2
16,6.5,0.25
16,6.5,0.3
16,6.5,0.35
16,6.5,0.4
16,6.5,0.45
16,6.5,0.5
16,6.5,0.55
16,6.5,0.6
16,6.5,0.65
16,6.5,0.7
16,6.5,0.75
16,6.5,0.8
16,6.5,0.85
16,6.5,0.9
16,6.5,0.95
16,6.5,1
16,6.5,1.05
16,6.5,1.1
16,6.5,1.15
16,6.5,1.2
16,6.5,1.25
16,6.5,1.3
16,6.5,1.35
16,6.5,1.4
16,6.5,1.45
16,6.5,1.5
16,6.5,1.55
16,6.5,1.6
16,6.5,1.65
16,6.5,1.7
16,6.5,1.75
16,6.5,1.8
16,6.5,1.85
16,6.5,1.9
16,6.5,1.95
16,6.5,2
16,6.5,2.05
16,6.5,2.1
16,6.5,2.15
16,6.5,2.2
16,6.5,2.25
16,6.5,2.3
16,6.5,2.35
16,6.5,2.4
16,6.5,2.45
16,6.5,2.5
16,6.5,2.55
16,6.5,2.6
16,6.5,2.65
16,6.5,2.7
16,6.5,2.75
16,6.5,2.8
16,6.5,2.85
16,6.5,2.9
16,6.5,2.95
16,6.5,3
16,6.5,3.05
16,6.5,3.1
16,6.5,3.15
16,6.5,3.2
16,6.5,3.25
16,6.5,3.3
16,6.5,3.35
16,6.5,3.4
16,6.5,3.45
16,6.5,3.5
16,6.5,3.55
16,6.5,3.6
16,6.5,3.65
16,6.5,3.7
16,6.5,3.75
16,6.5,3.8
16,6.5,3.85
16,6.5,3.9
16,6.5,3.95
16,6.5,4
16,6.5,4.05
16,6.5,4.1
16,6.5,4.15
16,6.5,4.2
16,6.5,4.25
16,6.5,4.3
16,6.5,4.35
16,6.5,4.4
16,6.5,4.45
16,6.5,4.5
16,6.5,4.55
16,6.5,4.6
16,6.5,4.65
16,6.5,4.7
16,6.5,4.75
16,6.5,4.8
16,6.5,4.85
16,6.5,4.9
16,6.5,4.95
16,6.5,5
16,7,0
16,7,0.05
16,7,0.1
16,7,0.15
16,7,0.2
16,7,0.25
16,7,0.3
16,7,0.35
16,7,0.4
16,7,0.45
16,7,0.5
16,7,0.55
16,7,0.6
16,7,0.65
16,7,0.7
16,7,0.75
16,7,0.8
16,7,0.85
16,7,0.9
16,7,0.95
16,7,1
16,7,1.05
16,7,1.1
16,7,1.15
16,7,1.2
16,7,1.25
16,7,1.3
16,7,1.35
16,7,1.4
16,7,1.45
16,7,1.5
16,7,1.55
16,7,1.6
16,7,1.65
16,7,1.7
16,7,1.75
16,7,1.8
16,7,1.85
16,7,1.9
16,7,1.95
16,7,2
16,7,2.05
16,7,2.1
16,7,2.15
16,7,2.2
16,7,2.25
16,7,2.3
16,7,2.35
16,7,2.4
16,7,2.45
16,7,2.5
16,7,2.55
16,7,2.6
16,7,2.65
16,7,2.7
16,7,2.75
16,7,2.8
16,7,2.85
16,7,2.9
16,7,2.95
16,7,3
16,7,3.05
16,7,3.1
16,7,3.15
16,7,3.2
16,7,3.25
16,7,3.3
16,7,3.35
16,7,3.4
16,7,3.45
16,7,3.5
16,7,3.55
16,7,3.6
16,7,3.65
16,7,3.7
16,7,3.75
16,7,3.8
16,7,3.85
16,7,3.9
16,7,3.95
16,7,4
16,7,4.05
16,7,4.1
16,7,4.15
16,7,4.2
16,7,4.25
16,7,4.3
16,7,4.35
16,7,4.4
16,7,4.45
16,7,4.5
16,7,4.55
16,7,4.6
16,7,4.65
16,7,4.7
16,7,4.75
16,7,4.8
16,7,4.85
16,7,4.9
16,7,4.95
16,7,5
16,7.5,0
16,7.5,0.05
16,7.5,0.1
16,7.5,0.15
16,7.5,0.2
16,7.5,0.25
16,7.5,0.3
16,7.5,0.35
16,7.5,0.4
16,7.5,0.45
16,7.5,0.5
16,7.5,0.55
16,7.5,0.6
16,7.5,0.65
16,7.5,0.7
16,7.5,0.75
16,7.5,0.8
16,7.5,0.85
16,7.5,0.9
16,7.5,0.95
16,7.5,1
16,7.5,1.05
16,7.5,1.1
16,7.5,1.15
16,7.5,1.2
16,7.5,1.25
16,7.5,1.3
16,7.5,1.35
16,7.5,1.4
16,7.5,1.45
16,7.5,1.5
16,7.5,1.55
16,7.5,1.6
16,7.5,1.65
16,7.5,1.7
16,7.5,1.75
16,7.5,1.8
16,7.5,1.85
16,7.5,1.9
16,7.5,1.95
16,7.5,2
16,7.5,2.05
16,7.5,2.1
16,7.5,2.15
16,7.5,2.2
16,7.5,2.25
16,7.5,2.3
16,7.5,2.35
16,7.5,2.4
16,7.5,2.45
16,7.5,2.5
16,7.5,2.55
16,7.5,2.6
16,7.5,2.65
16,7.5,2.7
16,7.5,2.75
16,7.5,2.8
16,7.5,2.85
16,7.5,2.9
16,7.5,2.95
16,7.5,3
16,7.5,3.05
16,7.5,3.1
16,7.5,3.15
16,7.5,3.2
16,7.5,3.25
16,7.5,3.3
16,7.5,3.35
16,7.5,3.4
16,7.5,3.45
16,7.5,3.5
16,7.5,3.55
16,7.5,3.6
16,7.5,3.65
16,7.5,3.7
16,7.5,3.75
16,7.5,3.8
16,7.5,3.85
16,7.5,3.9
16,7.5,3.95
16,7.5,4
16,7.5,4.05
16,7.5,4.1
16,7.5,4.15
16,7.5,4.2
16,7.5,4.25
16,7.5,4.3
16,7.5,4.35
16,7.5,4.4
16,7.5,4.45
16,7.5,4.5
16,7.5,4.55
16,7.5,4.6
16,7.5,4.65
16,7.5,4.7
16,7.5,4.75
16,7.5,4.8
16,7.5,4.85
16,7.5,4.9
16,7.5,4.95
16,7.5,5
16,8,0
16,8,0.05
16,8,0.1
16,8,0.15
16,8,0.2
16,8,0.25
16,8,0.3
16,8,0.35
16,8,0.4
16,8,0.45
16,8,0.5
16,8,0.55
16,8,0.6
16,8,0.65
16,8,0.7
16,8,0.75
16,8,0.8
16,8,0.85
16,8,0.9
16,8,0.95
16,8,1
16,8,1.05
16,8,1.1
16,8,1.15
16,8,1.2
16,8,1.25
16,8,1.3
16,8,1.35
16,8,1.4
16,8,1.45
16,8,1.5
16,8,1.55
16,8,1.6
16,8,1.65
16,8,1.7
16,8,1.75
16,8,1.8
16,8,1.85
16,8,1.9
16,8,1.95
16,8,2
16,8,2.05
16,8,2.1
16,8,2.15
16,8,2.2
16,8,2.25
16,8,2.3
16,8,2.35
16,8,2.4
16,8,2.45
16,8,2.5
16,8,2.55
16,8,2.6
16,8,2.65
16,8,2.7
16,8,2.75
16,8,2.8
16,8,2.85
16,8,2.9
16,8,2.95
16,8,3
16,8,3.05
16,8,3.1
16,8,3.15
16,8,3.2
16,8,3.25
16,8,3.3
16,8,3.35
16,8,3.4
16,8,3.45
16,8,3.5
16,8,3.55
16,8,3.6
16,8,3.65
16,8,3.7
16,8,3.75
16,8,3.8
16,8,3.85
16,8,3.9
16,8,3.95
16,8,4
16,8,4.05
16,8,4.1
16,8,4.15
16,8,4.2
16,8,4.25
16,8,4.3
16,8,4.35
16,8,4.4
16,8,4.45
16,8,4.5
16,8,4.55
16,8,4.6
16,8,4.65
16,8,4.7
16,8,4.75
16,8,4.8
16,8,4.85
16,8,4.9
16,8,4.95
16,8,5
16,8.5,0
16,8.5,0.05
16,8.5,0.1
16,8.5,0.15
16,8.5,0.2
16,8.5,0.25
16,8.5,0.3
16,8.5,0.35
16,8.5,0.4
16,8.5,0.45
16,8.5,0.5
16,8.5,0.55
16,8.5,0.6
16,8.5,0.65
16,8.5,0.7
16,8.5,0.75
16,8.5,0.8
16,8.5,0.85
16,8.5,0.9
16,8.5,0.95
16,8.5,1
16,8.5,1.05
16,8.5,1.1
16,8.5,1.15
16,8.5,1.2
16,8.5,1.25
16,8.5,1.3
16,8.5,1.35
16,8.5,1.4
16,8.5,1.45
16,8.5,1.5
16,8.5,1.55
16,8.5,1.6
16,8.5,1.65
16,8.5,1.7
16,8.5,1.75
16,8.5,1.8
16,8.5,1.85
16,8.5,1.9
16,8.5,1.95
16,8.5,2
16,8.5,2.05
16,8.5,2.1
16,8.5,2.15
16,8.5,2.2
16,8.5,2.25
16,8.5,2.3
16,8.5,2.35
16,8.5,2.4
16,8.5,2.45
16,8.5,2.5
16,8.5,2.55
16,8.5,2.6
16,8.5,2.65
16,8.5,2.7
16,8.5,2.75
16,8.5,2.8
16,8.5,2.85
16,8.5,2.9
16,8.5,2.95
16,8.5,3
16,8.5,3.05
16,8.5,3.1
16,8.5,3.15
16,8.5,3.2
16,8.5,3.25
16,8.5,3.3
16,8.5,3.35
16,8.5,3.4
16,8.5,3.45
16,8.5,3.5
16,8.5,3.55
16,8.5,3.6
16,8.5,3.65
16,8.5,3.7
16,8.5,3.75
16,8.5,3.8
16,8.5,3.85
16,8.5,3.9
16,8.5,3.95
16,8.5,4
16,8.5,4.05
16,8.5,4.1
16,8.5,4.15
16,8.5,4.2
16,8.5,4.25
16,8.5,4.3
16,8.5,4.35
16,8.5,4.4
16,8.5,4.45
16,8.5,4.5
16,8.5,4.55
16,8.5,4.6
16,8.5,4.65
16,8.5,4.7
16,8.5,4.75
16,8.5,4.8
16,8.5,4.85
16,8.5,4.9
16,8.5,4.95
16,8.5,5
16,9,0
16,9,0.05
16,9,0.1
16,9,0.15
16,9,0.2
16,9,0.25
16,9,0.3
16,9,0.35
16,9,0.4
16,9,0.45
16,9,0.5
16,9,0.55
16,9,0.6
16,9,0.65
16,9,0.7
16,9,0.75
16,9,0.8
16,9,0.85
16,9,0.9
16,9,0.95
16,9,1
16,9,1.05
16,9,1.1
16,9,1.15
16,9,1.2
16,9,1.25
16,9,1.3
16,9,1.35
16,9,1.4
16,9,1.45
16,9,1.5
16,9,1.55
16,9,1.6
16,9,1.65
16,9,1.7
16,9,1.75
16,9,1.8
16,9,1.85
16,9,1.9
16,9,1.95
16,9,2
16,9,2.05
16,9,2.1
16,9,2.15
16,9,2.2
16,9,2.25
16,9,2.3
16,9,2.35
16,9,2.4
16,9,2.45
16,9,2.5
16,9,2.55
16,9,2.6
16,9,2.65
16,9,2.7
16,9,2.75
16,9,2.8
16,9,2.85
16,9,2.9
16,9,2.95
16,9,3
16,9,3.05
16,9,3.1
16,9,3.15
16,9,3.2
16,9,3.25
16,9,3.3
16,9,3.35
16,9,3.4
16,9,3.45
16,9,3.5
16,9,3.55
16,9,3.6
16,9,3.65
16,9,3.7
16,9,3.75
16,9,3.8
16,9,3.85
16,9,3.9
16,9,3.95
16,9,4
16,9,4.05
16,9,4.1
16,9,4.15
16,9,4.2
16,9,4.25
16,9,4.3
16,9,4.35
16,9,4.4
16,9,4.45
16,9,4.5
16,9,4.55
16,9,4.6
16,9,4.65
16,9,4.7
16,9,4.75
16,9,4.8
16,9,4.85
16,9,4.9
16,9,4.95
16,9,5
16,9.5,0
16,9.5,0.05
16,9.5,0.1
16,9.5,0.15
16,9.5,0.2
16,9.5,0.25
16,9.5,0.3
16,9.5,0.35
16,9.5,0.4
16,9.5,0.45
16,9.5,0.5
16,9.5,0.55
16,9.5,0.6
16,9.5,0.65
16,9.5,0.7
16,9.5,0.75
16,9.5,0.8
16,9.5,0.85
16,9.5,0.9
16,9.5,0.95
16,9.5,1
16,9.5,1.05
16,9.5,1.1
16,9.5,1.15
16,9.5,1.2
16,9.5,1.25
16,9.5,1.3
16,9.5,1.35
16,9.5,1.4
16,9.5,1.45
16,9.5,1.5
16,9.5,1.55
16,9.5,1.6
16,9.5,1.65
16,9.5,1.7
16,9.5,1.75
16,9.5,1.8
16,9.5,1.85
16,9.5,1.9
16,9.5,1.95
16,9.5,2
16,9.5,2.05
16,9.5,2.1
16,9.5,2.15
16,9.5,2.2
16,9.5,2.25
16,9.5,2.3
16,9.5,2.35
16,9.5,2.4
16,9.5,2.45
16,9.5,2.5
16,9.5,2.55
16,9.5,2.6
16,9.5,2.65
16,9.5,2.7
16,9.5,2.75
16,9.5,2.8
16,9.5,2.85
16,9.5,2.9
16,9.5,2.95
16,9.5,3
16,9.5,3.05
16,9.5,3.1
16,9.5,3.15
16,9.5,3.2
16,9.5,3.25
16,9.5,3.3
16,9.5,3.35
16,9.5,3.4
16,9.5,3.45
16,9.5,3.5
16,9.5,3.55
16,9.5,3.6
16,9.5,3.65
16,9.5,3.7
16,9.5,3.75
16,9.5,3.8
16,9.5,3.85
16,9.5,3.9
16,9.5,3.95
16,9.5,4
16,9.5,4.05
16,9.5,4.1
16,9.5,4.15
16,9.5,4.2
16,9.5,4.25
16,9.5,4.3
16,9.5,4.35
16,9.5,4.4
16,9.5,4.45
16,9.5,4.5
16,9.5,4.55
16,9.5,4.6
16,9.5,4.65
16,9.5,4.7
16,9.5,4.75
16,9.5,4.8
16,9.5,4.85
16,9.5,4.9
16,9.5,4.95
16,9.5,5
16,10,0
16,10,0.05
16,10,0.1
16,10,0.15
16,10,0.2
16,10,0.25
16,10,0.3
16,10,0.35
16,10,0.4
16,10,0.45
16,10,0.5
16,10,0.55
16,10,0.6
16,10,0.65
16,10,0.7
16,10,0.75
16,10,0.8
16,10,0.85
16,10,0.9
16,10,0.95
16,10,1
16,10,1.05
16,10,1.1
16,10,1.15
16,10,1.2
16,10,1.25
16,10,1.3
16,10,1.35
16,10,1.4
16,10,1.45
16,10,1.5
16,10,1.55
16,10,1.6
16,10,1.65
16,10,1.7
16,10,1.75
16,10,1.8
16,10,1.85
16,10,1.9
16,10,1.95
16,10,2
16,10,2.05
16,10,2.1
16,10,2.15
16,10,2.2
16,10,2.25
16,10,2.3
16,10,2.35
16,10,2.4
16,10,2.45
16,10,2.5
16,10,2.55
16,10,2.6
16,10,2.65
16,10,2.7
16,10,2.75
16,10,2.8
16,10,2.85
16,10,2.9
16,10,2.95
16,10,3
16,10,3.05
16,10,3.1
16,10,3.15
16,10,3.2
16,10,3.25
16,10,3.3
16,10,3.35
16,10,3.4
16,10,3.45
16,10,3.5
16,10,3.55
16,10,3.6
16,10,3.65
16,10,3.7
16,10,3.75
16,10,3.8
16,10,3.85
16,10,3.9
16,10,3.95
16,10,4
16,10,4.05
16,10,4.1
16,10,4.15
16,10,4.2
16,10,4.25
16,10,4.3
16,10,4.35
16,10,4.4
16,10,4.45
16,10,4.5
16,10,4.55
16,10,4.6
16,10,4.65
16,10,4.7
16,10,4.75
16,10,4.8
16,10,4.85
16,10,4.9
16,10,4.95
16,10,5
16.5,0,0
16.5,0,0.05
16.5,0,0.1
16.5,0,0.15
16.5,0,0.2
16.5,0,0.25
16.5,0,0.3
16.5,0,0.35
16.5,0,0.4
16.5,0,0.45
16.5,0,0.5
16.5,0,0.55
16.5,0,0.6
16.5,0,0.65
16.5,0,0.7
16.5,0,0.75
16.5,0,0.8
16.5,0,0.85
16.5,0,0.9
16.5,0,0.95
16.5,0,1
16.5,0,1.05
16.5,0,1.1
16.5,0,1.15
16.5,0,1.2
16.5,0,1.25
16.5,0,1.3
16.5,0,1.35
16.5,0,1.4
16.5,0,1.45
16.5,0,1.5
16.5,0,1.55
16.5,0,1.6
16.5,0,1.65
16.5,0,1.7
16.5,0,1.75
16.5,0,1.8
16.5,0,1.85
16.5,0,1.9
16.5,0,1.95
16.5,0,2
16.5,0,2.05
16.5,0,2.1
16.5,0,2.15
16.5,0,2.2
16.5,0,2.25
16.5,0,2.3
16.5,0,2.35
16.5,0,2.4
16.5,0,2.45
16.5,0,2.5
16.5,0,2.55
16.5,0,2.6
16.5,0,2.65
16.5,0,2.7
16.5,0,2.75
16.5,0,2.8
16.5,0,2.85
16.5,0,2.9
16.5,0,2.95
16.5,0,3
16.5,0,3.05
16.5,0,3.1
16.5,0,3.15
16.5,0,3.2
16.5,0,3.25
16.5,0,3.3
16.5,0,3.35
16.5,0,3.4
16.5,0,3.45
16.5,0,3.5
16.5,0,3.55
16.5,0,3.6
16.5,0,3.65
16.5,0,3.7
16.5,0,3.75
16.5,0,3.8
16.5,0,3.85
16.5,0,3.9
16.5,0,3.95
16.5,0,4
16.5,0,4.05
16.5,0,4.1
16.5,0,4.15
16.5,0,4.2
16.5,0,4.25
16.5,0,4.3
16.5,0,4.35
16.5,0,4.4
16.5,0,4.45
16.5,0,4.5
16.5,0,4.55
16.5,0,4.6
16.5,0,4.65
16.5,0,4.7
16.5,0,4.75
16.5,0,4.8
16.5,0,4.85
16.5,0,4.9
16.5,0,4.95
16.5,0,5
16.5,0.5,0
16.5,0.5,0.05
16.5,0.5,0.1
16.5,0.5,0.15
16.5,0.5,0.2
16.5,0.5,0.25
16.5,0.5,0.3
16.5,0.5,0.35
16.5,0.5,0.4
16.5,0.5,0.45
16.5,0.5,0.5
16.5,0.5,0.55
16.5,0.5,0.6
16.5,0.5,0.65
16.5,0.5,0.7
16.5,0.5,0.75
16.5,0.5,0.8
16.5,0.5,0.85
16.5,0.5,0.9
16.5,0.5,0.95
16.5,0.5,1
16.5,0.5,1.05
16.5,0.5,1.1
16.5,0.5,1.15
16.5,0.5,1.2
16.5,0.5,1.25
16.5,0.5,1.3
16.5,0.5,1.35
16.5,0.5,1.4
16.5,0.5,1.45
16.5,0.5,1.5
16.5,0.5,1.55
16.5,0.5,1.6
16.5,0.5,1.65
16.5,0.5,1.7
16.5,0.5,1.75
16.5,0.5,1.8
16.5,0.5,1.85
16.5,0.5,1.9
16.5,0.5,1.95
16.5,0.5,2
16.5,0.5,2.05
16.5,0.5,2.1
16.5,0.5,2.15
16.5,0.5,2.2
16.5,0.5,2.25
16.5,0.5,2.3
16.5,0.5,2.35
16.5,0.5,2.4
16.5,0.5,2.45
16.5,0.5,2.5
16.5,0.5,2.55
16.5,0.5,2.6
16.5,0.5,2.65
16.5,0.5,2.7
16.5,0.5,2.75
16.5,0.5,2.8
16.5,0.5,2.85
16.5,0.5,2.9
16.5,0.5,2.95
16.5,0.5,3
16.5,0.5,3.05
16.5,0.5,3.1
16.5,0.5,3.15
16.5,0.5,3.2
16.5,0.5,3.25
16.5,0.5,3.3
16.5,0.5,3.35
16.5,0.5,3.4
16.5,0.5,3.45
16.5,0.5,3.5
16.5,0.5,3.55
16.5,0.5,3.6
16.5,0.5,3.65
16.5,0.5,3.7
16.5,0.5,3.75
16.5,0.5,3.8
16.5,0.5,3.85
16.5,0.5,3.9
16.5,0.5,3.95
16.5,0.5,4
16.5,0.5,4.05
16.5,0.5,4.1
16.5,0.5,4.15
16.5,0.5,4.2
16.5,0.5,4.25
16.5,0.5,4.3
16.5,0.5,4.35
16.5,0.5,4.4
16.5,0.5,4.45
16.5,0.5,4.5
16.5,0.5,4.55
16.5,0.5,4.6
16.5,0.5,4.65
16.5,0.5,4.7
16.5,0.5,4.75
16.5,0.5,4.8
16.5,0.5,4.85
16.5,0.5,4.9
16.5,0.5,4.95
16.5,0.5,5
16.5,1,0
16.5,1,0.05
16.5,1,0.1
16.5,1,0.15
16.5,1,0.2
16.5,1,0.25
16.5,1,0.3
16.5,1,0.35
16.5,1,0.4
16.5,1,0.45
16.5,1,0.5
16.5,1,0.55
16.5,1,0.6
16.5,1,0.65
16.5,1,0.7
16.5,1,0.75
16.5,1,0.8
16.5,1,0.85
16.5,1,0.9
16.5,1,0.95
16.5,1,1
16.5,1,1.05
16.5,1,1.1
16.5,1,1.15
16.5,1,1.2
16.5,1,1.25
16.5,1,1.3
16.5,1,1.35
16.5,1,1.4
16.5,1,1.45
16.5,1,1.5
16.5,1,1.55
16.5,1,1.6
16.5,1,1.65
16.5,1,1.7
16.5,1,1.75
16.5,1,1.8
16.5,1,1.85
16.5,1,1.9
16.5,1,1.95
16.5,1,2
16.5,1,2.05
16.5,1,2.1
16.5,1,2.15
16.5,1,2.2
16.5,1,2.25
16.5,1,2.3
16.5,1,2.35
16.5,1,2.4
16.5,1,2.45
16.5,1,2.5
16.5,1,2.55
16.5,1,2.6
16.5,1,2.65
16.5,1,2.7
16.5,1,2.75
16.5,1,2.8
16.5,1,2.85
16.5,1,2.9
16.5,1,2.95
16.5,1,3
16.5,1,3.05
16.5,1,3.1
16.5,1,3.15
16.5,1,3.2
16.5,1,3.25
16.5,1,3.3
16.5,1,3.35
16.5,1,3.4
16.5,1,3.45
16.5,1,3.5
16.5,1,3.55
16.5,1,3.6
16.5,1,3.65
16.5,1,3.7
16.5,1,3.75
16.5,1,3.8
16.5,1,3.85
16.5,1,3.9
16.5,1,3.95
16.5,1,4
16.5,1,4.05
16.5,1,4.1
16.5,1,4.15
16.5,1,4.2
16.5,1,4.25
16.5,1,4.3
16.5,1,4.35
16.5,1,4.4
16.5,1,4.45
16.5,1,4.5
16.5,1,4.55
16.5,1,4.6
16.5,1,4.65
16.5,1,4.7
16.5,1,4.75
16.5,1,4.8
16.5,1,4.85
16.5,1,4.9
16.5,1,4.95
16.5,1,5
16.5,1.5,0
16.5,1.5,0.05
16.5,1.5,0.1
16.5,1.5,0.15
16.5,1.5,0.2
16.5,1.5,0.25
16.5,1.5,0.3
16.5,1.5,0.35
16.5,1.5,0.4
16.5,1.5,0.45
16.5,1.5,0.5
16.5,1.5,0.55
16.5,1.5,0.6
16.5,1.5,0.65
16.5,1.5,0.7
16.5,1.5,0.75
16.5,1.5,0.8
16.5,1.5,0.85
16.5,1.5,0.9
16.5,1.5,0.95
16.5,1.5,1
16.5,1.5,1.05
16.5,1.5,1.1
16.5,1.5,1.15
16.5,1.5,1.2
16.5,1.5,1.25
16.5,1.5,1.3
16.5,1.5,1.35
16.5,1.5,1.4
16.5,1.5,1.45
16.5,1.5,1.5
16.5,1.5,1.55
16.5,1.5,1.6
16.5,1.5,1.65
16.5,1.5,1.7
16.5,1.5,1.75
16.5,1.5,1.8
16.5,1.5,1.85
16.5,1.5,1.9
16.5,1.5,1.95
16.5,1.5,2
16.5,1.5,2.05
16.5,1.5,2.1
16.5,1.5,2.15
16.5,1.5,2.2
16.5,1.5,2.25
16.5,1.5,2.3
16.5,1.5,2.35
16.5,1.5,2.4
16.5,1.5,2.45
16.5,1.5,2.5
16.5,1.5,2.55
16.5,1.5,2.6
16.5,1.5,2.65
16.5,1.5,2.7
16.5,1.5,2.75
16.5,1.5,2.8
16.5,1.5,2.85
16.5,1.5,2.9
16.5,1.5,2.95
16.5,1.5,3
16.5,1.5,3.05
16.5,1.5,3.1
16.5,1.5,3.15
16.5,1.5,3.2
16.5,1.5,3.25
16.5,1.5,3.3
16.5,1.5,3.35
16.5,1.5,3.4
16.5,1.5,3.45
16.5,1.5,3.5
16.5,1.5,3.55
16.5,1.5,3.6
16.5,1.5,3.65
16.5,1.5,3.7
16.5,1.5,3.75
16.5,1.5,3.8
16.5,1.5,3.85
16.5,1.5,3.9
16.5,1.5,3.95
16.5,1.5,4
16.5,1.5,4.05
16.5,1.5,4.1
16.5,1.5,4.15
16.5,1.5,4.2
16.5,1.5,4.25
16.5,1.5,4.3
16.5,1.5,4.35
16.5,1.5,4.4
16.5,1.5,4.45
16.5,1.5,4.5
16.5,1.5,4.55
16.5,1.5,4.6
16.5,1.5,4.65
16.5,1.5,4.7
16.5,1.5,4.75
16.5,1.5,4.8
16.5,1.5,4.85
16.5,1.5,4.9
16.5,1.5,4.95
16.5,1.5,5
16.5,2,0
16.5,2,0.05
16.5,2,0.1
16.5,2,0.15
16.5,2,0.2
16.5,2,0.25
16.5,2,0.3
16.5,2,0.35
16.5,2,0.4
16.5,2,0.45
16.5,2,0.5
16.5,2,0.55
16.5,2,0.6
16.5,2,0.65
16.5,2,0.7
16.5,2,0.75
16.5,2,0.8
16.5,2,0.85
16.5,2,0.9
16.5,2,0.95
16.5,2,1
16.5,2,1.05
16.5,2,1.1
16.5,2,1.15
16.5,2,1.2
16.5,2,1.25
16.5,2,1.3
16.5,2,1.35
16.5,2,1.4
16.5,2,1.45
16.5,2,1.5
16.5,2,1.55
16.5,2,1.6
16.5,2,1.65
16.5,2,1.7
16.5,2,1.75
16.5,2,1.8
16.5,2,1.85
16.5,2,1.9
16.5,2,1.95
16.5,2,2
16.5,2,2.05
16.5,2,2.1
16.5,2,2.15
16.5,2,2.2
16.5,2,2.25
16.5,2,2.3
16.5,2,2.35
16.5,2,2.4
16.5,2,2.45
16.5,2,2.5
16.5,2,2.55
16.5,2,2.6
16.5,2,2.65
16.5,2,2.7
16.5,2,2.75
16.5,2,2.8
16.5,2,2.85
16.5,2,2.9
16.5,2,2.95
16.5,2,3
16.5,2,3.05
16.5,2,3.1
16.5,2,3.15
16.5,2,3.2
16.5,2,3.25
16.5,2,3.3
16.5,2,3.35
16.5,2,3.4
16.5,2,3.45
16.5,2,3.5
16.5,2,3.55
16.5,2,3.6
16.5,2,3.65
16.5,2,3.7
16.5,2,3.75
16.5,2,3.8
16.5,2,3.85
16.5,2,3.9
16.5,2,3.95
16.5,2,4
16.5,2,4.05
16.5,2,4.1
16.5,2,4.15
16.5,2,4.2
16.5,2,4.25
16.5,2,4.3
16.5,2,4.35
16.5,2,4.4
16.5,2,4.45
16.5,2,4.5
16.5,2,4.55
16.5,2,4.6
16.5,2,4.65
16.5,2,4.7
16.5,2,4.75
16.5,2,4.8
16.5,2,4.85
16.5,2,4.9
16.5,2,4.95
16.5,2,5
16.5,2.5,0
16.5,2.5,0.05
16.5,2.5,0.1
16.5,2.5,0.15
16.5,2.5,0.2
16.5,2.5,0.25
16.5,2.5,0.3
16.5,2.5,0.35
16.5,2.5,0.4
16.5,2.5,0.45
16.5,2.5,0.5
16.5,2.5,0.55
16.5,2.5,0.6
16.5,2.5,0.65
16.5,2.5,0.7
16.5,2.5,0.75
16.5,2.5,0.8
16.5,2.5,0.85
16.5,2.5,0.9
16.5,2.5,0.95
16.5,2.5,1
16.5,2.5,1.05
16.5,2.5,1.1
16.5,2.5,1.15
16.5,2.5,1.2
16.5,2.5,1.25
16.5,2.5,1.3
16.5,2.5,1.35
16.5,2.5,1.4
16.5,2.5,1.45
16.5,2.5,1.5
16.5,2.5,1.55
16.5,2.5,1.6
16.5,2.5,1.65
16.5,2.5,1.7
16.5,2.5,1.75
16.5,2.5,1.8
16.5,2.5,1.85
16.5,2.5,1.9
16.5,2.5,1.95
16.5,2.5,2
16.5,2.5,2.05
16.5,2.5,2.1
16.5,2.5,2.15
16.5,2.5,2.2
16.5,2.5,2.25
16.5,2.5,2.3
16.5,2.5,2.35
16.5,2.5,2.4
16.5,2.5,2.45
16.5,2.5,2.5
16.5,2.5,2.55
16.5,2.5,2.6
16.5,2.5,2.65
16.5,2.5,2.7
16.5,2.5,2.75
16.5,2.5,2.8
16.5,2.5,2.85
16.5,2.5,2.9
16.5,2.5,2.95
16.5,2.5,3
16.5,2.5,3.05
16.5,2.5,3.1
16.5,2.5,3.15
16.5,2.5,3.2
16.5,2.5,3.25
16.5,2.5,3.3
16.5,2.5,3.35
16.5,2.5,3.4
16.5,2.5,3.45
16.5,2.5,3.5
16.5,2.5,3.55
16.5,2.5,3.6
16.5,2.5,3.65
16.5,2.5,3.7
16.5,2.5,3.75
16.5,2.5,3.8
16.5,2.5,3.85
16.5,2.5,3.9
16.5,2.5,3.95
16.5,2.5,4
16.5,2.5,4.05
16.5,2.5,4.1
16.5,2.5,4.15
16.5,2.5,4.2
16.5,2.5,4.25
16.5,2.5,4.3
16.5,2.5,4.35
16.5,2.5,4.4
16.5,2.5,4.45
16.5,2.5,4.5
16.5,2.5,4.55
16.5,2.5,4.6
16.5,2.5,4.65
16.5,2.5,4.7
16.5,2.5,4.75
16.5,2.5,4.8
16.5,2.5,4.85
16.5,2.5,4.9
16.5,2.5,4.95
16.5,2.5,5
16.5,3,0
16.5,3,0.05
16.5,3,0.1
16.5,3,0.15
16.5,3,0.2
16.5,3,0.25
16.5,3,0.3
16.5,3,0.35
16.5,3,0.4
16.5,3,0.45
16.5,3,0.5
16.5,3,0.55
16.5,3,0.6
16.5,3,0.65
16.5,3,0.7
16.5,3,0.75
16.5,3,0.8
16.5,3,0.85
16.5,3,0.9
16.5,3,0.95
16.5,3,1
16.5,3,1.05
16.5,3,1.1
16.5,3,1.15
16.5,3,1.2
16.5,3,1.25
16.5,3,1.3
16.5,3,1.35
16.5,3,1.4
16.5,3,1.45
16.5,3,1.5
16.5,3,1.55
16.5,3,1.6
16.5,3,1.65
16.5,3,1.7
16.5,3,1.75
16.5,3,1.8
16.5,3,1.85
16.5,3,1.9
16.5,3,1.95
16.5,3,2
16.5,3,2.05
16.5,3,2.1
16.5,3,2.15
16.5,3,2.2
16.5,3,2.25
16.5,3,2.3
16.5,3,2.35
16.5,3,2.4
16.5,3,2.45
16.5,3,2.5
16.5,3,2.55
16.5,3,2.6
16.5,3,2.65
16.5,3,2.7
16.5,3,2.75
16.5,3,2.8
16.5,3,2.85
16.5,3,2.9
16.5,3,2.95
16.5,3,3
16.5,3,3.05
16.5,3,3.1
16.5,3,3.15
16.5,3,3.2
16.5,3,3.25
16.5,3,3.3
16.5,3,3.35
16.5,3,3.4
16.5,3,3.45
16.5,3,3.5
16.5,3,3.55
16.5,3,3.6
16.5,3,3.65
16.5,3,3.7
16.5,3,3.75
16.5,3,3.8
16.5,3,3.85
16.5,3,3.9
16.5,3,3.95
16.5,3,4
16.5,3,4.05
16.5,3,4.1
16.5,3,4.15
16.5,3,4.2
16.5,3,4.25
16.5,3,4.3
16.5,3,4.35
16.5,3,4.4
16.5,3,4.45
16.5,3,4.5
16.5,3,4.55
16.5,3,4.6
16.5,3,4.65
16.5,3,4.7
16.5,3,4.75
16.5,3,4.8
16.5,3,4.85
16.5,3,4.9
16.5,3,4.95
16.5,3,5
16.5,3.5,0
16.5,3.5,0.05
16.5,3.5,0.1
16.5,3.5,0.15
16.5,3.5,0.2
16.5,3.5,0.25
16.5,3.5,0.3
16.5,3.5,0.35
16.5,3.5,0.4
16.5,3.5,0.45
16.5,3.5,0.5
16.5,3.5,0.55
16.5,3.5,0.6
16.5,3.5,0.65
16.5,3.5,0.7
16.5,3.5,0.75
16.5,3.5,0.8
16.5,3.5,0.85
16.5,3.5,0.9
16.5,3.5,0.95
16.5,3.5,1
16.5,3.5,1.05
16.5,3.5,1.1
16.5,3.5,1.15
16.5,3.5,1.2
16.5,3.5,1.25
16.5,3.5,1.3
16.5,3.5,1.35
16.5,3.5,1.4
16.5,3.5,1.45
16.5,3.5,1.5
16.5,3.5,1.55
16.5,3.5,1.6
16.5,3.5,1.65
16.5,3.5,1.7
16.5,3.5,1.75
16.5,3.5,1.8
16.5,3.5,1.85
16.5,3.5,1.9
16.5,3.5,1.95
16.5,3.5,2
16.5,3.5,2.05
16.5,3.5,2.1
16.5,3.5,2.15
16.5,3.5,2.2
16.5,3.5,2.25
16.5,3.5,2.3
16.5,3.5,2.35
16.5,3.5,2.4
16.5,3.5,2.45
16.5,3.5,2.5
16.5,3.5,2.55
16.5,3.5,2.6
16.5,3.5,2.65
16.5,3.5,2.7
16.5,3.5,2.75
16.5,3.5,2.8
16.5,3.5,2.85
16.5,3.5,2.9
16.5,3.5,2.95
16.5,3.5,3
16.5,3.5,3.05
16.5,3.5,3.1
16.5,3.5,3.15
16.5,3.5,3.2
16.5,3.5,3.25
16.5,3.5,3.3
16.5,3.5,3.35
16.5,3.5,3.4
16.5,3.5,3.45
16.5,3.5,3.5
16.5,3.5,3.55
16.5,3.5,3.6
16.5,3.5,3.65
16.5,3.5,3.7
16.5,3.5,3.75
16.5,3.5,3.8
16.5,3.5,3.85
16.5,3.5,3.9
16.5,3.5,3.95
16.5,3.5,4
16.5,3.5,4.05
16.5,3.5,4.1
16.5,3.5,4.15
16.5,3.5,4.2
16.5,3.5,4.25
16.5,3.5,4.3
16.5,3.5,4.35
16.5,3.5,4.4
16.5,3.5,4.45
16.5,3.5,4.5
16.5,3.5,4.55
16.5,3.5,4.6
16.5,3.5,4.65
16.5,3.5,4.7
16.5,3.5,4.75
16.5,3.5,4.8
16.5,3.5,4.85
16.5,3.5,4.9
16.5,3.5,4.95
16.5,3.5,5
16.5,4,0
16.5,4,0.05
16.5,4,0.1
16.5,4,0.15
16.5,4,0.2
16.5,4,0.25
16.5,4,0.3
16.5,4,0.35
16.5,4,0.4
16.5,4,0.45
16.5,4,0.5
16.5,4,0.55
16.5,4,0.6
16.5,4,0.65
16.5,4,0.7
16.5,4,0.75
16.5,4,0.8
16.5,4,0.85
16.5,4,0.9
16.5,4,0.95
16.5,4,1
16.5,4,1.05
16.5,4,1.1
16.5,4,1.15
16.5,4,1.2
16.5,4,1.25
16.5,4,1.3
16.5,4,1.35
16.5,4,1.4
16.5,4,1.45
16.5,4,1.5
16.5,4,1.55
16.5,4,1.6
16.5,4,1.65
16.5,4,1.7
16.5,4,1.75
16.5,4,1.8
16.5,4,1.85
16.5,4,1.9
16.5,4,1.95
16.5,4,2
16.5,4,2.05
16.5,4,2.1
16.5,4,2.15
16.5,4,2.2
16.5,4,2.25
16.5,4,2.3
16.5,4,2.35
16.5,4,2.4
16.5,4,2.45
16.5,4,2.5
16.5,4,2.55
16.5,4,2.6
16.5,4,2.65
16.5,4,2.7
16.5,4,2.75
16.5,4,2.8
16.5,4,2.85
16.5,4,2.9
16.5,4,2.95
16.5,4,3
16.5,4,3.05
16.5,4,3.1
16.5,4,3.15
16.5,4,3.2
16.5,4,3.25
16.5,4,3.3
16.5,4,3.35
16.5,4,3.4
16.5,4,3.45
16.5,4,3.5
16.5,4,3.55
16.5,4,3.6
16.5,4,3.65
16.5,4,3.7
16.5,4,3.75
16.5,4,3.8
16.5,4,3.85
16.5,4,3.9
16.5,4,3.95
16.5,4,4
16.5,4,4.05
16.5,4,4.1
16.5,4,4.15
16.5,4,4.2
16.5,4,4.25
16.5,4,4.3
16.5,4,4.35
16.5,4,4.4
16.5,4,4.45
16.5,4,4.5
16.5,4,4.55
16.5,4,4.6
16.5,4,4.65
16.5,4,4.7
16.5,4,4.75
16.5,4,4.8
16.5,4,4.85
16.5,4,4.9
16.5,4,4.95
16.5,4,5
16.5,4.5,0
16.5,4.5,0.05
16.5,4.5,0.1
16.5,4.5,0.15
16.5,4.5,0.2
16.5,4.5,0.25
16.5,4.5,0.3
16.5,4.5,0.35
16.5,4.5,0.4
16.5,4.5,0.45
16.5,4.5,0.5
16.5,4.5,0.55
16.5,4.5,0.6
16.5,4.5,0.65
16.5,4.5,0.7
16.5,4.5,0.75
16.5,4.5,0.8
16.5,4.5,0.85
16.5,4.5,0.9
16.5,4.5,0.95
16.5,4.5,1
16.5,4.5,1.05
16.5,4.5,1.1
16.5,4.5,1.15
16.5,4.5,1.2
16.5,4.5,1.25
16.5,4.5,1.3
16.5,4.5,1.35
16.5,4.5,1.4
16.5,4.5,1.45
16.5,4.5,1.5
16.5,4.5,1.55
16.5,4.5,1.6
16.5,4.5,1.65
16.5,4.5,1.7
16.5,4.5,1.75
16.5,4.5,1.8
16.5,4.5,1.85
16.5,4.5,1.9
16.5,4.5,1.95
16.5,4.5,2
16.5,4.5,2.05
16.5,4.5,2.1
16.5,4.5,2.15
16.5,4.5,2.2
16.5,4.5,2.25
16.5,4.5,2.3
16.5,4.5,2.35
16.5,4.5,2.4
16.5,4.5,2.45
16.5,4.5,2.5
16.5,4.5,2.55
16.5,4.5,2.6
16.5,4.5,2.65
16.5,4.5,2.7
16.5,4.5,2.75
16.5,4.5,2.8
16.5,4.5,2.85
16.5,4.5,2.9
16.5,4.5,2.95
16.5,4.5,3
16.5,4.5,3.05
16.5,4.5,3.1
16.5,4.5,3.15
16.5,4.5,3.2
16.5,4.5,3.25
16.5,4.5,3.3
16.5,4.5,3.35
16.5,4.5,3.4
16.5,4.5,3.45
16.5,4.5,3.5
16.5,4.5,3.55
16.5,4.5,3.6
16.5,4.5,3.65
16.5,4.5,3.7
16.5,4.5,3.75
16.5,4.5,3.8
16.5,4.5,3.85
16.5,4.5,3.9
16.5,4.5,3.95
16.5,4.5,4
16.5,4.5,4.05
16.5,4.5,4.1
16.5,4.5,4.15
16.5,4.5,4.2
16.5,4.5,4.25
16.5,4.5,4.3
16.5,4.5,4.35
16.5,4.5,4.4
16.5,4.5,4.45
16.5,4.5,4.5
16.5,4.5,4.55
16.5,4.5,4.6
16.5,4.5,4.65
16.5,4.5,4.7
16.5,4.5,4.75
16.5,4.5,4.8
16.5,4.5,4.85
16.5,4.5,4.9
16.5,4.5,4.95
16.5,4.5,5
16.5,5,0
16.5,5,0.05
16.5,5,0.1
16.5,5,0.15
16.5,5,0.2
16.5,5,0.25
16.5,5,0.3
16.5,5,0.35
16.5,5,0.4
16.5,5,0.45
16.5,5,0.5
16.5,5,0.55
16.5,5,0.6
16.5,5,0.65
16.5,5,0.7
16.5,5,0.75
16.5,5,0.8
16.5,5,0.85
16.5,5,0.9
16.5,5,0.95
16.5,5,1
16.5,5,1.05
16.5,5,1.1
16.5,5,1.15
16.5,5,1.2
16.5,5,1.25
16.5,5,1.3
16.5,5,1.35
16.5,5,1.4
16.5,5,1.45
16.5,5,1.5
16.5,5,1.55
16.5,5,1.6
16.5,5,1.65
16.5,5,1.7
16.5,5,1.75
16.5,5,1.8
16.5,5,1.85
16.5,5,1.9
16.5,5,1.95
16.5,5,2
16.5,5,2.05
16.5,5,2.1
16.5,5,2.15
16.5,5,2.2
16.5,5,2.25
16.5,5,2.3
16.5,5,2.35
16.5,5,2.4
16.5,5,2.45
16.5,5,2.5
16.5,5,2.55
16.5,5,2.6
16.5,5,2.65
16.5,5,2.7
16.5,5,2.75
16.5,5,2.8
16.5,5,2.85
16.5,5,2.9
16.5,5,2.95
16.5,5,3
16.5,5,3.05
16.5,5,3.1
16.5,5,3.15
16.5,5,3.2
16.5,5,3.25
16.5,5,3.3
16.5,5,3.35
16.5,5,3.4
16.5,5,3.45
16.5,5,3.5
16.5,5,3.55
16.5,5,3.6
16.5,5,3.65
16.5,5,3.7
16.5,5,3.75
16.5,5,3.8
16.5,5,3.85
16.5,5,3.9
16.5,5,3.95
16.5,5,4
16.5,5,4.05
16.5,5,4.1
16.5,5,4.15
16.5,5,4.2
16.5,5,4.25
16.5,5,4.3
16.5,5,4.35
16.5,5,4.4
16.5,5,4.45
16.5,5,4.5
16.5,5,4.55
16.5,5,4.6
16.5,5,4.65
16.5,5,4.7
16.5,5,4.75
16.5,5,4.8
16.5,5,4.85
16.5,5,4.9
16.5,5,4.95
16.5,5,5
16.5,5.5,0
16.5,5.5,0.05
16.5,5.5,0.1
16.5,5.5,0.15
16.5,5.5,0.2
16.5,5.5,0.25
16.5,5.5,0.3
16.5,5.5,0.35
16.5,5.5,0.4
16.5,5.5,0.45
16.5,5.5,0.5
16.5,5.5,0.55
16.5,5.5,0.6
16.5,5.5,0.65
16.5,5.5,0.7
16.5,5.5,0.75
16.5,5.5,0.8
16.5,5.5,0.85
16.5,5.5,0.9
16.5,5.5,0.95
16.5,5.5,1
16.5,5.5,1.05
16.5,5.5,1.1
16.5,5.5,1.15
16.5,5.5,1.2
16.5,5.5,1.25
16.5,5.5,1.3
16.5,5.5,1.35
16.5,5.5,1.4
16.5,5.5,1.45
16.5,5.5,1.5
16.5,5.5,1.55
16.5,5.5,1.6
16.5,5.5,1.65
16.5,5.5,1.7
16.5,5.5,1.75
16.5,5.5,1.8
16.5,5.5,1.85
16.5,5.5,1.9
16.5,5.5,1.95
16.5,5.5,2
16.5,5.5,2.05
16.5,5.5,2.1
16.5,5.5,2.15
16.5,5.5,2.2
16.5,5.5,2.25
16.5,5.5,2.3
16.5,5.5,2.35
16.5,5.5,2.4
16.5,5.5,2.45
16.5,5.5,2.5
16.5,5.5,2.55
16.5,5.5,2.6
16.5,5.5,2.65
16.5,5.5,2.7
16.5,5.5,2.75
16.5,5.5,2.8
16.5,5.5,2.85
16.5,5.5,2.9
16.5,5.5,2.95
16.5,5.5,3
16.5,5.5,3.05
16.5,5.5,3.1
16.5,5.5,3.15
16.5,5.5,3.2
16.5,5.5,3.25
16.5,5.5,3.3
16.5,5.5,3.35
16.5,5.5,3.4
16.5,5.5,3.45
16.5,5.5,3.5
16.5,5.5,3.55
16.5,5.5,3.6
16.5,5.5,3.65
16.5,5.5,3.7
16.5,5.5,3.75
16.5,5.5,3.8
16.5,5.5,3.85
16.5,5.5,3.9
16.5,5.5,3.95
16.5,5.5,4
16.5,5.5,4.05
16.5,5.5,4.1
16.5,5.5,4.15
16.5,5.5,4.2
16.5,5.5,4.25
16.5,5.5,4.3
16.5,5.5,4.35
16.5,5.5,4.4
16.5,5.5,4.45
16.5,5.5,4.5
16.5,5.5,4.55
16.5,5.5,4.6
16.5,5.5,4.65
16.5,5.5,4.7
16.5,5.5,4.75
16.5,5.5,4.8
16.5,5.5,4.85
16.5,5.5,4.9
16.5,5.5,4.95
16.5,5.5,5
16.5,6,0
16.5,6,0.05
16.5,6,0.1
16.5,6,0.15
16.5,6,0.2
16.5,6,0.25
16.5,6,0.3
16.5,6,0.35
16.5,6,0.4
16.5,6,0.45
16.5,6,0.5
16.5,6,0.55
16.5,6,0.6
16.5,6,0.65
16.5,6,0.7
16.5,6,0.75
16.5,6,0.8
16.5,6,0.85
16.5,6,0.9
16.5,6,0.95
16.5,6,1
16.5,6,1.05
16.5,6,1.1
16.5,6,1.15
16.5,6,1.2
16.5,6,1.25
16.5,6,1.3
16.5,6,1.35
16.5,6,1.4
16.5,6,1.45
16.5,6,1.5
16.5,6,1.55
16.5,6,1.6
16.5,6,1.65
16.5,6,1.7
16.5,6,1.75
16.5,6,1.8
16.5,6,1.85
16.5,6,1.9
16.5,6,1.95
16.5,6,2
16.5,6,2.05
16.5,6,2.1
16.5,6,2.15
16.5,6,2.2
16.5,6,2.25
16.5,6,2.3
16.5,6,2.35
16.5,6,2.4
16.5,6,2.45
16.5,6,2.5
16.5,6,2.55
16.5,6,2.6
16.5,6,2.65
16.5,6,2.7
16.5,6,2.75
16.5,6,2.8
16.5,6,2.85
16.5,6,2.9
16.5,6,2.95
16.5,6,3
16.5,6,3.05
16.5,6,3.1
16.5,6,3.15
16.5,6,3.2
16.5,6,3.25
16.5,6,3.3
16.5,6,3.35
16.5,6,3.4
16.5,6,3.45
16.5,6,3.5
16.5,6,3.55
16.5,6,3.6
16.5,6,3.65
16.5,6,3.7
16.5,6,3.75
16.5,6,3.8
16.5,6,3.85
16.5,6,3.9
16.5,6,3.95
16.5,6,4
16.5,6,4.05
16.5,6,4.1
16.5,6,4.15
16.5,6,4.2
16.5,6,4.25
16.5,6,4.3
16.5,6,4.35
16.5,6,4.4
16.5,6,4.45
16.5,6,4.5
16.5,6,4.55
16.5,6,4.6
16.5,6,4.65
16.5,6,4.7
16.5,6,4.75
16.5,6,4.8
16.5,6,4.85
16.5,6,4.9
16.5,6,4.95
16.5,6,5
16.5,6.5,0
16.5,6.5,0.05
16.5,6.5,0.1
16.5,6.5,0.15
16.5,6.5,0.2
16.5,6.5,0.25
16.5,6.5,0.3
16.5,6.5,0.35
16.5,6.5,0.4
16.5,6.5,0.45
16.5,6.5,0.5
16.5,6.5,0.55
16.5,6.5,0.6
16.5,6.5,0.65
16.5,6.5,0.7
16.5,6.5,0.75
16.5,6.5,0.8
16.5,6.5,0.85
16.5,6.5,0.9
16.5,6.5,0.95
16.5,6.5,1
16.5,6.5,1.05
16.5,6.5,1.1
16.5,6.5,1.15
16.5,6.5,1.2
16.5,6.5,1.25
16.5,6.5,1.3
16.5,6.5,1.35
16.5,6.5,1.4
16.5,6.5,1.45
16.5,6.5,1.5
16.5,6.5,1.55
16.5,6.5,1.6
16.5,6.5,1.65
16.5,6.5,1.7
16.5,6.5,1.75
16.5,6.5,1.8
16.5,6.5,1.85
16.5,6.5,1.9
16.5,6.5,1.95
16.5,6.5,2
16.5,6.5,2.05
16.5,6.5,2.1
16.5,6.5,2.15
16.5,6.5,2.2
16.5,6.5,2.25
16.5,6.5,2.3
16.5,6.5,2.35
16.5,6.5,2.4
16.5,6.5,2.45
16.5,6.5,2.5
16.5,6.5,2.55
16.5,6.5,2.6
16.5,6.5,2.65
16.5,6.5,2.7
16.5,6.5,2.75
16.5,6.5,2.8
16.5,6.5,2.85
16.5,6.5,2.9
16.5,6.5,2.95
16.5,6.5,3
16.5,6.5,3.05
16.5,6.5,3.1
16.5,6.5,3.15
16.5,6.5,3.2
16.5,6.5,3.25
16.5,6.5,3.3
16.5,6.5,3.35
16.5,6.5,3.4
16.5,6.5,3.45
16.5,6.5,3.5
16.5,6.5,3.55
16.5,6.5,3.6
16.5,6.5,3.65
16.5,6.5,3.7
16.5,6.5,3.75
16.5,6.5,3.8
16.5,6.5,3.85
16.5,6.5,3.9
16.5,6.5,3.95
16.5,6.5,4
16.5,6.5,4.05
16.5,6.5,4.1
16.5,6.5,4.15
16.5,6.5,4.2
16.5,6.5,4.25
16.5,6.5,4.3
16.5,6.5,4.35
16.5,6.5,4.4
16.5,6.5,4.45
16.5,6.5,4.5
16.5,6.5,4.55
16.5,6.5,4.6
16.5,6.5,4.65
16.5,6.5,4.7
16.5,6.5,4.75
16.5,6.5,4.8
16.5,6.5,4.85
16.5,6.5,4.9
16.5,6.5,4.95
16.5,6.5,5
16.5,7,0
16.5,7,0.05
16.5,7,0.1
16.5,7,0.15
16.5,7,0.2
16.5,7,0.25
16.5,7,0.3
16.5,7,0.35
16.5,7,0.4
16.5,7,0.45
16.5,7,0.5
16.5,7,0.55
16.5,7,0.6
16.5,7,0.65
16.5,7,0.7
16.5,7,0.75
16.5,7,0.8
16.5,7,0.85
16.5,7,0.9
16.5,7,0.95
16.5,7,1
16.5,7,1.05
16.5,7,1.1
16.5,7,1.15
16.5,7,1.2
16.5,7,1.25
16.5,7,1.3
16.5,7,1.35
16.5,7,1.4
16.5,7,1.45
16.5,7,1.5
16.5,7,1.55
16.5,7,1.6
16.5,7,1.65
16.5,7,1.7
16.5,7,1.75
16.5,7,1.8
16.5,7,1.85
16.5,7,1.9
16.5,7,1.95
16.5,7,2
16.5,7,2.05
16.5,7,2.1
16.5,7,2.15
16.5,7,2.2
16.5,7,2.25
16.5,7,2.3
16.5,7,2.35
16.5,7,2.4
16.5,7,2.45
16.5,7,2.5
16.5,7,2.55
16.5,7,2.6
16.5,7,2.65
16.5,7,2.7
16.5,7,2.75
16.5,7,2.8
16.5,7,2.85
16.5,7,2.9
16.5,7,2.95
16.5,7,3
16.5,7,3.05
16.5,7,3.1
16.5,7,3.15
16.5,7,3.2
16.5,7,3.25
16.5,7,3.3
16.5,7,3.35
16.5,7,3.4
16.5,7,3.45
16.5,7,3.5
16.5,7,3.55
16.5,7,3.6
16.5,7,3.65
16.5,7,3.7
16.5,7,3.75
16.5,7,3.8
16.5,7,3.85
16.5,7,3.9
16.5,7,3.95
16.5,7,4
16.5,7,4.05
16.5,7,4.1
16.5,7,4.15
16.5,7,4.2
16.5,7,4.25
16.5,7,4.3
16.5,7,4.35
16.5,7,4.4
16.5,7,4.45
16.5,7,4.5
16.5,7,4.55
16.5,7,4.6
16.5,7,4.65
16.5,7,4.7
16.5,7,4.75
16.5,7,4.8
16.5,7,4.85
16.5,7,4.9
16.5,7,4.95
16.5,7,5
16.5,7.5,0
16.5,7.5,0.05
16.5,7.5,0.1
16.5,7.5,0.15
16.5,7.5,0.2
16.5,7.5,0.25
16.5,7.5,0.3
16.5,7.5,0.35
16.5,7.5,0.4
16.5,7.5,0.45
16.5,7.5,0.5
16.5,7.5,0.55
16.5,7.5,0.6
16.5,7.5,0.65
16.5,7.5,0.7
16.5,7.5,0.75
16.5,7.5,0.8
16.5,7.5,0.85
16.5,7.5,0.9
16.5,7.5,0.95
16.5,7.5,1
16.5,7.5,1.05
16.5,7.5,1.1
16.5,7.5,1.15
16.5,7.5,1.2
16.5,7.5,1.25
16.5,7.5,1.3
16.5,7.5,1.35
16.5,7.5,1.4
16.5,7.5,1.45
16.5,7.5,1.5
16.5,7.5,1.55
16.5,7.5,1.6
16.5,7.5,1.65
16.5,7.5,1.7
16.5,7.5,1.75
16.5,7.5,1.8
16.5,7.5,1.85
16.5,7.5,1.9
16.5,7.5,1.95
16.5,7.5,2
16.5,7.5,2.05
16.5,7.5,2.1
16.5,7.5,2.15
16.5,7.5,2.2
16.5,7.5,2.25
16.5,7.5,2.3
16.5,7.5,2.35
16.5,7.5,2.4
16.5,7.5,2.45
16.5,7.5,2.5
16.5,7.5,2.55
16.5,7.5,2.6
16.5,7.5,2.65
16.5,7.5,2.7
16.5,7.5,2.75
16.5,7.5,2.8
16.5,7.5,2.85
16.5,7.5,2.9
16.5,7.5,2.95
16.5,7.5,3
16.5,7.5,3.05
16.5,7.5,3.1
16.5,7.5,3.15
16.5,7.5,3.2
16.5,7.5,3.25
16.5,7.5,3.3
16.5,7.5,3.35
16.5,7.5,3.4
16.5,7.5,3.45
16.5,7.5,3.5
16.5,7.5,3.55
16.5,7.5,3.6
16.5,7.5,3.65
16.5,7.5,3.7
16.5,7.5,3.75
16.5,7.5,3.8
16.5,7.5,3.85
16.5,7.5,3.9
16.5,7.5,3.95
16.5,7.5,4
16.5,7.5,4.05
16.5,7.5,4.1
16.5,7.5,4.15
16.5,7.5,4.2
16.5,7.5,4.25
16.5,7.5,4.3
16.5,7.5,4.35
16.5,7.5,4.4
16.5,7.5,4.45
16.5,7.5,4.5
16.5,7.5,4.55
16.5,7.5,4.6
16.5,7.5,4.65
16.5,7.5,4.7
16.5,7.5,4.75
16.5,7.5,4.8
16.5,7.5,4.85
16.5,7.5,4.9
16.5,7.5,4.95
16.5,7.5,5
16.5,8,0
16.5,8,0.05
16.5,8,0.1
16.5,8,0.15
16.5,8,0.2
16.5,8,0.25
16.5,8,0.3
16.5,8,0.35
16.5,8,0.4
16.5,8,0.45
16.5,8,0.5
16.5,8,0.55
16.5,8,0.6
16.5,8,0.65
16.5,8,0.7
16.5,8,0.75
16.5,8,0.8
16.5,8,0.85
16.5,8,0.9
16.5,8,0.95
16.5,8,1
16.5,8,1.05
16.5,8,1.1
16.5,8,1.15
16.5,8,1.2
16.5,8,1.25
16.5,8,1.3
16.5,8,1.35
16.5,8,1.4
16.5,8,1.45
16.5,8,1.5
16.5,8,1.55
16.5,8,1.6
16.5,8,1.65
16.5,8,1.7
16.5,8,1.75
16.5,8,1.8
16.5,8,1.85
16.5,8,1.9
16.5,8,1.95
16.5,8,2
16.5,8,2.05
16.5,8,2.1
16.5,8,2.15
16.5,8,2.2
16.5,8,2.25
16.5,8,2.3
16.5,8,2.35
16.5,8,2.4
16.5,8,2.45
16.5,8,2.5
16.5,8,2.55
16.5,8,2.6
16.5,8,2.65
16.5,8,2.7
16.5,8,2.75
16.5,8,2.8
16.5,8,2.85
16.5,8,2.9
16.5,8,2.95
16.5,8,3
16.5,8,3.05
16.5,8,3.1
16.5,8,3.15
16.5,8,3.2
16.5,8,3.25
16.5,8,3.3
16.5,8,3.35
16.5,8,3.4
16.5,8,3.45
16.5,8,3.5
16.5,8,3.55
16.5,8,3.6
16.5,8,3.65
16.5,8,3.7
16.5,8,3.75
16.5,8,3.8
16.5,8,3.85
16.5,8,3.9
16.5,8,3.95
16.5,8,4
16.5,8,4.05
16.5,8,4.1
16.5,8,4.15
16.5,8,4.2
16.5,8,4.25
16.5,8,4.3
16.5,8,4.35
16.5,8,4.4
16.5,8,4.45
16.5,8,4.5
16.5,8,4.55
16.5,8,4.6
16.5,8,4.65
16.5,8,4.7
16.5,8,4.75
16.5,8,4.8
16.5,8,4.85
16.5,8,4.9
16.5,8,4.95
16.5,8,5
16.5,8.5,0
16.5,8.5,0.05
16.5,8.5,0.1
16.5,8.5,0.15
16.5,8.5,0.2
16.5,8.5,0.25
16.5,8.5,0.3
16.5,8.5,0.35
16.5,8.5,0.4
16.5,8.5,0.45
16.5,8.5,0.5
16.5,8.5,0.55
16.5,8.5,0.6
16.5,8.5,0.65
16.5,8.5,0.7
16.5,8.5,0.75
16.5,8.5,0.8
16.5,8.5,0.85
16.5,8.5,0.9
16.5,8.5,0.95
16.5,8.5,1
16.5,8.5,1.05
16.5,8.5,1.1
16.5,8.5,1.15
16.5,8.5,1.2
16.5,8.5,1.25
16.5,8.5,1.3
16.5,8.5,1.35
16.5,8.5,1.4
16.5,8.5,1.45
16.5,8.5,1.5
16.5,8.5,1.55
16.5,8.5,1.6
16.5,8.5,1.65
16.5,8.5,1.7
16.5,8.5,1.75
16.5,8.5,1.8
16.5,8.5,1.85
16.5,8.5,1.9
16.5,8.5,1.95
16.5,8.5,2
16.5,8.5,2.05
16.5,8.5,2.1
16.5,8.5,2.15
16.5,8.5,2.2
16.5,8.5,2.25
16.5,8.5,2.3
16.5,8.5,2.35
16.5,8.5,2.4
16.5,8.5,2.45
16.5,8.5,2.5
16.5,8.5,2.55
16.5,8.5,2.6
16.5,8.5,2.65
16.5,8.5,2.7
16.5,8.5,2.75
16.5,8.5,2.8
16.5,8.5,2.85
16.5,8.5,2.9
16.5,8.5,2.95
16.5,8.5,3
16.5,8.5,3.05
16.5,8.5,3.1
16.5,8.5,3.15
16.5,8.5,3.2
16.5,8.5,3.25
16.5,8.5,3.3
16.5,8.5,3.35
16.5,8.5,3.4
16.5,8.5,3.45
16.5,8.5,3.5
16.5,8.5,3.55
16.5,8.5,3.6
16.5,8.5,3.65
16.5,8.5,3.7
16.5,8.5,3.75
16.5,8.5,3.8
16.5,8.5,3.85
16.5,8.5,3.9
16.5,8.5,3.95
16.5,8.5,4
16.5,8.5,4.05
16.5,8.5,4.1
16.5,8.5,4.15
16.5,8.5,4.2
16.5,8.5,4.25
16.5,8.5,4.3
16.5,8.5,4.35
16.5,8.5,4.4
16.5,8.5,4.45
16.5,8.5,4.5
16.5,8.5,4.55
16.5,8.5,4.6
16.5,8.5,4.65
16.5,8.5,4.7
16.5,8.5,4.75
16.5,8.5,4.8
16.5,8.5,4.85
16.5,8.5,4.9
16.5,8.5,4.95
16.5,8.5,5
16.5,9,0
16.5,9,0.05
16.5,9,0.1
16.5,9,0.15
16.5,9,0.2
16.5,9,0.25
16.5,9,0.3
16.5,9,0.35
16.5,9,0.4
16.5,9,0.45
16.5,9,0.5
16.5,9,0.55
16.5,9,0.6
16.5,9,0.65
16.5,9,0.7
16.5,9,0.75
16.5,9,0.8
16.5,9,0.85
16.5,9,0.9
16.5,9,0.95
16.5,9,1
16.5,9,1.05
16.5,9,1.1
16.5,9,1.15
16.5,9,1.2
16.5,9,1.25
16.5,9,1.3
16.5,9,1.35
16.5,9,1.4
16.5,9,1.45
16.5,9,1.5
16.5,9,1.55
16.5,9,1.6
16.5,9,1.65
16.5,9,1.7
16.5,9,1.75
16.5,9,1.8
16.5,9,1.85
16.5,9,1.9
16.5,9,1.95
16.5,9,2
16.5,9,2.05
16.5,9,2.1
16.5,9,2.15
16.5,9,2.2
16.5,9,2.25
16.5,9,2.3
16.5,9,2.35
16.5,9,2.4
16.5,9,2.45
16.5,9,2.5
16.5,9,2.55
16.5,9,2.6
16.5,9,2.65
16.5,9,2.7
16.5,9,2.75
16.5,9,2.8
16.5,9,2.85
16.5,9,2.9
16.5,9,2.95
16.5,9,3
16.5,9,3.05
16.5,9,3.1
16.5,9,3.15
16.5,9,3.2
16.5,9,3.25
16.5,9,3.3
16.5,9,3.35
16.5,9,3.4
16.5,9,3.45
16.5,9,3.5
16.5,9,3.55
16.5,9,3.6
16.5,9,3.65
16.5,9,3.7
16.5,9,3.75
16.5,9,3.8
16.5,9,3.85
16.5,9,3.9
16.5,9,3.95
16.5,9,4
16.5,9,4.05
16.5,9,4.1
16.5,9,4.15
16.5,9,4.2
16.5,9,4.25
16.5,9,4.3
16.5,9,4.35
16.5,9,4.4
16.5,9,4.45
16.5,9,4.5
16.5,9,4.55
16.5,9,4.6
16.5,9,4.65
16.5,9,4.7
16.5,9,4.75
16.5,9,4.8
16.5,9,4.85
16.5,9,4.9
16.5,9,4.95
16.5,9,5
16.5,9.5,0
16.5,9.5,0.05
16.5,9.5,0.1
16.5,9.5,0.15
16.5,9.5,0.2
16.5,9.5,0.25
16.5,9.5,0.3
16.5,9.5,0.35
16.5,9.5,0.4
16.5,9.5,0.45
16.5,9.5,0.5
16.5,9.5,0.55
16.5,9.5,0.6
16.5,9.5,0.65
16.5,9.5,0.7
16.5,9.5,0.75
16.5,9.5,0.8
16.5,9.5,0.85
16.5,9.5,0.9
16.5,9.5,0.95
16.5,9.5,1
16.5,9.5,1.05
16.5,9.5,1.1
16.5,9.5,1.15
16.5,9.5,1.2
16.5,9.5,1.25
16.5,9.5,1.3
16.5,9.5,1.35
16.5,9.5,1.4
16.5,9.5,1.45
16.5,9.5,1.5
16.5,9.5,1.55
16.5,9.5,1.6
16.5,9.5,1.65
16.5,9.5,1.7
16.5,9.5,1.75
16.5,9.5,1.8
16.5,9.5,1.85
16.5,9.5,1.9
16.5,9.5,1.95
16.5,9.5,2
16.5,9.5,2.05
16.5,9.5,2.1
16.5,9.5,2.15
16.5,9.5,2.2
16.5,9.5,2.25
16.5,9.5,2.3
16.5,9.5,2.35
16.5,9.5,2.4
16.5,9.5,2.45
16.5,9.5,2.5
16.5,9.5,2.55
16.5,9.5,2.6
16.5,9.5,2.65
16.5,9.5,2.7
16.5,9.5,2.75
16.5,9.5,2.8
16.5,9.5,2.85
16.5,9.5,2.9
16.5,9.5,2.95
16.5,9.5,3
16.5,9.5,3.05
16.5,9.5,3.1
16.5,9.5,3.15
16.5,9.5,3.2
16.5,9.5,3.25
16.5,9.5,3.3
16.5,9.5,3.35
16.5,9.5,3.4
16.5,9.5,3.45
16.5,9.5,3.5
16.5,9.5,3.55
16.5,9.5,3.6
16.5,9.5,3.65
16.5,9.5,3.7
16.5,9.5,3.75
16.5,9.5,3.8
16.5,9.5,3.85
16.5,9.5,3.9
16.5,9.5,3.95
16.5,9.5,4
16.5,9.5,4.05
16.5,9.5,4.1
16.5,9.5,4.15
16.5,9.5,4.2
16.5,9.5,4.25
16.5,9.5,4.3
16.5,9.5,4.35
16.5,9.5,4.4
16.5,9.5,4.45
16.5,9.5,4.5
16.5,9.5,4.55
16.5,9.5,4.6
16.5,9.5,4.65
16.5,9.5,4.7
16.5,9.5,4.75
16.5,9.5,4.8
16.5,9.5,4.85
16.5,9.5,4.9
16.5,9.5,4.95
16.5,9.5,5
16.5,10,0
16.5,10,0.05
16.5,10,0.1
16.5,10,0.15
16.5,10,0.2
16.5,10,0.25
16.5,10,0.3
16.5,10,0.35
16.5,10,0.4
16.5,10,0.45
16.5,10,0.5
16.5,10,0.55
16.5,10,0.6
16.5,10,0.65
16.5,10,0.7
16.5,10,0.75
16.5,10,0.8
16.5,10,0.85
16.5,10,0.9
16.5,10,0.95
16.5,10,1
16.5,10,1.05
16.5,10,1.1
16.5,10,1.15
16.5,10,1.2
16.5,10,1.25
16.5,10,1.3
16.5,10,1.35
16.5,10,1.4
16.5,10,1.45
16.5,10,1.5
16.5,10,1.55
16.5,10,1.6
16.5,10,1.65
16.5,10,1.7
16.5,10,1.75
16.5,10,1.8
16.5,10,1.85
16.5,10,1.9
16.5,10,1.95
16.5,10,2
16.5,10,2.05
16.5,10,2.1
16.5,10,2.15
16.5,10,2.2
16.5,10,2.25
16.5,10,2.3
16.5,10,2.35
16.5,10,2.4
16.5,10,2.45
16.5,10,2.5
16.5,10,2.55
16.5,10,2.6
16.5,10,2.65
16.5,10,2.7
16.5,10,2.75
16.5,10,2.8
16.5,10,2.85
16.5,10,2.9
16.5,10,2.95
16.5,10,3
16.5,10,3.05
16.5,10,3.1
16.5,10,3.15
16.5,10,3.2
16.5,10,3.25
16.5,10,3.3
16.5,10,3.35
16.5,10,3.4
16.5,10,3.45
16.5,10,3.5
16.5,10,3.55
16.5,10,3.6
16.5,10,3.65
16.5,10,3.7
16.5,10,3.75
16.5,10,3.8
16.5,10,3.85
16.5,10,3.9
16.5,10,3.95
16.5,10,4
16.5,10,4.05
16.5,10,4.1
16.5,10,4.15
16.5,10,4.2
16.5,10,4.25
16.5,10,4.3
16.5,10,4.35
16.5,10,4.4
16.5,10,4.45
16.5,10,4.5
16.5,10,4.55
16.5,10,4.6
16.5,10,4.65
16.5,10,4.7
16.5,10,4.75
16.5,10,4.8
16.5,10,4.85
16.5,10,4.9
16.5,10,4.95
16.5,10,5
17,0,0
17,0,0.05
17,0,0.1
17,0,0.15
17,0,0.2
17,0,0.25
17,0,0.3
17,0,0.35
17,0,0.4
17,0,0.45
17,0,0.5
17,0,0.55
17,0,0.6
17,0,0.65
17,0,0.7
17,0,0.75
17,0,0.8
17,0,0.85
17,0,0.9
17,0,0.95
17,0,1
17,0,1.05
17,0,1.1
17,0,1.15
17,0,1.2
17,0,1.25
17,0,1.3
17,0,1.35
17,0,1.4
17,0,1.45
17,0,1.5
17,0,1.55
17,0,1.6
17,0,1.65
17,0,1.7
17,0,1.75
17,0,1.8
17,0,1.85
17,0,1.9
17,0,1.95
17,0,2
17,0,2.05
17,0,2.1
17,0,2.15
17,0,2.2
17,0,2.25
17,0,2.3
17,0,2.35
17,0,2.4
17,0,2.45
17,0,2.5
17,0,2.55
17,0,2.6
17,0,2.65
17,0,2.7
17,0,2.75
17,0,2.8
17,0,2.85
17,0,2.9
17,0,2.95
17,0,3
17,0,3.05
17,0,3.1
17,0,3.15
17,0,3.2
17,0,3.25
17,0,3.3
17,0,3.35
17,0,3.4
17,0,3.45
17,0,3.5
17,0,3.55
17,0,3.6
17,0,3.65
17,0,3.7
17,0,3.75
17,0,3.8
17,0,3.85
17,0,3.9
17,0,3.95
17,0,4
17,0,4.05
17,0,4.1
17,0,4.15
17,0,4.2
17,0,4.25
17,0,4.3
17,0,4.35
17,0,4.4
17,0,4.45
17,0,4.5
17,0,4.55
17,0,4.6
17,0,4.65
17,0,4.7
17,0,4.75
17,0,4.8
17,0,4.85
17,0,4.9
17,0,4.95
17,0,5
17,0.5,0
17,0.5,0.05
17,0.5,0.1
17,0.5,0.15
17,0.5,0.2
17,0.5,0.25
17,0.5,0.3
17,0.5,0.35
17,0.5,0.4
17,0.5,0.45
17,0.5,0.5
17,0.5,0.55
17,0.5,0.6
17,0.5,0.65
17,0.5,0.7
17,0.5,0.75
17,0.5,0.8
17,0.5,0.85
17,0.5,0.9
17,0.5,0.95
17,0.5,1
17,0.5,1.05
17,0.5,1.1
17,0.5,1.15
17,0.5,1.2
17,0.5,1.25
17,0.5,1.3
17,0.5,1.35
17,0.5,1.4
17,0.5,1.45
17,0.5,1.5
17,0.5,1.55
17,0.5,1.6
17,0.5,1.65
17,0.5,1.7
17,0.5,1.75
17,0.5,1.8
17,0.5,1.85
17,0.5,1.9
17,0.5,1.95
17,0.5,2
17,0.5,2.05
17,0.5,2.1
17,0.5,2.15
17,0.5,2.2
17,0.5,2.25
17,0.5,2.3
17,0.5,2.35
17,0.5,2.4
17,0.5,2.45
17,0.5,2.5
17,0.5,2.55
17,0.5,2.6
17,0.5,2.65
17,0.5,2.7
17,0.5,2.75
17,0.5,2.8
17,0.5,2.85
17,0.5,2.9
17,0.5,2.95
17,0.5,3
17,0.5,3.05
17,0.5,3.1
17,0.5,3.15
17,0.5,3.2
17,0.5,3.25
17,0.5,3.3
17,0.5,3.35
17,0.5,3.4
17,0.5,3.45
17,0.5,3.5
17,0.5,3.55
17,0.5,3.6
17,0.5,3.65
17,0.5,3.7
17,0.5,3.75
17,0.5,3.8
17,0.5,3.85
17,0.5,3.9
17,0.5,3.95
17,0.5,4
17,0.5,4.05
17,0.5,4.1
17,0.5,4.15
17,0.5,4.2
17,0.5,4.25
17,0.5,4.3
17,0.5,4.35
17,0.5,4.4
17,0.5,4.45
17,0.5,4.5
17,0.5,4.55
17,0.5,4.6
17,0.5,4.65
17,0.5,4.7
17,0.5,4.75
17,0.5,4.8
17,0.5,4.85
17,0.5,4.9
17,0.5,4.95
17,0.5,5
17,1,0
17,1,0.05
17,1,0.1
17,1,0.15
17,1,0.2
17,1,0.25
17,1,0.3
17,1,0.35
17,1,0.4
17,1,0.45
17,1,0.5
17,1,0.55
17,1,0.6
17,1,0.65
17,1,0.7
17,1,0.75
17,1,0.8
17,1,0.85
17,1,0.9
17,1,0.95
17,1,1
17,1,1.05
17,1,1.1
17,1,1.15
17,1,1.2
17,1,1.25
17,1,1.3
17,1,1.35
17,1,1.4
17,1,1.45
17,1,1.5
17,1,1.55
17,1,1.6
17,1,1.65
17,1,1.7
17,1,1.75
17,1,1.8
17,1,1.85
17,1,1.9
17,1,1.95
17,1,2
17,1,2.05
17,1,2.1
17,1,2.15
17,1,2.2
17,1,2.25
17,1,2.3
17,1,2.35
17,1,2.4
17,1,2.45
17,1,2.5
17,1,2.55
17,1,2.6
17,1,2.65
17,1,2.7
17,1,2.75
17,1,2.8
17,1,2.85
17,1,2.9
17,1,2.95
17,1,3
17,1,3.05
17,1,3.1
17,1,3.15
17,1,3.2
17,1,3.25
17,1,3.3
17,1,3.35
17,1,3.4
17,1,3.45
17,1,3.5
17,1,3.55
17,1,3.6
17,1,3.65
17,1,3.7
17,1,3.75
17,1,3.8
17,1,3.85
17,1,3.9
17,1,3.95
17,1,4
17,1,4.05
17,1,4.1
17,1,4.15
17,1,4.2
17,1,4.25
17,1,4.3
17,1,4.35
17,1,4.4
17,1,4.45
17,1,4.5
17,1,4.55
17,1,4.6
17,1,4.65
17,1,4.7
17,1,4.75
17,1,4.8
17,1,4.85
17,1,4.9
17,1,4.95
17,1,5
17,1.5,0
17,1.5,0.05
17,1.5,0.1
17,1.5,0.15
17,1.5,0.2
17,1.5,0.25
17,1.5,0.3
17,1.5,0.35
17,1.5,0.4
17,1.5,0.45
17,1.5,0.5
17,1.5,0.55
17,1.5,0.6
17,1.5,0.65
17,1.5,0.7
17,1.5,0.75
17,1.5,0.8
17,1.5,0.85
17,1.5,0.9
17,1.5,0.95
17,1.5,1
17,1.5,1.05
17,1.5,1.1
17,1.5,1.15
17,1.5,1.2
17,1.5,1.25
17,1.5,1.3
17,1.5,1.35
17,1.5,1.4
17,1.5,1.45
17,1.5,1.5
17,1.5,1.55
17,1.5,1.6
17,1.5,1.65
17,1.5,1.7
17,1.5,1.75
17,1.5,1.8
17,1.5,1.85
17,1.5,1.9
17,1.5,1.95
17,1.5,2
17,1.5,2.05
17,1.5,2.1
17,1.5,2.15
17,1.5,2.2
17,1.5,2.25
17,1.5,2.3
17,1.5,2.35
17,1.5,2.4
17,1.5,2.45
17,1.5,2.5
17,1.5,2.55
17,1.5,2.6
17,1.5,2.65
17,1.5,2.7
17,1.5,2.75
17,1.5,2.8
17,1.5,2.85
17,1.5,2.9
17,1.5,2.95
17,1.5,3
17,1.5,3.05
17,1.5,3.1
17,1.5,3.15
17,1.5,3.2
17,1.5,3.25
17,1.5,3.3
17,1.5,3.35
17,1.5,3.4
17,1.5,3.45
17,1.5,3.5
17,1.5,3.55
17,1.5,3.6
17,1.5,3.65
17,1.5,3.7
17,1.5,3.75
17,1.5,3.8
17,1.5,3.85
17,1.5,3.9
17,1.5,3.95
17,1.5,4
17,1.5,4.05
17,1.5,4.1
17,1.5,4.15
17,1.5,4.2
17,1.5,4.25
17,1.5,4.3
17,1.5,4.35
17,1.5,4.4
17,1.5,4.45
17,1.5,4.5
17,1.5,4.55
17,1.5,4.6
17,1.5,4.65
17,1.5,4.7
17,1.5,4.75
17,1.5,4.8
17,1.5,4.85
17,1.5,4.9
17,1.5,4.95
17,1.5,5
17,2,0
17,2,0.05
17,2,0.1
17,2,0.15
17,2,0.2
17,2,0.25
17,2,0.3
17,2,0.35
17,2,0.4
17,2,0.45
17,2,0.5
17,2,0.55
17,2,0.6
17,2,0.65
17,2,0.7
17,2,0.75
17,2,0.8
17,2,0.85
17,2,0.9
17,2,0.95
17,2,1
17,2,1.05
17,2,1.1
17,2,1.15
17,2,1.2
17,2,1.25
17,2,1.3
17,2,1.35
17,2,1.4
17,2,1.45
17,2,1.5
17,2,1.55
17,2,1.6
17,2,1.65
17,2,1.7
17,2,1.75
17,2,1.8
17,2,1.85
17,2,1.9
17,2,1.95
17,2,2
17,2,2.05
17,2,2.1
17,2,2.15
17,2,2.2
17,2,2.25
17,2,2.3
17,2,2.35
17,2,2.4
17,2,2.45
17,2,2.5
17,2,2.55
17,2,2.6
17,2,2.65
17,2,2.7
17,2,2.75
17,2,2.8
17,2,2.85
17,2,2.9
17,2,2.95
17,2,3
17,2,3.05
17,2,3.1
17,2,3.15
17,2,3.2
17,2,3.25
17,2,3.3
17,2,3.35
17,2,3.4
17,2,3.45
17,2,3.5
17,2,3.55
17,2,3.6
17,2,3.65
17,2,3.7
17,2,3.75
17,2,3.8
17,2,3.85
17,2,3.9
17,2,3.95
17,2,4
17,2,4.05
17,2,4.1
17,2,4.15
17,2,4.2
17,2,4.25
17,2,4.3
17,2,4.35
17,2,4.4
17,2,4.45
17,2,4.5
17,2,4.55
17,2,4.6
17,2,4.65
17,2,4.7
17,2,4.75
17,2,4.8
17,2,4.85
17,2,4.9
17,2,4.95
17,2,5
17,2.5,0
17,2.5,0.05
17,2.5,0.1
17,2.5,0.15
17,2.5,0.2
17,2.5,0.25
17,2.5,0.3
17,2.5,0.35
17,2.5,0.4
17,2.5,0.45
17,2.5,0.5
17,2.5,0.55
17,2.5,0.6
17,2.5,0.65
17,2.5,0.7
17,2.5,0.75
17,2.5,0.8
17,2.5,0.85
17,2.5,0.9
17,2.5,0.95
17,2.5,1
17,2.5,1.05
17,2.5,1.1
17,2.5,1.15
17,2.5,1.2
17,2.5,1.25
17,2.5,1.3
17,2.5,1.35
17,2.5,1.4
17,2.5,1.45
17,2.5,1.5
17,2.5,1.55
17,2.5,1.6
17,2.5,1.65
17,2.5,1.7
17,2.5,1.75
17,2.5,1.8
17,2.5,1.85
17,2.5,1.9
17,2.5,1.95
17,2.5,2
17,2.5,2.05
17,2.5,2.1
17,2.5,2.15
17,2.5,2.2
17,2.5,2.25
17,2.5,2.3
17,2.5,2.35
17,2.5,2.4
17,2.5,2.45
17,2.5,2.5
17,2.5,2.55
17,2.5,2.6
17,2.5,2.65
17,2.5,2.7
17,2.5,2.75
17,2.5,2.8
17,2.5,2.85
17,2.5,2.9
17,2.5,2.95
17,2.5,3
17,2.5,3.05
17,2.5,3.1
17,2.5,3.15
17,2.5,3.2
17,2.5,3.25
17,2.5,3.3
17,2.5,3.35
17,2.5,3.4
17,2.5,3.45
17,2.5,3.5
17,2.5,3.55
17,2.5,3.6
17,2.5,3.65
17,2.5,3.7
17,2.5,3.75
17,2.5,3.8
17,2.5,3.85
17,2.5,3.9
17,2.5,3.95
17,2.5,4
17,2.5,4.05
17,2.5,4.1
17,2.5,4.15
17,2.5,4.2
17,2.5,4.25
17,2.5,4.3
17,2.5,4.35
17,2.5,4.4
17,2.5,4.45
17,2.5,4.5
17,2.5,4.55
17,2.5,4.6
17,2.5,4.65
17,2.5,4.7
17,2.5,4.75
17,2.5,4.8
17,2.5,4.85
17,2.5,4.9
17,2.5,4.95
17,2.5,5
17,3,0
17,3,0.05
17,3,0.1
17,3,0.15
17,3,0.2
17,3,0.25
17,3,0.3
17,3,0.35
17,3,0.4
17,3,0.45
17,3,0.5
17,3,0.55
17,3,0.6
17,3,0.65
17,3,0.7
17,3,0.75
17,3,0.8
17,3,0.85
17,3,0.9
17,3,0.95
17,3,1
17,3,1.05
17,3,1.1
17,3,1.15
17,3,1.2
17,3,1.25
17,3,1.3
17,3,1.35
17,3,1.4
17,3,1.45
17,3,1.5
17,3,1.55
17,3,1.6
17,3,1.65
17,3,1.7
17,3,1.75
17,3,1.8
17,3,1.85
17,3,1.9
17,3,1.95
17,3,2
17,3,2.05
17,3,2.1
17,3,2.15
17,3,2.2
17,3,2.25
17,3,2.3
17,3,2.35
17,3,2.4
17,3,2.45
17,3,2.5
17,3,2.55
17,3,2.6
17,3,2.65
17,3,2.7
17,3,2.75
17,3,2.8
17,3,2.85
17,3,2.9
17,3,2.95
17,3,3
17,3,3.05
17,3,3.1
17,3,3.15
17,3,3.2
17,3,3.25
17,3,3.3
17,3,3.35
17,3,3.4
17,3,3.45
17,3,3.5
17,3,3.55
17,3,3.6
17,3,3.65
17,3,3.7
17,3,3.75
17,3,3.8
17,3,3.85
17,3,3.9
17,3,3.95
17,3,4
17,3,4.05
17,3,4.1
17,3,4.15
17,3,4.2
17,3,4.25
17,3,4.3
17,3,4.35
17,3,4.4
17,3,4.45
17,3,4.5
17,3,4.55
17,3,4.6
17,3,4.65
17,3,4.7
17,3,4.75
17,3,4.8
17,3,4.85
17,3,4.9
17,3,4.95
17,3,5
17,3.5,0
17,3.5,0.05
17,3.5,0.1
17,3.5,0.15
17,3.5,0.2
17,3.5,0.25
17,3.5,0.3
17,3.5,0.35
17,3.5,0.4
17,3.5,0.45
17,3.5,0.5
17,3.5,0.55
17,3.5,0.6
17,3.5,0.65
17,3.5,0.7
17,3.5,0.75
17,3.5,0.8
17,3.5,0.85
17,3.5,0.9
17,3.5,0.95
17,3.5,1
17,3.5,1.05
17,3.5,1.1
17,3.5,1.15
17,3.5,1.2
17,3.5,1.25
17,3.5,1.3
17,3.5,1.35
17,3.5,1.4
17,3.5,1.45
17,3.5,1.5
17,3.5,1.55
17,3.5,1.6
17,3.5,1.65
17,3.5,1.7
17,3.5,1.75
17,3.5,1.8
17,3.5,1.85
17,3.5,1.9
17,3.5,1.95
17,3.5,2
17,3.5,2.05
17,3.5,2.1
17,3.5,2.15
17,3.5,2.2
17,3.5,2.25
17,3.5,2.3
17,3.5,2.35
17,3.5,2.4
17,3.5,2.45
17,3.5,2.5
17,3.5,2.55
17,3.5,2.6
17,3.5,2.65
17,3.5,2.7
17,3.5,2.75
17,3.5,2.8
17,3.5,2.85
17,3.5,2.9
17,3.5,2.95
17,3.5,3
17,3.5,3.05
17,3.5,3.1
17,3.5,3.15
17,3.5,3.2
17,3.5,3.25
17,3.5,3.3
17,3.5,3.35
17,3.5,3.4
17,3.5,3.45
17,3.5,3.5
17,3.5,3.55
17,3.5,3.6
17,3.5,3.65
17,3.5,3.7
17,3.5,3.75
17,3.5,3.8
17,3.5,3.85
17,3.5,3.9
17,3.5,3.95
17,3.5,4
17,3.5,4.05
17,3.5,4.1
17,3.5,4.15
17,3.5,4.2
17,3.5,4.25
17,3.5,4.3
17,3.5,4.35
17,3.5,4.4
17,3.5,4.45
17,3.5,4.5
17,3.5,4.55
17,3.5,4.6
17,3.5,4.65
17,3.5,4.7
17,3.5,4.75
17,3.5,4.8
17,3.5,4.85
17,3.5,4.9
17,3.5,4.95
17,3.5,5
17,4,0
17,4,0.05
17,4,0.1
17,4,0.15
17,4,0.2
17,4,0.25
17,4,0.3
17,4,0.35
17,4,0.4
17,4,0.45
17,4,0.5
17,4,0.55
17,4,0.6
17,4,0.65
17,4,0.7
17,4,0.75
17,4,0.8
17,4,0.85
17,4,0.9
17,4,0.95
17,4,1
17,4,1.05
17,4,1.1
17,4,1.15
17,4,1.2
17,4,1.25
17,4,1.3
17,4,1.35
17,4,1.4
17,4,1.45
17,4,1.5
17,4,1.55
17,4,1.6
17,4,1.65
17,4,1.7
17,4,1.75
17,4,1.8
17,4,1.85
17,4,1.9
17,4,1.95
17,4,2
17,4,2.05
17,4,2.1
17,4,2.15
17,4,2.2
17,4,2.25
17,4,2.3
17,4,2.35
17,4,2.4
17,4,2.45
17,4,2.5
17,4,2.55
17,4,2.6
17,4,2.65
17,4,2.7
17,4,2.75
17,4,2.8
17,4,2.85
17,4,2.9
17,4,2.95
17,4,3
17,4,3.05
17,4,3.1
17,4,3.15
17,4,3.2
17,4,3.25
17,4,3.3
17,4,3.35
17,4,3.4
17,4,3.45
17,4,3.5
17,4,3.55
17,4,3.6
17,4,3.65
17,4,3.7
17,4,3.75
17,4,3.8
17,4,3.85
17,4,3.9
17,4,3.95
17,4,4
17,4,4.05
17,4,4.1
17,4,4.15
17,4,4.2
17,4,4.25
17,4,4.3
17,4,4.35
17,4,4.4
17,4,4.45
17,4,4.5
17,4,4.55
17,4,4.6
17,4,4.65
17,4,4.7
17,4,4.75
17,4,4.8
17,4,4.85
17,4,4.9
17,4,4.95
17,4,5
17,4.5,0
17,4.5,0.05
17,4.5,0.1
17,4.5,0.15
17,4.5,0.2
17,4.5,0.25
17,4.5,0.3
17,4.5,0.35
17,4.5,0.4
17,4.5,0.45
17,4.5,0.5
17,4.5,0.55
17,4.5,0.6
17,4.5,0.65
17,4.5,0.7
17,4.5,0.75
17,4.5,0.8
17,4.5,0.85
17,4.5,0.9
17,4.5,0.95
17,4.5,1
17,4.5,1.05
17,4.5,1.1
17,4.5,1.15
17,4.5,1.2
17,4.5,1.25
17,4.5,1.3
17,4.5,1.35
17,4.5,1.4
17,4.5,1.45
17,4.5,1.5
17,4.5,1.55
17,4.5,1.6
17,4.5,1.65
17,4.5,1.7
17,4.5,1.75
17,4.5,1.8
17,4.5,1.85
17,4.5,1.9
17,4.5,1.95
17,4.5,2
17,4.5,2.05
17,4.5,2.1
17,4.5,2.15
17,4.5,2.2
17,4.5,2.25
17,4.5,2.3
17,4.5,2.35
17,4.5,2.4
17,4.5,2.45
17,4.5,2.5
17,4.5,2.55
17,4.5,2.6
17,4.5,2.65
17,4.5,2.7
17,4.5,2.75
17,4.5,2.8
17,4.5,2.85
17,4.5,2.9
17,4.5,2.95
17,4.5,3
17,4.5,3.05
17,4.5,3.1
17,4.5,3.15
17,4.5,3.2
17,4.5,3.25
17,4.5,3.3
17,4.5,3.35
17,4.5,3.4
17,4.5,3.45
17,4.5,3.5
17,4.5,3.55
17,4.5,3.6
17,4.5,3.65
17,4.5,3.7
17,4.5,3.75
17,4.5,3.8
17,4.5,3.85
17,4.5,3.9
17,4.5,3.95
17,4.5,4
17,4.5,4.05
17,4.5,4.1
17,4.5,4.15
17,4.5,4.2
17,4.5,4.25
17,4.5,4.3
17,4.5,4.35
17,4.5,4.4
17,4.5,4.45
17,4.5,4.5
17,4.5,4.55
17,4.5,4.6
17,4.5,4.65
17,4.5,4.7
17,4.5,4.75
17,4.5,4.8
17,4.5,4.85
17,4.5,4.9
17,4.5,4.95
17,4.5,5
17,5,0
17,5,0.05
17,5,0.1
17,5,0.15
17,5,0.2
17,5,0.25
17,5,0.3
17,5,0.35
17,5,0.4
17,5,0.45
17,5,0.5
17,5,0.55
17,5,0.6
17,5,0.65
17,5,0.7
17,5,0.75
17,5,0.8
17,5,0.85
17,5,0.9
17,5,0.95
17,5,1
17,5,1.05
17,5,1.1
17,5,1.15
17,5,1.2
17,5,1.25
17,5,1.3
17,5,1.35
17,5,1.4
17,5,1.45
17,5,1.5
17,5,1.55
17,5,1.6
17,5,1.65
17,5,1.7
17,5,1.75
17,5,1.8
17,5,1.85
17,5,1.9
17,5,1.95
17,5,2
17,5,2.05
17,5,2.1
17,5,2.15
17,5,2.2
17,5,2.25
17,5,2.3
17,5,2.35
17,5,2.4
17,5,2.45
17,5,2.5
17,5,2.55
17,5,2.6
17,5,2.65
17,5,2.7
17,5,2.75
17,5,2.8
17,5,2.85
17,5,2.9
17,5,2.95
17,5,3
17,5,3.05
17,5,3.1
17,5,3.15
17,5,3.2
17,5,3.25
17,5,3.3
17,5,3.35
17,5,3.4
17,5,3.45
17,5,3.5
17,5,3.55
17,5,3.6
17,5,3.65
17,5,3.7
17,5,3.75
17,5,3.8
17,5,3.85
17,5,3.9
17,5,3.95
17,5,4
17,5,4.05
17,5,4.1
17,5,4.15
17,5,4.2
17,5,4.25
17,5,4.3
17,5,4.35
17,5,4.4
17,5,4.45
17,5,4.5
17,5,4.55
17,5,4.6
17,5,4.65
17,5,4.7
17,5,4.75
17,5,4.8
17,5,4.85
17,5,4.9
17,5,4.95
17,5,5
17,5.5,0
17,5.5,0.05
17,5.5,0.1
17,5.5,0.15
17,5.5,0.2
17,5.5,0.25
17,5.5,0.3
17,5.5,0.35
17,5.5,0.4
17,5.5,0.45
17,5.5,0.5
17,5.5,0.55
17,5.5,0.6
17,5.5,0.65
17,5.5,0.7
17,5.5,0.75
17,5.5,0.8
17,5.5,0.85
17,5.5,0.9
17,5.5,0.95
17,5.5,1
17,5.5,1.05
17,5.5,1.1
17,5.5,1.15
17,5.5,1.2
17,5.5,1.25
17,5.5,1.3
17,5.5,1.35
17,5.5,1.4
17,5.5,1.45
17,5.5,1.5
17,5.5,1.55
17,5.5,1.6
17,5.5,1.65
17,5.5,1.7
17,5.5,1.75
17,5.5,1.8
17,5.5,1.85
17,5.5,1.9
17,5.5,1.95
17,5.5,2
17,5.5,2.05
17,5.5,2.1
17,5.5,2.15
17,5.5,2.2
17,5.5,2.25
17,5.5,2.3
17,5.5,2.35
17,5.5,2.4
17,5.5,2.45
17,5.5,2.5
17,5.5,2.55
17,5.5,2.6
17,5.5,2.65
17,5.5,2.7
17,5.5,2.75
17,5.5,2.8
17,5.5,2.85
17,5.5,2.9
17,5.5,2.95
17,5.5,3
17,5.5,3.05
17,5.5,3.1
17,5.5,3.15
17,5.5,3.2
17,5.5,3.25
17,5.5,3.3
17,5.5,3.35
17,5.5,3.4
17,5.5,3.45
17,5.5,3.5
17,5.5,3.55
17,5.5,3.6
17,5.5,3.65
17,5.5,3.7
17,5.5,3.75
17,5.5,3.8
17,5.5,3.85
17,5.5,3.9
17,5.5,3.95
17,5.5,4
17,5.5,4.05
17,5.5,4.1
17,5.5,4.15
17,5.5,4.2
17,5.5,4.25
17,5.5,4.3
17,5.5,4.35
17,5.5,4.4
17,5.5,4.45
17,5.5,4.5
17,5.5,4.55
17,5.5,4.6
17,5.5,4.65
17,5.5,4.7
17,5.5,4.75
17,5.5,4.8
17,5.5,4.85
17,5.5,4.9
17,5.5,4.95
17,5.5,5
17,6,0
17,6,0.05
17,6,0.1
17,6,0.15
17,6,0.2
17,6,0.25
17,6,0.3
17,6,0.35
17,6,0.4
17,6,0.45
17,6,0.5
17,6,0.55
17,6,0.6
17,6,0.65
17,6,0.7
17,6,0.75
17,6,0.8
17,6,0.85
17,6,0.9
17,6,0.95
17,6,1
17,6,1.05
17,6,1.1
17,6,1.15
17,6,1.2
17,6,1.25
17,6,1.3
17,6,1.35
17,6,1.4
17,6,1.45
17,6,1.5
17,6,1.55
17,6,1.6
17,6,1.65
17,6,1.7
17,6,1.75
17,6,1.8
17,6,1.85
17,6,1.9
17,6,1.95
17,6,2
17,6,2.05
17,6,2.1
17,6,2.15
17,6,2.2
17,6,2.25
17,6,2.3
17,6,2.35
17,6,2.4
17,6,2.45
17,6,2.5
17,6,2.55
17,6,2.6
17,6,2.65
17,6,2.7
17,6,2.75
17,6,2.8
17,6,2.85
17,6,2.9
17,6,2.95
17,6,3
17,6,3.05
17,6,3.1
17,6,3.15
17,6,3.2
17,6,3.25
17,6,3.3
17,6,3.35
17,6,3.4
17,6,3.45
17,6,3.5
17,6,3.55
17,6,3.6
17,6,3.65
17,6,3.7
17,6,3.75
17,6,3.8
17,6,3.85
17,6,3.9
17,6,3.95
17,6,4
17,6,4.05
17,6,4.1
17,6,4.15
17,6,4.2
17,6,4.25
17,6,4.3
17,6,4.35
17,6,4.4
17,6,4.45
17,6,4.5
17,6,4.55
17,6,4.6
17,6,4.65
17,6,4.7
17,6,4.75
17,6,4.8
17,6,4.85
17,6,4.9
17,6,4.95
17,6,5
17,6.5,0
17,6.5,0.05
17,6.5,0.1
17,6.5,0.15
17,6.5,0.2
17,6.5,0.25
17,6.5,0.3
17,6.5,0.35
17,6.5,0.4
17,6.5,0.45
17,6.5,0.5
17,6.5,0.55
17,6.5,0.6
17,6.5,0.65
17,6.5,0.7
17,6.5,0.75
17,6.5,0.8
17,6.5,0.85
17,6.5,0.9
17,6.5,0.95
17,6.5,1
17,6.5,1.05
17,6.5,1.1
17,6.5,1.15
17,6.5,1.2
17,6.5,1.25
17,6.5,1.3
17,6.5,1.35
17,6.5,1.4
17,6.5,1.45
17,6.5,1.5
17,6.5,1.55
17,6.5,1.6
17,6.5,1.65
17,6.5,1.7
17,6.5,1.75
17,6.5,1.8
17,6.5,1.85
17,6.5,1.9
17,6.5,1.95
17,6.5,2
17,6.5,2.05
17,6.5,2.1
17,6.5,2.15
17,6.5,2.2
17,6.5,2.25
17,6.5,2.3
17,6.5,2.35
17,6.5,2.4
17,6.5,2.45
17,6.5,2.5
17,6.5,2.55
17,6.5,2.6
17,6.5,2.65
17,6.5,2.7
17,6.5,2.75
17,6.5,2.8
17,6.5,2.85
17,6.5,2.9
17,6.5,2.95
17,6.5,3
17,6.5,3.05
17,6.5,3.1
17,6.5,3.15
17,6.5,3.2
17,6.5,3.25
17,6.5,3.3
17,6.5,3.35
17,6.5,3.4
17,6.5,3.45
17,6.5,3.5
17,6.5,3.55
17,6.5,3.6
17,6.5,3.65
17,6.5,3.7
17,6.5,3.75
17,6.5,3.8
17,6.5,3.85
17,6.5,3.9
17,6.5,3.95
17,6.5,4
17,6.5,4.05
17,6.5,4.1
17,6.5,4.15
17,6.5,4.2
17,6.5,4.25
17,6.5,4.3
17,6.5,4.35
17,6.5,4.4
17,6.5,4.45
17,6.5,4.5
17,6.5,4.55
17,6.5,4.6
17,6.5,4.65
17,6.5,4.7
17,6.5,4.75
17,6.5,4.8
17,6.5,4.85
17,6.5,4.9
17,6.5,4.95
17,6.5,5
17,7,0
17,7,0.05
17,7,0.1
17,7,0.15
17,7,0.2
17,7,0.25
17,7,0.3
17,7,0.35
17,7,0.4
17,7,0.45
17,7,0.5
17,7,0.55
17,7,0.6
17,7,0.65
17,7,0.7
17,7,0.75
17,7,0.8
17,7,0.85
17,7,0.9
17,7,0.95
17,7,1
17,7,1.05
17,7,1.1
17,7,1.15
17,7,1.2
17,7,1.25
17,7,1.3
17,7,1.35
17,7,1.4
17,7,1.45
17,7,1.5
17,7,1.55
17,7,1.6
17,7,1.65
17,7,1.7
17,7,1.75
17,7,1.8
17,7,1.85
17,7,1.9
17,7,1.95
17,7,2
17,7,2.05
17,7,2.1
17,7,2.15
17,7,2.2
17,7,2.25
17,7,2.3
17,7,2.35
17,7,2.4
17,7,2.45
17,7,2.5
17,7,2.55
17,7,2.6
17,7,2.65
17,7,2.7
17,7,2.75
17,7,2.8
17,7,2.85
17,7,2.9
17,7,2.95
17,7,3
17,7,3.05
17,7,3.1
17,7,3.15
17,7,3.2
17,7,3.25
17,7,3.3
17,7,3.35
17,7,3.4
17,7,3.45
17,7,3.5
17,7,3.55
17,7,3.6
17,7,3.65
17,7,3.7
17,7,3.75
17,7,3.8
17,7,3.85
17,7,3.9
17,7,3.95
17,7,4
17,7,4.05
17,7,4.1
17,7,4.15
17,7,4.2
17,7,4.25
17,7,4.3
17,7,4.35
17,7,4.4
17,7,4.45
17,7,4.5
17,7,4.55
17,7,4.6
17,7,4.65
17,7,4.7
17,7,4.75
17,7,4.8
17,7,4.85
17,7,4.9
17,7,4.95
17,7,5
17,7.5,0
17,7.5,0.05
17,7.5,0.1
17,7.5,0.15
17,7.5,0.2
17,7.5,0.25
17,7.5,0.3
17,7.5,0.35
17,7.5,0.4
17,7.5,0.45
17,7.5,0.5
17,7.5,0.55
17,7.5,0.6
17,7.5,0.65
17,7.5,0.7
17,7.5,0.75
17,7.5,0.8
17,7.5,0.85
17,7.5,0.9
17,7.5,0.95
17,7.5,1
17,7.5,1.05
17,7.5,1.1
17,7.5,1.15
17,7.5,1.2
17,7.5,1.25
17,7.5,1.3
17,7.5,1.35
17,7.5,1.4
17,7.5,1.45
17,7.5,1.5
17,7.5,1.55
17,7.5,1.6
17,7.5,1.65
17,7.5,1.7
17,7.5,1.75
17,7.5,1.8
17,7.5,1.85
17,7.5,1.9
17,7.5,1.95
17,7.5,2
17,7.5,2.05
17,7.5,2.1
17,7.5,2.15
17,7.5,2.2
17,7.5,2.25
17,7.5,2.3
17,7.5,2.35
17,7.5,2.4
17,7.5,2.45
17,7.5,2.5
17,7.5,2.55
17,7.5,2.6
17,7.5,2.65
17,7.5,2.7
17,7.5,2.75
17,7.5,2.8
17,7.5,2.85
17,7.5,2.9
17,7.5,2.95
17,7.5,3
17,7.5,3.05
17,7.5,3.1
17,7.5,3.15
17,7.5,3.2
17,7.5,3.25
17,7.5,3.3
17,7.5,3.35
17,7.5,3.4
17,7.5,3.45
17,7.5,3.5
17,7.5,3.55
17,7.5,3.6
17,7.5,3.65
17,7.5,3.7
17,7.5,3.75
17,7.5,3.8
17,7.5,3.85
17,7.5,3.9
17,7.5,3.95
17,7.5,4
17,7.5,4.05
17,7.5,4.1
17,7.5,4.15
17,7.5,4.2
17,7.5,4.25
17,7.5,4.3
17,7.5,4.35
17,7.5,4.4
17,7.5,4.45
17,7.5,4.5
17,7.5,4.55
17,7.5,4.6
17,7.5,4.65
17,7.5,4.7
17,7.5,4.75
17,7.5,4.8
17,7.5,4.85
17,7.5,4.9
17,7.5,4.95
17,7.5,5
17,8,0
17,8,0.05
17,8,0.1
17,8,0.15
17,8,0.2
17,8,0.25
17,8,0.3
17,8,0.35
17,8,0.4
17,8,0.45
17,8,0.5
17,8,0.55
17,8,0.6
17,8,0.65
17,8,0.7
17,8,0.75
17,8,0.8
17,8,0.85
17,8,0.9
17,8,0.95
17,8,1
17,8,1.05
17,8,1.1
17,8,1.15
17,8,1.2
17,8,1.25
17,8,1.3
17,8,1.35
17,8,1.4
17,8,1.45
17,8,1.5
17,8,1.55
17,8,1.6
17,8,1.65
17,8,1.7
17,8,1.75
17,8,1.8
17,8,1.85
17,8,1.9
17,8,1.95
17,8,2
17,8,2.05
17,8,2.1
17,8,2.15
17,8,2.2
17,8,2.25
17,8,2.3
17,8,2.35
17,8,2.4
17,8,2.45
17,8,2.5
17,8,2.55
17,8,2.6
17,8,2.65
17,8,2.7
17,8,2.75
17,8,2.8
17,8,2.85
17,8,2.9
17,8,2.95
17,8,3
17,8,3.05
17,8,3.1
17,8,3.15
17,8,3.2
17,8,3.25
17,8,3.3
17,8,3.35
17,8,3.4
17,8,3.45
17,8,3.5
17,8,3.55
17,8,3.6
17,8,3.65
17,8,3.7
17,8,3.75
17,8,3.8
17,8,3.85
17,8,3.9
17,8,3.95
17,8,4
17,8,4.05
17,8,4.1
17,8,4.15
17,8,4.2
17,8,4.25
17,8,4.3
17,8,4.35
17,8,4.4
17,8,4.45
17,8,4.5
17,8,4.55
17,8,4.6
17,8,4.65
17,8,4.7
17,8,4.75
17,8,4.8
17,8,4.85
17,8,4.9
17,8,4.95
17,8,5
17,8.5,0
17,8.5,0.05
17,8.5,0.1
17,8.5,0.15
17,8.5,0.2
17,8.5,0.25
17,8.5,0.3
17,8.5,0.35
17,8.5,0.4
17,8.5,0.45
17,8.5,0.5
17,8.5,0.55
17,8.5,0.6
17,8.5,0.65
17,8.5,0.7
17,8.5,0.75
17,8.5,0.8
17,8.5,0.85
17,8.5,0.9
17,8.5,0.95
17,8.5,1
17,8.5,1.05
17,8.5,1.1
17,8.5,1.15
17,8.5,1.2
17,8.5,1.25
17,8.5,1.3
17,8.5,1.35
17,8.5,1.4
17,8.5,1.45
17,8.5,1.5
17,8.5,1.55
17,8.5,1.6
17,8.5,1.65
17,8.5,1.7
17,8.5,1.75
17,8.5,1.8
17,8.5,1.85
17,8.5,1.9
17,8.5,1.95
17,8.5,2
17,8.5,2.05
17,8.5,2.1
17,8.5,2.15
17,8.5,2.2
17,8.5,2.25
17,8.5,2.3
17,8.5,2.35
17,8.5,2.4
17,8.5,2.45
17,8.5,2.5
17,8.5,2.55
17,8.5,2.6
17,8.5,2.65
17,8.5,2.7
17,8.5,2.75
17,8.5,2.8
17,8.5,2.85
17,8.5,2.9
17,8.5,2.95
17,8.5,3
17,8.5,3.05
17,8.5,3.1
17,8.5,3.15
17,8.5,3.2
17,8.5,3.25
17,8.5,3.3
17,8.5,3.35
17,8.5,3.4
17,8.5,3.45
17,8.5,3.5
17,8.5,3.55
17,8.5,3.6
17,8.5,3.65
17,8.5,3.7
17,8.5,3.75
17,8.5,3.8
17,8.5,3.85
17,8.5,3.9
17,8.5,3.95
17,8.5,4
17,8.5,4.05
17,8.5,4.1
17,8.5,4.15
17,8.5,4.2
17,8.5,4.25
17,8.5,4.3
17,8.5,4.35
17,8.5,4.4
17,8.5,4.45
17,8.5,4.5
17,8.5,4.55
17,8.5,4.6
17,8.5,4.65
17,8.5,4.7
17,8.5,4.75
17,8.5,4.8
17,8.5,4.85
17,8.5,4.9
17,8.5,4.95
17,8.5,5
17,9,0
17,9,0.05
17,9,0.1
17,9,0.15
17,9,0.2
17,9,0.25
17,9,0.3
17,9,0.35
17,9,0.4
17,9,0.45
17,9,0.5
17,9,0.55
17,9,0.6
17,9,0.65
17,9,0.7
17,9,0.75
17,9,0.8
17,9,0.85
17,9,0.9
17,9,0.95
17,9,1
17,9,1.05
17,9,1.1
17,9,1.15
17,9,1.2
17,9,1.25
17,9,1.3
17,9,1.35
17,9,1.4
17,9,1.45
17,9,1.5
17,9,1.55
17,9,1.6
17,9,1.65
17,9,1.7
17,9,1.75
17,9,1.8
17,9,1.85
17,9,1.9
17,9,1.95
17,9,2
17,9,2.05
17,9,2.1
17,9,2.15
17,9,2.2
17,9,2.25
17,9,2.3
17,9,2.35
17,9,2.4
17,9,2.45
17,9,2.5
17,9,2.55
17,9,2.6
17,9,2.65
17,9,2.7
17,9,2.75
17,9,2.8
17,9,2.85
17,9,2.9
17,9,2.95
17,9,3
17,9,3.05
17,9,3.1
17,9,3.15
17,9,3.2
17,9,3.25
17,9,3.3
17,9,3.35
17,9,3.4
17,9,3.45
17,9,3.5
17,9,3.55
17,9,3.6
17,9,3.65
17,9,3.7
17,9,3.75
17,9,3.8
17,9,3.85
17,9,3.9
17,9,3.95
17,9,4
17,9,4.05
17,9,4.1
17,9,4.15
17,9,4.2
17,9,4.25
17,9,4.3
17,9,4.35
17,9,4.4
17,9,4.45
17,9,4.5
17,9,4.55
17,9,4.6
17,9,4.65
17,9,4.7
17,9,4.75
17,9,4.8
17,9,4.85
17,9,4.9
17,9,4.95
17,9,5
17,9.5,0
17,9.5,0.05
17,9.5,0.1
17,9.5,0.15
17,9.5,0.2
17,9.5,0.25
17,9.5,0.3
17,9.5,0.35
17,9.5,0.4
17,9.5,0.45
17,9.5,0.5
17,9.5,0.55
17,9.5,0.6
17,9.5,0.65
17,9.5,0.7
17,9.5,0.75
17,9.5,0.8
17,9.5,0.85
17,9.5,0.9
17,9.5,0.95
17,9.5,1
17,9.5,1.05
17,9.5,1.1
17,9.5,1.15
17,9.5,1.2
17,9.5,1.25
17,9.5,1.3
17,9.5,1.35
17,9.5,1.4
17,9.5,1.45
17,9.5,1.5
17,9.5,1.55
17,9.5,1.6
17,9.5,1.65
17,9.5,1.7
17,9.5,1.75
17,9.5,1.8
17,9.5,1.85
17,9.5,1.9
17,9.5,1.95
17,9.5,2
17,9.5,2.05
17,9.5,2.1
17,9.5,2.15
17,9.5,2.2
17,9.5,2.25
17,9.5,2.3
17,9.5,2.35
17,9.5,2.4
17,9.5,2.45
17,9.5,2.5
17,9.5,2.55
17,9.5,2.6
17,9.5,2.65
17,9.5,2.7
17,9.5,2.75
17,9.5,2.8
17,9.5,2.85
17,9.5,2.9
17,9.5,2.95
17,9.5,3
17,9.5,3.05
17,9.5,3.1
17,9.5,3.15
17,9.5,3.2
17,9.5,3.25
17,9.5,3.3
17,9.5,3.35
17,9.5,3.4
17,9.5,3.45
17,9.5,3.5
17,9.5,3.55
17,9.5,3.6
17,9.5,3.65
17,9.5,3.7
17,9.5,3.75
17,9.5,3.8
17,9.5,3.85
17,9.5,3.9
17,9.5,3.95
17,9.5,4
17,9.5,4.05
17,9.5,4.1
17,9.5,4.15
17,9.5,4.2
17,9.5,4.25
17,9.5,4.3
17,9.5,4.35
17,9.5,4.4
17,9.5,4.45
17,9.5,4.5
17,9.5,4.55
17,9.5,4.6
17,9.5,4.65
17,9.5,4.7
17,9.5,4.75
17,9.5,4.8
17,9.5,4.85
17,9.5,4.9
17,9.5,4.95
17,9.5,5
17,10,0
17,10,0.05
17,10,0.1
17,10,0.15
17,10,0.2
17,10,0.25
17,10,0.3
17,10,0.35
17,10,0.4
17,10,0.45
17,10,0.5
17,10,0.55
17,10,0.6
17,10,0.65
17,10,0.7
17,10,0.75
17,10,0.8
17,10,0.85
17,10,0.9
17,10,0.95
17,10,1
17,10,1.05
17,10,1.1
17,10,1.15
17,10,1.2
17,10,1.25
17,10,1.3
17,10,1.35
17,10,1.4
17,10,1.45
17,10,1.5
17,10,1.55
17,10,1.6
17,10,1.65
17,10,1.7
17,10,1.75
17,10,1.8
17,10,1.85
17,10,1.9
17,10,1.95
17,10,2
17,10,2.05
17,10,2.1
17,10,2.15
17,10,2.2
17,10,2.25
17,10,2.3
17,10,2.35
17,10,2.4
17,10,2.45
17,10,2.5
17,10,2.55
17,10,2.6
17,10,2.65
17,10,2.7
17,10,2.75
17,10,2.8
17,10,2.85
17,10,2.9
17,10,2.95
17,10,3
17,10,3.05
17,10,3.1
17,10,3.15
17,10,3.2
17,10,3.25
17,10,3.3
17,10,3.35
17,10,3.4
17,10,3.45
17,10,3.5
17,10,3.55
17,10,3.6
17,10,3.65
17,10,3.7
17,10,3.75
17,10,3.8
17,10,3.85
17,10,3.9
17,10,3.95
17,10,4
17,10,4.05
17,10,4.1
17,10,4.15
17,10,4.2
17,10,4.25
17,10,4.3
17,10,4.35
17,10,4.4
17,10,4.45
17,10,4.5
17,10,4.55
17,10,4.6
17,10,4.65
17,10,4.7
17,10,4.75
17,10,4.8
17,10,4.85
17,10,4.9
17,10,4.95
17,10,5
